ts_utc,server,channel,ticker,dir,option_alert,announce,day,tier,m0,x0,m1,x1,m3,x3,m5,x5,m10,x10,target_first,ctrl_m0,ctrl_x0,ctrl_m1,ctrl_x1,ctrl_m3,ctrl_x3,ctrl_m5,ctrl_x5,ctrl_m10,ctrl_x10,ctrl_target_first
2023-11-02 17:48:14,Tazmanian Trader,onis-floor-🔫,PANW,bear,False,False,2023-11-02,B,0.2311309476368817,0.42183193133206176,2.9489120905395683,4.053693896191113,3.530724475970348,5.1565090910830165,3.3235036263648654,4.230583473069083,3.443054116521871,8.16229291281002,1.0,-0.6048381601116459,-0.4141371764164658,-4.1270014533160015,-3.022219647664457,-5.879794270988599,-4.2540096558759295,-4.078384903266517,-3.1713050565623,-9.333774380227617,-4.6145355839394675,0.2
2024-03-11 03:56:25,Tazmanian Trader,the-big-short-🐻,SPY,bull,False,False,2024-03-10,B,0.15671524839366846,0.0,1.2341325811001225,0.0,0.8756464503996364,0.0,0.4662278639711692,0.0,1.8198558219714611,0.0,1.0,0.2020804127083886,0.04536516431472015,1.0437645493285241,-0.1903680317715984,1.703095120647525,0.8274486702478889,1.3344809265050128,0.8682530625338435,1.3030295201386497,-0.5168263018328111,0.8
2024-03-24 18:21:27,Tazmanian Trader,onis-floor-🔫,AAPL,bull,False,True,2024-03-24,B,0.16709172456248478,0.17286317512038574,-0.5012751736874432,-0.31081730527651175,0.5364523788584874,-0.09263573195337216,-1.0113446486676558,-0.8266582308146475,-0.5247266438014875,-0.4323834348749944,0.0,0.460584261173932,0.4663557117318328,-0.47263385035465894,-0.28217598194372745,-0.7386165641844589,-1.3677046749963186,-0.6562376275372129,-0.4715512096842046,1.7659958705626988,1.8583390794891919,0.5
2024-03-25 06:17:55,Tazmanian Trader,onis-floor-🔫,META,bear,False,False,2024-03-25,B,0.5476581189821972,0.5418866684242962,1.9573340714525878,1.7668762030416563,3.995729452935015,4.624817563746875,1.6647225132960353,1.480036095443027,-2.1965637912967795,-2.2889070002232725,1.0,-0.4854810872222071,-0.4912525377801081,-0.7363271119914849,-0.9267849804024164,-1.0672510567964886,-0.4381629459846291,0.432955507441749,0.24826908958874072,1.5293059664516437,1.436962757525151,0.6
2024-03-26 12:44:38,Tazmanian Trader,onis-floor-🔫,AAPL,bull,False,True,2024-03-26,A,-0.17058823529411127,0.29369816418406414,1.9470588235294128,1.5748622884105723,0.017647058823522244,-0.16077705337262937,-0.20588235294117796,0.14329171608785662,-1.305882352941179,0.05819876288101211,0.0,-1.0786905880328856,-0.6144041885547102,-0.6970251441196574,-1.0692216792384979,-1.9665030530337588,-2.1449271652299107,-2.972617231420163,-2.623443162391128,-4.316013531235691,-2.9519324154134994,0.4
2024-03-26 13:42:09,TA Study,trading-floor,TSLA,bull,False,False,2024-03-26,B,-0.5262306288733254,-0.061944229395149986,0.683108831033441,0.31091229591460046,-1.8979351088601493,-2.076359221056301,-5.727510065231556,-5.378335996202521,-3.835117762229312,-2.471036646407121,0.0,-0.9361001489207244,-0.47181374944254895,-1.0647373576744337,-1.4369338927932738,-2.9057164331142937,-3.0841405453104453,-2.371001257476896,-2.021827188447861,-3.555866697299988,-2.1917855814777965,0.4444444444444444
2024-03-26 14:09:40,Tazmanian Trader,onis-floor-🔫,AMZN,bear,True,True,2024-03-26,A,0.4466778336124966,-0.021427681975039192,-0.4075935231714123,-0.03924819943041946,-1.0441094360692293,-0.869529100337818,-1.848129536571741,-2.201127138490211,-3.824678950307092,-5.192544657741149,0.0,1.0779855966748264,0.6098800810872906,0.6609643745028994,1.029309698243892,3.8574541316507123,4.032034467382124,5.634151353573375,5.281153751654905,7.594506374080599,6.226640666646542,0.4444444444444444
2024-03-27 13:35:33,Tazmanian Trader,onis-floor-🔫,SPY,bear,False,True,2024-03-27,B,-0.2798489582334973,-0.0,-0.2606812213681975,-0.0,0.5501140480343447,-0.0,1.6560924651626396,-0.0,0.7111230377029432,-0.0,1.0,-0.06170186879995039,0.21814708943354688,-0.3446987928311806,-0.08401757146298316,0.19934497563335657,-0.35076907240098815,2.614977681788233,0.9588852166255932,0.16823582501148576,-0.5428872126914575,0.5
2024-03-27 14:26:09,TA Study,trading-floor,AMZN,bear,False,False,2024-03-27,B,-0.8411372175180842,-0.26053546802276006,-1.1495541972747159,-0.5881776712725939,-1.323389222228455,-1.5752396499896681,-0.9364661021701304,-2.297611925490317,-6.011327314529247,-6.424669619633539,0.0,-1.006738918462906,-0.4261371689675819,0.5857098543737784,1.1470863803759,2.2522849711226103,2.000434543361397,3.9181892988317166,2.5570434755115303,3.7983324427655694,3.384990137661277,0.5555555555555556
2024-04-01 13:39:33,Tazmanian Trader,onis-floor-🔫,AMD,bear,False,True,2024-04-01,B,-1.8612145119173196,-2.1762142255539407,0.7167064836935522,-0.23211083556341494,7.8671037279848814,5.816741955586513,5.605866992610697,4.634140603271064,10.928384910272804,7.232388270269752,1.0,0.6656627651447466,0.9902079246491502,1.2259046804785403,1.0512230210982454,-3.0041595824753187,-4.072294975079488,-0.30504921519961103,-1.5333571894650766,4.8209201098336045,1.687913867112011,0.875
2024-04-02 13:40:01,Tazmanian Trader,the-big-short-🐻,WMT,bear,False,True,2024-04-02,B,1.169395255596395,1.2832399251574311,0.7183427998663561,0.9421729976473392,0.016705646508519134,0.05143791857796787,0.11693952555964504,0.3234035873059149,0.03341129301703827,-2.806916733996956,1.0,-1.1695691174323986,-1.0557244478713623,-0.3250532925068838,-0.1012230947259007,0.6640225200009142,0.698754792070363,0.8679956674703593,1.074459729216629,5.279381319173867,2.4390532921598735,0.2
2024-04-03 13:33:15,Tazmanian Trader,onis-floor-🔫,UNH,bull,False,True,2024-04-03,A,-0.4891774891774836,-0.8214226552034742,-1.4329004329004302,-0.5404744636910541,-1.2987012987012991,-1.497662066728489,-2.5865800865800814,-1.896978201281918,3.6774891774891794,6.9883508900971165,0.0,-0.10522146717656944,-1.1376926371817742,-2.003426186722371,-2.0057441762527803,4.286756626223001,3.2030965207544844,1.1091523342793188,1.9695127816513107,-5.324209295046214,-2.6583281692759595,0.375
2024-04-03 13:36:36,Tazmanian Trader,onis-floor-🔫,UNH,bear,False,True,2024-04-03,B,0.4891774891774836,0.8214226552034742,1.4329004329004302,0.5404744636910541,1.2987012987012991,1.497662066728489,2.5865800865800814,1.896978201281918,-3.6774891774891794,-6.9883508900971165,1.0,-0.9578133218870566,-0.625568155861066,0.3918728519838821,-0.500553117225494,-1.177274375828442,-0.9783136078012522,-0.8769010511666899,-1.566502936464853,3.0813175096913583,-0.2295442029165796,0.3
2024-04-04 13:52:37,Tazmanian Trader,onis-floor-🔫,META,bear,False,True,2024-04-04,A,1.9883556979387373,0.06344076121053144,-1.1615527014972704,-2.0618853084476196,0.841190519581414,0.11098445619495134,-0.3596880784983325,-1.3422166559345805,3.7378785117546,-0.7771652623785208,1.0,2.9730649643778806,1.0481500276496747,1.434139185926112,0.5338065789757629,0.6078393589626272,-0.12236670442383515,-0.7879785626166536,-1.7705071400529016,4.406024763634194,-0.10901901049892722,0.7
2024-04-09 14:10:58,Tazmanian Trader,onis-floor-🔫,NVDA,bear,False,True,2024-04-09,B,1.1008111239861007,1.1856091505047628,-0.8574739281576038,-1.774834396859426,-2.1900347624565386,-3.7375987464219995,-1.2977983777520352,-4.256093166527863,4.495944380069517,1.9462219008835713,1.0,-0.18480835402643336,-0.10001032750777128,0.5570987045249687,-0.3602617641768535,1.0370830074590554,-0.5104809765064056,2.817540546826167,-0.1407542419496611,2.1349975999890516,-0.41472487919689377,0.7
2024-04-11 12:51:55,Tazmanian Trader,onis-floor-🔫,MSFT,bull,False,True,2024-04-11,B,0.49551453665868106,0.04562313113587457,-0.9205767695270373,0.016050596281202978,-2.6396129820111858,-0.28350066429477794,-5.0608238222723205,-1.9270974803548557,-6.289042318350468,-3.925173252262981,0.0,1.9696775264344102,1.5197861209116035,-1.456165133386346,-0.5195377675781054,-2.965929683992924,-0.6098173662765161,-5.035952949846992,-1.9022266079295274,-4.7382081536073155,-2.374339087519828,0.2
2024-04-15 18:58:12,Tazmanian Trader,onis-floor-🔫,MSFT,bull,False,True,2024-04-15,B,-0.3421192116802474,-0.13440407814908628,-0.11564593070881868,0.2740672245829745,-2.5996241507251994,-1.4166370092810854,-3.3970992145713974,-2.253676860466558,-3.0863007757914507,-3.9883779271267517,1.0,-0.29176940148329056,-0.08405426795212945,-0.6732730697548184,-0.2835599144630251,-1.1635283271030028,0.019458814341111054,-0.30772626699939754,0.8356960871054419,2.086386258335707,1.1843091070004061,0.8
2024-04-16 11:18:24,Tazmanian Trader,onis-floor-🔫,GLD,bear,False,False,2024-04-16,B,-0.4723408120628436,-0.7515819100150756,0.2679625760741211,-0.6014476508835354,-0.38604777908983756,-2.3229115648861653,2.3344536288491313,2.4750643944846495,3.7741847579253363,3.187976495557532,1.0,0.16299379268097097,0.9161525838244732,1.8077881987611923,2.1036649365914304,-3.2473809986141227,-3.810616234483727,-4.213912885501377,-4.080629723145458,0.1977769542374464,0.2445151805613687,0.6666666666666666
2024-04-22 14:05:00,Tazmanian Trader,onis-floor-🔫,META,bear,False,True,2024-04-22,A,0.22472375547569756,0.652787020412704,-2.75157151289831,-1.1317640408831986,8.581962035148038,9.76767718215662,10.396321572444933,12.90240087468172,3.5489783871669234,7.363363724492844,0.0,-1.2284500165678405,-0.8003867516308338,-3.2644758745319193,-1.644668402516808,-2.4597073358625026,-1.2739921888539207,-5.189552856660994,-2.683473554424208,-7.364076743195329,-3.549691405869409,0.2
2024-04-23 17:54:15,Tazmanian Trader,onis-floor-🔫,SPY,bear,False,True,2024-04-23,B,0.015818717497484425,-0.0,0.0632748699899155,-0.0,-0.5002669408577631,-0.0,0.7415023826943257,-0.0,-2.2561445830779236,-0.0,1.0,0.2889386993991095,0.273119981901625,1.2724387852506613,1.209163915260746,-2.149077500412767,-1.6488105595550038,-0.29909354165012997,-1.040595924344455,-11.758103523176494,-9.501958940098572,0.8
2024-04-24 17:44:25,Tazmanian Trader,onis-floor-🔫,META,bear,False,True,2024-04-24,B,-0.505071076534569,-0.4654835782665234,10.109567838377254,9.769115353272051,11.893609221620293,12.853606054620437,10.555578184188018,9.59360197627449,3.7513746894220157,6.122665835678043,0.0,0.15750427385453625,0.19709177212258178,-0.5290565951987891,-0.8695090803039918,-7.562391692702614,-6.602394859702473,-5.372313470279556,-6.334289678193084,-12.717876235925889,-10.346585089669862,0.6
2024-04-26 01:09:37,Tazmanian Trader,onis-floor-🔫,UNH,bull,False,False,2024-04-25,A,0.6808943089430919,0.3036848688324989,-0.6036585365853719,-1.3363533129258531,-1.6036585365853617,-0.4187074158190973,0.09146341463415197,-0.8841463414634099,4.229674796747962,1.368017840097413,0.0,1.3345538926632592,0.9573444525526664,1.9422815848465433,1.2095868085060624,-3.222134900371637,-2.0371837796053724,0.7810321262328411,-0.19457762986472069,3.140426203842197,0.2787692471916479,0.5
2024-04-26 16:08:04,TA Study,trading-floor,TSLA,bear,True,False,2024-04-26,A,1.8297616415645979,1.757999537853605,-13.197069068003998,-12.914935865742994,-4.995312865498791,-6.62224823045332,-5.695320507248858,-5.171358845907004,1.72476049530208,4.126333363328638,0.0,-0.8831834380666137,-0.9549455417776065,-0.39594654530335505,-0.11381334304235154,2.396308130642726,0.7693727656881965,-4.604526061251504,-4.08056439990965,-5.219625994096378,-2.818053126069821,0.5
2024-04-30 00:05:38,TA Study,trading-floor,UNH,bear,False,False,2024-04-29,B,1.0757526178010401,-0.21809668218322198,0.9919011780104681,-0.6224609424866134,-0.7137598167539227,-0.17695000080300005,-2.454188481675401,-0.7670719172582219,-5.096531413612571,-2.1981516747420438,0.0,1.678814644780968,0.384965344796706,1.2957007766531294,-0.31866134384395217,-3.5093269233972038,-2.9725171074462806,-3.883294259545192,-2.196177695128013,-5.331030792261645,-2.432651053391117,0.5
2024-05-03 05:02:22,Tazmanian Trader,onis-floor-🔫,WMT,bear,False,False,2024-05-03,B,-0.33545790003355336,-0.310025550084414,-0.4193223750419417,0.6390546497643923,-1.1405568601140503,0.039112910603544826,-1.4424689701442395,0.45126293376061,-8.43676618584368,-4.858630181461487,0.0,0.21318850112967197,0.2386208510788113,-1.3495556477688866,-0.29117862296255237,1.0906048642114263,2.2702746349290215,1.047329594966378,2.941061498871227,-2.83248374957842,0.7456522548037728,0.3
2024-05-03 13:58:24,Tazmanian Trader,onis-floor-🔫,KRE,bear,False,False,2024-05-03,A,0.2210610932475876,0.2680232300248053,-0.562700964630225,0.5174281812459158,-0.8239549839228477,0.3774930152944611,-1.185691318327975,0.7299725110429423,-2.87379421221865,0.7266362740351529,0.0,-0.07494100999269171,-0.027978873215473987,-2.6542692826742114,-1.5741401367980703,0.15808518951159645,1.3595331887289053,1.1866402212329816,3.102304050603899,-2.434702506686266,1.1657279795675368,0.2
2024-05-06 13:36:31,Tazmanian Trader,onis-floor-🔫,CMG,bear,False,True,2024-05-06,A,-1.2501978161101324,-0.6954208948300566,-1.076119639183415,-0.41038733364733293,-2.3263174552935473,-1.0707696860807525,-1.139420794429502,0.26017431574723027,-0.5380598195917186,2.6426611957473645,0.0,-0.7684617150758544,0.5472355519178373,0.33927993491695185,1.8274446939296365,-6.156102551351078,-4.03724402919894,-4.1777697394854965,-3.0824259724528895,-9.109729053599569,-5.853480513538847,0.4444444444444444
2024-05-09 19:57:37,Tazmanian Trader,onis-floor-🔫,QQQ,bear,False,True,2024-05-09,A,-0.07942451267386463,0.012938242045268389,-0.3154287789048471,-0.09414301239019096,-1.193636961898914,-0.4989920774485901,-2.5665463952617706,-0.834744744277538,-2.947784056096392,-1.7412955725773838,0.0,-0.23246862765031406,-0.14010587293118104,0.8702771707196433,1.0915629372342994,0.0668034174289545,0.7614483018792784,-0.20730170214819826,1.5244999488360342,3.363172183897717,4.569660667416725,0.4
2024-05-16 17:16:50,Tazmanian Trader,onis-floor-🔫,UNH,bear,False,True,2024-05-16,A,0.365094161647217,-0.025850983567698993,-0.2771321003990801,-0.5248876984509376,-0.07070223045562152,0.041400112389156085,1.2137502936369282,0.30845322242839535,5.315588264920635,4.67594548515935,1.0,0.4314558892605646,0.040510744045648694,-0.6108319135040696,-0.8585875115559268,-1.1290898193587828,-1.0169874765140052,2.432800888320878,1.5275038171123456,3.2313169202815986,2.591674140520314,0.6
2024-05-24 13:48:14,Tazmanian Trader,onis-floor-🔫,UNH,bull,True,True,2024-05-24,A,-1.4027939464493544,-1.6910962964355347,-2.273961971284433,-2.632350963514274,-6.54831199068685,-5.542852809526144,-3.4846720993403135,-3.4623201431652872,-3.958090803259595,-5.424606436369284,0.0,1.4266406234099063,0.6416702302806633,0.2333938944989966,-0.6853093889654693,3.8843254499855435,4.0959113402184935,1.4787841065806906,1.9277174636550989,2.2948287860420096,0.8608939704077614,0.5555555555555556
2024-05-28 01:58:02,Tazmanian Trader,onis-floor-🔫,ES,bear,False,True,2024-05-27,B,1.5256588072122046,1.4389105468919805,1.577669902912615,0.7912780647924222,-2.687239944521491,-3.2341311508880533,-5.443828016643559,-5.798364384908783,-2.4445214979195606,-1.1847858915303489,1.0,0.1933476472805961,0.5940868933250554,2.129862339012716,1.9712638891664214,-2.9902987816179514,-2.836603494311479,0.6439680446969438,-0.14638404009005285,-0.6400231643965194,0.5629489064353341,0.7777777777777778
2024-05-28 13:23:46,TA Study,trading-floor,SQ,bear,False,False,2024-05-28,B,0.5867308560252749,0.49998259570505077,1.3690386640589636,0.5826468259387707,3.5956070407702767,3.0487158344037146,3.3398525650669475,2.985316196801724,3.4752519933804793,4.734987599769691,1.0,-1.3020873026775361,-1.3888355629977602,0.4999988009189969,-0.28639303720119585,2.2286589130433807,1.681767706676819,0.9118692071181768,0.557332838852953,-2.395072378537513,-1.1353367721483014,0.7
2024-05-30 06:51:54,Tazmanian Trader,onis-floor-🔫,NVDA,bear,False,False,2024-05-30,B,3.6197121674662047,3.2555697134129757,4.378543392935031,4.921897316522317,-1.5612734409071072,-0.8234560078254294,-5.538595726122986,-3.6053996611493,-13.048408198866124,-9.630044742753864,1.0,0.08592733959652099,-0.278215114456708,0.432757711139854,0.9761116347271404,0.4851290243881136,1.2229464574697915,-2.8431128664926044,-0.9099168015189185,-3.5434371667509907,-0.12507371063872993,0.5
2024-05-30 06:52:14,Tazmanian Trader,onis-floor-🔫,SHOP,bear,False,False,2024-05-30,B,-0.22256462934429067,-0.5867070833975196,-1.2669063516521195,-0.7235524280648331,-3.886320835473378,-3.1485034023917002,-5.221708611539122,-3.2885125465654363,-10.751583632939576,-7.333220176827315,0.0,0.6464135669857207,0.912371013794232,1.6263885898231312,2.7802054128232134,-5.013318310747613,-3.5866806229568686,-3.4484888439778665,-2.075423946547839,-2.3931654391678023,0.8629544418662913,0.5555555555555556
2024-05-30 07:01:47,Tazmanian Trader,onis-floor-🔫,WMT,bear,False,False,2024-05-30,B,0.0616048051748086,-0.3025376488784204,-1.2782997073771618,-0.7349457837898754,-2.5720006160480313,-1.8341831829663535,-3.4190666872015996,-1.4858706222279139,-2.726012628985064,0.6923508271271972,0.0,0.1745155276458477,-0.18962692640738132,0.8659108781999226,1.409264801787209,0.9495243832601897,1.687341816341867,-0.04080420025636702,1.8923918647173188,-1.1665897079671417,2.2517737481451197,0.6
2024-06-03 18:00:53,Tazmanian Trader,onis-floor-🔫,NVDA,bear,True,True,2024-06-03,A,-1.1522561351042349,-0.6552931312389765,-2.418858298882931,-1.8095549991247628,-6.42976515084881,-4.626608198126947,-7.124637171255177,-5.131072937358883,-15.208021813703931,-11.036198283172126,0.0,-0.643600071224607,0.38383761799261845,-0.40672811720093505,0.7928377541979736,-9.949772382730744,-7.578059288422028,-5.480884989058776,-4.0657780753704085,-8.586958475084305,-4.665710926578053,0.2222222222222222
2024-06-11 15:30:20,TA Study,trading-floor,WMT,bear,False,False,2024-06-11,A,0.16442274749064456,0.6359531630736104,0.7927899353529777,2.089498578206117,-0.26944983460477356,1.292962455124469,-1.1371949987956098,1.493645335766458,-2.1695125217123357,-0.0962756151015487,0.0,-0.08644816318267523,0.3850822524002906,-1.7972802834909338,-0.5005716406377947,-1.0780058551296101,0.4844064345996325,-0.600604730858345,2.0302356037037232,-0.4459023657666272,1.62733454084416,0.3
2024-06-11 15:50:50,TA Study,trading-floor,BA,bear,False,False,2024-06-11,B,-0.6893556966834913,-0.1501005428647062,0.8467676274222402,2.211757235526046,3.7778863377299965,5.408758695286098,5.015469793193283,7.715490389744295,3.110242631493232,5.2522839369400725,1.0,-1.8213146298707272,-1.2820594760519424,-3.7811468627779865,-2.4161572546741805,-2.7768809337912015,-1.1460085762351002,-4.6134017614510565,-1.9133811649000456,-3.3368903657769797,-1.1948490603301398,0.1
2024-06-19 00:40:18,TA Study,trading-floor,WMT,bull,False,False,2024-06-18,B,0.9799554565701696,1.4240439830698892,0.8314773570898382,1.7287545848126196,0.10393466963622977,0.9429707791295372,0.7869339272457365,1.3456846552597268,3.9940608760208107,3.047642704791942,1.0,0.7359976488644115,1.1800861753641312,0.5229706436923554,1.4202478714151365,0.6920168568249674,1.5310529663182748,2.4472460877276534,3.0059968157416437,6.3688883051544565,5.422470133925588,0.6
2024-07-02 17:25:14,Tazmanian Trader,onis-floor-🔫,NVDA,bull,False,False,2024-07-02,A,-0.40594300560201635,-0.8303151360598449,4.1487375172525764,3.2762137835095073,4.083786636356246,2.512512239531728,9.531541771535279,6.855436483346367,-4.205569538036869,-6.08048951096486,1.0,0.2378485444187728,-0.18652358603905572,0.004314118189077121,-0.868209615553992,1.1110515819046463,-0.46022281491987177,2.044750607646767,-0.6313546805421455,2.346077149122913,0.4711571761949219,0.6
2024-07-10 14:00:10,Tazmanian Trader,onis-floor-🔫,TSLA,bear,False,True,2024-07-10,B,-0.377473595912603,0.3474761600449128,8.09852442139779,7.954970014277496,3.6717886147862866,4.434421402612864,5.250314561329916,5.1893039383038015,17.645937392763177,14.765877099912196,1.0,-0.6507113176518842,0.0742384383056316,-1.4746836401050942,-1.6182380472253886,-2.981343278259944,-2.2187104904333657,-1.6895173970650093,-1.7505280200911237,1.7184914266869842,-1.1615688661639987,0.2
2024-07-15 14:55:20,Tazmanian Trader,onis-floor-🔫,AVGO,bear,True,True,2024-07-15,A,0.28503286603456246,-0.016797647254862547,1.4746088069338636,1.7640110049701896,6.625559885986842,4.748884282769672,6.311442033622239,4.788085678314458,12.617067069978471,9.337767316769296,1.0,0.24646718204252016,-0.15958363201213466,-1.0485156818784869,-0.8562318901770517,-2.8368771252238494,-4.5029815585814585,0.36938869799256,-2.0305189773798498,4.97040441228101,1.4989984147311575,0.5555555555555556
2024-07-15 17:38:42,Tazmanian Trader,onis-floor-🔫,NVDA,bear,False,False,2024-07-15,B,-0.2575911326203828,-0.2825168007173029,1.3660135820779074,1.933962733715,5.479665912106791,3.875521129583248,3.567246897197729,2.3174026826233374,12.8951682148154,9.88450358967965,1.0,0.6843544289747117,0.6594287608777917,-0.19377736252385702,0.3741717891132357,4.409263368074234,2.805118585550692,3.956430387774726,2.7065861732003347,6.950277215302206,3.9396125901664574,0.7
2024-07-17 17:38:13,TA Study,trading-floor,WMT,bear,False,False,2024-07-17,A,-0.23283708459749253,-0.3117778431464102,0.06350102307204342,-0.7833180231800685,0.684399915331968,0.19460839069885827,0.37395046920200015,-2.5235341911733267,3.1397728074507802,1.961043753663405,1.0,-0.1299714171983335,-0.20891217574725118,2.0706716311880777,1.223852584935966,2.5039919414209946,2.014200416787885,6.631501429700975,3.734016769325648,4.812133238149889,3.6334041843625142,0.7
2024-07-17 18:03:58,Tazmanian Trader,onis-floor-🔫,UNH,bear,True,True,2024-07-17,A,-0.3509693230055566,-0.4183817429319947,1.2139512493982707,0.37857194822300544,2.2309745744168774,1.7526639867194493,2.0174171808673536,-0.868864328876584,-0.8551048094175284,-2.0224324120671655,1.0,0.03698497074697271,-0.030427449179465382,1.0406227666464563,0.20524346547119107,0.9851221845839355,0.5068115968865072,6.6043602911516714,3.7180787814077347,4.226741204822963,3.0594136021733256,0.6
2024-07-24 13:55:58,Tazmanian Trader,onis-floor-🔫,SPY,bear,False,True,2024-07-24,A,1.2245866335730216,-0.0,1.7392415227944769,-0.0,0.5803555133773841,-0.0,-0.523779975909755,-0.0,5.343650764682284,-0.0,1.0,2.9702787512430695,1.745692117670048,4.749181600977433,3.009940078182957,4.515048482162902,3.934692968785518,2.294991502444721,2.818771478354476,12.966750954719714,7.623100190037431,1.0
2024-07-25 13:53:24,Tazmanian Trader,onis-floor-🔫,SPY,bear,True,True,2024-07-25,A,0.46034387132557475,-0.0,-0.6544647809207049,-0.0,-0.2033647624329893,-0.0,-0.39009058975780775,-0.0,1.894989831761873,-0.0,0.0,-0.11848445241389279,-0.5788283237394676,-2.7020725698733874,-2.0476077889526825,1.053257467904597,1.2566222303375862,0.9179498721681668,1.3080404619259745,8.336317900797296,6.441328069035424,0.4
2024-07-25 16:35:39,TA Study,trading-floor,NFLX,bear,False,False,2024-07-25,B,1.8572976319455203,0.4401045531210235,2.275189599133265,1.9620888026487981,3.637207862559977,2.8773433564719064,3.2812258164370833,2.706292190143944,2.4299644017953925,-0.4080837534733095,1.0,2.0759730786467445,0.6587799998222476,1.0741302015090592,0.7610294050245925,2.887772088414894,2.127907582326823,2.3328920467973275,1.7579584205041872,8.260306078476038,5.422257923207337,0.8
2024-08-02 15:23:36,Tazmanian Trader,onis-floor-🔫,AMD,bull,False,False,2024-08-02,B,-2.5305281741944907,-3.2258911612320085,-0.8238928939237944,1.413361933936086,-5.347947623951754,-3.352558182887533,-1.2284831543327823,-1.940852301379381,9.283507429748417,4.542567933886588,0.0,0.6577418220759235,-0.03762116496159429,-2.7114009817160607,-0.47414615385618075,-1.28339415669073,0.7119952843734911,3.062943683721211,2.3505745366746122,9.898165342734298,5.157225846872469,0.2
2024-08-03 18:20:30,Tazmanian Trader,onis-floor-🔫,AAPL,bear,False,True,2024-08-03,B,-5.113265357376062,-3.991382783691444,-4.088603144306591,-2.0344244248944987,-7.1424983675724585,-3.4269952794636405,-9.262142749510271,-5.034560855991388,-13.461248681500827,-4.085515744279333,0.0,-3.600888550521924,-1.7308236611465855,-2.9735923426874455,-0.19155809986045363,-15.235453698611831,-10.857961712058792,-11.808025571372106,-8.127508019968774,-17.007767524440236,-8.13375454656516,0.0
2024-08-05 19:29:20,TA Study,trading-floor,USO,bull,False,False,2024-08-05,B,0.41140976412505914,0.04087413644546789,-0.6445419637959415,-1.9404466721203772,3.346132748217223,0.4012474978631886,7.830499177180461,4.377339924459656,2.0021941854086567,-6.560864770495667,1.0,0.763340273666453,0.3928046459868617,2.2568219242861614,0.9609172159617252,5.0423081186537795,2.0974228682997444,7.155125132388408,3.7019658796676027,18.74107694009611,10.178017984191788,0.4
2024-08-05 19:50:39,Tazmanian Trader,onis-floor-🔫,AAPL,bear,False,True,2024-08-05,B,-0.8190008190008369,-0.40755805224230723,0.16380016380016515,1.5009891557653865,-2.765332177096891,0.22150941743790398,-4.798381268969498,-1.3030585192897348,-8.825938237702946,-0.21863318782520125,0.0,-0.36277557549777684,0.04866719126075281,-0.47248363809684885,0.8647053538683724,-3.73467107406553,-0.747829479530735,-4.148733376380973,-0.6534106267012085,-16.651767535642485,-8.044462485764738,0.4
2024-08-08 14:56:24,Tazmanian Trader,onis-floor-🔫,SPY,bear,True,True,2024-08-08,A,-0.6505822996092592,-0.0,-1.0944197868062666,-0.0,-2.8109707522476324,-0.0,-4.9030765145480215,-0.0,-5.500550055005493,-0.0,0.0,-1.8218437211373772,-1.171261421528118,-1.5876615098860305,-0.4932417230797636,-4.8660717104781455,-2.0551009582305135,-7.697251313885985,-2.794174799337963,-9.461586945316665,-3.961036890311172,0.0
2024-08-08 19:56:07,Tazmanian Trader,onis-floor-🔫,AAPL,bull,False,True,2024-08-08,B,0.1314368868234439,0.11068444200261762,1.5068300239402976,1.0450174439627924,3.867999812233025,1.7003777351753069,5.487490024879116,1.2408537209931847,5.398300708820347,0.5579296076081652,1.0,-0.06560564982666328,-0.08635809464748956,-0.48874061214741255,-0.9505531921249176,2.3132887798951627,0.14566670283744476,4.888976280357253,0.6423399764713211,6.063811426040828,1.2234403248286463,0.8
2024-08-13 15:29:35,Tazmanian Trader,onis-floor-🔫,QQQ,bear,False,True,2024-08-13,B,-0.7667842983487994,-0.11127186589630078,-0.7994597656079794,0.17359551655948824,-3.4788480808608746,-0.5448264285238702,-4.618132705964362,-0.8688987084527033,-3.8557051365834427,0.4246239195157875,0.0,-1.1772919818787186,-0.26885945509185216,-0.5937388021674362,0.6697474840668074,-10.32631794386853,-7.202699069567217,-7.202642477747455,-4.445404914842396,-6.407026545666149,-2.6395941860070935,0.1111111111111111
2024-08-19 15:46:54,TA Study,trading-floor,SPY,bear,False,False,2024-08-19,B,-0.5389770216129852,-0.0,-0.3754873250570556,-0.0,0.07006701280968253,-0.0,-0.7509746501140668,-0.0,0.813855302635591,-0.0,0.0,-0.7346694936763232,-0.19569247206333795,-0.2981039516827555,0.07738337337430012,0.6692076438582928,0.5991406310486103,-0.9900880937284441,-0.2391134436143772,-0.6886871527523686,-1.5025424553879596,0.6
2024-08-29 14:04:11,Tazmanian Trader,onis-floor-🔫,META,bear,False,True,2024-08-29,B,1.3797172055493134,0.889608490525251,0.7916722172531365,1.251483302621148,2.42259310712315,0.613646395307077,4.795706700667979,1.0993958826319816,0.16175994823681705,0.32394137757205677,1.0,1.268052129808721,0.7779434147846588,1.1130814800682252,1.5728925654362367,4.923251360148678,3.114304648332605,7.199255248827894,3.502944430791897,-2.7976375835607556,-2.6354561542255164,0.8
2024-09-05 13:32:12,Tazmanian Trader,onis-floor-🔫,WMT,bear,True,True,2024-09-05,A,0.5813202428626818,0.348968956762008,0.9947035266761328,-0.9167488503864285,-1.808551866683894,-2.1897531954428118,-2.906601214313387,-1.418100787730947,-0.8138483400077723,2.8329777051192107,0.0,-0.7523143902674179,-0.9846656763680917,2.507230551389981,0.5957781743274193,1.1585138268641348,0.7773124981052172,-3.942864021059985,-2.4543635944775453,-10.121669526588404,-6.474843481461422,0.5
2024-09-11 14:55:41,TA Study,trading-floor,KRE,bear,False,False,2024-09-11,B,-2.237326536391948,0.3665603154423769,-2.6338147833474768,0.8343268781944246,-6.74974039460019,-2.5876039715158283,-8.10912866987632,-4.213486235224262,-4.295289342018305,1.1993170232275974,0.0,-4.12962251701577,-1.5257356651814447,-5.95369163358398,-2.4855499720420786,-6.979214209790077,-2.8170777867057164,-8.33469717222095,-4.439054737568891,-11.986668302714333,-6.492061937468433,0.0
2024-09-16 15:10:09,Tazmanian Trader,onis-floor-🔫,WMT,bear,True,True,2024-09-16,A,-0.11806375442739991,0.25826723422348596,2.31777791586405,2.7351268778774918,3.0137326788044483,4.8417432464611165,0.1677748089231379,1.762161267427742,-0.35419126328217754,1.9696017650177255,1.0,-0.3272555385260567,0.04907545012482917,-0.7080572561781839,-0.2907082941647421,-3.1217046716791232,-1.2936941040224545,-3.5755396257440255,-1.9811531672394214,-4.329334884298169,-2.005541855998266,0.1
2024-09-30 19:07:14,TA Study,trading-floor,AMZN,bull,False,False,2024-09-30,B,0.2885455335186027,-0.2756558122216646,-0.3573314301492214,-0.02063345401778216,-2.063523075838336,-1.5866073064194852,-2.687870807383874,-2.2074495931328264,0.9398048052169594,-1.4752714119173005,0.0,0.37022509588440666,-0.1939762498558606,-1.8089655797123705,-1.472267603580931,-0.5567908366748064,-0.07987506725595561,2.214890239834373,2.6953114540854206,4.392244604574191,1.977168387439931,0.8
2024-10-01 20:15:16,TA Study,trading-floor,TSLA,bull,False,False,2024-10-01,B,0.5938194304180966,0.39125121777432437,-2.783276105837207,-2.802652195742261,-2.7146031104827273,-2.730456274950477,-2.6257321753181184,-4.286791518997091,-10.591799636437083,-13.1617737429351,0.0,0.3771094597975333,0.17454124715376107,0.39906465180209455,0.3796885618970402,1.5324426243830644,1.516589459915315,4.317765631662754,2.656706287983783,6.214988607923166,3.645014501425149,0.7
2024-10-07 11:17:27,Tazmanian Trader,onis-floor-🔫,MSFT,bear,False,False,2024-10-07,B,1.5528846153846088,0.9402467718698126,0.3100961538461622,0.6374198016669164,0.038461538461542766,0.8839017625119627,-0.7548076923076907,1.5242050855673428,-0.668269230769214,1.4899663722414802,1.0,1.13130569987451,0.5186678563597136,-1.0360224593442502,-0.7086988115234959,-3.3941302451257904,-2.5486900210753705,-5.964278389149244,-3.6852656112742097,-8.50733806086308,-6.349102457852388,0.4
2024-10-16 15:24:59,TA Study,trading-floor,COIN,bear,False,False,2024-10-16,B,-2.0731301020197934,-1.7474982211080237,0.9723813814498272,1.306627862385723,-3.644381249542339,-3.08960100798894,3.52808926646333,3.111142625295882,-2.684172214945235,-2.7530890151381993,0.0,-0.18278579467594813,0.14284608623582162,-0.12130593907199949,0.21294054186389633,-1.9278072956690084,-1.3730270541156098,-1.0640683634408776,-1.481015004608326,-7.691208388935084,-7.760125189128049,0.2
2024-10-18 17:00:43,TA Study,trading-floor,MSFT,bear,False,False,2024-10-18,B,-0.23731332550278594,-0.2518513166944625,-0.3859337919792871,-0.5646655660417887,-1.7810484934199566,-2.9244187418485668,-2.6320205192127855,-3.5958038176264306,1.6300309226454424,-0.7020338996917563,0.0,-0.12437648956258651,-0.13891448075426305,-0.160932264115754,-0.3396640381782557,1.0472854016910103,-0.09608484673759973,0.2609741058481774,-0.7028091925654678,-1.110477217119952,-3.4425420394571504,0.6
2024-10-18 17:03:40,TA Study,trading-floor,MSFT,bull,False,False,2024-10-18,B,0.23731332550278594,0.2518513166944625,0.3859337919792871,0.5646655660417887,1.7810484934199566,2.9244187418485668,2.6320205192127855,3.5958038176264306,-1.6300309226454424,0.7020338996917563,1.0,0.5229163535303517,1.0322591508108814,0.42671296437509765,1.020034040186435,4.603325494722258,5.977080144741494,1.7312701543134963,3.956609017784652,-1.156845566093564,1.8097598129631773,0.4444444444444444
2024-10-21 19:46:45,Tazmanian Trader,onis-floor-🔫,NVDA,bear,False,True,2024-10-21,A,-0.9624841927778682,-0.7667726784171158,-0.8781790080089946,-0.7356872914130008,1.3559083883658896,0.7979588956707362,1.2786286356610832,0.9936452024691067,4.418996768301242,2.242135362955222,1.0,-0.13577876548124812,0.05993274887950428,0.8504760235370679,0.9929677401330617,-0.8719208212984861,-1.42987031399364,-2.3567855857696274,-2.641769018961604,-4.660146493524662,-6.837007898870683,0.5
2024-10-23 18:32:45,Tazmanian Trader,onis-floor-🔫,CVNA,bear,True,True,2024-10-23,A,-1.1014344262294973,-0.6705122876046188,-2.561475409836067,-1.9133546126301137,-5.020491803278682,-4.096094312357579,-6.198770491803285,-5.4168553209113846,-22.412909836065566,-19.714433701854173,0.0,-0.5390274752904234,-0.49610902035479576,0.320793606796731,0.6240029341759223,-6.753882498514223,-6.112885817309719,-8.824392531387872,-9.340977820957129,-11.352130703979798,-9.645818042166798,0.0
2024-10-28 02:14:56,Tazmanian Trader,onis-floor-🔫,USO,bull,False,True,2024-10-27,B,0.9459653146051572,1.2463532441598923,-0.1576608857675188,-0.018624186945026544,4.74415938082271,7.136963802533048,6.478429124265461,8.670402758787777,1.6769385122545444,-1.1003624592858419,1.0,0.5665980487445288,1.299029646121711,0.5308162029487773,1.054006151110416,3.3620359668891275,5.825560289728921,-0.6756923484888258,2.6239403199859077,14.289511568188823,12.624847487719189,0.4444444444444444
2024-10-28 05:00:36,Tazmanian Trader,onis-floor-🔫,TSLA,bear,False,True,2024-10-28,B,2.7740740740740732,2.473686144519338,3.8814814814814858,3.7424447826589935,7.46296296296296,5.070158541252622,10.059259259259257,7.867285624736942,-29.629629629629626,-26.85232865808924,1.0,0.4669889689979579,0.1666010394432227,-0.45387926523900335,-0.5929159640614956,2.0774396599054215,-0.31536476180491635,1.7952697732694176,-0.3967038612528973,-7.763041915477041,-4.985740943936654,0.7
2024-10-29 02:21:30,Tazmanian Trader,onis-floor-🔫,WMT,bear,True,True,2024-10-28,A,1.1733397846861005,1.5044599019577998,1.548324664328049,1.5759180074340295,0.5806217491230226,-0.9387367056497786,-1.2217249304463662,-1.7649688728452628,-2.8063384540945924,0.13407717063593783,1.0,-0.5019524491951932,-0.1708323319234939,1.2653121185593474,1.292905461665328,6.172015988655037,4.652657533882236,2.4740358281221835,1.9307918857232866,-9.886083711035091,-6.945668086304562,0.5
2024-10-29 13:39:51,TA Study,trading-floor,AMD,bear,False,False,2024-10-29,A,-3.2159930465015307,-2.890063543845822,7.74197553858571,7.764393969985317,11.926491587508526,10.402038252335721,12.050661203203571,11.502271881274906,10.827590488607441,13.762680507231973,0.0,-0.4914400924101492,-0.16551058975444066,-1.2328754110314755,-1.2104569796318687,-0.1220563901031678,-1.646509725275972,-1.3915567889750966,-1.939946110903763,-8.14115698080704,-5.206066962182509,0.7
2024-10-29 14:31:14,Tazmanian Trader,onis-floor-🔫,SPY,bear,False,True,2024-10-29,B,-0.22481975657446807,-0.0,0.07838543236888817,-0.0,1.623698241926741,-0.0,0.648617918393013,-0.0,-2.8313507274340344,-0.0,1.0,0.3308922633208044,0.5557120198952725,1.1251131827178409,1.0467277503489527,3.0711710357466004,1.4474727938198597,1.6656893336232703,1.0170714152302576,-4.359164164229114,-1.527813436795079,0.5
2024-10-31 15:04:09,TA Study,trading-floor,AMD,bear,False,False,2024-10-31,B,0.8806329549363667,0.44988527502041187,2.4011007911936555,2.3905947502200875,2.5386996904024794,3.5192635146013895,-3.075335397316814,1.2163823403823715,4.478844169246643,8.374834363608397,1.0,-0.33829648185537914,-0.769044161771334,-0.7224107541613614,-0.7329167951349292,-5.162693987541504,-4.182130163342594,-12.725698975074767,-8.433981237375582,-20.055562623640174,-16.15957242927842,0.2
2024-10-31 18:10:51,Tazmanian Trader,onis-floor-🔫,CVNA,bear,True,True,2024-10-31,A,3.998447204968947,3.696883280430052,11.063664596273293,11.182887543184005,8.501552795031063,9.613131447110469,6.269409937888204,10.696438481264314,6.657608695652173,10.688396268413246,1.0,-0.17149543773916864,-0.4730593622780631,-1.3037731084915782,-1.1845501615808651,-5.1880024755529925,-4.076423823473588,-11.366912833751522,-6.939884290375412,-14.787196840489212,-10.756409267728142,0.1
2024-10-31 19:16:59,TA Study,trading-floor,NVDA,bull,False,False,2024-10-31,B,-0.7995217813644317,-0.35310282332613463,1.1731300904131992,1.199373551650873,4.543077038033316,3.5784066193161657,11.245610102368664,6.970306915109914,9.661510872001777,5.781872944230293,1.0,-0.10343198288525479,0.34298697515304233,0.18732954605863,0.21357300729630374,1.0397315627486305,0.07506114403147982,4.192100202206425,-0.08320298505232522,4.879089841996734,0.9994519142252496,0.8
2024-11-01 18:39:47,Tazmanian Trader,onis-floor-🔫,TSLA,bear,False,True,2024-11-01,B,-0.30415953268203566,-0.45804466453875925,2.1694027595931087,1.8004526212783145,-16.237284721522794,-12.89417787845155,-29.406788196192977,-24.813506722084977,-29.205358042098915,-26.78720557639611,0.0,-0.31637812902012064,-0.4702632608768442,-0.06125728350896309,-0.4302074218237573,-9.315749173951977,-5.972642330880735,-11.350066639961486,-6.7567851658534845,-13.885130118878314,-11.466977653175508,0.2
2024-11-04 15:09:39,Tazmanian Trader,onis-floor-🔫,AVGO,bear,True,True,2024-11-04,A,1.645562233763198,1.3463601061036168,-1.476337748730816,-0.5699827655281098,-7.259146875182343,-3.0440712872763953,-4.399836610842023,0.3664007911736489,3.326136429946913,6.235920864437395,0.0,-0.5819939750630088,-1.128781489060775,-0.5896349574671855,0.013843485981879233,-14.108058373628577,-10.436970747648724,-14.989773876573247,-11.859174772429919,-13.8277540903777,-11.866492892169415,0.3333333333333333
2024-11-04 15:39:00,Tazmanian Trader,onis-floor-🔫,AVGO,bull,False,True,2024-11-04,B,-1.8031402021614351,-1.40113702060487,1.313758047132163,0.5114471624577233,7.0873022808704,2.9796823987463528,4.232573043199617,-0.42564035251333454,-3.481021876547541,-6.284696485219754,1.0,-0.47368918489829603,-0.07168600334173103,0.684658807077485,-0.11765207759695473,4.250608436252781,0.14298855412873346,3.396730792221993,-1.261482603490959,0.044309870611104515,-2.7593647380611084,0.5
2024-11-04 16:37:41,Tazmanian Trader,onis-floor-🔫,CVNA,bear,False,True,2024-11-04,A,0.724478594950595,0.4968516929527156,-3.490669593852913,-2.511873915262086,-6.015367727771692,-1.7254761131965557,-9.79143798024149,-4.949988872363864,-7.442371020856209,-4.458707628514991,0.0,-0.19611540646275136,-0.42374230846063055,-2.1190541041725375,-1.1402584255817108,-11.589880756556095,-7.29998914198096,-19.79280758852402,-14.951358480646396,-21.20170222265337,-18.21803883031215,0.1
2024-11-05 14:31:51,Tazmanian Trader,onis-floor-🔫,AVGO,bear,False,True,2024-11-05,A,-2.1739130434782705,-1.1438159901164369,-5.493537015276151,-1.9512644950421265,-7.896592244418321,-3.1017357222221875,-3.5370152761457163,1.0318505659761223,2.849588719153928,6.262223174849235,0.0,-1.45313036661756,-0.4230333132557263,-7.507686839901996,-3.965414319667971,-10.880594538283471,-6.0857380160873396,-11.16073246204625,-6.591866619924412,-12.35464636328904,-8.942011907593734,0.2
2024-11-07 14:55:24,TA Study,trading-floor,PLTR,bear,False,False,2024-11-07,A,-0.467819014092119,-0.05985529251892885,-4.980600433658533,-4.137700182474258,-7.605564924721064,-6.980132938342343,-6.400957932247153,-6.373985124209258,-10.32042545999805,-10.239507035884365,0.0,-1.1401780757960467,-1.4056916549190934,-0.6233857494098127,-0.4345760931445352,-5.09249739326874,-5.0129276095569555,-0.6367623473807602,-2.0944740417788474,-0.3706953619960297,-1.2967055779470784,0.3333333333333333
2024-11-08 14:42:31,TA Study,trading-floor,COIN,bear,False,False,2024-11-08,B,-5.068301769636752,-4.7244228150287615,-25.830487426265126,-25.39099334769297,-10.493635516920218,-10.317502393828315,-18.693728655696983,-20.436607845149123,-18.224153989444257,-18.329833863299395,0.0,-0.7993737264828482,-0.4554947718748581,-5.485574663582791,-5.046080585010636,-7.674126805472669,-7.4979936823807645,-6.089821482585656,-7.832700672037795,-14.161182721121838,-14.266862594976976,0.4
2024-11-08 15:19:08,TA Study,trading-floor,MSTR,bull,False,False,2024-11-08,B,-1.5150411537620978,-1.76474787405706,23.82547891324933,23.480246803311356,19.59356107509651,19.511442757684083,24.062204093524663,25.897297105088267,53.64556777624008,53.84499797567028,1.0,1.6190177538862027,1.3693110335912406,4.293460020023608,3.948227910085632,2.4146153729988287,2.3324970555864013,-0.05475918796254007,1.7803338236010646,3.5866292550750005,3.7860594545052058,0.6
2024-11-08 15:29:12,Tazmanian Trader,onis-floor-🔫,COIN,bull,False,False,2024-11-08,A,0.22767237390097783,-0.022034346393984272,20.033317908375746,19.688085798437772,5.403054141601116,5.320935824188688,13.225358630263774,15.060451641827378,12.77741786210087,12.976848061531076,1.0,1.5494254174465083,2.0124721746109073,5.211645871091586,5.5262093033020925,13.916791528305918,14.382184523110686,11.060805777370105,14.244482666929354,19.18703389631059,20.41830589228848,0.8888888888888888
2024-11-12 14:47:58,TA Study,trading-floor,CVNA,bear,False,False,2024-11-12,B,0.7441673370876867,0.386513247436282,3.4593724859211528,3.150128984834011,3.057119871279157,0.8381621178643273,-0.3419147224456909,-1.801327034593836,-2.976669348350769,-2.708324447947219,1.0,-0.07234476532314793,-0.42999885497455265,1.1648900797622908,0.8556465786751488,1.237269576103076,-0.9816881773117536,-0.7634330562014636,-2.222845368349608,-3.1158743234130113,-2.8475294230094628,0.5
2024-11-12 19:42:38,Tazmanian Trader,onis-floor-🔫,NVDA,bull,False,True,2024-11-12,B,0.039870229486571596,0.22047827657845076,-1.3228685786836447,-1.1907571368294123,-4.217001988114488,-2.171783084472223,-0.8236474311361541,0.46067645929497303,-7.630595240263672,-8.07709846779635,0.0,0.1412653575282774,0.32187340462015657,-1.759200427934743,-1.6270889860805107,-2.2490998244219487,-0.2038809207796831,0.27788686184823996,1.5622107522793671,1.4103057117498206,0.9638024842171411,0.3
2024-11-13 13:46:06,TA Study,trading-floor,NVDA,bear,False,False,2024-11-13,B,1.878312202321042,1.8481801233749984,1.549607566914879,0.8766578037865069,5.983766015965641,4.440333972173683,2.133226001207489,0.9831849881000387,9.210438049238611,9.45484268957878,1.0,0.3565277584295911,0.3263956794835476,0.6336923352062696,-0.039257427922102475,0.927376499126391,-0.616055544665568,0.9534288700568272,-0.19661214305062308,1.1420548725615463,1.386459512901714,0.8
2024-11-13 17:25:45,Tazmanian Trader,onis-floor-🔫,AMZN,bear,False,True,2024-11-13,B,-0.2998219806989555,-0.5620305450653063,0.9275742527874109,0.024040282582327155,5.509228895343399,3.737233438065024,4.956432118429688,3.576914448578661,3.616602642181199,3.628293469891819,1.0,1.5524191703426682,1.2902106059763176,2.5025359442093675,1.5990019740042838,-1.5605956203439229,-3.332591077622298,-5.129389142067429,-6.508906811918456,-2.5876215392471034,-2.575930711536484,0.7
2024-11-14 14:56:01,TA Study,trading-floor,NVDA,bear,True,False,2024-11-14,A,-0.437308805715797,-0.8685747474529326,2.833952683050367,1.1273477696391754,-0.6083998877642438,-1.5514794957653177,-0.37571601617836237,-0.7532834748976591,5.386631627213068,6.499197072239249,1.0,0.4552455654349229,0.02397962369778739,-0.11956480198410357,-1.8261697153952947,-1.8010956555262703,-2.744175263527344,-0.24103034116952457,-0.6185977998888216,-5.066367918023131,-3.95380247299695,0.5
2024-11-16 14:32:53,Tazmanian Trader,onis-floor-🔫,NFLX,bear,False,False,2024-11-16,B,-3.874923359901894,-3.5456954249969197,-6.842427958307784,-6.146443515607114,-10.055180870631508,-8.78432692501383,-6.143470263641948,-4.214160448214299,-10.63151440833845,-7.613875979079809,0.0,0.18419494535118153,0.5134228802561557,-1.8065806259784445,-1.1105961832777744,-3.0604664622071063,-1.7896125165894283,-2.828552864550827,-0.8992430491231784,-6.623300419125471,-3.6056619898668303,0.3
2024-11-16 17:45:18,Tazmanian Trader,onis-floor-🔫,MSTR,bear,False,False,2024-11-16,B,-11.399331239233955,-11.070103304328981,-24.644268488629617,-23.948284045928947,-15.015271485025238,-13.74441753940756,-16.801528596036654,-14.872218780609003,-8.1105337058321,-5.092895276573461,0.0,-0.7311027273195914,-0.40187479241461715,-1.0837303382683805,-0.38774589556771044,0.9825618195419306,2.253415765159608,-0.7086658230247601,1.220643992402889,-3.373008336637658,-0.3553699073790183,0.2
2024-11-18 17:45:03,Tazmanian Trader,onis-floor-🔫,QQQ,bear,True,False,2024-11-18,A,-0.0399943899815014,-0.02128817951962958,-0.7282420214793195,-0.34391442471719547,-1.0323514400481182,-0.0749335773176929,-1.3544673373479643,0.2593684561354781,-3.4112073524053876,-0.7124113521332909,0.0,-0.7156075771814807,-0.6969013667196089,-3.4330503747673995,-3.048722778005275,-3.762802328663662,-2.805384465933236,-4.347911102589219,-2.734075309105777,-6.270046791201244,-3.571250790929146,0.2
2024-11-19 14:33:30,TA Study,trading-floor,TSLA,bear,False,False,2024-11-19,B,-3.0467284152842833,-2.0986406658640044,-1.8643714447389659,-0.8820813955560558,-5.000446734371744,-3.1613890761347907,-0.7326443696578089,1.9854123924788691,-6.599755785210126,-2.6829084163930483,0.0,-0.6514916033771356,0.29659614604314316,-0.3665635685953339,0.6157264805875762,-0.3778299847413125,1.4612276734956409,-0.8892074689832175,1.8288492931534606,-8.02988297129857,-4.113035602481491,0.3
2024-11-19 17:54:32,TA Study,trading-floor,NVDA,bear,False,False,2024-11-19,B,-2.3823518760463847,-2.183753943501787,-1.602348923178054,-1.3698026260959173,1.1415900360194353,2.2245428647668986,4.644639011847696,6.600064809209904,-1.0800255172394468,2.0652904571634823,0.0,-0.20291696609674892,-0.004319033552151463,1.0744674576333924,1.3070137547155292,0.2448278605956376,1.3277806893431008,-0.46671842398050545,1.4887073733817036,-3.656876538741694,-0.5115605643387643,0.4
2024-11-20 03:33:12,Tazmanian Trader,onis-floor-🔫,NFLX,bear,False,True,2024-11-19,B,-0.4431818181818148,-0.42285592638331426,-1.9886363636363535,-1.4313681634940734,1.6363636363636358,2.847448022691079,0.3068181818181803,1.7380997292960942,-4.306818181818195,-1.5492721944880161,0.0,0.18900385113333584,0.20932974293183637,-0.4491866874242755,0.10808151271800445,-4.16105557703118,-2.9499711907037374,-4.050860039978293,-2.6195784925003798,-5.951764697359061,-3.194218710028882,0.1
2024-11-20 14:57:06,TA Study,trading-floor,NVDA,bear,False,False,2024-11-20,B,-0.5158421483065112,-0.14358942440244604,-1.053249488601793,-0.14216519630692037,6.284427657737657,7.851628623215056,6.752936621072014,8.541109523113466,0.05601438046923812,3.175118254277265,0.0,-0.25583004617442673,0.11642267772963844,1.8250464776659014,2.736130769960774,-0.19405514471262492,1.373145820764775,0.5542791353669007,2.342452037408352,-2.080733268743341,1.0383706050646857,0.1
2024-11-22 13:26:01,Tazmanian Trader,onis-floor-🔫,TSLA,bear,True,True,2024-11-22,A,-3.3642640397554935,-3.0526378564182277,0.7314892182300636,1.3833775044545082,2.4026269111804943,3.273495758668976,-4.6923787325739985,-3.012966274264528,-14.279431813184406,-12.423150440007834,0.0,-0.6965259245485033,-0.3848997412112377,-1.4374114989892084,-0.7855232127647638,-1.0825115759515258,-0.211642728463044,-2.2214060876904043,-0.5419936293809334,-3.985718222635513,-2.1294368494589415,0.3
2024-11-26 02:10:53,TA Study,trading-floor,NVDA,bear,False,False,2024-11-25,B,0.5664488017429248,0.8754000375478688,1.713870733478562,1.718880753518659,-0.6753812636165701,0.1312319628363534,-5.40305010893245,-3.9234241904287703,-1.1692084241103906,0.27701736079275285,1.0,0.40625501088831895,0.7152062466932629,0.7087943573060063,0.7138043773461034,-2.313697071273481,-1.507083844820557,-4.4525629326531755,-2.972937014149496,-5.223839441657612,-3.7776136567544696,0.3
2024-11-26 15:18:07,TA Study,trading-floor,TSLA,bear,False,False,2024-11-26,B,1.174579985390789,1.4943707176225285,2.7348429510591687,2.750659623301477,-4.336011687363039,-3.5185051865771477,-4.581446311176052,-3.0908543918420905,-24.11102994886778,-22.653841772389804,0.0,0.7755128241100872,1.0953035563418267,1.1897272081938226,1.2055438804361307,0.8086047069652391,1.6261112077511306,0.09171804285583604,1.5823099621897974,0.005847337845810152,1.463035514323785,0.4
2024-11-26 16:30:40,TA Study,tazmanian-trades,RDDT,bear,True,True,2024-11-26,A,4.363954357607291,4.545754344264175,1.2397918165277466,1.1180358621612263,0.11142611320329454,0.7902572560413823,-8.767401514830953,-7.416410788298156,-17.01152343474519,-15.693890503929243,0.0,-0.060371878292359016,-0.6289555062862193,0.24814391139510344,-0.5314277745078776,-7.582017441734715,-7.555497994139804,-6.913762312865136,-7.270357149078353,-5.722315005798769,-5.630914645534559,0.2222222222222222
2024-11-27 14:19:50,TA Study,trading-floor,NVDA,bear,True,False,2024-11-27,A,-0.2444263387897383,-0.515884887235929,-2.39982223538997,-2.051755753026452,-3.8886008443818953,-3.3140413400019275,-7.4438930449596485,-6.411351326943482,-1.7257980890304614,-1.0812922102042322,0.0,0.24106753206501907,-0.7493398222966376,0.36892865309789863,-0.0017871314672712746,-6.706899442706944,-6.788337007240807,-3.3346434630752517,-3.990473993002329,-2.05704313237812,-2.584805181473817,0.2222222222222222
2024-11-27 18:10:51,Tazmanian Trader,onis-floor-🔫,UNH,bear,False,True,2024-11-27,A,0.14525698997972514,0.2212962630108506,-0.15346359958310352,0.5442594002079915,0.6622733949923187,1.587278617469856,4.972384758684633,6.356968004976659,15.347180619270762,16.342375939930886,0.0,-0.7044359610024786,-0.6283966879713532,-1.6938733772468506,-0.9961503774557556,-1.622599233222335,-0.6975940107447978,-2.836290764505951,-1.4517075182139252,-1.1222873077015794,-0.12709198704145455,0.2
2024-11-27 18:11:07,Tazmanian Trader,onis-floor-🔫,TSLA,bull,False,False,2024-11-27,A,0.0646276395881884,-0.011411633442937053,3.7529120012023798,3.055189001411285,5.6346283910723605,4.709623168594823,11.066356053205073,9.681772806913047,25.678214473585335,24.683019152925212,1.0,0.21291325561673347,0.136873982585608,1.1641052698278997,0.46638227003680466,-1.2792616988460501,-2.2042669213235877,0.7526575153154358,-0.6319257309765901,0.7227853749688916,-0.2724099456912331,0.7
2024-11-29 06:26:42,Tazmanian Trader,onis-floor-🔫,META,bear,False,False,2024-11-29,A,-0.9349736379613338,-0.4530338720940108,-4.188049209138844,-3.526007385438734,-7.869947275922673,-6.535857958642888,-9.625659050966595,-8.26655555898781,-9.024604569420047,-8.265841270217145,0.0,-0.23481705463561986,0.2471227112317031,-1.2977795258200853,-0.635737702119975,-3.696512712194476,-2.3624233949146913,-3.5698886305140234,-2.2107851385352384,-1.7340821837399332,-0.9753188845370306,0.0
2024-12-02 03:46:40,Tazmanian Trader,onis-floor-🔫,TSLA,bear,False,False,2024-12-01,B,-1.3366252341222573,-1.227167052123157,0.27243316873828416,0.42832815522184653,-4.855553663658552,-4.24358291884539,-10.61638004427039,-10.332783845454552,-31.397922697088365,-30.764392007335985,0.0,-0.21126758588482564,-0.10180940388572535,-0.49359862130467824,-0.33770363482111604,-1.452552142098664,-0.8405813972855025,-0.9137511584368753,-0.6301549596210366,-7.31405327030612,-6.680522580553739,0.1
2024-12-02 17:30:35,Tazmanian Trader,onis-floor-🔫,AMD,bear,False,False,2024-12-02,B,-0.10189169040146773,-0.07537835916711089,-0.04552007745457498,0.027391583439917433,0.3913599228836273,0.9199694643686862,7.783087670541744,7.983594738001587,10.728504447015618,11.278656070128601,1.0,-0.37273559275174617,-1.1411250735875846,-0.2971747255698142,-0.9619965062714254,-7.98466051486845,-8.154345834768382,-5.550369784259027,-6.997003419733877,-4.949561238201246,-5.606594727852772,0.3333333333333333
2024-12-02 19:57:02,TA Study,tazmanian-trades,PLTR,bear,True,False,2024-12-02,A,0.08427896336874463,0.07102756783115005,-6.793486440116769,-6.7603579512727885,-8.163019594858989,-7.674374384410276,-9.05095867320831,-8.89028550231501,-14.002347771122414,-13.492169042925116,0.0,0.14927418364435896,0.13602278810676438,0.10347726820286729,0.1366057570468482,-1.4680194960343396,-0.9793742855856269,-2.3289231703246527,-2.168249999431353,-1.2723434929827024,-0.7621647647854057,0.2
2024-12-03 13:14:03,TA Study,trading-floor,TSLA,bear,False,False,2024-12-03,B,0.10801591813530687,0.19419566920840792,-1.74246731097214,-1.0347989704295513,-10.636725412166005,-9.904197528044634,-13.982376350198965,-14.080157221608836,-36.40136441159749,-36.252207150124825,0.0,-0.07425364707015158,0.011926104002949467,-2.330757913297944,-1.6230895727553551,-2.0786108208510323,-1.3460829367296623,-1.4070917901468507,-1.5048726615567198,-4.406288189322401,-4.257130927849737,0.1
2024-12-04 09:00:29,Tazmanian Trader,onis-floor-🔫,PLTR,bear,True,True,2024-12-04,A,1.7995220019682234,2.1347101531496326,-1.0403486573878906,-0.8702778220593954,-1.8698158301701184,-2.0266772802303934,-1.9401096583720134,-1.6379449703611826,-0.5342330943343354,-3.729253156088219,1.0,-1.1175296794749645,-0.7823415282935553,-0.7488109627564088,-0.5787401274279136,-1.085233600404667,-1.242095050464942,-3.324609481919876,-3.0224447939090453,-0.4518701318543628,-3.646890193608246,0.2
2024-12-04 19:59:40,Tazmanian Trader,onis-floor-🔫,QQQ,bear,True,True,2024-12-04,A,-0.1224599135126736,-0.003832042553453263,0.15498832803950702,0.10885526711089666,0.04592246756726093,-0.3264372384992553,-1.3968083885040672,-1.3111327039224019,1.17676323141096,-2.227197621391641,0.0,-0.3677415682166041,-1.1058705430741032,1.7689701662563138,0.9440121802939283,-4.092787510946645,-5.126827119474688,-1.272233051572147,-2.8700845690203365,3.867939876044768,-0.39837969425873576,0.6666666666666666
2024-12-05 17:17:37,Tazmanian Trader,onis-floor-🔫,META,bear,True,True,2024-12-05,A,0.6072144605868801,0.36680217489420963,-1.8150490794011098,-1.8663545740222554,-1.0886964680165923,-1.9638498089580514,-2.9608907270234797,-3.5844498154958493,2.78790454779978,-0.8334082808760357,0.0,0.20665031002257583,-0.8724094839003513,-1.1203231988035722,-1.9678505041797956,-5.6390896261770305,-7.143721920354844,-3.387581744663666,-5.639925846669506,-0.9075632181097625,-5.386598674810875,0.3333333333333333
2024-12-05 17:26:20,Tazmanian Trader,onis-floor-🔫,MSFT,bear,False,False,2024-12-05,B,0.18716879016800192,-0.05324349552466856,-0.027060547976098803,-0.07836604259724433,0.027060547976098803,-0.8480927929653603,-1.3778329011162604,-2.00139198958863,1.4477393167211638,-2.1735735119546518,0.0,0.2817091161302165,-0.7973506777927108,-0.620876440906537,-1.4684037462827606,-3.323122154233418,-4.827754448411233,-0.21144501856523945,-2.463789120571078,4.486114710589094,0.007079253887981451,0.5555555555555556
2024-12-06 15:08:03,Tazmanian Trader,onis-floor-🔫,TSLA,bull,False,False,2024-12-06,B,4.091784338896032,4.283908875005604,4.24422336328627,4.950322085740222,13.599165596919116,13.848763284856325,16.66399229781772,17.447269252725928,12.606974753958067,15.534821317063596,1.0,-0.3607699918402818,-0.16864545573070933,-0.09580886635401686,0.6102898560999346,0.031891350358843606,0.2814890382960523,-0.3332236694599996,0.4500532854482075,-4.097249722416847,-1.1694031593113174,0.6
2024-12-06 15:17:50,TA Study,trading-floor,TSLA,bear,False,False,2024-12-06,B,-4.215336592617436,-4.349244992699597,-4.367956555254993,-5.016138933566772,-13.734002683433788,-13.92541775839784,-16.802467195410053,-17.527872822848945,-12.740634154687559,-15.611860279148438,0.0,-0.5947766948365772,-0.7286850949187383,1.5946815264674774,0.9464991481556984,1.181927382046818,0.9905123070827659,1.197618326300497,0.47221269886160594,3.6932918752308637,0.8220657507699848,0.7
2024-12-09 16:55:13,TA Study,trading-floor,PLTR,bear,False,False,2024-12-09,B,-0.5968338236375992,-0.7421538579859721,1.5828105194911624,1.127034048125819,-1.6241821127556344,-1.8272998880380031,-5.164368784716378,-4.961251009433987,-12.022612768828566,-13.817645465836282,0.0,0.21254434215389417,0.06722430780552124,1.9734625204694267,1.5176860491040833,0.5928124067976948,0.389694631515326,-1.015178684831699,-0.8120609095493082,2.316877252838226,0.5218445558305117,0.5
2024-12-10 17:28:52,Tazmanian Trader,onis-floor-🔫,RDDT,bull,False,True,2024-12-10,B,-3.197169108517506,-2.94894802627359,3.004718152470809,2.4817990725436,7.182766327290779,7.197659592225403,4.786441519741724,4.788096326956682,10.137819716910833,10.634261881398677,1.0,-0.0906173565915902,0.9376798467842139,0.19662533657128112,0.46917208487508477,5.051349305521376,5.723035554073408,1.5103850227318625,3.1504644534781776,-0.4739258170824191,1.1371944874021125,0.5555555555555556
2024-12-11 02:35:07,Tazmanian Trader,onis-floor-🔫,SPY,bear,False,True,2024-12-10,B,-0.277328403050614,-0.0,0.2393608240615297,-0.0,-0.16672719469112973,-0.0,3.218990392551757,-0.0,0.7329393509194704,-0.0,1.0,-1.6529250838762877,-1.3755966808256737,-0.009673057520540596,-0.2490338815820703,-1.1143312395521443,-0.9476040448610146,3.187320697810431,-0.031669694741326374,3.089361196593167,2.356421845673696,0.4
2024-12-11 20:14:30,TA Study,trading-floor,META,bear,False,False,2024-12-11,A,-0.1424546519357861,-0.2214098119844743,0.15670011712938248,-0.4371084824034699,1.1934534173288158,1.0042900130454835,5.475007122732589,1.912155525535486,4.499984171705329,3.4143507210358526,1.0,0.4651904437634524,0.3862352837147643,1.238408604268558,0.6446000047357059,-0.01870665751017575,-0.20787006179350795,4.561109133350053,0.99825753615295,4.398526807396321,3.312893356726844,0.8
2024-12-12 15:43:24,TA Study,trading-floor,SPY,bear,False,False,2024-12-12,B,0.3680741278806021,-0.0,0.387857741311437,-0.0,0.3746686656908915,-0.0,3.3735347349144074,-0.0,1.9046014376751907,-0.0,1.0,1.1541925381333562,0.7861184102527542,0.8860499036390544,0.4981921623276174,0.9515862193251456,0.5769175536342541,5.507013109906004,2.1334783749915966,5.125179171508035,3.220577733832844,0.7
2024-12-16 01:18:31,Tazmanian Trader,onis-floor-🔫,TSLA,bear,False,False,2024-12-15,B,-4.9717744677956865,-4.84141143149206,-8.789589426194212,-9.071767644016004,1.115418622049913,-2.16840976078837,2.378199460427566,0.5118628267642089,8.444988551089349,5.157859838218071,0.0,-0.3035792711316898,-1.0169456077653571,0.11224750183310821,-0.9108548083979251,-2.9072041483174473,-6.547138141716786,-1.0413261072315572,-4.383075282149041,0.41360065172293525,-3.7339241007523034,0.6666666666666666
2024-12-16 05:50:22,Tazmanian Trader,onis-floor-🔫,USO,bear,False,False,2024-12-16,B,0.6068779501011479,0.7372409864047746,1.14632501685773,0.8641467990359364,2.0768712070128204,-1.2069571758254627,1.4699932569116725,-0.3963433767516844,-1.8880647336479983,-5.175193446519277,1.0,-2.3129217029982887,-2.182558666694662,-1.4074377234915711,-1.6896159413133653,4.364453472031178,1.080625089192895,1.907898175877707,0.041561542214350045,3.62348079433533,0.3363520814640518,0.6
2024-12-16 14:00:43,Tazmanian Trader,onis-floor-🔫,QQQ,bear,False,True,2024-12-16,B,-0.9548285435581727,-0.8244655072545459,-0.5102423651234256,-0.7924205829452191,3.547309972236823,0.26348158939853983,1.9152847602611267,0.048948126597769814,4.098821940421704,0.8116932275504252,0.0,-0.46308685598519206,-1.1764531926188593,0.48827936368084135,-0.5348229465501918,-3.6635180962494234,-7.303452089648763,-1.4740077844336872,-4.81575695935117,1.2218366801128433,-2.9256880723623953,0.6666666666666666
2024-12-17 17:10:36,TA Study,trading-floor,TSLA,bear,False,False,2024-12-17,B,-3.634753687666037,-3.7422023602616816,4.945683864976347,1.8610804332310327,9.064207502753597,6.784642587224776,0.16197654579617193,-0.43973602073936746,18.08738094723884,14.731676249252256,0.0,-0.39821242388464745,-0.5056610964802921,3.230273296066104,0.1456698643207898,3.1329901864430902,0.8534252709142697,1.902815163386245,1.301102596850705,4.342778227928376,0.9870735299417921,0.8
2024-12-18 18:02:06,Tazmanian Trader,onis-floor-🔫,COIN,bull,True,True,2024-12-18,A,-9.310381702642001,-6.124953098186681,-11.235259615478089,-8.02010694939489,-13.105048429798671,-11.30839403806857,-11.076473390345143,-10.377957942089777,-12.294914628099985,-10.045793964923144,0.0,-3.466869749622789,0.22419816985804425,-5.732313976611904,-2.0760892627059935,1.8350549829973783,4.12991767434602,0.511061473491455,2.795851010621765,-0.6829579964577768,2.524103119515601,0.0
2024-12-19 21:17:29,Tazmanian Trader,onis-floor-🔫,TSLA,bear,False,False,2024-12-19,B,1.0446410735479028,2.656962093882409,-1.1974007355965322,1.0234081751413937,-6.727300501756739,-3.3634281810801747,1.9024453296670907,3.0111308926902836,7.319537960776012,8.498698109975866,0.0,-1.0713662079992539,0.5409548123352526,-1.1188135278357803,1.1019953829021456,-2.0498909129900347,1.3139814076865297,0.6123081388989648,1.7209937019221577,0.5585075911258608,1.7376677403257148,0.3
2024-12-20 14:45:22,Tazmanian Trader,onis-floor-🔫,USO,bull,False,True,2024-12-20,A,1.4747853898519514,0.049008161109931336,1.419258831499115,-0.6138892022665932,1.516430308616612,-1.657682655490178,3.862427399024937,2.9393610343279475,8.512776661076993,7.519365090148433,1.0,0.8721583725264281,0.05529611187170547,1.3002593815739574,-0.12723358390542727,8.594939744117886,6.0525610467052156,2.7299129176107257,3.2298786028759907,3.5985544698140273,3.543479320544928,0.7777777777777778
2024-12-23 14:14:30,Tazmanian Trader,onis-floor-🔫,MCD,bear,True,True,2024-12-23,A,0.33019110023779774,0.9732888003173512,-0.5936596465415445,1.168089579202669,-0.46705787753844596,0.23019541833726453,0.8092248207900665,-0.004801478521132552,1.8323039811123931,1.5953732495041395,1.0,-0.7978161630386549,-0.1547184629591014,-2.3428970651240686,-0.5811478393798553,-1.2361284940825878,-0.5388751982068776,1.5382488727898747,0.7242225734786756,-0.2007628622030687,-0.4376935938113225,0.5
2024-12-23 16:29:34,TA Study,trading-floor,NVDA,bear,False,False,2024-12-23,B,-1.7971011112625446,-1.0047483744677121,-2.1979631833696223,-0.28529994599431063,0.1416136374734589,0.9882022835248416,2.1240587940756894,1.457126597436631,-2.1177907689482245,-2.20677155757224,0.0,-0.7748884651912147,-0.6440443341097969,-1.2290696805450618,-0.026727367214053332,-6.028293754711896,-5.698471631545525,-0.06648036324591552,-2.1028692686127193,-0.45507869980823906,-1.485560975682578,0.3333333333333333
2024-12-23 16:38:43,TA Study,trading-floor,NVDA,bull,False,False,2024-12-23,B,1.7637989875350701,1.0809829567733686,2.1645299207572855,0.3626208937062225,-0.17428152586682621,-0.911274524678829,-2.15607814107478,-1.3811951252326038,2.084383734112838,2.2819434341688205,1.0,0.5609327179833745,-0.12188331277832698,2.3247124603399305,0.5228034332888676,0.7134632887049552,-0.02352971010704752,-2.191565620036081,-1.416682604193905,1.434518047525626,1.6320777475816084,0.6
2024-12-23 18:06:42,Tazmanian Trader,onis-floor-🔫,MCD,bull,False,False,2024-12-23,B,0.20295837633299563,-0.14980938671778077,1.131750945992449,-0.33644131539150024,1.004471964224285,0.5977048306036847,-0.27863777089783826,0.8215150304460739,-1.3071895424836666,-0.7824675337745779,1.0,0.5384477434839163,0.18567998043313994,1.6930039691550156,0.22481170777106652,0.9644364612363987,0.5576693276157985,-1.3138569626884355,-0.21370416134452336,1.1391051601166393,1.6638271688257273,0.5
2024-12-24 15:02:52,Tazmanian Trader,onis-floor-🔫,MCD,bear,False,True,2024-12-24,A,-0.5850554263035601,0.10148174717263814,-0.8621869440262886,-0.16895184690639553,0.9169289722184004,-0.5867548857856231,-0.07869166552620932,-2.1818396896387426,3.41111263172299,0.6130550295796455,1.0,-0.8818316876683753,-0.19529451419217692,-0.8817745122657605,-0.18853941514586733,2.8120831132161674,1.3083992552121437,2.9825881686193503,0.8794401445068167,1.4467644024286197,-1.3512931997147248,0.7
2024-12-24 15:19:17,TA Study,trading-floor,NVDA,bear,False,False,2024-12-24,A,0.6729475100942017,1.2046133965383787,0.8783735921229607,1.4167270997803016,2.6067861443649365,0.9515998941141524,2.025926188283622,-0.22780216054270053,3.72600410852163,0.778435058832605,1.0,-0.4501416930446299,-0.6815333870190975,0.26721154732932245,0.10420078025918156,-2.640237449728294,-4.691665256857297,0.7596784148305928,-2.8208739826816127,1.3944859849676685,-2.3313549833998812,1.0
2024-12-25 04:12:43,Tazmanian Trader,onis-floor-🔫,AMZN,bear,False,True,2024-12-24,A,0.6345733041575485,0.9414957395203594,2.0787746170678356,1.3298171525140345,3.98687089715537,1.7483387870636302,1.8862144420131344,0.6268316229972926,4.393873085339162,1.3730223764150562,1.0,0.09855971612200864,-0.3564861554376176,2.294237237866514,0.9511179718114626,-1.5502219451127377,-4.148387082727414,-0.7128519065738447,-3.417939479551322,2.5336552065708493,-1.2786884131122207,1.0
2024-12-26 15:17:59,TA Study,trading-floor,NVDA,bear,False,False,2024-12-26,B,-1.2590626969659846,-0.9972956862785542,0.8539685549109555,0.0603309938458807,2.822271638851126,0.5397299978887715,-4.544392109130824,-5.848225245166294,3.5893309289160458,0.5248228674925026,0.0,-0.5879133423107796,-0.3261463316233493,1.0069496144638301,0.21331205339875536,3.4286798087443513,1.146138167781997,-0.5705212777462487,-1.874354413781719,4.287737375412266,1.2232293139887227,0.9
2024-12-26 15:51:45,TA Study,tazmanian-trades,AMZN,bear,False,False,2024-12-26,A,0.316108354919431,0.5444531054902835,1.7649383149668574,0.9382303129000791,3.679150019756783,1.364034263968994,1.5717609869605353,0.2350274836186994,4.087456644861042,0.9906351371189781,1.0,-0.5525991101492389,-0.32425435957838644,1.043429925742605,0.21672192367582666,2.8692257528019174,0.5541099970141283,0.48962443181042375,-0.8471090715314121,2.855652884776224,-0.24116862296584074,0.7
2024-12-26 17:16:49,Tazmanian Trader,onis-floor-🔫,QQQ,bear,False,True,2024-12-26,A,0.22607385079124187,0.10648444109786492,1.5523737754333133,0.3813941388522535,3.686887716654097,1.032667207070348,2.302185380557631,0.6229507527796829,4.755086661642793,1.3218740250285133,1.0,0.11244153082291652,-0.007147878870460422,2.7150869955199175,1.5441073589388576,7.164688795566574,4.510468285982826,1.2911674996474374,-0.3880671281305104,5.35396730772983,1.92075467111555,0.9
2024-12-30 15:19:18,TA Study,trading-floor,PLTR,bull,False,False,2024-12-30,B,0.42378890966414673,0.050087904596129995,-1.59301431409824,-1.6015463005153219,3.9499416428228518,2.9397544510408435,-8.931575721852914,-9.375239015540949,-11.33872795666605,-12.490546122971525,0.0,0.39285814216611703,0.019157137098100296,-0.6974896986976786,-0.7060216851147605,3.450415312294278,2.44022812051227,4.415207246664656,3.971543952976622,6.706454217581094,5.554636051275622,0.8
2024-12-30 20:26:09,Tazmanian Trader,onis-floor-🔫,USO,bull,False,False,2024-12-30,A,-0.02672367717799773,0.41334267128685376,0.9486905398182754,1.75096534432726,4.115446285408875,3.9241866801145386,4.449492250133624,4.82016352057133,12.69374665954035,12.362004335313026,1.0,-0.4800259258197914,-0.039959577354939935,-1.4841256017295001,-0.6818507972205158,2.5924906963916117,2.4012310910972756,1.2116453818257553,1.582316652263461,-0.37575249226439855,-0.7074948164917229,0.7
2024-12-30 21:22:43,Tazmanian Trader,onis-floor-🔫,NVDA,bear,False,True,2024-12-30,B,2.7095558936463204,2.0611464039827387,-0.20285445193073404,-1.0953710435853248,-8.259074114322985,-7.334348946711233,-1.5069187857712274,-1.5772690964144576,3.2311816271825,3.5252967813174996,0.0,0.04510203764800602,-0.6033074520155758,-0.501503867392985,-1.3940204590475758,-1.6342575237888615,-0.7095323561771105,-0.36752518225222963,-0.43787549289545974,-1.2256791071021422,-0.9315639529671428,0.2
2025-01-01 00:03:07,Tazmanian Trader,onis-floor-🔫,AVGO,bear,False,True,2024-12-31,A,1.7679066714657798,0.9619886884664086,1.5265397726069718,1.9608871487077018,3.182232008638397,3.0532851313584963,5.015773538565771,3.505737738840631,-0.5441341491816853,0.8454381204530348,1.0,0.30783998871651735,-0.4980779942828539,-1.5609599158629928,-1.126612539762263,-1.6763832974962305,-1.8053301747761303,0.1771132234133245,-1.332922576311816,-9.389993521868842,-8.000421252234121,0.2
2025-01-02 17:19:06,TA Study,tazmanian-trades,NVDA,bear,True,False,2025-01-02,A,0.279097400017736,-0.3447233747438605,-4.1622355478232675,-3.5435141254438918,-1.040324563383077,-0.9859314713057676,2.009486860215537,0.6802556725763798,0.7116947650671834,2.2873946511816623,0.0,0.9588977205279015,0.335076945766305,-2.322150001578871,-1.703428579199495,-0.869313102421917,-0.8149200103446074,-0.173592276438369,-1.5028234640775264,-2.5752435277560055,-0.9995436416415275,0.4
2025-01-03 15:36:12,TA Study,trading-floor,NVDA,bull,False,False,2025-01-03,B,0.9432643935159302,0.30914790648726154,4.40888764673002,3.1950560871094824,-2.103130240357731,-2.3190358539036726,-6.910285075461164,-5.749154886076235,-1.600055897149244,-4.121221447453549,1.0,2.525037285905222,1.890920798876553,4.478413955931871,3.264582396311334,0.8061740924958792,0.5902684789499378,-2.8604230319415214,-1.6992928425565925,3.9401756729645614,1.419010122660256,0.9
2025-01-03 18:43:10,TA Study,trading-floor,TSLA,bull,False,False,2025-01-03,B,2.8710352519518256,2.7941115247859027,3.023923205133028,2.3704941820643644,-1.0138225747835183,-0.6748509858436336,1.0840006516535716,2.792383647283292,6.287203779590711,4.333679235849863,1.0,0.3366236572567016,0.25969993009077874,1.9087772720483678,1.2553482489797037,1.2208140094589073,1.559785598398792,0.6963215318219185,2.404704527451639,6.575197045508266,4.621672501767418,0.7
2025-01-06 17:40:54,Tazmanian Trader,onis-floor-🔫,NVDA,bear,False,True,2025-01-06,A,1.2422865156695106,0.7060083861274324,7.382011860442528,5.72138737207859,10.177602625608273,7.157070357034834,12.920321697815806,10.183799653610448,2.8020014579369312,4.116801731923269,1.0,0.33758540603540665,-0.8619401298250653,2.9472858035006686,0.7981637292236377,-2.6321969543417927,-5.919531768983363,-0.10585833997853608,-4.12727605219265,-5.8125886155853035,-5.709008416109884,0.8888888888888888
2025-01-06 17:42:49,Tazmanian Trader,onis-floor-🔫,TSLA,bear,False,False,2025-01-06,B,-0.4471922193441058,-0.983470348886184,3.631298568007435,1.9706740796434974,3.5384389814769657,0.5179067129035264,3.1425639020575713,0.4060418578522129,-1.439323591222319,-0.12452331723598054,1.0,0.5651780717710164,0.028899942228938214,1.010513652876095,-0.6501108354878425,2.2337840997803946,-0.7867481687930444,2.4490684685106388,-0.28745357569471935,-3.4318963526537565,-2.117096078667418,0.7
2025-01-06 19:06:15,Tazmanian Trader,onis-floor-🔫,MCD,bear,False,True,2025-01-06,B,0.48704063213106386,0.43499839397908024,1.454310139300441,0.2724476986873503,3.8486427573992787,1.300251869827307,4.097271891284371,1.834273922610452,4.175607097850886,5.983655178163827,1.0,0.18901464681070235,0.13697240865871874,2.2473639709946633,1.0655015303815731,4.13502715587012,1.586636268298148,3.9556071230228995,1.6926091543489807,-4.115098456515261,-2.307050376202321,0.9
2025-01-07 16:12:48,Tazmanian Trader,onis-floor-🔫,MCD,bull,False,True,2025-01-07,B,-1.1884434123352272,-0.3779149680106064,-2.021719827880619,-1.3561091511483436,-3.138446827402497,-1.1079129907888396,-3.592650775220263,-3.481434814044726,-2.8652414452564723,-5.613623758548448,0.0,-1.524954511415856,-0.714426067091235,-2.5437635445345794,-1.878152867802304,-4.871409875101483,-2.8408760384878273,-2.054061007474376,-1.9428450462988391,2.0669440750845425,-0.6814382382074325,0.1
2025-01-08 15:15:07,Tazmanian Trader,onis-floor-🔫,AVGO,bear,True,False,2025-01-08,A,-1.3883362072777183,-0.8665347987549588,0.8223902374320136,-0.19051837911214786,0.6499535747446661,-0.07306537039796224,-1.4325507361719003,-0.5441241549942522,-8.192952204094262,-4.519879544100736,0.0,-0.9368097511574881,-0.4150083426347284,0.8249754102445263,-0.18793320629963528,2.6043874451099933,1.881368499967365,-0.5679298498211014,0.32049673135654666,-5.504423677630926,-1.8313510176373995,0.4
2025-01-08 16:49:31,Tazmanian Trader,onis-floor-🔫,QQQ,bull,False,True,2025-01-08,B,-0.21418501247153499,-0.170691748840468,-1.778936278990495,-0.20936358970790048,-2.1875532557671162,-0.9062400135520399,-0.6382945760453507,-0.9593647307643782,2.566734317629016,-0.5233221727444004,0.0,-0.511890310334251,-0.46839704670318394,-2.327328799530376,-0.7577561102477813,-3.89433107941903,-2.6130178372039534,1.0794541462498486,0.758383991530821,8.137641521489556,5.0475850311161405,0.3
2025-01-08 17:03:37,Tazmanian Trader,onis-floor-🔫,MCD,bear,False,False,2025-01-08,B,0.364646640041677,0.3748259658310049,1.9586733807952728,0.4419538381863264,2.2121896162528243,0.9838843043413315,2.851189442611557,3.226127942518242,0.8647334606702639,4.010145129570741,1.0,0.18102086922073268,0.19120019501006058,2.2826835234330587,0.7659639808241125,2.4924578251627394,1.2641525132512463,1.0882461235956817,1.4631846235023669,-3.2646708301961045,-0.11925916129562728,0.8
2025-01-08 17:11:11,Tazmanian Trader,onis-floor-🔫,CMG,bear,False,False,2025-01-08,B,0.22394487510766226,0.23412420089699015,2.67011197243755,1.1533924298286036,2.773471145564166,1.545165833652673,-0.5340223944875211,-0.15908389458083594,2.3255813953488302,5.470993064249308,1.0,-0.14145581635719773,-0.13127649056786983,1.488330795165529,-0.02838874744341746,2.296549997711186,1.068244685799693,-0.4281176598451387,-0.053179159938453416,-4.471256632873842,-1.3258449639733652,0.7
2025-01-08 17:33:23,TA Study,trading-floor,NVDA,bear,False,False,2025-01-08,B,-1.4335791407791953,-0.7744599016691778,1.6070391761951353,0.7293518992455228,4.6114596560626335,4.02405805436874,3.301097952795118,4.327343192963817,-3.250710563542425,0.5639847218767091,1.0,-0.7527034913113617,-0.09358425220134414,-0.2777592581090116,-1.155446535058624,0.38341222224504296,-0.20398937944885,-3.445649239357935,-2.419403999189236,-5.755939146717861,-1.9412438612987275,0.4
2025-01-08 18:20:31,Tazmanian Trader,onis-floor-🔫,SPY,bull,False,True,2025-01-08,B,0.21420192781735903,0.0,-1.31581184230658,0.0,-1.0268092412831664,0.0,0.5797052173469597,0.0,3.3558302024718323,0.0,0.0,0.23545888027787676,0.02125695246051773,-1.3248666751646012,-0.009054832858020934,-1.4116328657001496,-0.3848236244169835,1.4735543345298077,0.893849117182848,3.300639791952529,-0.05519041051930243,0.2
2025-01-09 15:18:08,Tazmanian Trader,onis-floor-🔫,SPY,bull,False,True,2025-01-09,A,-0.9199836143920281,0.0,-0.7663685396326891,0.0,1.1777155731549138,0.0,1.9969959718713737,0.0,2.302519287226046,0.0,0.0,-0.5475469445613079,0.3724366698307202,-1.7117274949776717,-0.9453589553449827,2.1433396866346284,0.9656241134797149,2.84284554966582,0.8458495777944464,1.0362420706134965,-1.2662772166125493,0.4
2025-01-10 14:42:28,TA Study,trading-floor,AVGO,bear,False,False,2025-01-10,B,1.180668751927405,0.2691415170640421,0.7489316709987315,-0.008967378213509125,-0.44495352218159034,0.7413974670132051,-4.603727036433325,-2.5980257237658178,10.952024318251908,13.263275022381094,0.0,0.9825908270902793,0.0710635922269165,1.4511842167679398,0.6932851675556995,-0.7400147272398326,0.4463362619549627,-0.794498115107305,1.2112031975602022,-2.55877904904479,-0.24752834491560397,0.8
2025-01-13 14:35:22,Tazmanian Trader,onis-floor-🔫,NVDA,bull,False,True,2025-01-13,A,2.508271139493723,1.5321869392054044,1.377240901746557,0.26221233131042965,2.7698699699930662,0.013561027186037578,8.355774409479121,3.6177713874390838,-0.7540201584981032,-5.747333460684745,1.0,0.6693830236815457,-0.3067011766067729,1.635251657645218,0.5202230872090907,4.145678209132532,1.3893692663255046,6.365314911957879,1.627311889917841,6.731904795305772,1.7385914931191304,1.0
2025-01-13 17:50:45,TA Study,tazmanian-trades,MCD,bull,True,False,2025-01-13,A,0.1996007984031989,-0.4199800326658343,-0.5246144878384817,-1.2826491359061998,-1.1746418667090586,-3.5681622280735237,-0.16074046597071012,-4.528958392278659,2.856234433787286,-1.7663923812557325,0.0,0.9325756121192519,0.3129947810502187,0.9404913664598545,0.18245671839213662,3.737467994853394,1.3439476334889289,5.971582066344497,1.6033641400365477,9.162735986602813,4.540109171559793,1.0
2025-01-13 20:06:21,TA Study,tazmanian-trades,NVDA,bear,False,True,2025-01-13,A,-0.5803963726736638,-0.4239056243019679,0.5293625605082841,0.8236699080624632,-0.8370753096000882,1.0851906157970381,-6.317925551029302,-2.4300503797921813,2.6205409584089345,6.761654130643846,0.0,-0.514758242807869,-0.8015201315567977,-0.34254178828358123,-0.44101174839944796,-7.600463404715375,-6.1453957505468315,-6.421406328921359,-4.217822270443023,-10.553507346196108,-7.6282811202485545,0.2222222222222222
2025-01-14 02:26:14,Tazmanian Trader,onis-floor-🔫,USO,bear,False,True,2025-01-13,B,0.28083028083029093,-0.09051614945240205,-2.9792429792429687,-1.5383503787911978,-0.7570207570207543,1.5052833021208745,1.7948717948717885,5.573364504845091,5.030525030525035,8.016697937637085,0.0,1.0642046880255187,0.6928582577428255,-0.8098971727406777,0.630995427711093,-2.5198982019517078,-0.25759414281007925,-6.918851981707759,-3.140359271734457,-7.32785732803749,-4.34168442092544,0.2
2025-01-14 13:23:17,TA Study,trading-floor,NVDA,bull,False,False,2025-01-14,A,-3.1532524807056372,-2.7819060504229443,0.13965453877251566,-1.3012380616792552,1.2201396545387766,-1.0421644046028522,8.099963248805576,4.321470538832273,-9.077545020213162,-12.063717927325213,1.0,-0.5237846597957707,0.301562728800292,1.5192035762025646,0.64970532170192,7.3512522928526,5.6546953758836045,6.545871401537679,4.498503340753233,5.911982569756132,4.087251239754082,0.8888888888888888
2025-01-14 14:08:55,TA Study,tazmanian-trades,NVDA,bear,False,True,2025-01-14,B,3.1532524807056372,2.7819060504229443,-0.13965453877251566,1.3012380616792552,-1.2201396545387766,1.0421644046028522,-8.099963248805576,-4.321470538832273,9.077545020213162,12.063717927325213,0.0,0.1348379152259227,-0.69050947337014,-2.747684185871574,-1.8781859313709295,-11.492120570523687,-9.79556365355469,-9.191298105420646,-7.1439300446362015,-8.556290072059067,-6.731558742057016,0.1111111111111111
2025-01-14 16:22:31,TA Study,trading-floor,TSLA,bear,False,False,2025-01-14,B,2.3551438707134387,2.5858402639302835,-5.49369333858889,-3.439806793009148,-5.069964525029569,-2.189702839568608,-2.263992905005918,2.1416195594857745,4.143673630271971,7.752178407753241,0.0,0.3817610665901683,0.6124574598070132,-1.32654144931303,0.7273450962667116,-2.640156735526115,0.2401049499348462,-4.309700286887269,0.09591217760442365,-2.9299828634586933,0.6785219140225763,0.1
2025-01-15 16:46:40,Tazmanian Trader,onis-floor-🔫,META,bear,True,False,2025-01-15,A,-0.23714387811455406,0.2681121408749432,0.7081830880680928,1.0201532474441666,-0.12994185102168654,2.116582394485267,-3.3768638534256157,0.00563868980938409,-11.587564564857233,-9.00363781002509,0.0,-0.7844751771370362,-0.9085850448888078,0.21139811179968446,-0.02342725273065227,-10.780021634750732,-9.186769684937234,-9.685597841322764,-8.074373697545209,-9.644045971879116,-8.265612604635983,0.1111111111111111
2025-01-15 20:19:29,Tazmanian Trader,onis-floor-🔫,USO,bear,False,False,2025-01-15,A,0.15390079318100547,-0.0019004886003592958,1.8112939505149805,1.4634781160517307,3.9777435776015113,5.551757608138541,6.227062862554755,8.929583474643243,7.955487155203034,9.864684483842668,1.0,-0.027511202744138208,-0.8085388174686315,2.265822717262979,1.3748078192917579,-6.036079508167904,-5.111040978932024,-2.5489309444684114,-1.6060384305094666,-3.9795541077127083,-3.2679212260627404,0.5555555555555556
2025-01-16 14:18:18,TA Study,trading-floor,BA,bear,False,False,2025-01-16,B,-1.2830505425984962,-1.7096925251793849,-2.5780922117633054,-2.005028720367652,-4.802446189819554,-2.7382395167013573,-5.557887163499009,-3.2361805955686718,-5.833683074524854,-4.54702510338838,0.0,0.1426645351096678,-0.2839774474712209,-1.5466610194231145,-0.973597528027461,-4.778248960252798,-2.714042287134601,-5.004820867656564,-2.6831142997262267,-6.114831952899672,-4.828173981763198,0.1
2025-01-16 19:35:24,Tazmanian Trader,onis-floor-🔫,NVDA,bear,True,False,2025-01-16,A,1.150786308973173,1.011537576980559,-1.9130434782608674,-1.0497013399066946,-8.83996299722478,-6.481173870440915,-5.546716003700292,-2.929683773948333,11.141535615171138,12.720531842796412,0.0,0.47386929006071893,0.334620558068105,-1.2790102097799116,-0.4156680714257389,-2.343991751834734,0.014797374949133198,-1.3624067729040246,1.2546254568479338,0.40141805846562295,1.9804142860908962,0.2
2025-01-17 17:37:13,Tazmanian Trader,onis-floor-🔫,NVDA,bear,False,True,2025-01-17,B,0.18736160790324696,-0.046568939499558315,-2.0740241431921103,-1.3947373809364727,-6.7055161141854835,-4.907663360209225,14.168813895925524,14.233724113474944,15.444467396543416,15.242257377264023,0.0,0.36606559662455296,0.13213504922174768,-1.2889484703072696,-0.609661708051632,-1.750055557780432,0.047797196195826785,-0.4783108810814019,-0.4134006635319832,-2.8945054525089877,-3.096715471788379,0.3
2025-01-18 16:52:50,Tazmanian Trader,onis-floor-🔫,PLTR,bear,False,False,2025-01-18,B,0.23211359912616025,0.6283378154179564,-4.956308028399792,-3.9957140250368672,-7.837247405789194,-6.62193783481011,-9.543965046422741,-8.90301410830363,-41.76679410158384,-41.582000454489766,0.0,-1.676187285690356,-2.068915405956069,-2.81022678521624,-2.6329247724638014,-6.725697070547456,-6.233746415445642,-0.3006658547429441,-1.311870010102783,-1.6491744038043676,-2.593786253905092,0.3333333333333333
2025-01-18 16:53:39,Tazmanian Trader,onis-floor-🔫,META,bear,False,False,2025-01-18,B,0.2209363492898464,0.6171605655816426,-0.9185448953991759,0.04204910796374861,-4.801521466434666,-3.586211895455582,-9.145793711811589,-8.504842773692477,-13.97887751385911,-13.794083866765039,0.0,-0.7337522169800259,-0.33752800068822975,-1.3169229957649011,-0.35632899240197635,-1.803407528965478,-0.5880979579863943,-2.144447638520144,-1.5034967004010322,-2.394432667363332,-2.2096390202692584,0.2
2025-01-20 18:17:51,Tazmanian Trader,onis-floor-🔫,AVGO,bull,False,True,2025-01-20,B,-0.4927536231884022,-0.8889778394801984,-0.2443064182194643,-1.2049004215823889,1.3250517598343725,0.10974218885528852,-14.136645962732919,-14.77759690085203,-7.896480331262934,-8.081273978357007,0.0,0.4847250956413074,0.8774532159070205,0.5413081373859085,0.3640061246334704,7.2378745397871045,6.745923884685292,6.309287226830366,7.320491382190207,7.923262198236408,8.867874048337134,0.5555555555555556
2025-01-21 14:20:51,Tazmanian Trader,onis-floor-🔫,INTC,bull,False,False,2025-01-21,B,-1.1802088061734106,-1.5764330224652068,-0.7716749886518492,-1.7322689920147738,-5.447117566954162,-6.662427137933246,-10.122560145256465,-10.763511083375576,-12.437585111211991,-12.622378758306063,0.0,2.192215891504045,1.7959916752122482,1.8594379122538327,0.8988439088909083,2.4202794379466357,1.2049698669675517,3.9941257649632567,3.3531748268441453,5.232607374451446,5.047813727357374,0.7
2025-01-21 14:34:31,Tazmanian Trader,onis-floor-🔫,AVGO,bear,False,True,2025-01-21,B,0.49687383545193864,0.879728600329166,0.24843691772596932,1.195586314313568,-1.320856279243099,-0.1190252347154308,14.14020123390335,14.767750131115164,7.900293983685969,8.071746334913588,1.0,0.7028944874231817,1.0857492523004089,1.2606275944161676,2.207776991003766,1.3125760887684454,2.5144071332961135,1.6422452654771553,2.269794162688971,-2.2705220222911584,-2.0990696710635395,0.6666666666666666
2025-01-22 04:42:21,Tazmanian Trader,onis-floor-🔫,QQQ,bull,False,True,2025-01-21,B,0.36633495099795965,0.28051504077877265,0.579715618331833,-0.05238102809015377,-2.90046641614895,-1.8194656239651663,-1.6503956039805923,-0.9720882366713757,-0.5136242611930464,-0.23305917009192045,0.0,-0.7237599144473132,-0.8095798246665002,0.2206224965149723,-0.41147414990701453,0.771620506090308,1.852621298274092,2.300992249163699,2.9792996164729155,6.210479268611195,6.491044359712321,0.4444444444444444
2025-01-22 05:12:15,Tazmanian Trader,onis-floor-🔫,MSFT,bear,False,False,2025-01-22,B,-1.974586342444451,-1.888766432225264,-2.0911417862693016,-1.4590451398473148,0.685620257793218,-0.39538053439056586,-1.0901362098912015,-1.7684435772004181,5.5466678855471185,5.266102794445993,0.0,0.34119939670948174,0.42701930692866863,-0.4423496859083597,0.189746960513627,0.7610164196791646,-0.31998437250461914,-1.0545795405049283,-1.7328869078141456,-2.0367127333354826,-2.317277824436609,0.5
2025-01-22 14:37:22,Tazmanian Trader,onis-floor-🔫,NVDA,bear,False,True,2025-01-22,B,-1.6308479027019374,-1.5450279924827504,-1.7345034897380929,-1.102406843316106,18.167369221201024,17.08636842901724,14.518692557528857,13.840385190219639,13.737820468523253,13.457255377422129,1.0,0.7904136853831267,0.8762335956023136,0.3595813455588759,0.9916779919808627,1.1232099236517348,0.04220913146795065,1.2544371118814668,0.5761297445722502,0.28760877894130177,0.0070436878401758385,0.6
2025-01-23 13:01:40,Tazmanian Trader,onis-floor-🔫,RDDT,bear,False,True,2025-01-23,B,0.005494505494496593,0.657524878554927,-0.219780219780219,0.13842380795172637,-7.005494505494503,-7.216785360562172,-9.30219780219781,-9.42765174739424,-18.961538461538453,-18.875701551667202,1.0,-1.1750571852183023,-0.5230268121578718,-0.7769150390760837,-0.4187110113441383,1.79010643245033,1.57881557738266,-0.51384907643642,-0.6393030216328498,-3.8646462346296646,-3.7788093247584142,0.5
2025-01-23 14:13:51,Tazmanian Trader,onis-floor-🔫,PDD,bull,False,True,2025-01-23,A,1.7511250244570675,1.099094651396637,8.921933085501866,8.563729057769919,9.743690080219135,9.954980935286805,12.893758559968704,13.019212505165134,10.271962433965953,10.186125524094702,1.0,2.285407949402817,1.6333775763423866,1.0084997203911266,0.6502956926591813,0.005034577123573729,0.2163254321912433,1.5223664424679793,1.6478203876644093,1.2473944471182836,1.1615575372470328,0.6666666666666666
2025-01-24 17:55:45,Tazmanian Trader,onis-floor-🔫,PDD,bull,True,True,2025-01-24,A,0.7930185399768197,1.0244012568365712,0.37659327925840813,2.0192464677450617,1.426709154113559,2.668955371580506,1.3090237543452954,2.549628959635908,3.4454663962919962,4.85837788009521,0.0,-0.3843503170500451,0.7054458692376508,-5.065842828743524,-2.7671129721679932,3.1133402066616584,4.967519864674731,1.08339442322653,3.908232783527154,2.1153464506898643,4.624946371921283,0.1111111111111111
2025-01-27 03:07:50,Tazmanian Trader,onis-floor-🔫,TSLA,bull,False,False,2025-01-26,B,0.5952380952380931,-0.1713932660369455,0.8333333333333304,-0.7991207276273116,1.3880445795339424,-0.3318323559580616,-2.816616008105366,-3.314253909283904,-11.162613981762915,-12.850547943868474,1.0,0.8748776531410986,0.8431028006671906,1.1025696916141112,0.22884530903816258,9.397466353530053,8.358815355732439,4.963286393525152,6.020598812616955,12.14648326781886,11.650694696678483,0.7777777777777778
2025-01-27 14:53:41,TA Study,tazmanian-trades,NVDA,bull,False,True,2025-01-27,B,-6.667791087806519,-6.969011028566586,1.6629085254504128,0.4998648652934534,-1.7576436336352086,-3.0077063877895216,-8.05492744725138,-8.088396329558044,5.272615642642142,4.054348326679169,0.0,0.3817730363887107,0.8120155184410336,1.4476339504333993,1.0398156195265695,7.641207858053598,7.0692246594325265,4.628905949280339,6.143205529245877,5.1610137944570225,5.129385700677223,0.6666666666666666
2025-01-27 14:57:00,TA Study,trading-floor,TSLA,bear,False,False,2025-01-27,B,0.9131508694892876,1.2143708102493544,0.6786257827898545,1.841669442946814,0.13223222973479665,1.3822949838891097,4.273845462937553,4.307314345244217,12.494698236071955,13.712965552034929,1.0,-1.5276741833149674,-1.2264542425549005,-4.542928974724477,-3.379885314567518,-5.843009933556594,-4.592947179402282,-4.760853345343944,-4.727384463037279,-8.31614187581214,-7.097874559849169,0.2
2025-01-27 15:10:13,TA Study,trading-floor,PDD,bull,False,False,2025-01-27,B,1.61755945562021,1.492271292845837,2.8089630206662886,1.8233628068411667,5.75997800485728,4.687511331508576,-3.551299088118043,-3.4093058369737417,6.621454428813656,5.580727423367793,1.0,0.16212012908555348,0.03683196631118059,2.6029830155930944,1.6173828017679723,5.9229101986479415,4.850443525299237,5.45338473944786,5.595377990592162,8.860714949058833,7.81998794361297,0.4444444444444444
2025-01-27 16:37:27,Tazmanian Trader,onis-floor-🔫,NVDA,bear,False,False,2025-01-27,A,0.604331039113648,1.0837865386023382,-8.26758435454089,-6.92477367240647,-4.6248111465502895,-3.1948267372361228,2.081584690280347,2.292813336908228,-12.111801242236009,-10.713668771699037,0.0,-0.2239157755491017,0.25553972393958846,-2.681794611717456,-1.3389839295830341,-4.424790374298526,-2.9948059649843595,-3.5567089980854463,-3.345480351457565,-6.691948267106066,-5.293815796569095,0.3
2025-01-27 21:18:12,Tazmanian Trader,onis-floor-🔫,AAPL,bull,False,False,2025-01-27,B,3.2098765432098775,2.560547516537448,3.686376434914451,3.488247834468261,2.23088585661686,2.0310923099484013,0.8447043534762999,0.651570591696804,0.766731643924623,-0.014128134304525197,1.0,2.006888112262055,1.3575590855896258,2.19296224755629,1.9948336471101005,2.742919704856089,2.5431261581876305,3.2413982699544284,3.0482645081749324,7.058393543208652,6.2775337649795055,0.7
2025-01-28 01:56:39,Tazmanian Trader,onis-floor-🔫,KRE,bear,False,True,2025-01-27,A,0.10980392156862973,0.7591329482410591,0.21960784313725945,0.41773644358344963,-0.6431372549019487,-0.4433437082334901,-0.47058823529411153,-0.2774544735146156,-1.8509803921568757,-1.0701206139277275,1.0,-0.7131454207135646,-0.06381639404113511,-0.5045439473967273,-0.30641534695053707,-1.3205063106849146,-1.120712764016456,-3.0239456833934764,-2.8308119216139804,-5.169598257511543,-4.388738479282395,0.2
2025-01-28 15:41:46,Tazmanian Trader,onis-floor-🔫,AAPL,bull,False,False,2025-01-28,A,0.2693375978452872,-0.07259381668844878,0.7322615941419031,0.8401525744559657,-0.6817607945459159,-0.5755296754674677,-2.0284487837724074,-1.9155782197515459,-2.1041999831663993,-2.5772604353125894,0.0,0.3892373623470069,0.04730594781327091,0.5689398599196928,0.6768308402337551,1.4679640424394655,1.5741951615179142,1.5533275820155268,1.6661981460363884,5.028309102502465,4.555248650356274,0.8
2025-01-28 17:35:15,Tazmanian Trader,onis-floor-🔫,NVDA,bear,False,True,2025-01-28,B,-2.356768766862416,-2.224273592360193,1.8409776225995822,1.5245892830362595,4.721472782098079,4.406740839265644,5.848278051102995,5.526920521347067,-5.380098397079847,-5.116747880838979,1.0,-1.1296319716951853,-0.9971367971929623,-1.5438100242376673,-1.8601983638009898,-4.62767761029833,-4.942409553130766,-6.379289522076507,-6.700647051832436,-7.52554404982167,-7.262193533580802,0.2
2025-01-28 22:36:46,Tazmanian Trader,onis-floor-🔫,KRE,bear,False,False,2025-01-28,B,-0.1732283464566997,-0.48960017445645043,-1.2913385826771595,-1.0726941779862553,1.0551181102362195,0.06956189212184993,-1.9685039370078705,-1.8856840867461644,0.14173228346456845,0.08210199127612894,0.0,0.442791031263603,0.12641920326385225,-1.9956718819050423,-1.7770274772141381,-0.47522776526493943,-1.4607839833793093,-4.239891841193346,-4.157071990931639,-7.029086819920036,-7.088717112108474,0.3
2025-01-28 22:37:24,Tazmanian Trader,onis-floor-🔫,CMG,bear,False,False,2025-01-28,B,-0.970369086813383,-1.2867409148131337,-2.2179864841448627,-1.9993420794539585,-1.1263212614798013,-2.111877479594171,0.3465603881476431,0.42938023840934925,0.7277768151100372,0.6681465229215977,0.0,-0.24109902979850706,-0.5574708577982578,-1.2643867209626873,-1.045742316271783,-1.6240523287195372,-2.6096085468339068,-5.623965619558581,-5.541145769296877,-6.769293616700679,-6.828923908889119,0.3333333333333333
2025-01-29 13:45:18,TA Study,tazmanian-trades,NVDA,bear,False,True,2025-01-29,A,2.213438735177864,1.8970669071781132,1.462450592885367,1.6810949975762712,7.77865612648222,6.79309990836785,1.3201581027667997,1.4029779530285058,-3.6679841897233167,-3.7276144819117563,1.0,-0.017017061547246963,-0.3333888895469977,-1.8240764138421806,-1.6054320091512766,-0.90571153280842,-1.8912677509227893,-4.315788526022805,-4.232968675761101,-5.448051767961347,-5.5076820601497865,0.2222222222222222
2025-01-29 16:09:56,Tazmanian Trader,onis-floor-🔫,KRE,bear,False,True,2025-01-29,B,0.6559425269405006,0.49502146121170876,-0.45291269717318006,-0.07798320382568225,1.8741215055442795,1.0429724959553743,-1.1244729033265566,-0.885579774821954,0.9682961111978861,1.0645169546233513,1.0,-0.366405639512784,-0.5273267052415758,-0.45698318752253303,-0.08205369417503519,-1.31417318869043,-2.145322198279335,-1.5245319553797227,-1.2856388268751204,-2.664995497588247,-2.568774654162782,0.4444444444444444
2025-01-30 02:17:36,Tazmanian Trader,onis-floor-🔫,NVDA,bull,False,False,2025-01-29,B,1.2591389114541052,1.0803191220640995,-2.461413484971564,-2.107085383772811,-3.6149471974004754,-3.253996141039117,4.53290008123477,4.142145726641755,9.902518277822914,8.947156995618787,0.0,0.8138773722095014,0.6350575828194958,0.11409896257329219,0.46842706377204535,1.753923355978905,2.114874412340263,2.234917938291362,1.8441635836983477,3.341458451380272,2.3860971691761463,0.7777777777777778
2025-01-30 15:13:19,Tazmanian Trader,onis-floor-🔫,AMZN,bear,False,False,2025-01-30,B,0.999957807687446,1.01648837270214,-0.2826884941563801,-0.7984421226154059,-2.1307117843128998,-2.653077638777823,-0.7679000886038567,-0.5397782914008387,2.80156955402725,3.593383618231949,0.0,-0.17472358905508806,-0.9744723244668817,1.482793067871352,0.26564756583808635,-5.1399289999685625,-6.278223706881663,-2.0050187122179635,-3.447145204101467,-2.5272501842586323,-2.9882876425189697,0.6666666666666666
2025-01-30 15:13:24,Tazmanian Trader,onis-floor-🔫,AVGO,bull,False,False,2025-01-30,B,-1.340318715694877,-1.3568492807095711,1.226132234898425,1.7418858633574508,1.7568065847537229,2.2791724392186463,5.842084122863933,5.613962325660915,7.873285944723873,7.0814718805191745,1.0,0.6678870774264467,0.6513565124117526,-0.3213687386080033,0.19438488985102254,0.8109783696771388,1.3333442241420623,0.04796924452865943,-0.18015255267435865,5.187033925545014,4.395219861340316,0.6
2025-01-30 15:20:06,Tazmanian Trader,onis-floor-🔫,NVDA,bear,False,True,2025-01-30,A,-2.774456857814256,-2.5524923058845017,1.0017726841736407,0.6903597307199361,2.172568743043235,1.8545299820692307,-6.097209053056862,-5.663218660477765,-11.547182256668176,-10.548341772984227,1.0,0.5635783187572663,0.7855428706870204,1.449047526044741,1.1376345725910366,-0.4745078724669538,-0.7925466334409581,0.300878742909253,0.7348691354883508,-0.9287799083193805,0.0700605753645688,0.7
2025-01-31 17:56:52,Tazmanian Trader,onis-floor-🔫,KRE,bear,False,False,2025-01-31,B,0.9494403705133325,-0.2692811618751123,3.0027016595909006,1.1192229277178445,0.03859513701274242,-0.7861962030885294,0.2238517946738905,-1.167214196840205,1.3662678502508796,1.440950449205325,1.0,1.6282467675093826,-0.348133834711397,3.440298011946426,0.926859247574129,-6.716233137972249,-8.192650671148556,-2.5733445226759595,-5.531760266752654,-1.9759820289075294,-3.144805736939599,0.8888888888888888
2025-01-31 19:22:15,Tazmanian Trader,onis-floor-🔫,META,bear,False,True,2025-01-31,B,1.0580719259206117,0.5587663244392305,-0.13064388773240676,-1.2995480607368437,-1.194458402124754,-1.2969648501110043,-2.5798578709353315,-3.2527631020708436,-5.759816237168902,-4.956297951341249,0.0,1.0557911926312138,0.5564855911498323,1.6797318102952594,0.5108276372908228,1.162964178548056,1.0604577305618057,1.2062496481695164,0.533344417034004,-3.939725985952312,-3.1362077001246584,0.9
2025-02-01 02:08:52,TA Study,trading-floor,TSLA,bear,False,False,2025-01-31,B,0.7758353160235876,1.6363479115657942,-1.430123099203473,0.1069886155787847,3.1964415020171777,5.499578154791928,9.297093203682627,11.352199755389314,8.422985414296058,11.59844561980673,1.0,-2.642313802546381,-1.7818012070041747,-4.123006670735654,-2.585894955953396,-3.133281167234241,-0.8301445144594899,-3.530767577169565,-1.475661025462878,-10.022202584136279,-6.846742378625606,0.1
2025-02-02 18:16:00,Tazmanian Trader,onis-floor-🔫,SPY,bear,False,False,2025-02-02,B,-0.8605125955422066,-0.0,-1.5371117147822577,-0.0,-2.303136652774751,-0.0,-2.055106551706687,-0.0,-3.1754602055106718,-0.0,0.0,-1.6292465197924535,-0.7687339242502467,-2.8926412652405653,-1.3555295504583078,-3.5117708299262405,-1.20863417715149,-3.6800622720522207,-1.6249557203455331,-6.2289355951758205,-3.0534753896651483,0.1
2025-02-02 23:53:08,Tazmanian Trader,onis-floor-🔫,KRE,bull,False,True,2025-02-02,B,0.8507223113964679,-0.009790284145738681,2.8089887640449396,1.2718770492626819,5.136436597110761,2.8332999443360096,2.5361155698234494,0.48100901811676255,3.4670947030497556,0.2916344975390839,1.0,1.5427009238815739,0.682188328339367,3.1892490548813712,1.6521373400991137,3.993924418586483,1.6907877658117318,7.3019345349303375,5.2468279832236515,12.56637681573174,9.390916610221065,0.9
2025-02-03 15:19:28,Tazmanian Trader,onis-floor-🔫,KRE,bull,False,True,2025-02-03,B,0.9114635615338207,-0.22207392133621884,2.8709094559325354,1.0589413303298212,5.199759084521172,2.6196924257497978,2.597871913270433,0.266506761934715,3.52941176470587,0.07466021243627274,1.0,2.3549323909663924,1.2213949080963529,6.501315071911276,4.689346946308562,7.818970458535613,5.238903799764241,12.558200238676271,10.226835087340554,15.674171469572165,12.219419917302568,1.0
2025-02-03 15:20:50,Tazmanian Trader,onis-floor-🔫,AAPL,bull,False,False,2025-02-03,B,0.6045272699114257,-0.5290102129586138,2.71801214172791,0.9060440161251959,2.9033281430145275,0.3232614842431536,0.4456849830943188,-1.8856801682413993,7.867149606049062,4.412398053779465,1.0,0.9171711828508055,-0.21636630001923407,2.0348169968572014,0.22284887125448727,-0.15500627416033463,-2.7350729329317085,0.0594025308390206,-2.2719626204966974,0.5184584909517687,-2.936293061317828,0.7777777777777778
2025-02-05 14:26:51,TA Study,tazmanian-trades,NVDA,bear,False,True,2025-02-05,A,-2.521353482260169,-1.9253225818872233,-5.683311432325877,-4.737653467488356,-9.699408672798949,-8.998489653086628,-7.70367936925096,-7.250829076230181,-15.07063074901447,-13.44902712621212,0.0,-0.35452522265728215,0.24150567771566372,0.13972753874854268,1.0853855035860633,-0.22935759244677711,0.4715614272655432,-0.7844566557481216,-0.33160636272734184,-3.101724754074081,-1.480121131271733,0.3333333333333333
2025-02-06 16:25:43,Tazmanian Trader,onis-floor-🔫,PLTR,bear,False,False,2025-02-06,A,-4.12650884251895,-4.005948707681806,-3.724150837466067,-4.520052486420245,-5.380368672218583,-5.42658806920654,-10.33030785065967,-9.646660385601201,5.165153925329847,4.2321958294303075,1.0,0.28024818970604604,0.4008083245431903,-0.9172637195875,-1.713165368541678,-0.25707086653282146,-0.303290263520778,-3.454875178751096,-2.7712277136926278,6.485851767975302,5.552893672075763,0.1
2025-02-07 08:06:05,Tazmanian Trader,onis-floor-🔫,NFLX,bull,False,False,2025-02-07,B,-0.3048180924287158,0.7036018848324055,1.0422812192723674,1.3784212116927375,1.0127826941986218,1.5944367006907378,4.090462143559481,3.627445781451022,-2.8023598820059115,-1.2073426630700324,1.0,-0.016132713725395265,0.992287263535726,0.47161545117149417,0.8077554435918642,0.6444369031490614,1.2260909096411774,2.698621681325959,2.2356053192174996,-3.8423070578091214,-2.2472898388732427,0.6
2025-02-07 15:50:42,Tazmanian Trader,onis-floor-🔫,META,bear,False,True,2025-02-07,B,0.44654986241249306,-0.16555661102705121,0.04528196732732637,0.10814695649138395,-1.0665644919711559,-1.2501964340030258,-2.6395903723570813,-1.7743696004411946,6.910028214148878,5.708976052751291,0.0,0.09021894896187099,-1.268161119527883,-0.5472749961732002,-1.236473798429727,-6.896812979224942,-7.722991284186321,-6.88950405116708,-7.751747007806787,0.6051657933006569,-1.6425884376785462,0.2222222222222222
2025-02-07 16:29:56,TA Study,tazmanian-trades,NVDA,bear,False,True,2025-02-07,B,-0.8975405058864627,-1.1747465347026198,-3.7960912305241346,-3.3960513925319846,-1.9077592571006496,-1.7550469538007318,-7.899133543147996,-6.694034280150851,-1.2394606986051215,-2.107596944538326,0.0,0.13521892603442276,-0.14198710278173432,-1.389857069645919,-0.9898172316537689,-1.3232238491785098,-1.170511545878592,-3.874176186903248,-2.669076923906103,0.09781102570546132,-0.770325220227743,0.3
2025-02-07 20:46:53,TA Study,tazmanian-trades,PLTR,bear,True,True,2025-02-07,A,1.4447655034452112,1.4580835210582732,-3.711935985774617,-3.019399069894546,-4.369859968881973,-3.9253711310454964,-5.9435430095576836,-4.443601275884745,19.37763947543898,18.798305709270068,0.0,-0.15452820463681313,-0.14121018702375107,-1.3160579521923372,-0.6235210363122665,-1.3779204640161629,-0.9334316261796864,-5.602047583578147,-4.10210584990521,4.773055725345859,4.1937219591769495,0.3333333333333333
2025-02-10 04:09:43,Tazmanian Trader,onis-floor-🔫,PLTR,bear,False,False,2025-02-09,B,-4.123895385164689,-3.9881405385510993,-0.5266446487548038,-0.314734644284842,-5.248594126573236,-4.30493238791787,-11.23806123359814,-10.00302323879656,21.59243059894671,19.97165017413338,0.0,0.4922243554390835,0.6279792020526729,0.7811674900451107,0.9930774945150724,-2.0249039077376367,-1.081242169082271,-1.4111751982955765,-0.17613720349399664,5.624937514861384,4.004157090048057,0.5555555555555556
2025-02-10 08:52:26,Tazmanian Trader,onis-floor-🔫,MSFT,bull,False,False,2025-02-10,A,-0.3601556645959625,-0.4959105112095519,-0.5486935292837947,-0.7606035337537564,-0.7662372193081968,-1.7098989579635626,-0.9837809093326211,-2.218818904134201,-3.821517488095527,-2.2007370632821988,0.0,0.8338979681724179,0.6981431215588285,1.3732253825757734,1.1613153781058116,4.869284190520158,3.925622451864792,8.577058548056554,7.342020553254974,-0.6690390508740961,0.9517413739392323,0.6
2025-02-10 15:31:37,TA Study,trading-floor,NVDA,bear,False,False,2025-02-10,B,0.6212566496782146,0.6411002162285739,1.1941520032736852,1.290062574933759,-0.6584576466649228,0.16835762626679074,-3.716379598973263,-2.5985253499695826,5.784755031434852,4.050096588824104,0.0,0.07013205345512419,0.08997562000548354,-0.013792746298810643,0.08211782536126325,-2.986676438615853,-2.159861165684139,-4.641911006686085,-3.524056757682403,2.7016550960018746,0.966996653391127,0.5
2025-02-10 15:31:49,TA Study,trading-floor,PLTR,bear,False,False,2025-02-10,B,-3.065912705424978,-3.0460691388746186,0.4947870648524533,0.5906976365125272,-4.179183601342995,-3.3523683284112815,-10.107792896271416,-8.989938647267737,22.38911468457325,20.654456241962503,0.0,0.655539557203528,0.6753831237538872,1.9058116281386799,2.001722199798754,-1.5377747565639144,-0.7109594836322007,-0.7111940447776571,0.40666020422602317,9.912481241682258,8.177822799071508,0.7777777777777778
2025-02-11 05:15:52,Tazmanian Trader,onis-floor-🔫,SPY,bear,False,False,2025-02-11,B,-0.45805327358725556,-0.0,-0.13442867811801484,-0.0,-1.1866235167206085,-0.0,-1.7226786158824892,-0.0,1.329350261389095,-0.0,0.0,-0.9076250493369098,-1.2735697842136815,0.10879379177478406,-0.4865095025576217,-7.589309014329922,-7.152498791111927,-4.123143805039323,-4.187038917478135,2.815266720595944,0.4801907932870101,0.4444444444444444
2025-02-11 05:48:25,Tazmanian Trader,onis-floor-🔫,NVDA,bear,False,False,2025-02-11,B,-0.16593754714133713,0.29211572644591843,1.0861366721979349,1.2205653503159497,-4.72922009352843,-3.5425965768078216,-5.015839493136198,-3.293160877253709,0.980540051289791,-0.348810210099304,0.0,0.3762935934051859,-0.0812064757453668,0.5642053624720552,-0.11217926213261922,-8.699972064793508,-8.346474429742472,-3.2432377452060845,-3.505641049680595,4.525647635643886,2.078824412121637,0.5
2025-02-11 06:36:01,Tazmanian Trader,onis-floor-🔫,NVDA,bull,False,False,2025-02-11,B,0.16593754714133713,-0.29211572644591843,-1.0861366721979349,-1.2205653503159497,4.72922009352843,3.5425965768078216,5.015839493136198,3.293160877253709,-0.980540051289791,0.348810210099304,1.0,1.0985270493476018,0.6404737757603463,1.9944654896644987,1.8600368115464838,4.916402193258927,3.7297786765383187,4.135391067364337,2.4127124514818474,-3.634500631144553,-2.305150369755458,0.7
2025-02-11 19:02:08,TA Study,trading-floor,SPY,bull,False,False,2025-02-11,B,0.11908896938419566,0.0,-0.20344365603136572,0.0,0.8452008799351596,0.0,1.3794472287004256,0.0,-1.6622835309879513,0.0,1.0,-0.1335983489302639,-0.25268731831445956,0.7292678072899413,0.932711463321307,4.613593729774573,3.7683928498394135,3.8029440493600615,2.4234968206596355,-2.3272189337184974,-0.6649354027305456,0.4444444444444444
2025-02-12 18:14:24,Tazmanian Trader,onis-floor-🔫,MSFT,bear,False,True,2025-02-12,A,0.38114489594622825,0.21072513387208058,0.015830299192653996,0.8993657647033304,0.23501905724480077,1.4097572229987088,-1.3455754313756563,-0.35449351407059737,4.402040890880543,1.202120309798782,1.0,-0.4241173004566134,-1.3837625626217631,-1.0482978534779062,-0.9976682930947133,-6.609795966501866,-6.212205007022054,1.7655553142380043,1.0176938340679222,11.63810746811779,7.592540863772908,0.3333333333333333
2025-02-12 20:14:02,Tazmanian Trader,onis-floor-🔫,TSLA,bull,False,True,2025-02-12,B,-2.685848600452978,-2.596429822509616,2.9330452264561657,1.9676536053268245,2.4038339190324054,1.14700331793951,2.4876980060011933,1.4146726706807833,-18.463864410857678,-15.342486699316026,1.0,0.03718721150848037,0.12660598945184232,1.9636652100149408,0.9982735888855998,1.419214468114608,0.1623838670217126,-0.4501691933517094,-1.5231945286721191,-5.777806653180038,-2.6564289416383864,0.7
2025-02-13 14:13:47,Tazmanian Trader,onis-floor-🔫,MSFT,bear,False,True,2025-02-13,A,-0.8697788697788811,-0.001263782431082383,-0.35135135135135886,0.5122007926401828,-1.9090909090909047,-0.5111951970739659,-0.29729729729728316,-1.0483560585466178,2.4594594594594565,0.7555155738056651,0.0,-1.1251974530225206,-0.2566823656747219,-1.4471278415748015,-0.5835756975832596,-1.2718614600366398,0.12603425198029933,3.4948154729415797,2.7437567116922437,8.304457830048875,6.600513944395084,0.5
2025-02-13 16:03:40,Tazmanian Trader,onis-floor-🔫,QQQ,bear,False,False,2025-02-13,A,-0.3388941938624379,0.09596719407014564,-0.7601715066748893,-0.33025172542333614,-1.0166825815873581,-0.05471648100920934,1.499747233612314,0.32199764129486885,4.853114643599399,2.7265765685199117,1.0,-1.0025495523978012,-0.5676881644652176,-2.1326790621462,-1.7027592808946466,0.3748540262235335,1.336820126801682,6.044335122204371,4.866585529886927,9.942475360073885,7.815937284994398,0.6
2025-02-14 15:22:07,Tazmanian Trader,onis-floor-🔫,TSLA,bear,False,False,2025-02-14,B,-0.31291404730358074,-0.4733908927872843,0.17478081921461497,0.30741984456340576,0.09302850054973,0.0439029356057441,6.822090040312368,4.616352174326921,19.755870662193786,15.34930748671728,1.0,0.14205796534554338,-0.018418880138160176,0.14328080668961757,0.27591983203840803,1.7439338544495129,1.6948082895055272,6.640367343285969,4.434629477300522,10.611887847867928,6.20532467239142,0.7
2025-02-14 16:52:12,Tazmanian Trader,onis-floor-🔫,QQQ,bear,False,True,2025-02-14,B,-0.2533579239553774,-0.3156448371470888,-0.48063488515062147,-0.24951765462348785,-0.08196874010322208,-0.03279486126765985,3.1520706421505507,1.0425112401049152,7.403267572048655,3.0907183981698116,1.0,-0.7693606929334118,-0.8316476061251231,0.8464507412674758,1.0775679717946094,4.26449802356229,4.313671902397852,9.422647701286945,7.3130882992413095,15.051027233710254,10.73847805983141,0.8
2025-02-18 13:29:59,Tazmanian Trader,onis-floor-🔫,NVDA,bull,False,False,2025-02-18,B,-1.3237063778580027,-1.4235623233792238,-1.4440433212996484,-1.779624777559452,-4.841792312592908,-3.050933224064889,-10.363134423444475,-7.639195188242798,-17.894811354144558,-12.325796162944979,0.0,0.10565468761431804,0.005798742093096918,-0.15877694934727854,-0.4943584056070821,-2.9529014621121488,-1.1620423735841303,-5.362535630416703,-2.638596395215025,-6.672417718724395,-1.103402527524818,0.2222222222222222
2025-02-18 17:53:57,Tazmanian Trader,onis-floor-🔫,AMZN,bear,False,False,2025-02-18,B,-0.912733748886918,-0.7013276525250856,-0.9038290293855722,-0.45643473243377475,3.570792520035615,1.8893765908320814,5.253784505788062,2.6382486159158836,9.260908281389124,3.797125914951882,1.0,-0.2836271337558322,-0.07222103739399971,0.7148578946499105,1.1622521916017081,2.751138870853898,1.0697229416503642,4.946271440091014,2.3307355502188356,7.993420140885037,2.529637774447794,0.7777777777777778
2025-02-18 18:58:30,Tazmanian Trader,onis-floor-🔫,KRE,bear,True,True,2025-02-18,A,-0.031036623215396908,0.2905226109486403,0.3414028553693327,0.8992096901436653,4.686530105524511,3.113186709793392,5.322780881440103,2.814290733293179,8.37988826815642,3.0200208293100994,1.0,-0.23039166622360163,0.09116756794043557,0.43640175697804756,0.9942085917523802,2.0939112671719906,0.520567871440871,5.709548380937034,3.201058232790109,8.39661496624531,3.0367475273989877,0.6
2025-02-18 20:19:18,Tazmanian Trader,onis-floor-🔫,AMZN,bull,False,False,2025-02-18,B,0.9891725705119647,0.724364208142636,0.9802611059127608,0.4793387857652043,-3.497749855188692,-1.868727514545121,-5.182016664438793,-2.618376574256376,-9.192175734081898,-3.778771347937193,0.0,0.1688827075660636,-0.0959256548032651,-1.293449254036442,-1.7943715741839985,-4.6153844504204455,-2.986362109776875,-7.419089665623542,-4.855449575441124,-10.522193449398504,-5.108789063253797,0.2222222222222222
2025-02-19 03:30:50,Tazmanian Trader,onis-floor-🔫,TSLA,bull,False,True,2025-02-18,B,1.8531073446327762,1.3859554956949571,0.11299435028246929,0.06382047144690706,-6.629943502824864,-4.5203841007792285,-17.853107344632768,-15.305900420950614,-21.158192090395477,-16.7292647366058,0.0,-0.9786118856379791,-0.50703438760491,-1.7506998334704709,-0.9640816850309207,0.4487069653078718,3.094097733731688,-5.43023255376846,-1.4199388217988669,-6.263881849993655,-1.0298141867363666,0.1111111111111111
2025-02-19 14:35:15,Tazmanian Trader,onis-floor-🔫,PLTR,bear,False,True,2025-02-19,A,9.548793284365164,10.020885735803564,14.222293970457667,14.276387897184994,26.806037614012425,24.701292101349537,27.911857292759702,25.369442736575788,27.24997982080879,22.825752298474555,1.0,1.1928760460772365,1.664968497515636,2.1271667199160307,2.1812606466433584,7.030955566467082,4.926210053804194,7.603432639035386,5.061018082851473,11.373810269173319,6.949582746839087,1.0
2025-02-19 17:07:39,Tazmanian Trader,onis-floor-🔫,TSLA,bear,False,False,2025-02-19,B,0.09628505919107022,0.2973640194657068,1.8030935904629453,1.587301535534047,8.416976649141416,6.048168409808408,19.42533751723087,16.620040803155323,22.66716540941931,17.985131732780424,1.0,0.29352631720995226,-0.4416379790136947,2.7333012025198933,1.6839305960134243,2.489696997527889,-0.41352353541309794,6.471329236540828,2.2068204904234334,10.060491219919784,4.575449532818256,1.0
2025-02-20 14:33:14,Tazmanian Trader,onis-floor-🔫,NVDA,bear,True,True,2025-02-20,A,-0.014276536512247695,-0.21212149800606817,4.040259832964521,2.1353889227141987,9.608109072738957,6.771241236443393,14.2337069027054,9.894198408452704,21.072167892069395,14.71496780704511,1.0,0.25711694738349333,0.05927198588967286,3.4525362427664574,1.5476653325161351,6.305213041745537,3.4683452054499733,8.634411976465925,4.294903482213227,10.904136177101332,4.54693609207705,0.9
2025-02-21 02:28:05,Tazmanian Trader,onis-floor-🔫,SPY,bull,False,True,2025-02-20,B,-1.6749704995410952,0.0,-2.1223941261308443,0.0,-2.559984266421922,0.0,-2.6189851842139844,0.0,-5.611642847777631,0.0,0.0,-3.2744752752880943,-1.5995047757469991,-4.408464028397447,-2.286069902266603,-6.747190479679688,-4.187206213257767,-6.9404936811723275,-4.321508496958342,-9.814222268264942,-4.20257942048731,0.1
2025-02-21 14:32:24,Tazmanian Trader,onis-floor-🔫,NVDA,bear,True,True,2025-02-21,A,3.97857142857142,2.303600929030325,6.9428571428571395,4.820463016726295,6.228571428571428,3.668587162149506,10.771428571428565,8.15244338721458,19.507142857142856,13.895500009365225,1.0,1.39035705057692,-0.28461344896417506,2.35882886697424,0.23643474084339525,2.5200577344458632,-0.03992653197605902,2.9236002713158173,0.3046150871018327,5.638569122756619,0.026926274978987096,0.9
2025-02-22 06:55:17,Tazmanian Trader,onis-floor-🔫,META,bear,False,True,2025-02-22,A,2.644693128169262,1.845716349989146,4.19362359386839,2.901307723963742,4.085795885061483,1.266952657261733,4.550620737891242,1.519159989078911,12.865011365623358,5.981519122840739,1.0,2.287150891750073,1.4881741135699567,3.980020291536127,2.6877044216314796,5.604095039505489,2.785251811705739,7.4822391641152945,4.450778415302963,11.933007859960947,5.0495156171783275,0.9
2025-02-22 17:24:58,Tazmanian Trader,onis-floor-🔫,SPY,bear,False,False,2025-02-22,B,0.798976778180116,-0.0,1.2923158699046478,-0.0,2.81884322779975,-0.0,3.0314607488123313,-0.0,6.883492242782618,-0.0,1.0,2.42175591192306,1.622779133742944,4.95186402727589,3.6595481573712423,6.561233529348325,3.742390301548575,8.371195246153773,5.339734497341443,14.421297074943219,7.537804832160603,0.8888888888888888
2025-02-23 17:22:06,Tazmanian Trader,onis-floor-🔫,PLTR,bear,False,False,2025-02-23,B,5.423445974134323,4.624469195954206,8.38548185231539,7.093165982410743,11.58740091781394,8.76855769001419,12.995410930329577,9.963950181517244,20.33792240300376,13.454430160221143,1.0,2.068407790504596,1.26943101232448,3.321724012842794,2.029408142938146,4.761862850732672,1.9430196229329213,6.452688195617121,3.421227446804788,14.211276614341799,7.327784371559178,0.9
2025-02-23 18:27:11,Tazmanian Trader,onis-floor-🔫,NVDA,bear,False,False,2025-02-23,B,4.598711189220861,3.799734411040745,7.2715289982425375,5.97921312833789,12.016695957820733,9.197852730020983,16.47627416520211,13.444813416389778,21.660808435852374,14.777316193069757,1.0,2.2082540112613507,1.4092772330812346,4.7070631899698405,3.414747320065192,5.026221478026095,2.2073782502263457,6.643851460869529,3.6123907120571968,16.59053012274513,9.707037879962506,0.7777777777777778
2025-02-24 00:54:08,Tazmanian Trader,onis-floor-🔫,COIN,bull,False,True,2025-02-23,B,-5.047252655348333,-4.248275877168217,-11.144099690557818,-9.851783820653171,-12.866939867859827,-10.048096640060077,-13.962532407794592,-10.931071658982262,-25.052270636447272,-18.168778393664653,0.0,-2.086682345047527,-1.287705566867411,-4.267504421023279,-2.975188551118632,-7.038424807805191,-4.219581580005441,-8.760467755901546,-5.729007007089215,-14.733155917617712,-7.8496636748350905,0.2
2025-02-25 15:00:34,Tazmanian Trader,onis-floor-🔫,AAPL,bear,False,True,2025-02-25,B,0.31675577524462595,0.1504335132618606,3.0122061938868017,2.8962846173533507,2.4150105921517118,2.2386081930790724,4.799757893674961,1.713555921328136,10.888731968122666,4.2845621514131516,1.0,0.5754101006994596,0.40908783871669413,-1.430238305243503,-1.546159881776954,0.6230579975976683,0.44665559852502906,3.057330505186479,-0.028871467160345513,8.88606284456704,2.281893027857524,0.5555555555555556
2025-02-25 15:01:00,Tazmanian Trader,onis-floor-🔫,NVDA,bear,False,False,2025-02-25,B,0.7562992280261804,0.5899769660434151,-2.888044202359019,-3.00396577889247,2.0964771346839606,1.9200747356113212,9.095183980563505,6.0089820082166785,14.76155021748501,8.157380400775494,0.0,0.9573655759915447,0.791043314008779,0.4606663497723796,0.3447447732389286,1.8126528321832969,1.6362504331106575,5.111944363560264,2.0257423912134382,11.265558875820172,4.661389059110659,0.8
2025-02-26 14:40:02,Tazmanian Trader,📊-vip-trade-writeups,META,bear,True,True,2025-02-26,A,-2.2306525037936398,-2.460552992122411,0.1153262518968079,-1.707096597191149,0.5993930197268682,-1.4378273659018337,0.3839150227617605,-1.7724508714168974,5.984825493171475,-0.23087822047654916,0.0,0.27195741584344124,-0.6103905897278673,3.179697434946621,0.9266726493246248,-2.6620952304521848,-5.022350973769129,-0.12244642504891527,-3.584042974863492,8.115705562448612,1.4816500842723883,1.0
2025-02-26 14:43:09,Tazmanian Trader,onis-floor-🔫,AAPL,bear,False,True,2025-02-26,B,1.6449791308617678,1.4150786425329964,2.897127424502821,1.0747045754148643,2.5984123086995603,0.5611919230708584,3.5354775349864864,1.3791116408078286,11.212046812341436,4.996343098693412,1.0,0.8344238717883912,0.6045233834596198,2.654736274174483,0.8323134250865263,4.705464937427761,2.668244551799059,4.188424145676056,2.0320582514973973,7.986936296158396,1.7712325825103714,0.9
2025-02-26 14:54:07,Tazmanian Trader,onis-floor-🔫,COIN,bull,True,True,2025-02-26,A,-0.3807293593839023,-0.14915465136940975,-2.527857703863756,-0.7037873588510046,-3.753451660843532,-1.7145873837593584,4.058540355019957,6.2165481412999934,-10.311782682544502,-4.094505195633513,1.0,-0.7774244427402399,-0.5458497347257474,-3.3365038896172488,-1.5124335446044967,-4.734781956861468,-2.695917679777294,-3.655348920271161,-1.497341133991125,-6.280458418922785,-0.06318093201179606,0.3
2025-02-26 15:24:59,TA Study,trading-floor,TSLA,bull,False,False,2025-02-26,B,-5.261443231796703,-4.579875626304064,-8.144648965629585,-5.877768473831779,-7.265026877341596,-4.784321254408852,-9.073138947711346,-6.473827197352177,-19.17576152467828,-12.535488897636082,0.0,-0.8019566032915248,-0.1203889977988859,-2.0207259293628175,0.24615456243498923,-3.2162816285381566,-0.7355760056054128,-4.409618171555659,-1.8103064211964903,-8.62499821123836,-1.9847255841961613,0.1
2025-02-27 14:32:15,Tazmanian Trader,onis-floor-🔫,BABA,bull,False,True,2025-02-27,A,-1.5003967395224582,0.47829173013542725,-4.414628868210347,-3.965612348423453,-6.333405467791964,-2.9825359171435695,0.952174853927712,4.998349836335647,-0.2019764841664884,7.411199134906665,0.0,-4.123943544366814,-2.14525507470893,-3.2919684898582724,-2.842951970071379,-5.778989767682711,-2.4281202170343166,-7.606519522044893,-3.560344539636958,-9.849815469081873,-2.23663985000872,0.1
2025-02-27 16:26:02,Tazmanian Trader,📊-vip-trade-writeups,QQQ,bear,False,True,2025-02-27,A,2.4291774342971473,0.7073565036739282,0.8883904627236872,0.7002500293287639,3.349748890730897,0.2521510409072891,4.78326588327077,0.9885405347070386,8.656687308011124,1.285613899645599,1.0,3.021550102362025,1.299729171738806,1.2754839576441237,1.0873435242492002,4.006389550675497,0.9087917008518887,6.076658675477251,2.2819333269135185,10.885140129801723,3.5140667214361985,0.9
2025-02-27 16:36:08,Tazmanian Trader,onis-floor-🔫,META,bull,False,False,2025-02-27,B,-2.1141872268412687,-0.5873441394111278,-0.6330516300670497,-0.6429317673386614,-4.826628319728998,-1.9212788565806438,-6.621538626261614,-3.0176786064306516,-12.1668746105699,-4.979571277058703,0.0,-2.389446659903965,-0.3129589871752405,-0.9692360512682249,-0.3284821251666588,4.59639419157769,7.732523313881694,-0.08301242317064014,4.781906949728833,-6.730093814854325,0.7841161995353747,0.125
2025-02-28 06:38:07,Tazmanian Trader,onis-floor-🔫,QQQ,bear,False,True,2025-02-28,B,-1.6075820286725495,-0.13548694021021657,0.6158398816307753,0.31014960224011734,-0.3759022654109989,-0.8028439964035572,1.6675664327274853,0.021279118020200993,4.092935836682454,0.20776608465020718,0.0,-2.3210799246334157,-0.8489848361710827,0.48655743990374967,0.18086716051309182,0.07158243097806874,-0.35535930001448957,5.432348748598013,3.7860614338907297,7.24542940837505,3.3602596563428024,0.4
2025-02-28 14:54:47,Tazmanian Trader,onis-floor-🔫,QQQ,bull,False,True,2025-02-28,B,1.5243536980061423,0.11979699521582621,-0.6972469732688724,-0.32520157690398843,0.29368282255164413,0.786898967273908,-1.7481120389978844,-0.036361889667724245,-4.171494785631513,-0.22235236733642028,1.0,2.1085810102029483,0.7040243074126318,-2.334729182361551,-1.9626837859966675,0.8235445043919221,1.316760649114186,-1.6615784428434863,0.05017170648667344,-2.0841361129561866,1.8650063053389065,0.4
2025-02-28 18:21:45,TA Study,trading-floor,SPY,bull,False,False,2025-02-28,B,1.7222488529754054,0.0,-0.05991919468603113,0.0,-0.18146956104910794,0.0,-1.4038211326439898,0.0,-3.648222967883319,0.0,1.0,1.5731988936953796,-0.14904995928002565,-1.8154953836262102,-1.7555761889401786,-0.9598051207895105,-0.7783355597404027,-3.652580198355439,-2.248759065711449,-7.3938311412996205,-3.7456081734163016,0.3333333333333333
2025-02-28 23:47:46,Tazmanian Trader,onis-floor-🔫,USO,bear,False,False,2025-02-28,B,2.6682596575069772,0.5866735593487049,2.681534581176148,-0.5590974427092443,5.575467941059342,1.6387374234304475,5.8940661091198665,-0.07728482516171642,3.4780300013275034,-1.3913047633408837,1.0,3.7461434643323726,1.1930554707733831,5.789696675282843,2.2560323457179576,1.5714883314634913,-2.502616804569241,10.53414496563922,3.635221821622321,7.431066438389519,2.0046851441495273,0.8888888888888888
2025-03-03 15:30:14,TA Study,tazmanian-trades,AAPL,bear,True,True,2025-03-03,A,1.4307306872062497,-0.3105146945801107,2.300349918214384,-0.6039699525177133,2.5488125556452745,-1.0540252787807125,5.799532062032853,0.15500196264132127,11.381659316313652,6.842975728119438,1.0,3.165970458638853,0.9515843549383838,4.298957199101609,1.1005865132916213,-0.782823034964148,-4.523512968731173,5.201023943675819,-1.3743023820355336,0.9118239325266437,-4.185842344204299,0.8888888888888888
2025-03-03 17:19:32,TA Study,trading-floor,NVDA,bear,False,False,2025-03-03,B,3.884722339260127,2.2320386235014977,2.25836352911436,-0.55844296706139,6.825650964860541,3.3096969232823237,9.850846886323417,4.291360380713394,-0.7246987444172959,-5.1773420275467945,1.0,2.959858435834325,1.3071747200756954,4.393269107174357,1.5764626109986069,7.1665966252766635,3.6506425836984477,11.561122117793536,6.001635612183511,5.785460668208848,1.3328173850793503,1.0
2025-03-03 18:45:58,Tazmanian Trader,onis-floor-🔫,QQQ,bear,False,False,2025-03-03,B,1.1143313693471768,0.3223935007816814,1.4127490394929887,-0.553500132031226,2.8749956232075102,0.20347989491359408,5.952676527978051,1.2197431289331484,3.9552675891353806,0.3388646185186639,0.0,1.3481822376394625,0.5562443690739671,1.3939005430324247,-0.57234862849179,3.692928397067977,1.021412668774061,6.105337662612581,1.372404263567678,0.13360846604431362,-3.4827945045724027,0.5
2025-03-03 18:46:16,Tazmanian Trader,onis-floor-🔫,SPY,bull,False,False,2025-03-03,B,-0.7919378685654954,0.0,-1.9662491715242147,0.0,-2.671515728293916,0.0,-4.732933399044903,0.0,-3.6164029706167167,0.0,0.0,-0.8487402335492167,0.4209095123848705,-1.3212806458135962,0.9418602545483733,5.174206321430467,7.984905979843516,-1.7672456292270897,3.90547669968203,-0.014637808314492861,4.166148351466609,0.4444444444444444
2025-03-04 04:15:55,Tazmanian Trader,onis-floor-🔫,META,bear,False,True,2025-03-03,B,0.8535886353425948,0.3619635124363141,-1.697882294619757,-1.1200071501509923,3.0750879149819554,2.4213127515381516,6.165667456739621,2.0618914307956038,9.782962308872056,6.558936502865597,1.0,-1.0035394683684415,-1.495164591274723,-3.85313616746272,-3.2752610229939556,-2.7745455234032557,-3.4283206868470595,0.038425169666555,-4.065350856277462,-6.135307141597044,-9.359332947603502,0.4
2025-03-04 15:10:20,Tazmanian Trader,onis-floor-🔫,QQQ,bull,False,True,2025-03-04,A,0.8118245729814122,0.6103307393875212,2.126009593143774,0.8475659593067286,0.04691192966710389,0.008697581916550234,-4.060424843874399,-0.624607577937264,-3.4623282557509794,-0.9123890513042077,1.0,1.493283027871295,1.291789194277404,3.790469679807719,2.5120260459706736,1.604454479616868,1.5662401318663144,-2.47461252699929,0.9612047389378452,1.954772180413018,4.504711384859791,0.8
2025-03-04 18:26:21,Tazmanian Trader,📊-vip-trade-writeups,AAPL,bear,True,True,2025-03-04,A,0.7153978874721134,0.21690715870972266,0.7953541219542948,1.3662898701216064,-0.6059840929175664,-1.266613674633832,7.06560619450406,2.95521378398228,10.495307831502753,7.264604942326381,1.0,-0.6028412019031123,-1.5076373305025992,-2.307598807683108,-2.1903068715037226,-5.184163922138414,-6.063278483012363,2.366292498075692,-2.7146331882833747,2.1824052100735867,-1.5672953313475273,0.75
2025-03-05 19:19:12,TA Study,tazmanian-trades,QQQ,bear,False,True,2025-03-05,B,0.17101835464434778,0.023737905267717796,2.917254956549409,0.9974714245587379,5.9935967546284274,1.9964738610813826,5.160379422117045,0.8704081931815821,4.370910971026309,1.4955170814524021,1.0,-0.11604976040962,-0.26333020978625,4.311891988700497,2.392108456709825,10.243655217259128,6.246532323712084,7.785227497668051,3.495256268732588,7.974482354341317,5.0990884647674095,0.7
2025-03-06 15:11:25,Tazmanian Trader,onis-floor-🔫,QQQ,bull,False,True,2025-03-06,B,-0.973630831643002,-0.6754185386115608,-0.24543610547667072,-0.5060454473727827,-4.340770791075044,-1.1196253982199478,-5.002028397565928,-0.9974881893918042,-2.7870182555781,-1.2318925033014683,0.0,-2.353158199266506,-1.7581263150975222,-3.5248814838171696,-3.497723796886094,-1.9385111363591137,1.132918802901679,-5.186506856056761,-0.37872583057553155,-1.0395292098311262,1.06484335185251,0.2222222222222222
2025-03-06 20:18:30,Tazmanian Trader,onis-floor-🔫,QQQ,bear,False,True,2025-03-06,B,0.21053492222472547,0.12853624816074882,-0.5232712630051317,-0.045236439738438605,3.603622018273611,0.5923515622214159,4.26997526725672,0.47361112335777555,2.0378962860004513,0.6962584061023458,1.0,0.004655561263414709,-0.3748063878624985,-0.3990288371273653,-0.2093850951963782,-3.9507424867725796,-6.811972815814061,-2.021634583337768,-6.622981455175579,-3.1867003480903278,-5.078776135800987,0.5555555555555556
2025-03-07 03:04:41,Tazmanian Trader,onis-floor-🔫,TSLA,bull,False,False,2025-03-06,B,1.2918401974394644,0.412526832576976,-14.333641832484956,-12.525969735795528,-4.33055684096868,-2.2233576817464074,-3.6017275952491157,-2.1846668140264813,-4.091469998457498,-2.8793487863362888,0.0,-0.4776131328921407,-1.3569264977546291,-5.386256496127771,-3.5785843994383435,-0.955726977200466,1.1514721820218068,0.4696139389975361,1.8866747202201704,-0.38005449784997875,0.8320667142712305,0.2
2025-03-07 14:05:08,TA Study,trading-floor,TSLA,bear,False,False,2025-03-07,B,-1.2918401974394644,-0.412526832576976,14.333641832484956,12.525969735795528,4.33055684096868,2.2233576817464074,3.6017275952491157,2.1846668140264813,4.091469998457498,2.8793487863362888,1.0,-1.1577163875389807,-0.2784030226764922,3.2270567627579405,1.4193846660685128,1.6271938670682786,-0.48000529215399457,-0.4548410016697977,-1.8719017828924323,-0.5163976676225157,-1.7285188797437248,0.6
2025-03-07 15:20:06,TA Study,tazmanian-trades,META,bear,True,True,2025-03-07,A,0.2693871044871399,0.7439160647104259,4.680003188013071,2.47832837991816,1.2417310910974866,-1.2582689089025156,3.148162907467922,1.3355320630854872,4.957360325177341,3.3488467173615644,1.0,-0.8310903704567995,-0.3565614102335135,2.576874658775945,0.375199850681034,0.7516082061418007,-1.7483917938582016,-1.4124232401404213,-3.2250540845228555,-2.1547832435305367,-3.7632968513463125,0.6
2025-03-07 17:47:40,Tazmanian Trader,onis-floor-🔫,QQQ,bear,False,True,2025-03-07,B,-1.1164569454724882,-0.29189154920843396,2.802450859445682,0.9414890415503363,1.940949091208155,-0.2193772336110955,1.3775803931244335,-0.09298209702806037,1.1349617567234183,-0.13077238658639745,1.0,-1.5000050136864929,-0.6754396174224386,7.036417076308207,5.175455258412862,2.717404683069138,0.5570783582498873,1.0830283572712098,-0.3875341328812839,0.2326982446575486,-1.0330358986522667,0.6
2025-03-08 23:20:20,Tazmanian Trader,onis-floor-🔫,KRE,bull,False,False,2025-03-08,A,-2.378435517970401,-1.1433890936147884,-2.9069767441860406,-0.8509151504299761,-2.871740662438327,-0.022853261321309493,0.6518675123326378,0.7293882579412769,2.9422128259337654,1.7987818282065415,0.0,-2.801760795066819,-1.5667143707112063,-2.1805637149571253,-0.12450212120106112,-2.282891903664167,0.5659954974528503,1.9281040761180264,2.0056248217266655,4.197586229400372,3.0541552316731475,0.4
2025-03-10 13:48:53,Tazmanian Trader,📊-vip-trade-writeups,BABA,bear,False,True,2025-03-10,A,3.4063579518125,1.897142778841343,-1.3161922252831415,-3.6441434525087524,-0.8279038582068798,-3.946480030527977,-7.54733482006209,-7.902237573193838,1.992508053114117,2.8551677154294297,0.0,1.5019829769835513,-0.007232195987605383,1.1905847410897743,-1.1373664861358368,0.3088374306729391,-2.8097387416481583,-4.013976041273898,-4.368878794405646,-4.707433236651367,-3.8447735743360534,0.4
2025-03-10 13:49:43,Tazmanian Trader,📊-vip-trade-writeups,MCD,bear,False,True,2025-03-10,A,1.3342041425639217,-0.17501103040723498,4.596628724264484,2.2686774970388734,7.4765192511040635,4.3579430787829665,5.464327921875967,5.109425168744219,4.935622317596566,5.798281979911879,1.0,2.659525078533586,1.15030990556243,2.454011736522866,0.12606050929725554,4.237638558445105,1.119062386124008,-2.447795965080661,-2.802698718212409,-7.3617099044835665,-6.499050242168255,0.5
2025-03-10 16:55:00,Tazmanian Trader,onis-floor-🔫,TSLA,bull,True,True,2025-03-10,A,-3.786602452218124,-3.3611839167591806,-0.13556062765003318,1.1176033671987717,4.238759945082782,6.291248954363848,3.082380150112818,2.3407841645006755,20.571000420108,18.59844391227017,1.0,-0.542919572923487,-0.11750103746454355,-0.5608190000140312,0.6923449948347737,-1.2947959824789534,0.7576930268021131,1.1182411677897708,0.37664518217762843,2.603717819291457,0.6311613114536263,0.7
2025-03-10 18:55:11,Tazmanian Trader,onis-floor-🔫,COIN,bull,False,True,2025-03-10,A,-2.8892651540806003,-3.1163306454896733,3.861835421605142,4.46793937111436,-3.8320352184219364,-2.4213685040774813,2.3826616999661487,0.9809345718976292,10.011513714866238,7.3707599289514425,1.0,0.3058770441033043,0.1667770816495529,1.296701542674986,1.840764763429129,8.07895860749809,9.255408161412726,8.92863519710732,8.6330924748245,12.007628670169757,10.084544870487996,1.0
2025-03-11 01:35:35,Tazmanian Trader,onis-floor-🔫,SPY,bull,False,False,2025-03-10,B,-0.6220951018948928,0.0,-0.0947443689667482,0.0,0.6095816946728672,0.0,0.2895959957096794,0.0,2.870933142652854,0.0,1.0,1.576393323090102,2.198488424984995,3.795669425353718,3.890413794320466,8.978562081781995,8.368980387109126,8.416160691281313,8.126564695571632,12.187474684597472,9.316541541944616,0.7777777777777778
2025-03-11 03:28:26,Tazmanian Trader,onis-floor-🔫,QQQ,bear,False,False,2025-03-10,B,0.15878056525880924,-0.4633145366360836,-0.967502910977025,-1.0622472799437732,-1.5475812427225621,-0.937999548049695,-0.4636392505557252,-0.17404325484604577,-4.4691436434846965,-1.5982105008318426,0.0,-0.8639310064987417,-1.4860261083936344,-2.694572730350693,-2.789317099317441,-7.059328108637986,-6.449746413965118,-6.028763357444548,-5.739167361734869,-10.727486595680302,-7.8565534530274475,0.1
2025-03-11 13:32:42,Tazmanian Trader,📊-vip-trade-writeups,COIN,bear,False,True,2025-03-11,A,-3.070222604581141,-3.6905411658711196,-3.091730293579964,-3.184688694695459,1.537799763415415,2.1491800169058273,2.6024303688568673,2.8938192031227605,-9.812883105710291,-6.940110978929326,0.0,-1.799176642167204,-2.424143123512957,-5.002401198199936,-5.086063759203883,-12.4245600024634,-11.78261073629847,-7.994255738709062,-8.699309457938941,-20.421472786596,-18.290937739491106,0.1111111111111111
2025-03-11 13:52:22,Tazmanian Trader,onis-floor-🔫,COIN,bull,False,True,2025-03-11,B,2.2646643015284518,3.1171700978544936,2.2860038944757077,2.6123816365837937,-2.307343487422975,-2.683658807558509,-3.3636533383125777,-3.4207248560582326,8.954626690495871,6.322202934476606,0.0,1.226546630267231,2.0790524265932726,5.163317273023417,5.489695015131504,8.03652196838143,7.6602066482458975,5.737236567751466,5.680165050005811,16.25535342795878,13.62292967193952,1.0
2025-03-13 07:43:28,Tazmanian Trader,onis-floor-🔫,META,bear,False,False,2025-03-13,A,4.773113850172117,3.5072004049895633,2.038710509556707,2.8122248070374,6.108070198066895,6.561077413952576,5.5212053301517905,6.7745849788473755,2.8480681021209264,4.386143985305946,1.0,2.6951435843136258,1.50514913499492,-0.7542292439314001,-0.041951495001261295,-4.12219306467105,-3.606516866350591,-4.331405118085549,-4.156111021503699,-4.809990689460938,-3.8653005428155174,0.5555555555555556
2025-03-13 13:27:43,Tazmanian Trader,onis-floor-🔫,QQQ,bear,False,True,2025-03-13,B,1.6608923884514515,0.3949789432688977,-0.7160104986876803,0.057503798793012706,0.3590551181102297,0.812062333995911,-0.6320209973753155,0.6213586513202696,-1.1275590551181214,0.41051682806689804,0.0,1.6078229841795544,0.3419095389970006,-3.6691233995385937,-2.8956091020578993,-3.7682485972270205,-3.3152413813413397,-5.86446818889775,-4.611088540202165,-4.411094699193369,-2.8730188160083494,0.2
2025-03-13 14:24:33,Tazmanian Trader,📊-vip-trade-writeups,NVDA,bear,True,False,2025-03-13,A,0.42215904195743725,-0.6932913864729495,-4.8246747652278765,-3.8975895228081425,0.5513914017403199,1.1574811348693093,-2.1194107004393947,-0.7117288295843238,3.9975876626173745,5.690399622730724,0.0,0.8289239085586841,-0.21049182940283012,-1.942050499200413,-1.0762951250362291,-5.414456477026826,-4.745602258840984,-3.9173497756384092,-3.5893963748613578,-4.293790798403551,-3.195268848228509,0.3333333333333333
2025-03-13 18:03:20,Tazmanian Trader,onis-floor-🔫,COIN,bull,True,True,2025-03-13,A,-0.3690761868676229,-0.6108548049119311,2.7912263714057195,0.47887748304200617,1.679787816275824,-0.3071597741184595,6.866501073548603,4.066959180403851,5.856102387066908,2.767516882876686,1.0,0.5917710013111854,0.3499923832668772,3.998261977396768,1.6859130890330534,2.81822460575585,0.8312770153615666,4.394439343568179,1.5948974504234257,4.670663802224062,1.5820782980338401,0.8
2025-03-13 18:59:48,Tazmanian Trader,onis-floor-🔫,COIN,bear,True,True,2025-03-13,A,1.235323576873848,0.7588408854685924,-1.897501530243173,-0.31825018562345875,-0.7957264481664783,0.46045519281103786,-5.937343497857661,-3.874390027114405,-4.935729786878862,-2.585803786084706,0.0,0.6074484690573911,0.13096577765213557,-1.706804095570319,-0.1275527509506047,-1.372969504075885,-0.11678786309836875,-1.6204585789602965,0.4424948917829597,-1.5423783506610487,0.8075476501331071,0.2
2025-03-14 13:34:35,Tazmanian Trader,onis-floor-🔫,QQQ,bull,False,True,2025-03-14,B,1.2645934933603664,0.06525519724789319,1.921168746173496,-0.05854859118759048,1.524267950260727,-0.4518531703204154,1.5137120780289948,0.10399510028957781,-0.9985855131209531,-0.9122763104022047,1.0,1.5453950876918252,0.3460567915793522,2.7661992475984407,0.7864819102373544,1.6789983969833897,-0.29712272359775244,1.8418688431419175,0.43215186540250033,0.6107505306661274,0.6970597333848761,0.9
2025-03-14 19:05:44,Tazmanian Trader,onis-floor-🔫,SPY,bull,True,True,2025-03-14,A,0.18691256052405514,0.0,0.9594844773568756,0.0,0.9559242381087962,0.0,0.3951865565366086,0.0,-1.0858729706636372,0.0,1.0,0.41917405852524237,0.35954005111995646,0.7915347925419147,-0.029812401989555058,7.255329025179067,6.345865909257682,3.2625341962553187,3.9122778590294494,1.702558976335311e-05,1.472531978594612,0.5555555555555556
2025-03-17 01:32:39,Tazmanian Trader,onis-floor-🔫,QQQ,bull,False,True,2025-03-16,B,0.6588686641229247,-0.11584304006513335,-1.0571089009820511,-0.7426043788690051,-0.07297595963386971,-0.5527286204842774,2.30395529701215,0.29787842997470726,-2.228894309960172,-1.6247613296300312,1.0,1.3546971536968233,0.5799854495087653,-0.5435304599165592,-0.22902593780351316,1.3583840984115525,0.878631437561145,6.103389523401614,4.097312656364171,-0.10432304389423672,0.4998099364359042,0.6
2025-03-17 17:47:58,TA Study,tazmanian-trades,SPY,bear,True,True,2025-03-17,A,-0.04057009807381107,-0.0,1.0407112114584005,-0.0,0.25224017498058915,-0.0,-1.2629647922105525,-0.0,1.328229732590136,-0.0,1.0,0.23726659094057356,0.27783668901438463,3.498503820164454,2.457792608706055,0.5971339906976125,0.3448938157170234,-3.3134755192629983,-2.050510727052446,2.148121542728312,0.819891810138176,0.5
2025-03-17 20:01:25,Tazmanian Trader,onis-floor-🔫,DK,bull,False,False,2025-03-17,B,-0.48929663608563434,0.1799668200050175,4.7706422018348515,4.358106791069982,3.6085626911315005,3.753746827108828,-2.507645259938851,-4.395039027644243,-5.321100917431199,-4.6429847701224265,1.0,-1.712405884048468,-1.043142427957816,1.1597759836752686,0.7472405729103992,1.7198537679001327,1.8650379038774603,4.743428130404628,2.8560343626992357,-0.6593256259230318,0.018790521385739688,0.6
2025-03-18 13:35:42,Tazmanian Trader,onis-floor-🔫,NVDA,bear,True,True,2025-03-18,A,2.136498516320473,1.4672350602298212,0.36456125476898027,0.7770966655338496,0.2119542178889322,0.0667700819116046,-2.3230182280627343,-0.43562446035734226,6.6129715981347985,5.934855450826026,1.0,1.9709525192944155,1.3016890632037637,-0.3020443209445045,0.11049108982036482,0.1756143568786917,0.030430220901364092,-2.0655414353522814,-0.17814766764688947,1.7129494563728478,1.0348333090640758,0.4
2025-03-18 15:17:42,Tazmanian Trader,onis-floor-🔫,USO,bear,True,True,2025-03-18,A,0.8785175017158586,1.003446113937434,0.5902539464653245,1.8056308739353266,-1.2903225806451868,-0.6371244081723182,-2.704186684969123,-0.0021592720622187755,-5.8064516129032295,-5.690446472983179,0.0,-0.21249471345409554,-0.08756610123252018,-1.8627772907219675,-0.6474003632519654,-1.6407851828929587,-0.9875870104200901,-4.736284777316259,-2.034257364409354,0.6603163332192731,0.7763214731393232,0.2
2025-03-18 16:28:25,Tazmanian Trader,onis-floor-🔫,USO,bull,False,False,2025-03-18,B,-0.4549214226633791,-0.45313898678651654,-0.16542597187758634,-1.252711856767874,1.7231872070581744,1.1973686233817116,3.143093465674096,0.5710384953516501,6.258615936035272,6.269310551296481,1.0,0.02618345689816004,0.027965892775022594,3.0976313724606754,2.0103454875703872,4.2908539616052455,3.7650353779287826,8.130798056368697,5.558743086046251,1.2672373421629444,1.2779319574241534,0.9
2025-03-18 18:43:30,Tazmanian Trader,onis-floor-🔫,META,bull,False,True,2025-03-18,B,0.2530599597169836,0.15671397056482572,0.5457143348998938,-0.6407686796590539,2.644218354593808,2.0197536100891034,7.819036306357474,5.14632719987731,0.8796846218733334,0.7922595576426827,1.0,0.09229337272644078,-0.004052616425717082,3.6598895556916133,2.4734065411326656,4.347970854334773,3.723506109830068,9.104882361192134,6.432173254711969,1.6290184578528266,1.541593393622176,0.8
2025-03-19 18:35:40,Tazmanian Trader,onis-floor-🔫,QQQ,bear,False,True,2025-03-19,A,-0.44254959362635127,0.003776188772119937,-0.10209469575446217,0.053765101273572924,-2.4831903005026135,-0.8059263483940704,-1.1714990375360834,-0.46658768279563834,0.5474848946636857,0.5315446881494434,0.0,-0.28443076095890807,0.16189502143956314,-1.1684421040755666,-1.0125823070475315,-3.739887242766158,-2.0626232906576147,-0.6385336639132068,0.06637769082723848,1.2632295893870658,1.247289382872824,0.3
2025-03-19 19:17:18,Tazmanian Trader,📊-vip-trade-writeups,NFLX,bull,False,True,2025-03-19,B,-0.59055118110235,-0.07831541231014816,-1.4919187733112294,-0.6919889425946346,0.7045171985080811,-0.0024383317085874268,0.5698300870285999,0.8259479714246898,-3.0770824699544175,-2.1069921270020497,0.0,-0.8088945441812945,-0.2966587753890926,-0.31712121338397403,0.48280861733262076,3.834050133420715,3.127094603204047,0.9463266841292782,1.2024445685253682,-1.0245055159799834,-0.05441517302761554,0.5
2025-03-20 12:19:53,Tazmanian Trader,onis-floor-🔫,AAPL,bear,False,False,2025-03-20,A,-0.051404271227628584,0.3320299502766355,-2.0000934623113142,-1.8847081641734542,-4.560960792560387,-2.4076936134646454,-4.607691948221881,-3.94200753588807,5.046964811439791,0.3197179046533605,0.0,-0.8244760520681836,-0.44104183056391966,-1.3519748303670087,-1.2365895322291487,-5.4836719926718125,-3.330404813576071,-2.9250798433708125,-2.2593954310370017,2.4913469090865226,-2.2358999976999083,0.1
2025-03-20 19:59:17,Tazmanian Trader,onis-floor-🔫,BABA,bear,False,True,2025-03-20,A,0.021907404702792288,-0.043479793544121126,1.3144442821673819,0.9822066262100804,3.0597341901562713,4.756266901427619,0.9566233386884782,1.172224370745878,5.55717832627427,0.4039602157875799,1.0,0.05442937195216935,-0.010957826294744066,-0.12040854577641494,-0.45264620173371634,-2.7328377722186366,-1.036305060947289,0.6012506886465743,0.8168517207039739,9.03778349317234,3.884565382685649,0.6
2025-03-20 20:22:59,Tazmanian Trader,onis-floor-🔫,NFLX,bear,False,True,2025-03-20,A,-1.985981308411211,-1.1456151233160794,-3.228547153780803,-0.582287677311033,-3.0904842820730583,-1.4258440303207998,0.8177570093457875,0.1704962455065684,9.101529311809674,-0.5537417509853482,0.0,-1.5368119859017004,-0.6964458008065688,-3.6531068402662634,-1.0068473637964925,-2.2937578451372223,-0.6291175933849635,0.3912953397258557,-0.25596542411336365,9.509937091332727,-0.14533397146229704,0.2
2025-03-21 02:18:19,Tazmanian Trader,onis-floor-🔫,ULTA,bear,False,False,2025-03-20,B,-3.348957872704239,-2.5085916876091074,-7.944930868783362,-5.298671392313592,-9.637097962913831,-7.9724577111615735,-5.972701276495407,-6.6199620403346255,-5.940272987235051,-15.595544050030075,0.0,-1.080964334345026,-0.24059814924989437,-4.761204298452854,-2.1149448219830833,-3.6011236484280786,-1.9364833966758197,-0.3846352340852909,-1.0318959979245101,8.47172445008869,-1.1835466127063332,0.2
2025-03-21 12:57:44,Tazmanian Trader,onis-floor-🔫,BABA,bear,False,False,2025-03-21,A,-0.8582730054481402,-0.017906820353008612,-0.3656989327561533,2.2805605437136167,1.3060676169863394,2.970707868738598,1.164265989999258,0.5170052261600389,13.023359952235246,3.368088889440224,1.0,-0.8574445810551345,-0.017078395960002934,-2.9555482539899307,-0.30928877752016026,-2.3827576584932744,-0.7181174067410157,-0.4301239659380151,-1.077384729777234,8.435849025419088,-1.2194220373759346,0.1
2025-03-23 20:41:32,Tazmanian Trader,onis-floor-🔫,BABA,bull,False,False,2025-03-23,B,-1.3570013936771264,-1.9316334889819875,-2.625981075331929,-3.442379113173566,-0.5134599867967604,0.13825690178066452,-3.0074084940952317,-1.0084596503671328,-22.262157998973088,-10.625858069050176,0.0,0.9340911176187036,0.35945902231384236,1.3126964593067636,0.49629842146512676,-2.1166687089610092,-1.4649518203835843,-5.971945219041257,-3.9729963753131585,-16.544178293195746,-4.907878363272835,0.1111111111111111
2025-03-24 13:28:39,Tazmanian Trader,onis-floor-🔫,SPY,bear,False,True,2025-03-24,B,-0.5746320953048611,-0.0,-0.8163980378416369,-0.0,0.6517168885774249,-0.0,1.998948843728099,-0.0,11.636299929922911,-0.0,1.0,-1.2895875998698714,-0.7149555045650102,-1.9221182506209158,-1.105720212779279,2.2971939676496027,1.6454770790721773,5.708899132942223,3.7099502892141247,15.791353546968045,4.155053617045132,0.8
2025-03-24 13:51:58,Tazmanian Trader,onis-floor-🔫,BABA,bear,False,True,2025-03-24,B,0.4589193190229546,0.8155377373153971,1.7394522575869709,2.3373125470772194,-0.39230199851960634,-1.2593742312305922,2.1243523316062163,-0.08703148770711211,21.55440414507771,9.726559938378887,1.0,-0.17953449189685666,-0.14492152776846018,-0.21315365630191646,0.10378222230797429,-3.353987782807688,-4.265812130755372,3.26094062162744,0.10364392908846262,15.462492751409892,4.151395625334803,0.7777777777777778
2025-03-24 14:17:38,Tazmanian Trader,onis-floor-🔫,AAPL,bull,True,True,2025-03-24,A,0.5179133914742895,0.29794900475594854,1.8931867953716042,1.4323090327236443,1.938725649805284,2.9407856337443916,1.1554573535458967,3.4999983961072734,-17.36519474463404,-5.417287897806055,0.0,0.37116210883845757,0.15119772212011662,-0.17119039563553318,-0.632068158283493,-4.519055919912357,-3.5169959359732497,-7.56214005641611,-5.217599013854733,-16.449627691809972,-4.501720844981991,0.1
2025-03-24 17:02:17,TA Study,trading-floor,TSLA,bear,False,False,2025-03-24,B,-1.6447767166681393,-1.4788979175908379,-5.204662391396098,-4.79800022982102,0.275735965287649,-0.7797501178701816,5.376413183333739,2.9791705366918775,14.821976506945244,2.826550692909924,1.0,-0.7963467149415071,-0.9518613605895077,0.31650204801867643,0.44277372877206006,-3.2412389388624696,-4.341392080570614,3.6651789636959733,0.3238212630863595,13.694146144302419,2.2144852719652466,0.6666666666666666
2025-03-24 17:52:33,Tazmanian Trader,onis-floor-🔫,SPY,bull,False,True,2025-03-24,B,0.18498481728388416,0.0,0.4258141077100319,0.0,-1.0366130327039147,0.0,-2.3786255279047874,0.0,-11.978639489023069,0.0,0.0,0.6146625625944113,0.7511324938358866,0.23646829289974852,0.0910981487511986,5.139394514466472,6.220683125684227,-0.5500421271718751,2.7728785387734702,-11.399648855625268,0.06312731274581633,0.3333333333333333
2025-03-24 18:54:50,Tazmanian Trader,onis-floor-🔫,AMD,bear,False,False,2025-03-24,A,0.7453903491565383,0.8727296928975892,-0.09153916568589437,0.27649089763146506,7.022361710474689,5.928806099843209,10.43110588030165,7.996309955509462,27.082516019353996,15.053229888842756,1.0,-0.3519385004391229,-0.5458689432629616,0.9607632819324696,1.0485107464388743,-3.1342616630513898,-4.272467146299925,2.907314835442701,-0.4712328890794614,15.79088552155828,4.277165888922072,0.7777777777777778
2025-03-25 13:23:50,Tazmanian Trader,onis-floor-🔫,BABA,bear,False,False,2025-03-25,B,0.14292161877538234,0.17073319534415266,0.5265533323303706,-0.639794660021431,0.38363171355497716,-3.0302393102586866,0.18053257108470167,-2.310341755353662,25.251993380472392,11.551315473293544,1.0,-0.22609322509975494,-0.19828164853098462,2.0392433907640717,0.87289539841227,6.4187726332182065,3.004901609404542,6.131464008546058,3.640589682107694,17.349875958033447,3.6491980508546,0.9
2025-03-25 18:29:03,Tazmanian Trader,onis-floor-🔫,QQQ,bear,False,True,2025-03-25,B,-0.2397009831803132,-0.09700294614842786,1.604777768749488,0.5519446906484204,4.741204192735838,1.43826670143693,3.9774112293816444,1.598530538862375,15.483058422036233,1.881499184948665,1.0,-0.40796216947110225,-0.26526413243921687,1.9345448529054878,0.8817117748044201,4.298422530776665,0.9954850394777569,4.013123778326074,1.6342430878068046,18.569296609547642,4.967737372460075,0.7
2025-03-25 19:19:54,Tazmanian Trader,onis-floor-🔫,AMD,bear,False,False,2025-03-25,B,-1.109643328929999,-0.8831034122204651,2.9590488771466306,1.9890567512679813,9.097313958608543,5.875333577902342,9.484808454425364,7.187658517117024,31.12285336856011,17.59362898780027,1.0,-0.36519109301277,-0.1386511763032361,2.56335816254064,1.5933660366619906,5.997993208303832,2.776012827597631,5.327830561211975,3.0306806239036357,16.39418412429144,2.8649597435315965,0.7
2025-03-25 20:36:34,Tazmanian Trader,onis-floor-🔫,ULTA,bull,False,False,2025-03-25,B,0.6277395962984933,1.7751865268779587,0.20563883327020527,1.6156077131186053,-0.8225553330807878,1.9243630764882336,3.498565939715359,5.353605144152162,-1.7289896639428481,2.890353509617205,0.0,-1.5301634540279028,-0.38271652344843754,-1.5996527766133326,-0.18968389676493272,-3.2591479988636336,-0.5122295892946127,-2.3589326379404083,-0.5038934335036049,-6.223313409721621,-1.603970236161567,0.4
2025-03-26 14:26:58,Tazmanian Trader,📊-vip-trade-writeups,META,bear,False,False,2025-03-26,B,0.8881426868141307,-0.057800128060403466,2.250772562474146,1.0417726654322501,6.504124388641507,3.955449682416168,5.276135322124098,3.621157855315016,4.977654492217609,0.5527382131826797,1.0,1.3325346038250885,0.3865917889505543,2.131908137789502,0.9229082407476064,4.840148641993086,2.2914739357677463,1.4188522648641968,-0.23612520194488557,6.164144591489596,1.7392283124546672,0.8
2025-03-26 17:30:34,Tazmanian Trader,onis-floor-🔫,SPY,bull,False,False,2025-03-26,B,-0.0632744529396323,0.0,-0.3286756305475036,0.0,-1.680288250285622,0.0,-0.7786272958959617,0.0,-3.573248967396092,0.0,0.0,-0.027893972612299534,0.035380480327332764,-0.5659939252826618,-0.2373182947351582,-2.4005132875736828,-0.7202250372880602,-0.7124286772684753,0.06619861862748647,-4.650865150421097,-1.0776161830250053,0.3
2025-03-27 17:38:28,Tazmanian Trader,onis-floor-🔫,AAPL,bear,False,True,2025-03-27,B,-0.3406696848805346,-0.2842083961516195,2.3264153480658023,0.36791439528155445,-0.04482495853690427,-1.0664214014757034,8.920166748845759,3.616334438873292,14.644313954009602,7.202010333429476,1.0,-0.24288593940895664,-0.18642465068004155,1.3299076780301786,-0.628593274754069,-0.04655215061765583,-1.068148593556455,4.65077789496915,-0.6530544150033167,6.456975663552261,-0.985327957027865,0.6
2025-03-27 18:20:39,Tazmanian Trader,onis-floor-🔫,META,bear,False,False,2025-03-27,B,0.8159173844556,0.5719102994369729,5.069156281839627,2.8162378631659712,3.5449692775913255,2.226141855564623,12.495864449408023,6.907660664175785,10.081196700777085,2.3609434090738457,1.0,0.618622848828314,0.374615763809687,3.290750941064747,1.0378325223910922,2.8025203668058962,1.4836929447791936,9.912983580733062,4.324779795500825,12.58034851578825,4.860095224085011,0.9
2025-03-31 11:45:58,Tazmanian Trader,onis-floor-🔫,META,bear,False,True,2025-03-31,A,-2.2821650399290183,-0.5434457994365038,-3.9929015084294583,-1.9668207198220822,5.657497781721387,3.2694869420072936,8.385093167701863,0.11890179946075774,5.682342502218274,3.7344677045535346,0.0,-2.282515745048504,-0.5437965045559889,-3.5280457084945915,-1.5019649198872151,3.061133023636977,0.6731221839228831,8.98430946223918,0.7181180939980749,-2.182260764042322,-4.1301355617070605,0.1
2025-03-31 13:32:51,Tazmanian Trader,onis-floor-🔫,GOOG,bear,False,True,2025-03-31,A,-0.9368135418012624,0.7908047091216508,-2.6489210492311566,-0.6339726049968464,1.3890683550846439,-1.0095931954072657,3.579273807985528,-4.69692688669886,-4.322263858379638,-6.280837391268035,0.0,-1.0569209595073754,0.6706972914155377,-2.165895272722266,-0.15094682848795596,4.776971185226524,2.378309634734615,9.726986313153583,1.4507856184691956,3.313399540431674,1.3548260075432774,0.1111111111111111
2025-03-31 14:04:01,Tazmanian Trader,onis-floor-🔫,TSLA,bull,False,False,2025-03-31,A,4.147243208487383,2.391867940178738,7.88458447194984,5.841800610488046,7.410384182607288,9.782414596984989,-6.248995338370045,2.002177943545047,1.4105449284680827,3.342367244472011,1.0,1.583829892436468,-0.17154537587217744,1.9399473926963637,-0.1028364687654304,-4.30932125803255,-1.9372908436548475,-11.414290793903323,-3.163117511988232,-5.250619691875118,-3.3187973758711884,0.8
2025-04-01 03:11:33,Tazmanian Trader,onis-floor-🔫,CVNA,bear,False,True,2025-03-31,A,-2.064330292846872,-1.4328835263207385,-8.641382621219407,-7.373107439588789,21.963514162265962,12.604827284519072,15.362457993278921,4.425154199216674,-2.6404224675948162,-6.1994860607421876,0.0,-1.260549633012991,-0.6291028664868574,-2.572967115028886,-1.3046919333982683,11.226199267198306,1.8675123894514138,12.019522622867887,1.0822188288056402,0.17133234513704684,-3.3877312480103243,0.4444444444444444
2025-04-01 14:56:38,Tazmanian Trader,onis-floor-🔫,META,bear,False,True,2025-04-01,B,-0.9144293857307639,-0.37316224709826873,-0.5579569133272289,0.6195679544924504,13.080989856894387,3.641075886108458,12.095954812378384,1.0788385833256031,10.189602025176958,6.5441140782283025,1.0,-0.9861969288723182,-0.44492979023982304,-2.8191088443051506,-1.6415839764854714,11.459610832903019,2.0196968621170894,11.92435252091611,0.9072362918633271,0.05695161722808031,-3.5885363297205757,0.5
2025-04-02 15:06:06,TA Study,tazmanian-trades,META,bear,False,True,2025-04-02,A,0.3838411409464615,0.8161562506263986,9.307721177795203,4.7906509577236855,11.929782660616183,1.6627435743488572,0.06994438568357353,-2.3264690000731614,14.30789177385785,7.826723277709535,1.0,-0.6620999611199518,-0.2297848514400147,7.739444339184385,3.2223741191128665,11.763825263814496,1.4967861775471714,1.246992106363938,-1.1494212793927971,4.734625535510008,-1.7465429606383076,0.9
2025-04-03 00:06:30,Tazmanian Trader,onis-floor-🔫,SLV,bull,False,False,2025-04-02,A,-0.2038066945317718,1.339001179108401,-6.456181560675677,0.8506005566951358,-6.248920515389134,2.672214668335249,-2.3109606549449047,1.4552516691731632,2.076064803620148,5.506565069621516,1.0,-1.3171923800737517,0.22561549356642108,-7.330354421788501,-0.023572304417687404,-9.510732765177226,-0.5895975814528435,-0.6381002551181336,3.1281120689999344,0.4674799431502211,3.897980209151589,0.2222222222222222
2025-04-03 13:28:02,Tazmanian Trader,onis-floor-🔫,META,bear,False,True,2025-04-03,A,2.6729156750027516,1.1301078013625787,7.595840503826301,0.2890583864554874,6.548643403756738,-2.372491779967645,-0.01281534912671578,-3.7790276732447836,8.19083885613855,4.760338590137181,1.0,1.3587952357103081,-0.18401263792986455,8.138938292347857,0.8321561749770435,9.259777545060107,0.33864236133572595,1.025446366935674,-2.740765957182394,4.506641782615972,1.0761415166146038,0.7
2025-04-03 14:11:56,Tazmanian Trader,onis-floor-🔫,ES,bear,False,False,2025-04-03,B,1.0467439073112317,-0.46173440143132405,6.767878545745109,-0.5065837606484824,13.304035157810635,4.414656900451764,11.00279664402718,7.270138639182444,8.206152616859775,4.809323724545312,1.0,2.069223391858026,0.5607450831154704,7.499448913436581,0.22498660704298742,11.453207124920665,2.5638288675617935,2.5135764481181653,-1.2190815567265703,3.521847310508032,0.12501841819356888,0.9
2025-04-03 18:08:35,Tazmanian Trader,onis-floor-🔫,META,bull,False,True,2025-04-03,B,-2.198428905200811,-1.2479813643684778,-7.145353864267712,-0.39625355975538845,-6.093051492908009,2.2801145124440314,0.5003955332339771,3.6876244711319117,-7.743252938903922,-4.893755845612413,0.0,-0.8497486351700443,0.10069890566228867,-7.324698826591766,-0.5755985220794436,-8.86939631502299,-0.49623030967095205,-1.1258920080191004,2.061336929878834,0.3547638118190014,3.2042609051105098,0.0
2025-04-04 15:04:32,Tazmanian Trader,onis-floor-🔫,MSFT,bull,False,True,2025-04-04,B,-2.2013661477682467,-0.21407164216715735,-2.7394978035803152,-0.577623985627751,6.128803170736941,-0.2908660984546563,5.5743644950517535,2.0022777873266007,-2.3970503862453585,-2.077958198669594,0.0,1.1054403093687326,3.0927348149698215,0.36689547875202166,2.528769296704586,10.46154354924695,4.041874280055356,6.428389672899366,2.856302965174213,2.1143740687308687,2.433466256306633,0.5555555555555556
2025-04-05 22:46:26,Tazmanian Trader,onis-floor-🔫,BA,bull,False,True,2025-04-05,B,5.1571374479364,2.052004473018676,5.558500567966651,4.068282043466964,17.773570617190448,10.539162718418993,20.62097690268836,10.414308736944978,23.07459295721317,15.294384858110565,1.0,5.798497806711326,2.693364831793604,3.305514067845343,1.8152955433456561,11.38103669919101,4.146628800419554,12.82479619165647,2.6181280259130864,12.517964026928691,4.737755927826088,1.0
2025-04-06 01:24:30,Tazmanian Trader,onis-floor-🔫,MSFT,bull,False,False,2025-04-05,B,1.9892840857273164,-1.1158488891904073,1.0487916096671324,-0.4414269148325545,8.683880528955768,1.449472630184312,10.5249658002736,0.318297634530218,4.542863657090734,-3.237344442011869,1.0,3.5928542824644594,0.4877213075467357,1.845209152691605,0.3549906281919181,9.015142278225724,1.7807343794542696,12.494858244200683,2.2881900784573017,11.817491768212292,4.037283669109688,1.0
2025-04-06 14:34:17,Tazmanian Trader,onis-floor-🔫,META,bear,False,False,2025-04-06,A,-6.421356421356417,-3.316223446438693,-5.22572665429808,-3.7355081297983928,-12.613894042465468,-5.379486143694012,-9.560915275200998,0.6457528905423837,-3.129251700680258,4.650956398422346,0.0,-7.910952762929833,-4.80581978801211,-4.226511614568371,-2.7362930900686844,-14.43686474503168,-7.202456846260226,-15.358603201953958,-5.151935036210575,-16.15551296845108,-8.37530486934848,0.0
2025-04-06 14:38:30,Tazmanian Trader,onis-floor-🔫,SNOW,bull,True,False,2025-04-06,A,8.566694283347132,5.461561308429408,10.613090306545136,9.12287178204545,19.67688483844241,12.442476939670954,19.75973487986744,9.553066714124059,16.18061309030654,8.400404991203935,1.0,2.6901644194786813,-0.4149685554390426,1.439909103689422,-0.050309420810264974,6.752395429012646,-0.4820124697588091,8.58952413247719,-1.6171440332661937,5.784985738708759,-1.9952223603938446,0.9
2025-04-06 14:38:38,Tazmanian Trader,onis-floor-🔫,NVDA,bull,True,False,2025-04-06,A,11.639606677338211,8.534473702420486,10.107477704093304,8.617259179593617,22.993368396981474,15.758960498210017,26.583581065630014,16.37691289988663,13.068831465812947,5.288623366710343,1.0,5.076581251279206,1.9714482763614825,2.169016077403023,0.6787975529033364,10.915189059369027,3.68078116059757,13.24351824094432,3.036850075200939,14.523055691372818,6.742847592270212,1.0
2025-04-06 16:27:33,Tazmanian Trader,onis-floor-🔫,GLD,bull,False,False,2025-04-06,B,-1.845044915816474,-4.950177890734198,-1.3107170393215184,-2.8009355638212052,4.839432680066702,-2.3949752187047535,6.230836814832075,-3.9758313509113075,11.566943393519935,3.7867352944173316,0.0,6.635621818579436,3.5304888436617134,3.8200024215819766,2.3297838970822893,12.85030504235353,5.615897143582073,16.14873218397911,5.942064018235727,16.213541916679844,8.433333817577239,1.0
2025-04-08 14:52:05,Tazmanian Trader,onis-floor-🔫,META,bear,False,True,2025-04-08,B,5.263450938178571,0.45662513048996267,-8.715502681835897,-3.5252045320899317,-0.8834282956886597,1.492182863356506,3.2089233681631635,6.288206274883534,3.4409160928713156,6.1002967850388945,1.0,6.333261895778844,1.5264360880902363,-7.500974346516225,-2.3106761967702605,-4.070397571101194,-1.6947864120560283,-4.380704670454023,-1.3014217637336523,-10.236536456050672,-7.577155763883093,0.9
2025-04-08 22:41:28,TA Study,trading-floor,UNH,bear,False,False,2025-04-08,B,-3.277751990573785,7.904965259750463,-6.116328060841925,0.1944696045277361,-4.805941371799904,4.4515164751521175,-4.44531724211803,2.084352018582347,24.260006426964686,35.05159203007753,0.0,-15.314103645705988,-4.131386395381741,-9.286529077410517,-2.9757314120408567,-11.083068599401612,-1.8256107524495888,-8.5377879096723,-2.008118648971924,-17.27373147563717,-6.482145872524325,0.0
2025-04-09 14:58:20,Tazmanian Trader,onis-floor-🔫,META,bear,False,True,2025-04-09,B,-14.565955074858937,-4.326032235972965,-6.844385335276093,-1.4350697382821576,-3.947818773897649,4.383170254756452,1.7573025357181304,7.383633765875253,-4.274440391554779,5.577667473252523,0.0,-13.910988803546463,-3.6710659646604897,-6.685146749214907,-1.275831152220972,-8.60156360694282,-0.2705745782887181,-5.492320446788716,0.13401078336840683,-14.850202213805778,-4.998094348998475,0.0
2025-04-09 19:56:01,TA Study,tazmanian-trades,QQQ,bear,True,True,2025-04-09,A,-0.6218690620141576,0.6481128481272469,3.6577992744860954,0.4902281148892462,1.2178269131110753,0.7342000810514171,4.089652789773712,1.121439255606027,-0.9133701848333065,0.00035226505041840994,1.0,0.08018150698180682,1.3501634171232113,5.201869219730726,2.0342980601338776,3.9086997745093996,3.4250729424497415,6.366662587862945,3.398449053695259,-1.8028944534763702,-0.8891720035926454,1.0
2025-04-10 17:42:09,Tazmanian Trader,onis-floor-🔫,QQQ,bear,True,True,2025-04-10,A,-1.0680348385489369,-0.055171863889769135,-2.93001710214853,-0.11479719919851306,-3.7432186017011704,-0.22130533050037648,-0.5968763095602236,0.7683705517198991,-7.043593489857636,-1.0126299221152157,0.0,-1.2276929912644086,-0.21483001660524081,-2.752751697977474,0.06246820497254335,-4.395336979014657,-0.873423707813864,-2.115186445080458,-0.7499395838003353,-7.935754420344611,-1.9047908526021913,0.1
2025-04-10 17:53:34,Tazmanian Trader,📊-vip-trade-writeups,META,bear,True,True,2025-04-10,A,0.4074563602388226,0.780550064562413,0.9033316621849363,3.0673669904218825,4.923203135682053,7.7894559596200725,8.576637345608674,9.299883098197359,0.22879540586117075,5.588207349413599,1.0,-0.23546667104274444,0.13762703328084602,-2.9170783899159636,-0.7530430616790172,-2.8026467705801537,0.06360605335786644,-0.6626867227755018,0.06055902981318426,-11.55414324538027,-6.194731301827845,0.0
2025-04-10 18:12:10,TA Study,tazmanian-trades,QQQ,bull,False,True,2025-04-10,B,0.09646662927649263,0.03924529716385905,1.9405496354458762,0.09802274141976763,2.7459338194054883,0.20339929586843386,-0.3701626472237707,-0.7764341052233115,6.014582164890636,0.9867344499291608,1.0,-0.010786950300687392,-0.06800828241332098,1.9386113069635311,0.09608441293742276,1.6284587769255456,-0.9140757466115094,-1.6061138070421985,-2.0123852650417393,9.297671296301559,4.269823581340082,0.7777777777777778
2025-04-11 14:00:38,Tazmanian Trader,onis-floor-🔫,QQQ,bear,False,True,2025-04-11,B,-1.3606959625250825,0.07165558907988867,-2.047735891144331,0.36865802671397496,0.9190274369841656,0.7784309591339578,3.3883560115993694,1.0099180135822783,-5.378095025652474,-0.7333580660660255,0.0,-1.324458498908001,0.10789305269697014,-1.684458630308845,0.7319352875494612,-0.6470593116943435,-0.7876557895445513,2.5259631152842723,0.14752511726718104,-11.106766186767045,-6.462029227180596,0.1111111111111111
2025-04-11 19:34:42,Tazmanian Trader,onis-floor-🔫,QQQ,bull,False,True,2025-04-11,A,-0.05498735290883072,0.09461806280720575,0.6224568349279647,-0.19663281611739247,-2.3028703398218386,-0.6048488714446743,-4.737710326624867,-0.8367491118288939,3.906301550643354,0.8936224916614055,0.0,0.05161015482445852,0.201215570540495,0.6995973798270139,-0.11949227121834327,-1.9262171637334569,-0.22819569535629253,-5.797068973692594,-1.8961077588966213,6.9199121112104605,3.907233052228512,0.6
2025-04-14 13:35:20,Tazmanian Trader,onis-floor-🔫,QQQ,bear,False,True,2025-04-14,A,1.5176630142294312,0.6114963016111141,1.4078746259660213,0.22415989386420643,4.3979936710223155,1.155644622221652,4.3161905581985955,1.228239083150351,-2.3679848448969976,-0.48029069913830824,1.0,0.426310846012049,-0.47985586660626794,1.1709726323180925,-0.012742099783722427,4.614582910847153,1.3722338620464902,2.272063164489725,-0.8158883105585204,-4.460469100644971,-2.572774954886282,0.4
2025-04-14 18:16:29,Tazmanian Trader,📊-vip-trade-writeups,UNH,bear,True,True,2025-04-14,A,-0.6756756756756577,-0.7127594107494639,-0.08060090547401533,-0.3976668403549821,22.124091096172315,19.730335997158733,26.74235148854438,24.504348076840742,29.820620112498286,32.60190024303304,1.0,0.025601531545905845,-0.011482203527900402,0.8124299722195552,0.49536403733858836,1.6559602874308896,-0.737794811582694,-0.16334753134524446,-2.4013509430488815,-7.734237864514585,-4.952957733979826,0.3333333333333333
2025-04-14 21:10:41,TA Study,tazmanian-trades,MCD,bear,False,True,2025-04-14,B,1.1545883022807013,0.7719506036658053,2.223768702748863,-0.3731646367610253,2.3439724164109554,-2.4357561239142345,-0.7433650713314144,-1.5318025568551108,-1.1134659791857793,1.640969560722505,1.0,0.6964034233164348,0.3137657247015387,4.766567066826285,2.1696337273163966,6.116597703127659,1.336869162802469,0.015436320070308164,-0.7730011654533883,-4.741879094244805,-1.9874435543365196,0.7777777777777778
2025-04-14 23:06:30,Tazmanian Trader,onis-floor-🔫,AVGO,bear,False,False,2025-04-14,B,0.4312143552649861,0.04857665665009003,2.846014744748915,0.24908140523902667,7.519821950201688,2.7400934098764984,1.5662818194463801,0.7778443339226837,-7.091389623035194,-4.336954083126909,1.0,0.12952907385910817,-0.25310862475578794,2.5264016821946433,-0.0705316573152448,3.5553034861289445,-1.2244250541962454,-2.6295276977542614,-3.417965183277958,-7.926020987945309,-5.171585448037024,0.5
2025-04-15 16:33:55,Tazmanian Trader,onis-floor-🔫,PLTR,bear,False,True,2025-04-15,A,-1.229881332654359,-1.8528248795507296,4.623757130585515,1.791859463388934,6.588686737753912,1.579259402177735,-3.7194780077054013,-4.74724243522584,-21.84621082357299,-19.339648658613108,0.0,0.441552736102312,-0.18139081079405872,3.770743356474253,0.938845689277672,5.6388935589995155,0.6294662234233372,-1.2589674713744092,-2.2867318988948484,-6.847808668868484,-4.341246503908602,0.6
2025-04-15 22:19:55,Tazmanian Trader,onis-floor-🔫,BABA,bear,False,True,2025-04-15,B,1.3173099144904055,0.18504990847174607,-0.6424774670672484,-1.6336751799772675,-7.1227178183499,-7.955925762978233,-10.275017333025204,-7.45189064027767,-11.421308065634395,-6.382562955793869,0.0,-0.3808444100340913,-1.5131044160527507,1.3357267427450645,0.3445290298350457,-0.002830367895323649,-0.8360383125236568,-5.841038127814862,-3.017911435067327,-8.440021254629732,-3.401276144789206,0.3
2025-04-16 13:50:18,TA Study,tazmanian-trades,META,bull,False,True,2025-04-16,B,-1.6645050776948445,-0.3744369125210478,-1.8269913128594162,-0.6777602836216312,-2.0619111709286764,-1.0704177339392107,4.3729352746849415,1.713930148213172,12.019576654839103,7.148489579932504,1.0,-0.26467637889849516,1.0253917862753015,0.7711182400430883,1.920349269280873,2.78648166542234,3.777975102411806,8.549812895728504,5.890807769256735,12.526600210005613,7.655513135099012,0.7
2025-04-16 14:44:11,Tazmanian Trader,onis-floor-🔫,CVNA,bear,True,True,2025-04-16,A,-0.02389486260454543,-1.1728878482938465,-1.0274790919952093,-2.035433658819219,-1.2903225806451646,-2.1403141183400254,-12.3058542413381,-9.500129962044412,-20.358422939068088,-15.337455227463437,0.0,1.2134103548889363,0.06441736919963525,3.203038506306848,2.195083939482838,1.6725156063798874,0.8225240686850264,-5.10545955872741,-2.299735279433723,-6.3414960074660565,-1.3205282958614046,0.3
2025-04-21 17:07:00,TA Study,tazmanian-trades,BABA,bear,False,True,2025-04-21,B,-1.4833241201400504,-0.966932601479531,-6.762483876911718,-3.630882280792491,-9.904182789754934,-2.9700618289537406,-9.05656900681777,-1.3087401984303249,-16.611387506909892,-6.387226643127719,0.0,-0.8060565536445473,-0.28966503498402796,-5.337550194138989,-2.205948598019762,-11.285224778393964,-4.351103817592771,-13.857555277952184,-6.109726469564736,-17.499804961421923,-7.27564409763975,0.0
2025-04-21 18:56:45,Tazmanian Trader,onis-floor-🔫,BA,bear,False,False,2025-04-21,B,-1.2035949061577123,-0.32412886768107274,-3.223347835752177,0.28077466130318474,-11.950204833433897,-4.629827919417395,-15.786465114802017,-7.649441165057214,-18.428657626472745,-7.8063568804970895,0.0,-0.8106571949624609,0.06880884351417871,-4.075739743225531,-0.5716172461701696,-9.491391474802938,-2.1710145607864355,-10.661475155988061,-2.5244512062432554,-14.41844967535855,-3.7961489293828974,0.1
2025-04-22 16:49:39,TA Study,tazmanian-trades,BABA,bear,False,True,2025-04-22,B,0.288602026925866,0.1030767822407852,-2.3702538562015096,-1.0091043569303793,-3.497471075261971,0.7449990608529689,-2.2928114518385723,2.64632490921628,-9.847748233022457,-4.060496467692976,0.0,0.6379330752359358,0.45240783055085493,-1.8379497307219406,-0.47680023145081013,-6.632985856618673,-2.390515720503733,-7.906542926516738,-2.967406565461885,-7.988380749956166,-2.2011289846266835,0.0
2025-04-23 18:26:48,TA Study,tazmanian-trades,NFLX,bear,True,True,2025-04-23,A,0.057131974861934776,-0.4261214357919485,-4.4467720434202995,-2.8353077855860054,-5.732241477813749,-3.3475717629332546,-7.760426585412317,-4.689908760796135,-10.01713959245858,-5.718042904603116,0.0,0.40991494874998313,-0.07333846190390014,-1.4656818883159803,0.14578236951831364,-3.7579389411576996,-1.373269226277205,-2.191357539477952,0.8791602851382285,-2.6651740519911526,1.633922635864311,0.3
2025-04-23 18:30:07,TA Study,tazmanian-trades,QQQ,bear,True,True,2025-04-23,A,0.39660801542608093,0.18228369613874085,-2.4059425466178785,-0.5198885368894235,-3.5146920262068004,-0.8533430875781178,-4.185200604772454,-0.8361501546914063,-5.900913732278634,-1.3199643687286988,0.0,-0.07843353240202491,-0.29275785168936497,-1.8341008202804352,0.05195318944801988,-3.4972898935919434,-0.8359409549632607,-1.567597293258183,1.7814531568228655,-6.87374491204993,-2.292795548499994,0.2222222222222222
2025-04-24 14:17:07,Tazmanian Trader,onis-floor-🔫,BABA,bear,False,True,2025-04-24,B,-0.4166842038806351,0.8278481302365082,-1.2500526116419053,0.7260019795491734,-0.07155183298959145,2.5860222280830625,-1.46049917925839,1.9656362405122252,-5.8882949619091685,-1.2417211436278386,0.0,-2.2680144275125413,-1.023482093395398,-3.993348811366959,-2.01729422017588,-5.2333060038753025,-2.575731942802648,-6.260152686494628,-2.8340172667240133,-9.570115338538294,-4.923541520256965,0.0
2025-04-24 18:44:22,Tazmanian Trader,onis-floor-🔫,QQQ,bear,False,True,2025-04-24,B,-0.2251769247265667,-0.00886558304629137,-1.3424833797984093,-0.4020789875782915,-1.9794123954535614,-0.36440992070514433,-3.2983058117092012,-0.922547347153091,-4.715848166416481,-1.1320458529850308,0.0,-0.4409091171302415,-0.22459777544996617,-2.329765543664828,-1.3893611514447102,-3.1185242290249056,-1.503521754276489,-2.3868095879767806,-0.011051123420670005,-6.8786901739773825,-3.2948878605459315,0.2
2025-04-25 13:29:27,Tazmanian Trader,onis-floor-🔫,META,bear,False,True,2025-04-25,B,-0.08595464520848584,0.6439456566299961,-0.5376737381126651,0.23064236908574287,-0.4023408924652694,1.0409957946288406,-9.184345281638628,-5.505574587410145,-8.355888807607915,-5.119814537050882,0.0,-2.1079922045802433,-1.3780919027417617,-2.4681042869135617,-1.6997881797151535,-2.980472836105584,-1.537136149011474,-6.923724690121404,-3.24495399589292,-7.559458927350816,-4.323384656793784,0.2
2025-04-25 14:02:03,TA Study,trading-floor,NFLX,bear,False,True,2025-04-25,B,-0.33703771178721365,0.7200757810919445,-1.1477500455456369,-0.05209595657191812,-3.0879941701585034,-1.3151267498090702,-5.347057751867368,-1.3314946921110904,-3.8622699945345174,-0.2908414231059364,0.0,-1.083526234303044,-0.02641274142388572,-1.9056936878785635,-0.8100395989048448,-1.7895817674311174,-0.016714347081684445,-4.803571805527089,-0.7880087457708107,-5.382020682524273,-1.8105921110956924,0.2
2025-04-25 14:56:57,Tazmanian Trader,onis-floor-🔫,TSLA,bear,False,True,2025-04-25,B,-2.848649522698543,-2.142053683265077,-3.1843197948729918,-2.4393170378049778,-1.841638706175197,-0.42177153924320976,-3.66436437766009,-0.009580384566021394,-7.652704708335012,-4.4405147184579885,0.0,-0.9746986650306688,-0.2681028255972029,-2.0190025089477137,-1.2739997518796997,-1.7849509480597459,-0.36508378112775847,-7.75656960431453,-4.101785611220461,-9.37229010237244,-6.160100112495416,0.1
2025-04-25 16:00:33,TA Study,trading-floor,TSLA,bull,False,False,2025-04-25,B,1.250755072309273,0.5981877591683782,1.5812102476637113,0.8902566219850971,0.25938954624595834,-1.1060664283093935,2.0537966812351094,-1.5453770990854876,5.980172689478724,2.82335546316399,1.0,0.5724718432754439,-0.08009546986545102,0.8145223009983894,0.12356867531977511,0.8890426542862506,-0.47641332026910127,5.116002565394615,1.5168287850740185,6.067246138642243,2.910428912327508,0.6
2025-04-25 16:35:59,TA Study,trading-floor,PLTR,bear,False,False,2025-04-25,B,-2.7046717056734337,-2.2833925489612383,-4.407613149986345,-3.948035888118495,-7.859029232310344,-6.726499551278864,-13.177306256260813,-9.816191599028867,-6.820872415991253,-3.9010978276958763,0.0,-0.192181248081723,0.2290979086304724,-1.0362925433305845,-0.5767152814627351,-1.960429615320672,-0.8278999342891916,-4.506952400009872,-1.1458377427779272,-6.417276390064021,-3.4975018017686454,0.0
2025-04-28 13:38:28,TA Study,tazmanian-trades,QQQ,bear,False,True,2025-04-28,A,0.1268472125324993,0.023477730105325723,-0.532758292636526,-0.006843382042043267,-1.832942221094691,-0.5544249384426214,-2.73144330986661,-0.5389221825951918,-7.365594807720766,-1.6403762810079048,0.0,-0.11022496810806803,-0.21359445053524162,-1.198928387285162,-0.6730134766906792,-1.4650466741332,-0.1865293914811305,-3.06398842565059,-0.8714672983791715,-10.617904243144434,-4.892685716431574,0.2
2025-04-28 15:19:11,Tazmanian Trader,onis-floor-🔫,IBM,bear,False,False,2025-04-28,B,-1.3301295803655577,-1.157389113506202,-2.71603878829485,-1.9122746136747582,-2.8318887840041107,-1.2734420770476929,-6.916673817900976,-4.441696999384304,-8.851797820303787,-2.8343593801216427,0.0,-0.6750166629270016,-0.5022761960676458,-1.439000048143927,-0.635235873523835,-2.131240148210464,-0.5727934412540459,-4.600692961053642,-2.1257161425369695,-11.708599589619606,-5.691161149437461,0.1
2025-04-28 17:14:15,Tazmanian Trader,onis-floor-🔫,SPY,bear,False,False,2025-04-28,B,-0.8015078595348335,-0.0,-1.4364923966549092,-0.0,-2.1959119439310504,-0.0,-3.1181949603820813,-0.0,-6.682892016030162,-0.0,0.0,-1.4772831821281174,-0.6757753225932839,-2.285853106404546,-0.849360709749637,-2.7086198961556116,-0.5127079522245614,-3.9333474191858597,-0.8151524588037784,-7.549020510598287,-0.866128494568126,0.3
2025-04-28 19:50:46,Tazmanian Trader,onis-floor-🔫,AVGO,bear,True,True,2025-04-28,A,-0.06758864510763019,-0.05487939640578254,0.608297805968605,1.2510226688903003,-2.594364146823347,-1.1981623965782395,-4.3568680461682385,-2.045600389390567,-15.202246022668199,-9.354176012863924,0.0,-0.16503811645964447,-0.15232886775779683,0.14593708571999006,0.7886619486416853,0.31308913740269756,1.709290887647805,-1.7490210996041682,0.5622465571735031,-2.616626161097915,3.2314438487063586,0.4444444444444444
2025-04-29 13:36:28,Tazmanian Trader,onis-floor-🔫,AMZN,bear,False,True,2025-04-29,B,-1.8534623328622768,-0.8678727097910954,-0.2391564300467497,0.786512623167801,-3.2612240460919706,-0.009324827640844191,-0.5598434612457792,1.2419091029268525,-14.887487770409846,-7.977429655236135,0.0,-1.168255573786725,-0.1826659507155437,0.8374830836538607,1.8631521368684112,-3.1890436483619458,0.0628555700891809,-1.425901838283744,0.3758507258888876,-7.98740287398506,-1.077344758811348,0.3
2025-04-29 21:05:08,Tazmanian Trader,onis-floor-🔫,MCD,bear,False,False,2025-04-29,B,-0.9028062754506072,0.3700903405071454,0.9943495691151938,2.9849626414164554,0.33776318696928653,3.248806523894243,-0.42299315003628823,2.057055062977553,2.9325420625651133,10.24119666380331,1.0,-0.9684593445777199,0.3044372713800327,-0.7868502772124425,1.2037627950888188,-3.0440784664161615,-0.1330351294912052,-3.083508287247711,-0.6034600742338699,-5.798150449800774,1.5105041514374218,0.2222222222222222
2025-04-30 13:43:08,Tazmanian Trader,onis-floor-🔫,GS,bull,False,False,2025-04-30,B,1.4000259264060455,0.13822507546654705,2.5630104261190167,0.5835717540228824,3.6241411877997676,0.7243730962050776,2.2093001722254035,-0.25952001658819945,13.261356691790581,5.964459151480517,1.0,3.0934604039648606,1.831659553025362,3.2253326263391005,1.2458939542429661,4.325343418849014,1.4255753272543248,3.580226597470336,1.1114064086567326,17.447564669822576,10.150667129512511,1.0
2025-04-30 16:25:35,Tazmanian Trader,onis-floor-🔫,QQQ,bear,False,True,2025-04-30,B,-1.148227135175972,-0.1575150608725817,-2.469299948412207,-0.7628712469006427,-3.373415802881463,-0.7491215031182108,-2.813927638821667,-0.6194275477635847,-10.34042621085045,-3.3307740527735996,0.0,-1.1146978733368862,-0.12398579903349582,-1.7220238656007827,-0.015595164089218193,-4.283145003396468,-1.6588507036332167,-4.382765141998193,-2.1882650509401103,-11.308085381489535,-4.298433223412682,0.1
2025-05-01 13:35:01,Tazmanian Trader,onis-floor-🔫,NFLX,bear,True,True,2025-05-01,A,-0.9799554565701474,-1.320795600758018,-3.0289532293986676,-1.8904400776088126,-1.3541202672605834,-1.636071800148986,-1.9510022271714833,-1.1158546487425758,-4.944320712694883,0.42346543242093304,0.0,1.1087210620641097,0.7678809178762391,-1.382006875540669,-0.243493723750814,0.3223132769284597,0.040361744040057344,-2.666982476363161,-1.8318348979342534,-3.2131341112076783,2.154652033908138,0.3
2025-05-01 14:00:33,TA Study,trading-floor,AVGO,bear,False,False,2025-05-01,B,-0.3304860687411093,-0.3984828478410418,-3.538743136058553,-2.123336497425643,-1.7337807606264022,-1.7427277052448287,-5.638600772828961,-4.527390251222108,-18.283506202969278,-12.627247815208698,0.0,-0.04483432607991,-0.11283110517984252,-2.920800983682046,-1.505394345049136,-0.7558570031791134,-0.7648039477975399,-3.477198742738296,-2.365988221131442,-10.1456201714462,-4.4893617836856174,0.1
2025-05-02 19:40:19,Tazmanian Trader,onis-floor-🔫,AVGO,bear,True,True,2025-05-02,A,0.30841533264798215,0.14811093044247992,1.7378959220639367,1.005075797695909,-0.2643559994125466,-1.4129106174124328,-1.9239242179468263,-2.5105326348087265,-11.915601899446804,-7.242112019763169,1.0,0.23689097669086556,0.07658657448536332,0.44928395367210044,-0.2835361706959272,1.6384429733452044,0.48988835534531816,0.22553925453373322,-0.36106916232816705,-8.539970756549371,-3.8664808768657366,0.5
2025-05-05 13:32:58,Tazmanian Trader,onis-floor-🔫,AMD,bear,False,True,2025-05-05,B,-1.5957984042015871,-1.437609928854111,0.39389960610038965,-0.28506665887420013,-2.716897283102715,-2.2832120248467147,-9.201090798909206,-5.580529851911242,-15.887284112715871,-10.158728426817753,0.0,-1.1770497670808477,-1.0188612917333717,0.08107878633571652,-0.5978874786388733,-0.7657718278224369,-0.3320865695664366,-4.064180611272613,-0.4436196642746492,-3.302739472006613,2.4258162138915047,0.4
2025-05-05 13:35:08,Tazmanian Trader,onis-floor-🔫,AAPL,bear,False,True,2025-05-05,B,2.072870507139346,2.231058982486822,2.259970457902516,1.5810041929279262,2.7621861152141713,3.1958713734701716,-3.7863121614968076,-0.16575121449884378,-2.79665189561793,2.931903790280188,1.0,-1.1551324189559964,-0.9969439436085203,-0.388831635386624,-1.0677979003612137,-4.450143292849077,-4.016458034593077,-8.123453491748592,-4.502892544750628,-11.344553481793719,-5.615997795895601,0.1
2025-05-05 14:26:54,Tazmanian Trader,onis-floor-🔫,QQQ,bear,False,True,2025-05-05,B,-0.03909498104026632,0.01950084977759836,0.8914437988545632,0.11371731709030053,-0.5249515121358295,-0.19113283959775185,-4.551796320707324,-1.0342708403990652,-7.466935507280548,-1.8435113800032932,0.0,-0.1599001915343179,-0.10130436071645321,-0.4006247418935116,-1.178351223657774,-1.6107192584215657,-1.276900585883488,-4.818589309539719,-1.3010638292314614,-9.120683187607883,-3.497259060330628,0.1
2025-05-06 13:54:20,Tazmanian Trader,onis-floor-🔫,MSFT,bear,False,True,2025-05-06,B,0.34268629254829985,0.2747296417381806,0.33348666053357734,0.6857882449965547,-0.9038638454461845,0.018915939238550727,-3.2980680772769055,1.6484607685330444,-5.374885004599816,0.6464319237595717,0.0,0.19027115255722427,0.12231450174710501,-0.37362949828881215,-0.021327913825834877,0.03634580283191195,0.9591255875166471,-6.900865864399949,-1.9543370185899989,-5.588904293962154,0.4324126343972338,0.2
2025-05-07 14:44:42,Tazmanian Trader,onis-floor-🔫,NVDA,bull,False,False,2025-05-07,B,3.1544682204752705,3.2737234979662966,3.427643388323798,2.850946225531459,8.388856920540388,4.620746137727405,19.262991021349073,14.676112661732121,16.143506846562804,12.398535147442091,1.0,-0.2529418693493968,-0.13368659185837073,1.3332787447190821,0.7565815819267431,4.041436355287137,0.2733255724741525,2.426469596578022,-2.160408763038931,-0.1391721013333556,-3.88414380045407,0.6
2025-05-07 14:54:46,Tazmanian Trader,onis-floor-🔫,MSFT,bear,False,True,2025-05-07,B,0.1658718639850676,0.068844117610245,-0.9445481143594447,-0.34546854270580685,-3.4994355749072836,0.2917678361965992,-4.347225101942076,0.26292809507766357,-4.261985394060863,-0.49392621603721043,0.0,-0.6806791125883827,-0.7777068589632051,-2.3615189297945784,-1.7624393581409408,-8.239370969390302,-4.44816755828642,-11.60061615320802,-6.990462956188283,-9.334040849341013,-5.5659816713173615,0.2
2025-05-08 12:51:46,Tazmanian Trader,onis-floor-🔫,QQQ,bear,False,True,2025-05-08,B,0.04912697275498701,0.01728209270401848,0.11462960309498449,-0.04459479715976933,-5.5390661781262285,-1.7176805720120036,-6.288252512639958,-1.8264309855010374,-5.21359998362434,-2.0556493785716112,0.0,-1.189492959541534,-1.2213378395925025,-0.2924418740254086,-0.4516662742801625,-6.75478895130613,-2.933403345191906,-7.113258883232836,-2.6514373560939175,-6.612305897998212,-3.4543552929454817,0.1
2025-05-12 13:29:00,Tazmanian Trader,onis-floor-🔫,AVGO,bear,False,True,2025-05-12,A,-0.9522073898583061,-0.6908009544446259,-5.890928971707132,-4.96740755185745,-5.991161328534322,-4.445079845396749,-5.075402068431356,-2.7743375251187086,-7.36252221057907,-5.697775963997143,0.0,0.07724950259986565,0.3386559380135459,-1.566503918904199,-0.6429824990545167,-0.9189583610894356,0.627123122048138,-1.7518840146858672,0.5491805286267802,-1.0611442726658173,0.60360197391611,0.5555555555555556
2025-05-12 13:50:17,Tazmanian Trader,onis-floor-🔫,TSLA,bear,False,True,2025-05-12,B,-1.703902940781865,-0.9852117879390665,-6.715945899324693,-5.332119905509591,-9.51106227199836,-7.501836765372927,-9.277869706049579,-6.510217718419353,-15.922260626233854,-13.793829135122483,0.0,-0.5231801160802796,0.19551103676251896,-4.137064611405142,-2.7532386175900396,-3.8569002517653304,-1.8476747451398965,-4.781619890528188,-2.0139679028979605,-6.284254725090955,-4.155823233979584,0.3
2025-05-13 03:24:46,Tazmanian Trader,onis-floor-🔫,AVGO,bull,False,False,2025-05-12,B,4.693693693693679,4.105770963538213,4.558558558558556,3.8420812955702432,2.977477477477475,1.1280062651225053,4.36036036036036,2.742287307104485,7.851351351351354,7.110877242234248,1.0,0.08977407722252187,-0.4981486529329439,1.189885798121709,0.47340853513339615,-0.2660211327774876,-2.115492345132457,0.005251813740691169,-1.6128212395151842,-1.9261720450483666,-2.666646154165473,0.5
2025-05-14 02:41:47,Tazmanian Trader,onis-floor-🔫,SPY,bull,False,False,2025-05-13,B,-0.03742705976419458,0.0,0.4508259471598164,0.0,1.197665912454715,0.0,-0.8421088446947,0.0,0.38107551759922753,0.0,0.0,1.384123467686853,1.4215505274510476,-0.030072700419174668,-0.48089864757899115,0.45327404191154325,-0.7443918705431716,-3.3258147803534777,-2.483705935658777,0.1346345879914125,-0.24644092960781522,0.3
2025-05-15 18:48:22,Tazmanian Trader,onis-floor-🔫,AVGO,bear,False,False,2025-05-15,A,0.2743484224965731,0.3471921515124765,2.0018861454046633,2.7085957341680844,0.6858710562414272,1.1637787972350155,1.178840877914955,0.0025960009578107623,-3.768004115226331,-3.8765070359242926,1.0,-0.23192991213040934,-0.15908618311450592,-0.6885558788557049,0.018153709907716326,-0.2151630955304747,0.2627446454631139,0.5240927888913528,-0.6521520880657911,0.22656503724017962,0.11806211654221796,0.7777777777777778
2025-05-15 19:01:39,Tazmanian Trader,onis-floor-🔫,PLTR,bear,False,True,2025-05-15,B,0.003902439024383586,0.1293857192251502,-1.0887804878048968,-0.3290979265893945,1.9785365853658532,2.5092969462150783,4.554146341463405,3.429883979664583,-2.8526829268292753,-2.9086416869188114,1.0,-0.006455686461930288,0.11902759373883631,-1.691796044558408,-0.9321134833429057,-1.2052978986927174,-0.6745375378434927,0.9115558428928991,-0.21270651890592304,-0.48993076537872093,-0.5458895254682572,0.7
2025-05-16 03:17:48,Tazmanian Trader,onis-floor-🔫,SPY,bear,True,True,2025-05-15,A,-0.4989429175475735,-0.0,-0.6088794926004226,-0.0,1.4190274841437645,-0.0,2.0532769556025343,-0.0,-0.24693446088794868,-0.0,1.0,-2.243302187447951,-1.7443592699003776,-4.058338357164714,-3.4494588645642907,-5.557855482506162,-6.976882966649926,-5.731545903254916,-7.784822858857451,-12.299499602722,-12.052565141834048,0.3333333333333333
2025-05-16 04:51:10,Tazmanian Trader,📊-vip-trade-writeups,SPY,bear,True,True,2025-05-16,A,-0.4989429175475735,-0.0,-0.6088794926004226,-0.0,1.4190274841437645,-0.0,2.0532769556025343,-0.0,-0.24693446088794868,-0.0,1.0,-1.495366159330289,-0.9964232417827157,-2.3546558182773514,-1.7457763256769288,0.6860042024652702,-0.7330232816784944,1.3064722745521125,-0.7468046810504213,-1.58933294027679,-1.342398479388841,0.4
2025-05-16 17:21:57,Tazmanian Trader,onis-floor-🔫,MSFT,bear,False,False,2025-05-16,A,-0.9174923357177844,-0.6737153958353614,-1.9393966321588962,-1.5859622452705446,-0.5398320522504108,-2.2091558032099057,-0.008886124316886956,-2.3108489926182862,-2.6280712667170247,-2.635662936125116,0.0,-0.6137207356320802,-0.36994379574965724,-0.7807517146685323,-0.42731732778018056,-0.28585218172029464,-1.9551759326797895,-0.25332477264659786,-2.5552876409479968,-5.516286479001912,-5.523878148410003,0.8888888888888888
2025-05-18 21:22:00,Tazmanian Trader,onis-floor-🔫,GLD,bull,False,False,2025-05-18,B,0.062112843928874284,-1.0856511417878467,1.925498161795547,1.1178123940689622,1.7676979637059498,2.6195938997712442,2.234383655928407,1.7157643734934558,3.7150195571522104,2.356407076281619,1.0,2.6447105506827406,1.4969465649660196,2.7401411120738497,1.932455344347265,3.018768397685192,3.8706643337504865,7.641324883971708,7.122705601536755,12.988751565901335,11.630139085030745,0.6
2025-05-19 04:04:27,Tazmanian Trader,onis-floor-🔫,SPY,bear,False,True,2025-05-19,B,-1.147763985716721,-0.0,-0.8076857677265847,-0.0,0.8518959360652945,-0.0,-0.5186192824349511,-0.0,-1.3586124808705913,-0.0,1.0,-2.351159649475284,-1.203395663758563,-2.3908223018725727,-1.583136534145988,-3.3077054316234573,-4.159601367688753,-7.473242778096076,-6.954623495661124,-13.930367332682717,-12.571754851812127,0.4
2025-05-20 12:30:34,Tazmanian Trader,onis-floor-🔫,COIN,bear,False,True,2025-05-20,B,1.4106819553409866,1.3702159215181253,2.312160531080265,0.5872958393808525,0.7392878696439231,-1.6178586005376694,4.084942667471337,3.1812012454274674,3.4399517199758645,3.918799786879701,1.0,0.4185212368237323,0.37805520300087103,3.034631933549534,1.3097672418501216,3.123153049024508,0.7660065788429149,0.6704126490739538,-0.23332877296991522,-2.401510659062475,-1.9226625921586382,0.7
2025-05-22 20:14:18,Tazmanian Trader,onis-floor-🔫,CMG,bear,False,False,2025-05-22,B,-1.0578842315369208,-0.5144625849519802,-1.7764471057884146,0.8573249001839978,0.7385229540918248,3.1813161066318374,0.5189620758482949,3.4235768194157856,-2.055888223552893,2.0588379822181313,0.0,-0.5815516190325476,-0.038129972447606963,-3.4406405237465023,-0.8068685177740896,-2.3013681437580003,0.14142500878201236,-4.773073562478742,-1.8684588189112517,-7.790976291832206,-3.676250086061182,0.1
2025-05-23 13:59:51,Tazmanian Trader,onis-floor-🔫,CRWV,bear,True,True,2025-05-23,A,-0.7523574914094722,-0.4160956118774539,-21.571634788884865,-19.14932950994761,-3.5079942886730553,-1.2762743701465906,-17.874570473694938,-15.181980501811477,-58.963959016522026,-55.06375089730848,0.0,-0.4057466195695114,-0.06948474003749316,-2.749874847260069,-0.32756956832281525,-2.108896392958798,0.1228235255676668,-1.9414423773187568,0.751147594564706,-5.371222709400497,-1.4710145901869531,0.3
2025-05-27 18:31:40,Tazmanian Trader,onis-floor-🔫,QQQ,bear,False,True,2025-05-27,B,-0.03454629203132331,0.04671735772234786,0.40879778903730735,-0.08894206570391194,0.37041302011361354,0.15370995410383115,-1.2014432673115305,-0.2838412221763287,-2.527637033625063,-0.4266330889520553,1.0,-0.13840768521546798,-0.05714403546179679,0.6348258387053699,0.13708598396415064,0.7420139468323526,0.5253108808225703,-3.1906176125137553,-2.2730155673785535,-5.385689599800849,-3.28468565512784,0.3333333333333333
2025-05-30 15:57:01,Tazmanian Trader,onis-floor-🔫,MSFT,bull,False,True,2025-05-30,A,0.33783047448834314,0.03149442384078327,0.6887382576665768,-0.18261761973092927,1.102853032845852,-0.3165040018211718,2.521741025696911,0.5560847007084035,3.5199755890237716,1.918518790916246,1.0,0.623041740642355,0.3167056899947951,2.5358852428623417,1.6645293654648348,2.7277079118916268,1.308350877224603,4.748237810116449,2.7825814851279413,4.2876334529857365,2.686176654878211,0.9
2025-05-31 00:59:52,Tazmanian Trader,onis-floor-🔫,MSTR,bear,False,False,2025-05-30,B,-1.1919485708849153,-0.3497680890555799,-5.312801554833713,-3.895556420765378,-0.24600078828982408,0.6540264337055346,-6.587656468733449,-4.559617813500028,-3.9047528439593915,-1.3663017754960816,0.0,-1.2509787438836761,-0.4087982620543407,-2.1805849812544342,-0.7633398471860997,-1.8838229753789502,-0.9837957533835917,-2.755433350733427,-0.7273946955000054,-2.8194501973061095,-0.2809991288427994,0.0
2025-06-02 04:15:07,Tazmanian Trader,onis-floor-🔫,ROKU,bull,False,False,2025-06-02,B,1.7560975609756113,0.9139170791462758,1.7003484320557538,0.2831032979874193,3.9721254355400637,3.072098213544705,10.926829268292693,8.89879061305927,14.52264808362369,11.98419701516038,1.0,1.168965267770934,0.32678478594159843,2.1732093207399306,0.7559641866715959,-0.27450701867920096,-1.1745342406745596,3.826943570446388,1.798904915212966,3.3799575386587186,0.841506470195409,0.7
2025-06-05 16:35:43,Tazmanian Trader,onis-floor-🔫,TSLA,bear,False,False,2025-06-05,B,9.235821085854568,8.42630763020219,5.907482385947027,6.1165509437084875,-3.959575349889999,-3.0915226980644084,-1.7343067555073866,-0.7541933567216441,-2.706666241591482,-3.3104562364065893,1.0,1.071611221852774,0.2620977662003965,-0.5029359223537633,-0.2938673645923029,-0.42527813270374465,0.4427745191218458,-0.8817666333738184,0.09834676541192411,-0.7873339990669447,-1.391123993882052,0.2
2025-06-06 14:44:10,Tazmanian Trader,onis-floor-🔫,META,bear,True,True,2025-06-06,A,-0.030107526881728575,-0.03678331712839711,0.4931899641577142,0.5766373422411042,0.48172043010752397,0.8455509985510812,2.0974910394265245,1.7336604709829895,-0.14767025089605923,0.014217662585713775,1.0,-0.6933554971831801,-0.7000312874298487,-1.1418692384495175,-1.0584218603661275,-1.9404285747232795,-1.5765980062797227,0.5973412318261218,0.2335106633825867,-3.4642143328779818,-3.3023264193962083,0.3
2025-06-09 03:10:43,Tazmanian Trader,onis-floor-🔫,META,bear,True,True,2025-06-08,A,0.629957334707798,0.6232875554774808,-0.5640981588065141,-0.0038367034606912043,0.7301778197749353,1.4021580772284103,-0.5240099647796592,-0.030446301736919423,-1.967184949746592,-0.7899689155973277,1.0,-1.3571082366234921,-1.3637780158538093,-1.447535634147292,-0.8872741788014693,-2.0431833043358725,-1.371203046882398,-3.807605679940571,-3.314042016897831,-4.229774822428867,-3.052558788279602,0.3
2025-06-10 02:02:09,Tazmanian Trader,onis-floor-🔫,PDD,bear,False,False,2025-06-09,B,-1.4867677668748192,-1.010275813924233,-2.249975220537226,-2.0600448616688194,0.3072653384874613,-0.22920462252683516,-1.625532758449788,-2.0737017631480725,-6.194865695311735,-5.045287207423965,0.0,-0.03612727684584871,0.44036467610473745,0.604765468122157,0.7946958269905635,4.340960166816857,3.80449020580256,2.3526181261817025,1.9044491214834178,-3.799263363762902,-2.649684875875132,0.8
2025-06-11 17:58:11,Tazmanian Trader,onis-floor-🔫,COIN,bear,False,True,2025-06-11,B,1.535802663105379,1.1531432631020744,5.318355002160335,5.331607275753525,-2.7416630661062813,-2.9056599518219928,-15.986488078871908,-17.01850888494143,-47.32314702069995,-45.96478897739813,1.0,0.21972062192417985,-0.1629387780791247,1.2643006713226435,1.277552944915833,0.05513742600598115,-0.10885945970973032,1.0556411278169633,0.02362032174744062,-3.4385299991549005,-2.0801719558530793,0.8
2025-06-13 06:58:09,Tazmanian Trader,onis-floor-🔫,IBM,bear,False,False,2025-06-13,B,0.354055462698355,0.10342889628230933,-1.3029959921640577,-0.6045832937513707,-1.799033087112023,-1.9761425273793543,-3.944932693517389,-3.6692434704597376,-5.95783684692941,-2.7247541401624886,0.0,0.345797502354842,0.09517093593879644,-0.853207532580177,-0.1547948341674899,-1.5989323929334653,-1.7760418332007966,-2.3594126086787295,-2.083723385621078,-7.415096241139527,-4.182013534372606,0.3
2025-06-13 14:31:04,TA Study,trading-floor,KRE,bear,False,False,2025-06-13,A,0.25720620842573094,0.29574701979360185,-0.20399113082041342,0.7863401525886049,-0.27494456762748865,-0.16267350842544825,-2.6518847006651747,-2.0855023423026475,-5.34811529933481,-1.8157661530975533,0.0,-0.2088211355022529,-0.170280324134382,-2.884599985653388,-1.8942687022443692,-4.268461130268198,-4.156190071066158,-4.369547082791824,-3.8031647244292963,-9.299663123386136,-5.767313977148879,0.2
2025-06-16 14:56:50,Tazmanian Trader,onis-floor-🔫,COIN,bear,False,True,2025-06-16,B,-3.1325776244455428,-3.384149951489579,-0.08871365204534687,-1.1926527450609181,-21.58896007885658,-23.230800529038653,-35.956628881222265,-35.52961795768703,-32.21488417939871,-29.98880010127889,0.0,-0.4792150496315295,-0.7307873766755657,-0.8353142550934425,-1.9392533481090133,-3.106039508183603,-4.747879958365678,-6.633385528378787,-6.206374604843555,-8.600508737328997,-6.3744246592091836,0.1
2025-06-18 13:49:41,Tazmanian Trader,onis-floor-🔫,CRWV,bear,False,True,2025-06-18,B,-0.591715976331364,-0.7154245590322073,-8.627218934911252,-9.279196600496853,-2.142011834319524,-0.704317494823048,6.461538461538452,8.750147241504358,2.2485207100591764,6.788960042701541,0.0,-0.5513227575868647,-0.675031340287708,-1.2212072872666495,-1.8731849528522504,-4.2458700860968905,-2.808175746600415,-4.647120378321439,-2.358511598355533,-8.277049681816099,-3.7366103491737337,0.1111111111111111
2025-06-18 14:11:56,Tazmanian Trader,onis-floor-🔫,COIN,bull,False,True,2025-06-18,B,15.706980662604586,15.987391932467043,20.836190513508733,21.64404202906489,35.114907623283244,33.83636576188653,46.96812366528869,44.84000242079675,39.417331165141746,35.04091241764542,1.0,-0.5037849834167429,-0.2233737135542857,-1.2299385848865452,-0.422087069330388,0.17351085456341347,-1.1050310068332956,1.1503450085311395,-0.9777762359607921,3.359320313937144,-1.0170984335591804,0.4
2025-06-18 14:54:21,Tazmanian Trader,onis-floor-🔫,COIN,bear,False,False,2025-06-18,B,-14.9211908931699,-15.516017977352481,-20.015567230978792,-21.136171542019287,-34.19731465265616,-33.23810398403724,-45.97003308036582,-44.16392175202959,-38.47051955633394,-34.42319960591671,0.0,0.4815394008374829,-0.11328768334509798,0.5634153730534565,-0.5571889379870397,-1.7437415577924367,-0.7845308891735108,-2.6458890802035255,-0.8397777518672904,-2.7493166221480876,1.2980033282691399,0.3333333333333333
2025-06-20 05:18:38,Tazmanian Trader,onis-floor-🔫,COIN,bear,False,False,2025-06-20,A,-1.581131826866078,-2.266315155185883,-1.320903880361013,-1.0251052239888203,-17.059753606956995,-15.599143292441141,-16.42071282693196,-13.658254188608488,-17.629619869556645,-13.902891035036792,0.0,0.04245568713814318,-0.6427276411816617,1.3051913179622165,1.6009899743344094,0.5477057821045106,2.008316096620364,-1.5401744130711759,1.2222842252522972,-2.573586998757273,1.153141835762581,0.5
2025-06-20 14:27:56,TA Study,trading-floor,CRWV,bear,False,False,2025-06-20,B,-1.268755516328346,-1.734370362407467,4.192409532215358,4.70994545825294,12.014563106796118,13.699485895125619,11.744263018534863,14.733912300014108,11.904236540158875,15.86028785828436,1.0,0.32373164214257066,-0.1418832039365503,-1.0327286594326737,-0.5151927333950912,-1.9798153621498638,-0.29489257382036227,-2.7214123660674594,0.26823691541178585,-3.0464943008988583,0.9095570172266279,0.6
2025-06-24 19:06:19,TA Study,trading-floor,TSLA,bear,False,False,2025-06-24,B,0.7781080608497914,0.6916605591825942,4.543335081890765,4.512872628922326,5.685725942763886,6.937979752628776,12.365215363991378,14.06864280160509,13.772804103281455,16.53171437077472,1.0,0.26105818604599373,0.17461068437879645,0.5912097558413798,0.5607473028729416,-1.0020474065314378,0.25020640333345173,-0.3650629585988317,1.338364479014882,-3.5307703423853263,-0.7718600748920625,0.5
2025-06-25 03:35:18,Tazmanian Trader,onis-floor-🔫,COIN,bear,False,True,2025-06-24,A,1.4489940237662813,1.3190405767099844,-4.014198754835752,-3.362786539211715,2.802312844049426,4.437423304479438,1.7041278997213083,3.7669332491974017,-7.8661656428957505,-4.920005849505271,0.0,0.5892111725405651,0.45925772548426835,0.5894572610740804,1.2408694766981168,-2.6560542459138565,-1.0209437854838446,-4.5007654084558455,-2.4379600589797525,-4.715101988597598,-1.7689421952071187,0.4444444444444444
2025-06-25 13:50:47,Tazmanian Trader,onis-floor-🔫,TSLA,bull,False,True,2025-06-25,B,-2.856041283587396,-2.6636988153567853,-3.3809834509757497,-3.9695185247070386,-5.789192716056702,-7.360811516300025,-6.385313482412958,-8.38435998983542,-8.099531407556793,-10.981380525576178,0.0,-1.8423918208252232,-1.6500493525946123,0.12081718891205125,-0.46771788481923754,1.7931761668463195,0.22155736660299574,1.775367434396491,-0.223679073025973,2.1751361025108276,-0.706713015508559,0.6
2025-06-25 14:20:11,Tazmanian Trader,onis-floor-🔫,COIN,bear,False,False,2025-06-25,B,-0.7084762093688912,-0.764446972875954,-6.291268739195743,-5.565295012530624,0.6744693513191846,2.3848700361379427,-0.4477569643211332,1.6906554414339858,-10.227562558449277,-7.20514132906791,0.0,-0.15021428996239045,-0.2061850534694532,-0.5302684754925846,0.1957052511725343,-2.459335782398159,-0.7489350975794006,-2.989788964918806,-0.8513765591636868,-3.4671393623861064,-0.44471813300474017,0.3
2025-06-26 06:50:18,Tazmanian Trader,onis-floor-🔫,PLTR,bear,False,False,2025-06-26,B,0.4142216085605721,0.8871357779229649,9.741111494649623,10.713212842783415,9.782533655505688,11.204560289768962,7.2419744563341215,9.926747605318509,1.8985157059026592,4.300854003740062,1.0,-1.1311657828257526,-0.6582516134633598,-0.6985687783037919,0.27353256982999946,-2.182259003997493,-0.7602323697342194,-3.6599819348009826,-0.9752087858165946,-3.742062066979719,-1.3397237691423158,0.4
2025-06-26 15:40:41,Tazmanian Trader,onis-floor-🔫,CRWV,bear,False,True,2025-06-26,B,1.2802098295135123,1.571970061610406,0.08742896396677358,0.8774763340269165,2.6166239930056845,3.8557854282037507,-3.166177480796839,-0.6665462788430387,21.413851245862737,23.631556830284694,1.0,-0.664916674078147,-0.37315644198125325,-0.3560321293453874,0.4340152407147555,1.1981247417731633,2.437286176971229,-2.0726488976713333,0.4269823042824674,-6.288240494927916,-4.070534910505958,0.4444444444444444
2025-06-26 18:18:29,Tazmanian Trader,onis-floor-🔫,COIN,bear,False,True,2025-06-26,A,1.4400210222047072,1.4490106677674808,7.1265273945605,7.632399267594003,11.882801208776772,12.836520878938485,6.503744580212844,8.714380148154122,-1.710681907765066,0.2188229262125141,1.0,-0.19929522678967082,-0.19030558122689722,-0.5620573050240496,-0.05618543199054633,-1.0700709544912268,-0.11635128432951447,-2.699322671889032,-0.48868710394775494,-1.7297291595037323,0.19977567447384778,0.4
2025-06-27 03:17:26,Tazmanian Trader,onis-floor-🔫,GOOG,bull,False,True,2025-06-26,B,2.084407032010538,1.7531839540833705,1.580484452843156,0.7695589861938856,2.937639580828044,1.7024875119075356,1.6778331329095897,0.40515332609587507,4.684189429078622,2.7376419809648,1.0,0.6262575322007868,0.2950344542736194,1.2494254964683704,0.43850002981909986,0.8336594734977076,-0.40149259542280086,2.568509070288621,1.2958292634749058,3.549589154160003,1.6030417060461815,0.6
2025-06-27 19:54:17,Tazmanian Trader,onis-floor-🔫,GOOG,bull,False,True,2025-06-27,A,1.955962253360033,1.6705555079754575,1.4526737203317097,0.6877836427010564,2.8081212467829575,1.6191982902952429,1.5498999142121939,0.32346635690252423,4.552473548756075,2.6524800723388253,1.0,0.31798093246953907,0.032574187084963596,1.826516811821148,1.0616267341904944,2.2987099638971755,1.1097870074094613,2.1759215982476743,0.9494880409380043,3.594829521681692,1.6948360452644424,0.8888888888888888
2025-06-30 10:31:52,TA Study,trading-floor,AMD,bear,False,False,2025-06-30,A,1.4583333333333282,1.5344614877924934,5.479166666666657,5.522899861781494,4.229166666666673,5.518486048570848,4.291666666666671,4.7711120649627015,-8.062500000000018,-7.291499967605053,1.0,-1.1399281879869971,-1.0638000335278321,-0.19048465964786038,-0.14675146453302362,-2.7817268517450544,-1.4924074698408796,-1.9593147077574535,-1.4798693094614233,-3.7158908114896185,-2.9448907790946546,0.4
2025-06-30 14:10:00,Tazmanian Trader,onis-floor-🔫,MRNA,bull,False,True,2025-06-30,A,-0.18089725036180004,-0.4107681365732918,3.798842257597679,3.601416097739274,10.311143270622281,8.86621738248845,17.727930535455847,17.094122806148683,14.2547033285094,13.32889306202465,1.0,0.9429189906134061,0.7130481044019144,0.35554087150778013,0.1581147116493753,1.6773396941148977,0.2324138059810676,1.031246595653308,0.39743886634614034,1.593266052754838,0.6674557862700883,0.7
2025-07-01 14:43:21,Tazmanian Trader,onis-floor-🔫,QQQ,bear,False,False,2025-07-01,B,0.3361666074503278,0.4220494179247858,-0.3580311022438387,0.18157221639760746,-0.5821421738773758,-0.005268956350801268,-1.3510435741160842,-0.2264648860165419,-1.540535862326542,-0.39003028804600604,0.0,0.8680175715084981,0.953900381982956,-1.197773198629114,-0.6581698799876678,-1.2027796804345323,-0.625906462907958,-0.9389597274642568,0.18561896063528524,-7.033154474517891,-5.882648900237355,0.4
2025-07-02 17:02:39,Tazmanian Trader,onis-floor-🔫,AMD,bear,True,True,2025-07-02,A,0.48135641928298556,0.6209659966614045,0.9196062935555749,1.8484538285991836,0.984266111071197,1.1061218693610209,-3.570658811696248,-2.5643400660842586,-15.245348085350962,-13.880724990860305,0.0,0.10038638728477656,0.2399959646631955,-0.8777775874176431,0.05106994762596573,0.6760966050687344,0.7979523633585582,-0.3889221993637248,0.6173965462482645,-1.6679636164749834,-0.3033405219843254,0.3
2025-07-03 16:39:28,Tazmanian Trader,onis-floor-🔫,HOOD,bear,False,False,2025-07-03,B,-0.1697792869270076,-0.2329050510284203,0.8276740237690983,0.019824055331973955,-0.31833616298813094,-0.5860213651903479,-4.350594227504256,-4.6885967365536185,-16.447368421052634,-16.152515168477667,0.0,-0.04167909297413397,-0.10480485707554665,1.1674343876286088,0.3595844191914843,0.7714573094810884,0.5037721072788715,0.16021552295979014,-0.177786986089572,-2.632829593945968,-2.337976341371001,0.6
2025-07-07 13:44:50,TA Study,trading-floor,AMD,bear,False,False,2025-07-07,B,1.23094958968345,0.8058136263895177,-0.9818288393903973,-1.4615105489182545,-5.6271981242673075,-5.22773074743641,-7.151230949589693,-6.913796524806681,-15.035169988276675,-14.162438048533698,0.0,0.008021778252416123,-0.4171141850415161,-0.06969621385147891,-0.5493779233793361,-0.7168191528565226,-0.31735177602562503,-1.307030302640769,-1.0695958778577574,-2.528848343406621,-1.6561164036636442,0.2
2025-07-07 17:38:00,Tazmanian Trader,onis-floor-🔫,AMD,bull,False,False,2025-07-07,B,-0.1481481481481417,-0.22715619406954435,2.0888888888888735,2.0647027523823303,6.785185185185183,5.877398861639183,8.325925925925937,7.580992921524077,16.296296296296298,14.9128492881214,1.0,0.4404251198247189,0.36141707390331623,1.1845622820895894,1.1603761455830461,2.9658286374960774,2.0580423139500774,3.680281579611335,2.9353485752094755,5.893116174535543,4.509669166360643,0.8
2025-07-07 18:02:01,Tazmanian Trader,onis-floor-🔫,SPY,bear,False,True,2025-07-07,B,-0.10208903518602597,-0.0,-0.047254482321501534,-0.0,-0.9310584520205722,-0.0,-0.7681675743935301,-0.0,-1.4068288371687832,-0.0,0.0,-0.1503334014290103,-0.04824436624298434,0.25477134480643254,0.302025827127934,-1.3034454757253013,-0.37238702370472887,-2.4038032754329572,-1.6356357010394273,-1.7483794457011215,-0.34155060853233826,0.3
2025-07-08 19:09:35,TA Study,trading-floor,TSLA,bear,False,False,2025-07-08,B,1.332758180276683,1.3037502514428145,1.9721852536189743,2.5426745206853063,-3.868798841212362,-3.3692178446288468,-2.964324276329222,-2.7032529168242947,-10.031153019536987,-8.687118983567155,0.0,0.06741786948682253,0.038409940652954035,-1.807103888987279,-1.236614621920947,-2.8025294173074853,-2.30294842072397,-3.8892713552518074,-3.6281999957468805,-5.48301890003258,-4.138984864062748,0.2222222222222222
2025-07-09 16:00:33,Tazmanian Trader,trading-floor🧃,TSLA,bull,False,True,2025-07-09,A,0.37145716369555437,0.02897489077093862,5.117288871550452,4.491816551514427,7.502077785504668,7.039003162958712,9.120206252014174,8.751997611170337,12.814424071781128,10.839925333981038,1.0,0.07252641840354013,-0.2699558545210756,-0.1993789248328449,-0.8248512448688695,-0.5330022605294904,-0.9960768830754461,1.5023382964041987,1.134129655560362,2.62704323465259,0.6525444968524997,0.7
2025-07-09 16:54:39,Tazmanian Trader,trading-floor🧃,AMD,bear,False,True,2025-07-09,B,-0.13746201707423022,0.19453422083763883,-4.29749674432065,-3.6825400324499658,-5.802344089133271,-5.349768103795771,-15.815366806540299,-15.457646889177612,-14.780784256981638,-12.816942103909668,0.0,-0.2636471418660957,0.06834909604577333,0.47346130810996473,1.0884180199806492,0.9094704067597725,1.3620463920972725,1.2970531407056096,1.6547730580682962,0.5152461064935243,2.4790882595654953,0.6
2025-07-10 13:19:19,Tazmanian Trader,onis-floor-🔫,CVNA,bear,False,False,2025-07-10,B,1.0877343638185266,1.347266565036076,1.6316015457277788,1.5386826094893835,0.27193359095463165,-0.05808883775412221,0.9302991269500627,1.5454865668731443,6.655216831258059,8.292512569803378,1.0,-0.11363077376430497,0.14590142745324441,-0.49792611901614325,-0.5908450552545386,-2.163114315826439,-2.493136744535193,-5.148713548063847,-4.533526108140765,-5.81678964500467,-4.179493906459352,0.3
2025-07-10 14:23:47,Tazmanian Trader,trading-floor🧃,TSLA,bull,False,True,2025-07-10,A,1.4200177134003233,1.0849368290433148,2.6113846236426097,2.629020459661402,1.7178594409608783,1.9727774343233917,4.5424463737606,3.8514422533880044,-0.0757368964368288,-1.7896195058992426,1.0,0.37969444539533104,0.04461356103832248,0.8294012081710255,0.8470370441898177,3.003451279805489,3.2583692731680025,4.619220674759269,3.9282165543866734,3.314543368403472,1.6006607589410577,0.6
2025-07-11 00:20:39,Tazmanian Trader,onis-floor-🔫,COIN,bear,False,False,2025-07-10,B,0.8009021361661817,0.9422131166716974,-0.9803042146673935,-0.6479022491601372,-2.054153798838998,-1.8164944225342872,-7.5848635903481565,-6.8076531975678645,-0.3780258082704435,1.9279124645239731,0.0,0.22650946921610188,0.3678204497216176,-0.27491480907179344,0.05748715643546287,-1.5194701477971961,-1.2818107714924853,-2.7837521029831143,-2.0065417102028227,-2.6237754823291377,-0.31783720953472133,0.3
2025-07-14 04:10:36,Tazmanian Trader,trading-floor🧃,COIN,bear,False,True,2025-07-14,B,-0.38599217824430987,-0.12121266736428993,1.1401419126358392,0.9764600331827356,-4.651014662607156,-3.8679092001256077,-5.384781971744856,-4.484531634752753,3.3134180053249085,5.524728102250275,0.0,-0.1705455950326673,0.09423391584735263,-0.4900600791755916,-0.6537419586286952,-1.7295039314891092,-0.9463984690075611,-1.7530900663649098,-0.8528397293728063,-2.5615824583141746,-0.3502723613888071,0.3
2025-07-14 20:55:57,Tazmanian Trader,trading-floor🧃,UNH,bear,False,False,2025-07-14,B,2.6692469387074147,1.8119037464585652,2.4089953621834304,1.8831157089452932,5.692169096793565,5.701730545034279,4.864702545794264,5.078241556503082,12.89246271395682,14.125889537006275,1.0,0.3949832922568331,-0.4623598999920164,-0.10393990337109527,-0.6298195566092324,-0.9619433757883412,-0.9523819275476276,-0.05440866230685071,0.15913034840196794,0.36046918995380695,1.593896013003262,0.5
2025-07-15 16:42:59,Tazmanian Trader,trading-floor🧃,UNH,bear,False,True,2025-07-15,A,0.6910873561653208,0.3491225675818277,0.425546401579624,0.4167682160754249,3.7754476748144694,4.304894001976811,2.9311636140804787,3.665647850830056,11.122080751685171,12.881754536371016,1.0,0.2889492084335643,-0.0530155801499288,0.47222868269323204,0.463450497189033,0.7756625102054138,1.3051088373677557,0.354009864353032,1.0884941011026092,2.592787633092597,4.352461417778441,0.5
2025-07-15 19:17:59,Tazmanian Trader,trading-floor🧃,AMD,bear,False,True,2025-07-15,B,-0.5947378628224254,-0.816862075965441,-3.484388131100924,-3.372925078296296,-1.4868446570560634,-0.836509866951407,-0.01939362596159455,0.8362256354954578,-14.706833020880472,-12.824791402661484,0.0,0.13021399980030182,-0.09191021334271385,-0.24372159994187687,-0.132258547137249,-2.078240072366998,-1.4279052822623415,-0.8490325431636883,0.006586718293364078,-1.7964939046172101,0.0855477136017783,0.3333333333333333
2025-07-16 19:46:20,Tazmanian Trader,trading-floor🧃,PLTR,bull,True,True,2025-07-16,A,-0.218196244379798,-0.1637579197993011,1.8183020364982871,1.2611097731448861,0.36366040729964855,-0.3104141411824912,2.2414705104469634,0.6963827686767399,4.873049457815393,3.2879335362065554,0.0,-0.047017961654153284,0.007420362926343627,-0.11756029259571088,-0.6747525559491119,0.2387688073158091,-0.43530574116633075,1.0622047814850144,-0.48288296028520916,-0.05666322334179528,-1.6417791449506325,0.6
2025-07-21 13:32:23,Tazmanian Trader,trading-floor🧃,MSFT,bear,False,True,2025-07-21,B,-0.6432517758484524,-0.646432488009907,0.3018942383583356,0.313026730923438,-0.8050513022888728,0.09031917116013588,-1.1247040252565066,0.17143618053558907,-5.69060773480663,-5.312102987593725,0.0,0.32182428642409944,0.3186435742626448,1.0861178416167294,1.0972503341818318,1.2713283739804158,2.166698847429425,1.0663912225061742,2.36253142829827,5.89562574457324,6.274130491786146,0.7
2025-07-21 13:34:05,Tazmanian Trader,trading-floor🧃,UNH,bear,False,True,2025-07-21,B,0.8922298721371402,0.8890491599756856,-0.1580722214416186,-0.14693972887651618,2.1427567795419544,3.038127252990963,0.8992553042012075,2.195395509993303,15.350569059997198,15.729073807210103,1.0,0.30833737505320813,0.30515666289175347,1.6421534623294787,1.6532859548945809,1.6204131315318713,2.51578360498088,0.8278027586843649,2.1239429644764605,4.20979209790619,4.588296845119094,0.7
2025-07-21 18:43:00,Tazmanian Trader,trading-floor🧃,CVNA,bear,False,True,2025-07-21,B,0.5381818181818265,0.15449495786457046,0.6399999999999961,0.27057188005294996,5.134545454545458,5.645990628579733,2.152727272727284,3.0634171771271923,-4.91636363636363,-4.919817420142191,1.0,0.5662645368136253,0.18257767649636936,1.1872161356237187,0.8177880156766726,2.7094692624050998,3.220914436439375,2.3067200197933366,3.2174099241932455,4.655360399735041,4.651906615956479,0.8
2025-07-22 06:02:55,Tazmanian Trader,📊-vip-trade-writeups,HOOD,bear,False,True,2025-07-22,A,1.7934625397743709,1.7553128020538211,1.5716902902323748,2.3839617891991627,-1.0992189759907456,0.17243894802769777,0.3760485970494609,1.3552251985436636,-1.687397550862979,-1.8670192326305846,1.0,1.03679096077961,0.9986412230590604,0.7682808066173352,1.5805523055841235,1.127037702298339,2.3986956263167825,1.6204886509025882,2.5996652523967905,2.894639300707283,2.7150176189396777,0.7
2025-07-22 06:29:47,Tazmanian Trader,📊-vip-trade-writeups,COST,bear,False,True,2025-07-22,B,0.7577993254637372,0.7196495877431874,0.8020657672849762,1.614337266251764,1.4038785834738499,2.675536507492293,1.4997892074198882,2.478965808914091,0.5448988195615456,0.3652771377939401,1.0,0.2533564342798911,0.21520669655934133,-0.14383631929931195,0.6684351796674759,0.8755416787993496,2.147199602817793,2.431034673882938,3.410211275377141,0.999696997814439,0.8200753160468338,0.7
2025-07-22 16:46:35,Tazmanian Trader,trading-floor🧃,QQQ,bear,True,True,2025-07-22,A,-0.1927986147062466,0.030323177917979116,-0.6498027384543859,0.4259630474124476,-1.1068068622025473,0.42954605272429447,-1.2656872020993637,-0.022580071764366494,-0.017851723583905965,0.06342835801491642,0.0,-0.2208671858717426,0.0022546067524831237,-0.8427210955399612,0.23304469032687236,0.3774540892361068,1.9138070041629482,0.9833661411667916,2.2264732715017894,3.7620382366960934,3.8433183182949144,0.5
2025-07-23 14:01:46,Tazmanian Trader,trading-floor🧃,HOOD,bear,False,True,2025-07-23,B,-1.1995637949836269,-0.5311819938638607,-1.0508575394071684,-0.3491423626259982,-5.84911271934172,-4.7473970346233685,-5.184891444433415,-4.4768270532405285,-4.738772677703973,-4.297375291802541,0.0,0.4839841247816845,1.1523659259014507,1.334096339027475,2.0358115158086454,1.799836722639385,2.9015524073577366,3.189743323812644,3.8978077150055297,-3.6044738729197774,-3.163076487018346,0.5
2025-07-23 14:18:51,Tazmanian Trader,trading-floor🧃,HOOD,bull,False,True,2025-07-23,B,0.4329992453750986,-0.24407595232476265,0.2854194071422844,-0.4249920447817468,5.047328854121269,3.936882351507065,4.388138910014661,3.6713776953812394,3.945399395316218,3.4953282144762454,1.0,0.9315492677350867,0.2544740700352255,1.0593268469407824,0.3489153950167512,0.9430902708379941,-0.16735623177620998,1.154176906895796,0.4374156922623751,2.070916640797571,1.6208454599575983,0.6
2025-07-23 19:20:27,Tazmanian Trader,trading-floor🧃,AMD,bear,False,False,2025-07-23,B,-0.2717734799646099,-0.10672961304207806,-2.464922260144098,-2.2667116831223133,-9.758564024775618,-9.162352926562667,-13.455947414991787,-13.251419369379658,-3.0969536088990113,-3.157759244080993,0.0,-0.12552264082461906,0.039521226097912754,0.2936530989803132,0.4918636760020978,-0.12557464167198495,0.47063645654096603,1.0907249099700322,1.2952529555821612,0.025009525663333053,-0.035796109518648846,0.5
2025-07-25 14:58:25,Tazmanian Trader,trading-floor🧃,PLTR,bear,True,True,2025-07-25,A,0.34202516552134243,0.5220693510376129,0.9193887476858453,1.0742739203788876,0.4612632966205288,0.2261837705534342,3.184913238570386,0.9465473164532501,-17.330321001600304,-17.13769730967243,1.0,-0.4403159250171596,-0.2602717395008891,-0.6752958858971492,-0.5204107132041069,0.13362795506280506,-0.10145157100428959,5.627926047142863,3.389560125025728,2.2343343447797426,2.426958036707616,0.6
2025-07-28 05:36:23,Tazmanian Trader,📊-vip-trade-writeups,AMZN,bear,False,True,2025-07-28,B,0.2399828583672603,0.15527431849150508,1.0027855153203369,0.6545392958310914,-0.3256910220698517,-1.1727764208274594,9.299335761731298,8.309500786516377,5.163916863081197,4.919203303440101,1.0,1.0310612468906069,0.9463527070148515,1.492051830831759,1.1438056113425132,-1.045697849883055,-1.8927832486406622,1.653972197328116,0.6641372221131958,-1.1439118071791163,-1.3886253668202129,0.5
2025-07-28 13:51:55,Tazmanian Trader,trading-floor🧃,NVDA,bull,False,True,2025-07-28,A,1.1560693641618602,1.2188302139437668,0.4464030218050752,0.7727594406709892,1.7970583185486166,2.6223634931806794,3.0160819550163254,3.984168062902238,4.19504378183484,4.417844798560622,1.0,-0.6260335342366663,-0.5632726844547598,-1.818579517992087,-1.4922230991261731,-2.770604877049867,-1.9452997024178043,-6.2696112235778125,-5.301525115691899,-3.6448410756269576,-3.4220400589011755,0.2
2025-07-28 14:55:22,Tazmanian Trader,trading-floor🧃,AMD,bear,False,True,2025-07-28,B,0.09779669792326917,-0.04173891501434435,-2.0767416441350717,-2.479670324190897,-1.426681240292238,-2.328175368821783,-1.69706034631536,-2.7412257195339462,0.8916757751826543,0.5922229429232595,0.0,0.4441626395341242,0.3046270265965107,1.7286144453596552,1.32568576530383,2.6345180105602384,1.733023882030693,3.2159569089204325,2.1717915357018462,2.6413253036470814,2.3418724713876857,0.6666666666666666
2025-07-28 18:33:48,TA Study,trading-floor,BABA,bear,False,False,2025-07-28,A,-0.1311582916632581,0.01191672052172077,2.1559144192146884,2.034850947365874,1.1148454791376383,0.4938055910820527,3.680629559799975,2.9165146595594216,2.7461267316993165,2.728831950006627,1.0,-0.10969007945570652,0.03338493272927234,0.44898264172949504,0.32791916988068043,1.885604548196937,1.2645646601413516,4.822389201047053,4.0582743008065,4.4022181576607915,4.384923375968102,0.5
2025-07-28 18:46:01,Tazmanian Trader,trading-floor🧃,BABA,bull,False,True,2025-07-28,A,0.08193363375665896,-0.06665244003323245,-2.204014748054073,-2.0884478017730412,-1.1634575993445306,-0.5478867222149963,-3.727980335927894,-2.9693265729266005,-2.793936911102002,-2.7821443655631106,0.0,0.17667037341568703,0.028084299625795603,-0.21057690615642213,-0.09500995987539056,-0.5634921740927403,0.05207870303679396,0.12114215047612555,0.8797959134774188,-0.4311868661071444,-0.4193943205682537,0.4444444444444444
2025-07-29 13:37:03,Tazmanian Trader,trading-floor🧃,BABA,bull,False,False,2025-07-29,B,-2.4995915700049,-2.0124132878174494,-4.116974350596314,-3.504476896142006,-4.370200947557601,-1.761995674753436,-4.394706747263511,-2.7655575077942363,0.0,-0.6767235302410857,0.0,-0.8369515880797866,-0.3497733058923363,-1.3220760211095504,-0.709578566655242,-5.017812679102679,-2.4096074062985133,-2.2365343938895865,-0.6073851544203122,4.017163006611806,3.3404394763707224,0.3333333333333333
2025-07-29 14:03:56,Tazmanian Trader,trading-floor🧃,AMD,bear,False,False,2025-07-29,A,1.4933659024038204,1.0748246831477903,0.3441958585466032,-0.19975096947526527,4.679953367012713,2.1389222193946456,3.2309998334536183,1.6697000043187749,2.875700882695831,3.621864254852658,1.0,0.4043043807484172,-0.014236838507613082,1.7816324579306642,1.2376856299087957,2.57977899825901,0.03874785064094226,1.889884653497783,0.3285848243629396,-3.3782198680368345,-2.6320564958800077,0.3
2025-07-29 15:19:05,Tazmanian Trader,trading-floor🧃,COIN,bear,False,False,2025-07-29,B,0.20419129500268696,0.025827256687505074,-1.4185921547555047,-1.722664263418805,15.45137023105857,13.14539710210143,19.93820526598602,18.614326436623585,13.320795271359476,14.309944936402474,1.0,0.20971642190583673,0.03135238359065484,0.4690110416048032,0.16493893294150297,1.408175286367328,-0.8977978425898115,-0.7417412256984758,-2.065620055060911,-6.1810407658130995,-5.191891100770102,0.6
2025-07-29 19:25:38,Tazmanian Trader,trading-floor🧃,SPY,bull,False,True,2025-07-29,A,-0.050347713899123736,0.0,-0.17621699864690532,0.0,-2.180685358255452,0.0,-1.1973315711633514,0.0,1.1186632681959852,0.0,0.0,-0.3863314688518449,-0.33598375495272115,-0.26083656669969696,-0.0846195680527917,-4.318008202503539,-2.137322844248087,-1.9904114689334627,-0.7930798977701112,2.1932649683031853,1.0746017001072008,0.3
2025-07-29 19:40:20,Tazmanian Trader,trading-floor🧃,QQQ,bull,False,True,2025-07-29,A,-0.02467395135706818,-0.05616703862442174,0.10927035600987178,0.20374961781188805,-2.3827987310539256,-0.28220981032204273,-1.2566090941135033,-0.1401791504861416,2.229467747620717,1.0280064683714896,1.0,-0.2208143463697365,-0.2523074336370901,-0.3909809701391798,-0.29650170833716355,-4.012898787814695,-1.912309867082812,-1.3711372289512345,-0.25470728532387304,0.9725099854809673,-0.2289512937682609,0.4
2025-07-31 17:54:16,Tazmanian Trader,onis-floor-🔫,AMD,bear,False,False,2025-07-31,B,0.9661849316491944,0.44681069890658565,3.5556346932344662,1.4057401419423354,2.0895904681287103,0.9233592364248477,3.1624427554666323,2.669824165016821,-1.6401159129832532,-0.13393063802966676,1.0,0.4256083674128626,-0.09376586532974611,3.086252960407077,0.9363584091149456,0.6579816474631599,-0.5082495842407029,-0.346346806251542,-0.8389653967013533,-1.9765796264706448,-0.47039435151705866,0.8888888888888888
2025-07-31 18:12:48,Tazmanian Trader,onis-floor-🔫,COIN,bear,False,False,2025-07-31,B,0.7227142519250496,0.5032879176077198,17.297837113347867,15.442974215341653,21.686683661401794,20.818449964462715,18.32277732516885,18.130187305120536,14.617224251662241,16.429464768182356,1.0,0.44597388357825557,0.2265475492609259,4.415542238680462,2.560679340674246,0.8229428090366142,-0.04529088790246618,-0.5457509051889058,-0.7383409252372164,-2.7503476154838538,-0.9381070989637397,0.9
2025-08-01 16:06:58,Tazmanian Trader,trading-floor🧃,TSLA,bear,False,False,2025-08-01,B,1.7052098220085798,1.339825206623968,-0.4482265817851161,0.7008118797533491,-3.907366506431087,-2.500315224379812,-7.070936728595556,-4.9587572414160785,-7.366506431077036,-4.251121815692405,0.0,1.026990589884885,0.6616059745002734,-0.5335878735647215,0.6154505879737437,-3.3400779574446857,-1.9330266753934104,-5.652154890900275,-3.5399754037207964,-2.768244545155747,0.34714007022888377,0.4
2025-08-04 13:29:44,Tazmanian Trader,trading-floor🧃,AMD,bear,False,True,2025-08-04,B,-1.2456687952807854,-0.3666111450818077,0.16895277913002715,0.536558705576895,1.26285043383636,2.314523040801708,1.331576988058758,2.9698207907023266,-0.8791271727613736,1.9386521677855706,1.0,-0.5431939344648896,0.33586371573408824,-0.9344523098732317,-0.5668463834263637,-2.1694671001302495,-1.117794493164902,-0.782206952218101,0.856036850425468,-3.643903420012952,-0.8261240794660077,0.5
2025-08-04 13:30:21,Tazmanian Trader,trading-floor🧃,QQQ,bear,False,False,2025-08-04,A,-0.9015132543913174,-0.02729238176866211,-0.2164347297249014,0.14635894136347805,-1.8209136765284795,-0.774086123388007,-2.466640432153988,-0.8332698072538891,-3.2286337781275876,-0.4157841696890596,0.0,-2.0752002613907363,-1.2009793887680806,-0.9665131556114381,-0.6037194845230587,-1.174558999611791,-0.12773144647131848,-1.0775385746893427,0.5558320502107563,-4.414297728182527,-1.6014481197439998,0.1
2025-08-04 15:25:53,Tazmanian Trader,trading-floor🧃,QQQ,bull,True,True,2025-08-04,A,0.38259631639825376,0.1085453667521552,-0.29895898211586003,-0.0646255614039637,1.2972684402526857,0.8516377656107466,1.9396743482516188,0.9109903488553339,2.697748910045372,0.4966034565109245,1.0,0.5618333650776897,0.2877824154315911,0.7653453060842841,0.9996787267961803,2.1914734454740854,1.7458427708321467,4.475306907765611,3.4466229083693256,3.4746971818838204,1.2735517283493736,0.7
2025-08-04 16:10:51,Tazmanian Trader,trading-floor🧃,PLTR,bear,False,False,2025-08-04,B,-0.5948281259783306,-0.38843633084599816,-8.490388829753925,-8.792038376485788,-14.081773213950278,-13.703917465938776,-14.382317951286705,-13.421802289324724,-8.96625133053659,-6.834065323900318,0.0,-0.11203865564070492,0.09435313949162749,1.0641891202950515,0.7625395735631879,-0.12465506563056894,0.2532006823809329,0.6315615736669621,1.5920772356289425,-2.5949464794115187,-0.4627604727752467,0.3
2025-08-05 13:32:13,Tazmanian Trader,trading-floor🧃,AMD,bear,False,True,2025-08-05,B,1.76397655545536,1.1609185289271462,8.070333633904415,8.228616580499736,2.6375112714156934,3.492239183030499,1.4032912533814335,3.1301582007365436,6.13728584310188,7.408297904262417,1.0,-0.5967537963479186,-1.1998118228761323,-1.207541064329809,-1.0492581177344862,-3.576429733294092,-2.7217018216792868,-7.05642808126638,-5.32956113391127,-2.3165145784092753,-1.0455025172487389,0.2
2025-08-05 16:40:34,Tazmanian Trader,trading-floor🧃,QQQ,bear,False,True,2025-08-05,B,0.26523782398176765,0.09355035875644457,-0.9897465109655501,-0.3967888764372818,-2.2767729991455266,-0.9843479136992128,-3.2558387923668386,-1.08748969452086,-1.338649957277127,0.37186589996791586,0.0,-0.4134842148486739,-0.585171680073997,-3.549937589236092,-2.9569799547078235,-2.4918659571125064,-1.199440871666192,-3.301414403933223,-1.1330653060872442,-0.9759008437873419,0.7346150134577012,0.2
2025-08-07 17:24:55,Tazmanian Trader,tazmanian-trades-💸,AAPL,bear,False,True,2025-08-07,B,-0.3100068383861343,-0.04994118766699085,-4.55892409391383,-3.517075724874341,-4.695691816731262,-2.780086291921946,-6.122635058126291,-3.8486463804966897,-2.530202872122178,-1.746834387638918,0.0,-0.5569314624727073,-0.29686581175356386,-0.9064291510878342,0.1354192179516544,-4.133594981452491,-2.217989456643175,0.06480563192528548,2.338794309554887,2.4233590264805747,3.2067275109638347,0.4
2025-08-07 19:23:12,Tazmanian Trader,tazmanian-trades-💸,PLTR,bear,True,True,2025-08-07,A,-1.0145811387702874,-0.6948591303131302,-3.6536009314187545,-2.5516310313021373,-3.659145090646998,-1.6828981351462602,-0.36037034983644745,1.974473002246513,13.411321173144087,14.254657389000059,0.0,-0.6594693484452963,-0.339747339988139,-1.5695096817463252,-0.4675397816297077,-4.40876155762913,-2.4325146021283923,-0.5225614416775645,1.812281910405396,-0.2010925344025193,0.6422436814534528,0.2
2025-08-08 14:32:26,Tazmanian Trader,trading-floor🧃,PLTR,bear,False,False,2025-08-08,B,0.09084593598033264,0.20711769765463517,2.3780259712499308,2.296321490073372,1.4749104900336651,2.802608309152499,5.322503072730189,6.4223710885682905,15.17127130871586,16.56496120878498,1.0,-0.13432316366240538,-0.018051401988102844,-0.13565928388442505,-0.21736376506098373,-0.6050846589581171,0.7226131601607166,0.26106721966608026,1.3609352355041815,1.2168956488578277,2.6105855489269443,0.4
2025-08-08 15:42:01,Tazmanian Trader,trading-floor🧃,AAPL,bear,False,False,2025-08-08,B,-2.224104118381165,-2.040144746673178,-1.2569085398466795,-1.2710592607472981,-3.9980388661080335,-2.6018344039140384,-3.22249955428775,-2.054278928825881,-1.5154216437867518,-0.05318048405655862,0.0,0.4369700491541872,0.6209294208621741,-0.2224580281117794,-0.23660874901239798,-1.1985620431037858,0.1976424190902093,-1.3309733301318727,-0.16275270467000397,-1.797938589688869,-0.33569742995867546,0.4
2025-08-12 02:54:23,Tazmanian Trader,trading-floor🧃,GLD,bull,False,False,2025-08-11,B,0.01622217896306566,-0.6731196562529185,0.32119914346893097,-0.712813609355023,-0.25631042761664613,-1.063153712017173,-0.9571085588216399,-1.1952448291689621,1.252352215949637,0.17603894141924314,1.0,0.954921286751057,0.2655794515350729,1.6312416976413413,0.5972289448173873,1.1760950475129062,0.36925176311237917,0.206659247667844,-0.03147702267947823,2.99268569183756,1.9163724173071657,0.8
2025-08-12 03:12:28,Tazmanian Trader,trading-floor🧃,AMD,bull,False,False,2025-08-11,B,0.9404569582275535,0.25111512301156935,6.404338795291942,5.370326042467988,2.4174936533579494,1.6106503689574225,-3.9060696976690457,-4.144205968016368,-3.8656819755365723,-4.941995250066967,1.0,0.9533072618463034,0.2639654266303193,1.2538844435434924,0.21987169071953866,2.5999433101551874,1.7931000257546603,1.7563831400731946,1.5182468697258724,2.9614844271933576,1.8851711526629642,0.9
2025-08-12 11:35:58,Tazmanian Trader,onis-floor-🔫,GLD,bear,False,False,2025-08-12,B,-0.01622217896306566,0.6731196562529185,-0.32119914346893097,0.712813609355023,0.25631042761664613,1.063153712017173,0.9571085588216399,1.1952448291689621,-1.252352215949637,-0.17603894141924314,0.0,-1.4200004799195836,-0.7306586447035991,0.3395750851421743,1.3735878379661284,1.095232782728134,1.902076067128661,3.7035527029805118,3.941688973327834,1.9215286250099894,2.997841899540383,0.3
2025-08-12 12:20:35,Tazmanian Trader,📊-vip-trade-writeups,GLD,bull,False,True,2025-08-12,B,0.01622217896306566,-0.6731196562529185,0.32119914346893097,-0.712813609355023,-0.25631042761664613,-1.063153712017173,-0.9571085588216399,-1.1952448291689621,1.252352215949637,0.17603894141924314,1.0,1.1974952761436497,0.5081534409276656,2.9884110254412364,1.9543982726172824,1.8468876305582171,1.0400443461576903,-0.32244157507247306,-0.5605778454197953,2.1785186250140756,1.1022053504836815,0.8
2025-08-12 12:38:38,Tazmanian Trader,📊-vip-trade-writeups,META,bear,False,True,2025-08-12,B,-2.199223803363526,-1.5098819681475417,-0.9159120310478608,0.11810072177609321,-1.58214747736094,-0.7753041929604132,2.7839586028460483,3.0220948731933706,2.4450194049159046,3.5213326794462985,0.0,-0.31377729489091344,0.3755645403250707,-0.4213619336785146,0.6126508191454393,-1.609202850735744,-0.8023595663352168,-0.6935701513637569,-0.45543388101643484,-1.7604524615666506,-0.6841391870362569,0.3
2025-08-12 12:58:13,Tazmanian Trader,📊-vip-trade-writeups,AMD,bear,False,True,2025-08-12,A,-0.9404569582275535,-0.25111512301156935,-6.404338795291942,-5.370326042467988,-2.4174936533579494,-1.6106503689574225,3.9060696976690457,4.144205968016368,3.8656819755365723,4.941995250066967,0.0,-0.8660786824854959,-0.1767368472695119,-0.9804082170747584,0.05360453574919548,-1.8106725192289832,-1.003829234828456,-0.9482078240938939,-0.7100715537465722,-5.241281969670705,-4.1649686951403115,0.3
2025-08-12 13:06:21,Tazmanian Trader,trading-floor🧃,TSLA,bull,False,False,2025-08-12,B,-1.2057971014492797,-1.8951389366652638,-1.6289855072463832,-2.6629982600703372,-4.185507246376807,-4.992350530777334,-4.547826086956519,-4.785962357303841,1.9333333333333425,0.8570200588029486,0.0,0.8928974561869939,0.20355562097100988,2.1097339269545534,1.0757211741305994,2.0829146271477788,1.2760713427472514,1.0255154330750957,0.7873791627277738,1.8982586005034416,0.821945325973048,0.6
2025-08-12 13:35:40,Tazmanian Trader,trading-floor🧃,SPY,bull,False,True,2025-08-12,B,0.6956521739130528,0.0,1.0403446925186133,0.0,0.8131609870740464,0.0,0.24441833137485158,0.0,1.0826478652565585,0.0,1.0,0.6215820853517616,-0.07407008856129105,0.9642906511363192,-0.0760540413822941,0.6175834155406822,-0.19557757153336408,-1.7357292238738062,-1.9801475552486578,-1.2849441537011752,-2.3675920189577337,0.7
2025-08-12 13:38:12,Tazmanian Trader,trading-floor🧃,AAPL,bear,False,True,2025-08-12,A,-0.7236842105263097,-0.028032036613256928,-2.337719298245622,-1.2973746057270086,-1.5745614035087785,-0.7614004164347321,-1.1228070175438587,-0.8783886861690071,-0.5745614035087776,0.5080864617477809,0.0,-0.7138666198032406,-0.018214445890187836,-0.5448457269409114,0.49549896557770196,-1.942732386662044,-1.1295713995879975,-1.941789868527494,-1.6973715371526423,-2.0335513840677195,-0.9509035188111614,0.2
2025-08-12 16:17:14,Tazmanian Trader,trading-floor🧃,AAPL,bull,False,True,2025-08-12,A,-0.11525998738664,-0.3742182264706351,1.4853315355674912,0.8831756302276395,0.7285301089533069,0.35257266546391275,0.280538459865598,0.47085716569840175,-0.263140725920441,-0.9074163448462347,0.0,0.3319254454262677,0.0729672063422726,0.9851772792813884,0.38302137394153674,0.651318252602402,0.27536080911300764,-2.2851815143997998,-2.094862808566996,0.4485083115812637,-0.1957673073445298,0.5
2025-08-13 17:15:46,Tazmanian Trader,trading-floor🧃,PLTR,bear,False,False,2025-08-13,B,0.34862038213117064,0.6761015772430712,2.1592843823473595,2.496099958317566,5.9373564305596815,6.017476532926724,15.677107261573386,14.949803419697805,15.293354592870845,15.891532832873345,1.0,-0.33921095241817745,-0.0117297573062769,-0.8278780461997058,-0.49106247022949967,-1.8294627697981838,-1.7493426674311408,1.5837580094467396,0.8564541675711579,-2.9778146020113203,-2.37963636200882,0.5
2025-08-14 02:52:07,Tazmanian Trader,📊-vip-trade-writeups,META,bull,False,True,2025-08-13,B,0.5463567645395129,0.21032166754046955,0.9448758163212778,0.8437541436132179,-3.3938396667866466,-2.93023569037133,-4.985344783257051,-3.859004921093667,-3.441404843934792,-4.395060003473683,0.0,0.2838578701046435,-0.05217722689439985,1.012553789847983,0.9114321171399233,-0.35540534838233045,0.10819862803298608,-1.000141430863708,0.12619843129967562,2.756095938653058,1.802440779114167,0.7
2025-08-14 16:43:27,Tazmanian Trader,trading-floor🧃,PLTR,bear,False,True,2025-08-14,B,-0.2547629596809875,0.03446560863760162,1.8774922463447141,1.931916976942294,12.632919805050957,12.12288232973645,13.502436863092592,12.329972666790356,12.428001772264064,13.33456228478951,1.0,-0.8872055059022699,-0.5979769375836808,-1.248589812515959,-1.1941650819183791,-0.2889473806934849,-0.7989848560079913,1.6510247717128235,0.47856057541058716,-3.46616074004043,-2.559600227514985,0.5
2025-08-14 17:15:53,Tazmanian Trader,tazmanian-trades-💸,QQQ,bear,False,True,2025-08-14,A,0.15925897230616437,0.22524558228401714,0.5982972202852932,0.4300026615197461,1.986002427623268,1.2545021453222005,3.0190335993388717,1.6265811456159796,0.643061904392972,1.3250062891465686,1.0,0.02038277074347894,0.08636938072133171,-0.5087442847086487,-0.6770388434741959,0.8045769262182144,0.07307664391714726,1.2365500543759769,-0.15590239934691558,-1.9067142339190426,-1.2247698491654455,0.3
2025-08-15 07:33:29,Tazmanian Trader,trading-floor🧃,RDDT,bear,False,True,2025-08-15,A,-1.6180562712563074,-2.0127992239335812,0.3359785633309298,-0.08043655145413275,9.978357209110577,8.758524084758811,10.41533546325878,10.310070675878158,7.212202411625257,7.066689323187347,1.0,-0.2344408550980281,-0.629183807775302,-0.45880610899043506,-0.8752212237754975,2.9117152905297368,1.6918821661779702,0.42115046143863955,0.31588567405801843,-0.8574258773977081,-1.002938965835618,0.6
2025-08-18 14:20:06,Tazmanian Trader,trading-floor🧃,NFLX,bear,False,True,2025-08-18,A,-0.08842443729903948,-0.08811353939481847,2.3954983922829576,1.85329244729322,3.0385852090032195,1.8341667279881957,2.0819935691318348,1.9532818367776317,2.4035369774919713,1.932837550476807,1.0,0.6961906006280993,0.6965014985323204,3.2976306438764125,2.755424698886675,3.697003960348337,2.4925854793333126,0.5935162137098795,0.4648044813556764,-4.153982316310034,-4.6246817433251985,0.7777777777777778
2025-08-18 15:45:37,Tazmanian Trader,tazmanian-trades-💸,RDDT,bull,False,True,2025-08-18,B,0.7459265741551091,0.671255593165121,-4.913114139267405,-4.4448648626425165,-8.884443888819437,-7.753489655908186,-8.43438763178731,-8.379940041482092,-8.296870442138605,-7.900180855629147,0.0,-0.32157845366652227,-0.3962494346565104,-2.38088816723531,-1.9126388906104217,-1.8637186360015565,-0.7327644030903046,1.3458885035444879,1.4003360938497056,1.9463886853788825,2.3430782718883405,0.3
2025-08-20 13:54:54,Tazmanian Trader,trading-floor🧃,SPY,bull,False,True,2025-08-20,B,-0.009401883510651299,0.0,-0.41054891329896925,0.0,0.6738016515975387,0.0,1.3256655750035318,0.0,1.7158437406960658,0.0,1.0,1.2347796454827997,1.2441815289934512,0.6053714800284526,1.015920393327422,1.3494495896847514,0.6756479380872127,2.7299476439525807,1.4042820689490487,3.600168957620828,1.8843252169247624,0.8
2025-08-20 14:18:32,Tazmanian Trader,trading-floor🧃,RDDT,bear,True,True,2025-08-20,A,-5.365449763353558,-4.7854015310820675,-5.500552231337896,-5.324015812820493,-6.02166175070602,-4.754382460634599,-1.8576106839031548,0.0653753035186222,-11.995120870870512,-9.679656595851993,0.0,-1.8493663271630645,-1.2693180948915739,0.09249680520481918,0.2690332237222226,-3.0316520096829658,-1.7643727196115442,-4.431124694384871,-2.508138706963095,-9.478111983409027,-7.162647708390509,0.1
2025-08-20 17:07:46,Tazmanian Trader,trading-floor🧃,SPY,bear,False,True,2025-08-20,B,-0.28209298853554277,-0.0,0.12022347422269153,-0.0,-0.9672882141706474,-0.0,-1.6210524661527614,-0.0,-2.0123680881324324,-0.0,0.0,-0.9454047537481868,-0.6633117652126442,-0.2682378995395629,-0.38846137376225437,-2.1414923277714215,-1.1742041136007741,-3.7887843520936877,-2.1677318859409267,-3.779768431244828,-1.7674003431123964,0.1
2025-08-21 13:28:29,Tazmanian Trader,trading-floor🧃,SPY,bear,False,True,2025-08-21,B,0.11472936443075454,-0.0,-1.4191865216571342,-0.0,-1.3956119947193146,-0.0,-1.9865468032941536,-0.0,-1.7225121015904898,-0.0,0.0,0.14608946027272918,0.03136009584197463,-3.2433971184149586,-1.8242105967578237,-2.5765013012585767,-1.1808893065392623,-2.427975645300868,-0.4414288420067149,-3.45178832806197,-1.7292762264714798,0.2
2025-08-22 17:27:43,Tazmanian Trader,trading-floor🧃,QQQ,bear,False,True,2025-08-22,B,0.05939089993025615,0.005894870933975671,0.3476962393975547,-0.14566291162944056,-0.20619947339719502,-0.05525207947778554,0.3337177986961204,0.2399526106406924,-1.1462496105693942,-0.6545631784571571,1.0,-0.18643490336259783,-0.2399309323588783,-1.242886850040983,-1.7362460010679783,-1.121884056147996,-0.9709366622285864,-1.9628867122130376,-2.0566519002684656,-4.312289100990038,-3.8206026688778016,0.4
2025-08-22 18:24:14,Tazmanian Trader,trading-floor🧃,BABA,bear,False,True,2025-08-22,A,0.15836277256670028,0.1095728403304852,-0.9867218906078667,-1.4753956563387405,0.7349656880659472,0.8906288052004996,-9.635765623096603,-9.724826610511904,-14.670889673935106,-14.174471474515936,0.0,0.12077187246358423,0.07198194022736915,0.6051747723207989,0.11650100658992515,0.0476997949825686,0.203362912117121,-3.8551805704466857,-3.944241557861987,-2.5816989271596666,-2.0852807277404986,0.4
2025-08-24 23:18:26,Tazmanian Trader,trading-floor🧃,COIN,bear,False,True,2025-08-24,B,1.9780571794666524,1.7342835008131607,1.1836309762152664,1.3575332183120348,1.1868343076799848,1.9445512196730297,2.7596700568591315,2.174302688372709,-2.1158004324497437,-1.1391530192455868,1.0,0.4199065670268232,0.17613288837333152,0.2605857771472908,0.4344880192440592,-2.5524757333432073,-1.7947588213501633,-1.7736181031664977,-2.35898547165292,-4.328820859682544,-3.3521734464783868,0.2
2025-08-25 08:00:03,Tazmanian Trader,trading-floor🧃,META,bear,False,False,2025-08-25,B,0.2013725126520316,-0.042401166001460044,0.09538697967728105,0.26928922177404946,0.49150790917040776,1.2492248211634527,2.6112185686653855,2.025851200178963,-1.4414032484565853,-0.46475583525242836,1.0,0.8660132929105158,0.6222396142570241,-0.1057407646537134,0.06816147744305501,-1.3658286060527733,-0.6081116940597286,-0.5240380436614422,-1.1094054121478645,-4.053383664798402,-3.0767362515942454,0.3
2025-08-25 13:50:27,Tazmanian Trader,trading-floor🧃,QQQ,bear,False,True,2025-08-25,A,-0.057895752557080016,-0.3148334587476431,-0.4596571869681876,-0.29897408974326467,-1.2438814716047686,-0.49946074581397326,0.7666801171950399,0.1681937985457016,-1.845646414849389,-0.8823240783463637,0.0,-0.6147028613256067,-0.8716405675161697,-2.0254177314835085,-1.864734634258586,-2.019181898810032,-1.2747611730192365,-1.5328515212516027,-2.131337839900941,-2.941956910423318,-1.9786345739202928,0.3
2025-08-26 16:27:16,Tazmanian Trader,trading-floor🧃,QQQ,bear,False,True,2025-08-26,A,-0.17669699090272495,0.12179190904129111,-0.330650804758581,0.19636865920509283,0.20993701889433503,0.491324992279063,0.26766969909026717,0.3454011834506998,-1.592022393282022,-0.19751956385598568,0.0,-0.48706295622182766,-0.18857405627781154,-0.5937080869176526,-0.0666886229539787,-0.6766998624427623,-0.39531188905803427,-2.062002886065918,-1.9842714017054852,-5.523874544799286,-4.129371715373249,0.3
2025-08-27 13:36:09,Tazmanian Trader,trading-floor🧃,QQQ,bear,False,True,2025-08-27,B,-0.33574131647686745,-0.0161484095777098,-0.9638347641850231,-0.28896624718921515,1.0411654895017497,0.37405408189666867,-0.6401654387643951,0.0657315157944538,-2.1885295090198875,-0.16237253615425384,0.0,-0.0030131178593983954,0.31657978903975925,-0.499714273770514,0.17515424322529394,-0.2907344008815927,-0.9578458084866736,-0.9396747314700725,-0.23377777691122362,-3.708596972791157,-1.6824399999255235,0.4
2025-08-27 20:22:15,Tazmanian Trader,trading-floor🧃,NVDA,bear,False,True,2025-08-27,B,0.35947350956753166,0.6190371953718632,3.672160159274407,3.333800354565175,5.640968919367317,5.100211240608276,7.631899126202846,7.631899126202846,1.6591085056962718,3.230395817976095,1.0,-0.5585090613181387,-0.2989453755138072,-2.069568697607792,-2.407928502317024,-3.812846843044788,-4.353604521803829,-5.673509683976766,-5.673509683976766,-8.502399717898388,-6.931112405618565,0.2
2025-08-29 13:20:28,Tazmanian Trader,trading-floor🧃,AVGO,bear,False,False,2025-08-29,B,3.1334484218755065,2.759685930949274,2.8565844760756964,1.7445638419150367,0.29640728315037945,0.5512453451455346,-12.585909253770232,-12.375860911762103,-18.592228266180257,-16.516456415747037,1.0,0.7667866143920665,0.3930241234658338,1.5651263588246134,0.4531057246639536,0.04135497713389284,0.296193039129048,-0.7365134424847085,-0.5264651004765796,-1.662915550891548,0.4128562995416686,0.8
2025-08-29 13:40:08,Tazmanian Trader,trading-floor🧃,QQQ,bull,False,True,2025-08-29,B,-0.7430351332068819,-0.36927264228064915,-1.5748168514103655,-0.46279621724970577,0.0974472305845131,-0.15739083141064203,0.7308542293838372,0.5208058873757082,2.9599596290044605,0.8841877785712438,0.0,-0.03708264822743038,0.3366798426988023,-0.11928079249311002,0.9927398416675496,-0.33741357072449485,-0.59225163271965,0.5932515478661212,0.3832032058579922,3.485888987691647,1.41011713725843,0.2222222222222222
2025-08-29 13:48:12,Tazmanian Trader,trading-floor🧃,QQQ,bear,False,True,2025-08-29,B,0.5266645739597453,0.22448766685344568,1.360259495657623,0.3192939762204472,-0.3156499598897966,0.011225361494848762,-0.9504377245300288,-0.6683843064039463,-3.1844023577831226,-1.035284831507055,1.0,-0.5771716843349706,-0.8793485914412702,-1.8050646576174667,-2.8460301770546423,-2.13372161584279,-1.806846294458144,-2.1333400536320815,-1.8512866355059991,-2.668623934489498,-0.5195064082134303,0.5
2025-09-02 15:02:42,Tazmanian Trader,trading-floor🧃,SPY,bull,True,True,2025-09-02,A,0.41088371363600107,0.0,0.9550693954363698,0.0,1.503959852583714,0.0,1.988551713322373,0.0,3.505057633497999,0.0,1.0,0.7892200892200374,0.3783363755840363,-0.2774697934736904,-1.23253918891006,0.516583739935278,-0.9873761126484359,3.244680095907003,1.2561283825846303,6.582536719829295,3.077479086331296,0.5
2025-09-03 12:26:00,Tazmanian Trader,trading-floor🧃,NVDA,bear,False,True,2025-09-03,B,0.2572196889980116,0.4237126013791892,-0.3507541213609189,0.6528713785068252,1.6076230562375726,2.5661243088244468,-3.6653805682216767,-2.1809484335335583,0.45013445574653144,3.0191045337025546,1.0,-0.4616566417291492,-0.29516372934797164,-2.1699895417095836,-1.1663640418418397,-4.5720913743888865,-3.6135901218020114,-5.219486560179627,-3.735054425491508,-6.125112669350232,-3.556142591394209,0.0
2025-09-03 13:54:27,Tazmanian Trader,trading-floor🧃,HOOD,bear,False,True,2025-09-03,B,-0.3883301802250161,-0.2732446436775726,-2.469381658866854,-1.5175931674205057,-16.777855222543046,-15.87116781974367,-16.95708453649307,-15.524736169463527,-18.13203226127651,-15.615702556766408,0.0,-0.1022158850227306,0.012869651524712866,-0.8968128368533034,0.054975654593044695,-1.8547221143690726,-0.9480347115696951,-5.695902591286709,-4.263554224257165,-7.410958136057888,-4.894628431547787,0.3
2025-09-04 13:14:18,Tazmanian Trader,trading-floor🧃,BABA,bear,False,True,2025-09-04,B,1.682186842895772,2.411524852268554,-1.817362571342751,-1.3797597657190908,-10.46860919194954,-9.55150543973824,-16.73175127665967,-14.681845935422588,-22.018624211474915,-19.25024334185572,0.0,-0.7676120509778995,-0.03827404160511749,-0.21925339245717268,0.2183494131664876,-3.336031641061254,-2.418927888849953,-3.1735961545575906,-1.1236908133205115,-6.606329476583912,-3.83794860696472,0.3
2025-09-05 12:59:01,Tazmanian Trader,trading-floor🧃,QQQ,bear,False,False,2025-09-05,A,0.7631483746490142,0.11232256265171214,0.2790745749280843,-0.12769155757021977,-0.036176333786985815,0.07587622346727496,-1.062895140312481,-0.15265998343891862,-3.248979310582434,-1.3732502014770054,1.0,0.9416626953821339,0.2908368833848318,0.3933811914145757,-0.013384941083728341,-0.38738275502886443,-0.27533019777460366,0.46455649208783756,1.3747916489613998,-1.1925080866497537,0.6832210224556745,0.6
2025-09-05 14:15:07,Tazmanian Trader,trading-floor🧃,NVDA,bear,False,False,2025-09-05,B,-0.6842089399282658,-0.9492483876600288,-1.4618561051330747,-1.4818881564151232,-6.89935798896828,-6.398556706917002,-7.19474334629413,-5.892660012960804,-6.501491997468123,-4.2301655674878536,0.0,-0.15739617996506583,-0.42243562769682885,-0.9665038302606387,-0.9865358815426873,-6.508092639777118,-6.00729135772584,-8.508042697189772,-7.205959363856446,-13.61455612042109,-11.343229690440818,0.3
2025-09-08 13:16:09,Tazmanian Trader,trading-floor🧃,AMD,bear,False,True,2025-09-08,A,0.25691699604744045,0.2892934260064317,-2.6482213438735025,-2.3845846999217324,-2.54940711462448,-1.160304095907816,-6.1660079051383265,-4.271215885157442,-5.263504611330694,-2.454463878698321,0.0,-0.06109253643356238,-0.028716106474571124,-0.4099111036117698,-0.1462744596599997,-0.3493108353736485,1.0397921833430157,-1.1098509765204103,0.7849410434604743,-4.544881172960865,-1.7358404403284922,0.5
2025-09-08 13:42:32,Tazmanian Trader,trading-floor🧃,NVDA,bear,False,True,2025-09-08,B,-0.4535959415099988,-0.41967725385485544,-1.9158460161145863,-1.6506635489925925,-5.741569680692327,-4.350903486831603,-6.087735004476258,-4.191372012848005,-9.585198448224407,-6.7745726484371716,0.0,-0.9153788220774605,-0.8814601344223174,-0.669292518444381,-0.4041100513223871,-1.2653788095347807,0.12528738432594277,-1.0384155003073436,0.8579474913209095,-1.6459412392832449,1.1646845605039915,0.3
2025-09-08 17:36:02,Tazmanian Trader,trading-floor🧃,AMD,bull,False,True,2025-09-08,B,0.5678987745342257,0.5139264083857009,3.497060874763358,3.2117783679782574,3.3974295108099906,1.9864376529269423,7.043937431503422,5.127147399428433,6.13397097406263,3.3027348526710743,1.0,-0.25912327542539026,-0.313095641573915,0.5758025122899513,0.2905200055048507,2.3723484509126065,0.9613565930295577,4.179081011950268,2.262290979875279,4.268008563194846,1.436772441803291,0.7
2025-09-08 18:00:09,TA Study,trading-floor,TSLA,bear,False,False,2025-09-08,B,-0.21379328301427414,-0.0223141063747212,-0.3786947327005352,0.04441248019650956,-6.697023962784354,-5.1466603067674255,-18.62489549009001,-16.568038528123342,-25.617295558364983,-22.644735759726963,0.0,-0.08288511587298153,0.10859406076657141,-0.3911793273162467,0.031927885580798065,-1.4975431839967348,0.052820472020194485,-4.1389931655722805,-2.0821362036056117,-4.700004418265612,-1.7274446196275932,0.3
2025-09-09 14:38:14,Tazmanian Trader,trading-floor🧃,ARM,bear,False,True,2025-09-09,B,-0.5857979711387573,-0.34302527574525676,-10.115730818688373,-9.58317230276171,-7.615373624803534,-6.281279860593636,-9.90855836548079,-8.175238391068262,-0.7215316473782041,1.506582201455342,0.0,-1.0706741341727812,-0.8279014387792806,-2.243562993224737,-1.7110044772980746,-3.1874295293390182,-1.8533357651291205,-3.794679009944569,-2.0613590355320413,-8.154700662716097,-5.926586813882549,0.3
2025-09-09 15:56:02,Tazmanian Trader,trading-floor🧃,ARM,bull,False,True,2025-09-09,B,-0.028401022436796985,-0.3724837257233382,9.44333996023856,8.809178565392095,6.958250497017882,5.521743785090716,9.2374325475717,7.4012961488677975,0.10650383413803866,-2.2249265006868413,1.0,0.896850084883528,0.5527673815969869,0.06914212531175412,-0.5650192695347124,-0.9548564304893334,-2.391363142416499,2.1297206233639807,0.29358422466007833,4.192187503046663,1.860757168221782,0.5
2025-09-09 17:17:03,Tazmanian Trader,trading-floor🧃,HOOD,bear,False,True,2025-09-09,B,-3.125979044104854,-2.976601195145867,-2.220907160511021,-1.7820134805800025,-0.10617189403696603,1.1335102545400932,-2.1512862463884064,-0.512749841312643,-9.826992028405336,-7.694122741723053,0.0,-0.13438654136802786,0.014991307590959124,0.21368265285988125,0.6525763327908995,-3.819804360304724,-2.5801222117276645,-5.923270384817549,-4.284733979741786,-8.191848607784117,-6.058979321101835,0.4
2025-09-10 01:03:30,Tazmanian Trader,trading-floor🧃,HOOD,bull,False,False,2025-09-09,B,-2.7890424563436267,-2.573320783200217,-2.549035835471325,-3.1625421541274124,-4.965654224944139,-6.080981173323929,-1.8124637921046127,-2.6631109571240263,4.940825953819417,3.796430127498307,0.0,-1.3330460897944476,-1.1173244166510379,-0.3810964588559539,-0.9946027775120413,1.8646910516193844,0.7493641032395939,1.5642840918719625,0.7136369268525489,2.5398928169042656,1.3954969905831562,0.8
2025-09-10 01:04:51,Tazmanian Trader,trading-floor🧃,GLD,bear,False,False,2025-09-09,B,0.13999344711524975,-0.07572822602815998,0.28892264617401686,0.9024289648301043,-0.9471897060137735,0.16813724236601768,-0.3693444136657398,0.48130275135367384,-2.260745241712092,-1.1163494153909825,1.0,2.096581195506878,1.8808595223634683,1.5258050049930327,2.13931132364912,0.184913358068457,1.3002403064482482,-1.118621006663989,-0.26797384164457533,0.46729278838756744,1.6116886147086773,0.5
2025-09-10 13:37:21,Tazmanian Trader,trading-floor🧃,AVGO,bear,False,True,2025-09-10,A,-5.134842967683206,-5.356670829262611,-2.307123350022766,-1.6997739634915465,-3.5758989531178953,-2.4667596452208285,1.5219617660445994,2.366437487367601,3.473486572598994,4.6116929795995905,0.0,0.5308723999186149,0.3090445383392104,-0.13967254133497753,0.46767684519624214,-1.3256815346413497,-0.21654222674428292,-2.6616078071612725,-1.8171320858382713,-5.5341055551066445,-4.395899148106047,0.1
2025-09-10 16:51:10,TA Study,tazmanian-trades,HOOD,bear,True,True,2025-09-10,A,1.389413591906985,1.384814057993089,1.1459513915124009,1.9723343180425013,3.5973638920371087,4.9266291931532535,0.3987742937497374,1.4627998058311609,-6.451748310456273,-5.093352627885439,1.0,0.5429160315970938,0.5383164976831978,-1.1806344240845044,-0.35425149755440427,-3.8620523033989,-2.532787002282755,-5.002941197895025,-3.9389156858136003,-8.870296202498057,-7.511900519927221,0.2
2025-09-10 17:07:48,Tazmanian Trader,trading-floor🧃,QQQ,bear,False,True,2025-09-10,A,0.20622100017183564,0.09441899692498312,-0.37463481697888046,0.34365476552487007,-1.6807011514005765,-0.4600683214315282,-1.3919917511600044,-0.4363143535430769,-2.4402818353669087,-1.1905498538678394,0.0,-0.15592532124708458,-0.2677273244939371,-0.8221647249748898,-0.10387514247113927,-1.8687643892211359,-0.6481315592520875,-2.600352648887893,-1.6446752512709661,-6.956527548330951,-5.7067955668318815,0.3
2025-09-11 13:37:41,Tazmanian Trader,trading-floor🧃,QQQ,bear,True,True,2025-09-11,A,-0.1491743968724757,0.38281367925685483,-0.5915536427701706,-0.09319699674097404,-1.366574647211105,-0.4722843468212723,-2.0764390185353587,-0.8366622089351017,-1.769516983590802,-1.1733234499975875,0.0,-0.16194931970663803,0.37003875642269246,-1.3966305708096214,-0.898273924780425,-0.9637810883314024,-0.06949078794156956,-4.520167015285874,-3.2803902056856176,-7.868941445003236,-7.272747911410022,0.3
2025-09-11 14:08:44,Tazmanian Trader,trading-floor🧃,ARM,bear,False,True,2025-09-11,B,1.0681847255980648,1.3824150900137555,3.645899961622112,3.926571743430307,1.5926826148138784,2.2684304373194686,6.26838940770117,7.2888753969929105,10.035819368044008,10.414116117437654,1.0,0.4080604868927029,0.7222908513083937,0.433368858168147,0.714040639976342,-0.5008229985966431,0.17492482390894704,-1.660907280938859,-0.6404212916471173,-2.813904913170889,-2.4356081637772413,0.2222222222222222
2025-09-12 01:22:20,Tazmanian Trader,trading-floor🧃,AVGO,bull,False,False,2025-09-11,B,-0.8376732523215136,-0.8087803082825751,0.32514948609847494,-0.17819601268496132,-4.612713896007281,-4.852981535909939,-4.951640902703158,-5.879256474479321,-7.8201206910804455,-8.461848184997734,0.0,-0.7297669552687451,-0.7008740112298066,0.31284403850286485,-0.19050146028057136,1.1938057050722768,0.9535380651696185,1.6184599872647596,0.6908444154885954,0.09104292699336775,-0.5506845669239203,0.7777777777777778
2025-09-12 01:28:38,Tazmanian Trader,trading-floor🧃,TSLA,bear,False,True,2025-09-11,B,-6.739634442227849,-6.768527386266787,-10.540788267644373,-10.037442768860938,-14.805628942686155,-14.565361302783497,-14.862241872000869,-13.934626300224707,-18.72540033428587,-18.083672840368582,0.0,-1.119923150555837,-1.1488160945947756,-2.5166678846703014,-2.013322385886865,-2.721320297533198,-2.4810526576305403,-4.809885461569232,-3.8822698897930707,-2.5714810198982776,-1.929753525980989,0.2
2025-09-12 13:09:49,Tazmanian Trader,trading-floor🧃,NVDA,bear,False,True,2025-09-12,B,-0.028126230522573792,-0.05701917456151229,0.011250492209036178,0.5145959909924724,4.207684086178776,4.447951726081434,0.6187770714968899,1.5463926432730535,-0.23626033638970423,0.40546715752758367,1.0,-0.5590158915028764,-0.587908835541815,-2.703617174344532,-2.200271675561096,-2.46280838557416,-2.222540745671502,-6.54470969946531,-5.617094127689147,-5.489430820073869,-4.847703326156582,0.3
2025-09-12 13:27:23,Tazmanian Trader,trading-floor🧃,ES,bear,False,False,2025-09-12,B,-1.4045377373051338,-1.4334306813440723,-1.1267170859700304,-0.6233715871865941,2.2997376138293113,2.5400052537319695,-3.4110202191696137,-2.48340464739345,-7.686371353603927,-7.044643859686639,0.0,-0.14094116644298468,-0.16983411048192318,-2.2207005321930513,-1.717355033409615,-2.5376614302584914,-2.2973937903558332,-2.7585052299231863,-1.830889658147023,0.602063385605398,1.2437908795226857,0.4444444444444444
2025-09-12 13:41:02,Tazmanian Trader,trading-floor🧃,EBAY,bear,False,True,2025-09-12,B,0.9814612868048078,0.9540886077798683,1.4612868047982563,1.9661606623690653,1.89749182115595,2.1392838192094255,0.6434023991275906,1.5725527815847462,0.6106870229007688,1.2539449799864988,1.0,0.559394828583234,0.5320221495582944,-0.3796742344947913,0.12519962307601773,-0.18227146120686316,0.059520536846612335,-2.160298884216292,-1.231148501759136,-3.125937495016539,-2.482679537930808,0.2
2025-09-15 13:18:48,Tazmanian Trader,trading-floor🧃,HOOD,bear,False,True,2025-09-15,B,0.4464866270752932,0.6390158854586492,-1.764272400190725,-1.7096971773419067,-4.8246564653864565,-4.427470121319987,-8.27517447657029,-7.183670019593746,-18.531362434435827,-17.918907155799,0.0,-1.5173971862863869,-1.3248679279030309,-0.17832643654125402,-0.12375121369243569,-1.02744648067921,-0.6302601366127404,-2.127104699105415,-1.035600242128871,-0.6140787326612507,-0.0016234540244251467,0.4444444444444444
2025-09-16 01:20:55,Tazmanian Trader,📊-vip-trade-writeups,AMD,bear,False,False,2025-09-15,B,0.5639214228171263,0.3416891220325069,1.3695234554130353,1.0233248371839254,2.4663816074859124,2.803509519560543,0.29125611947697916,0.5543065979567219,-0.2602714259155814,0.4517790072106287,1.0,0.7949145912251032,0.5726822904404838,0.6238951593521092,0.2776965411229992,-2.99022543491669,-2.6530975228420592,-3.522570168653304,-3.259519690173561,-2.975602050142578,-2.263551617016368,0.8
2025-09-16 02:20:36,Tazmanian Trader,trading-floor🧃,AAPL,bear,False,False,2025-09-15,B,-0.41108885843785803,-0.6333211592224774,-0.7652577210920164,-1.1114563393211263,-3.510066406661738,-3.1729384945871075,-7.275218720354171,-7.012168241874428,-7.359544640033722,-6.647494206907512,0.0,-0.6127212211559897,-0.8349535219406093,-0.40625035745414356,-0.7524489756832535,-1.5076968211012443,-1.1705689090266136,-0.4226480556539143,-0.15959757717417158,-1.787577812551624,-1.075527379425414,0.7777777777777778
2025-09-16 02:26:40,Tazmanian Trader,trading-floor🧃,AMZN,bull,False,False,2025-09-15,B,0.47867430828343327,0.7009066090680527,-0.5645351707557866,-0.21833655252667672,-0.6246377744864473,-0.961765686561078,-5.248245218623215,-5.511295697102958,-5.737652134715699,-6.449702567841909,0.0,0.3523360150040722,0.5745683157886917,0.8799473186366903,1.2261459368658003,3.828645592745622,3.4915176806709916,1.9385065112826247,1.6754560328028822,4.1543364427633245,3.442286009637114,0.6
2025-09-16 02:34:28,Tazmanian Trader,trading-floor🧃,AMZN,bear,False,False,2025-09-15,B,-0.47867430828343327,-0.7009066090680527,0.5645351707557866,0.21833655252667672,0.6246377744864473,0.961765686561078,5.248245218623215,5.511295697102958,5.737652134715699,6.449702567841909,1.0,0.9305299765319783,0.708297675747359,0.6484113103703153,0.30221269214120533,-1.5572015060335045,-1.2200735939588738,-1.2301123838159684,-0.9670619053362258,-2.6239787711096105,-1.9119283379834,0.5555555555555556
2025-09-16 03:31:40,Tazmanian Trader,trading-floor🧃,COST,bear,False,False,2025-09-15,B,0.7329788343238386,0.5107465335392192,-0.4097591492023822,-0.7559577674314921,0.8278594515691906,1.1649873636438213,1.6160984256073374,1.8791489040870801,3.4897299551663097,4.201780388292519,1.0,0.9602719882672743,0.7380396874826549,0.5519349119244961,0.20573629369538615,-1.1654778449973386,-0.8283499329227081,-0.4105909220053136,-0.14754044352557086,-1.3238767199545867,-0.611826286828376,0.5555555555555556
2025-09-16 15:15:01,Tazmanian Trader,trading-floor🧃,GDX,bear,False,True,2025-09-16,B,-0.1690770425305077,-0.15392323134699737,0.3533927884650234,0.24428534794372903,-5.016436030100069,-4.440591205126587,-7.7303765411046,-7.228785390930326,-10.87970857793874,-9.928049235614145,0.0,-0.19201452805540864,-0.1768607168718983,-0.6330900779322668,-0.7421975184535612,-1.2182553050157066,-0.6424104800422249,-1.0690982264138982,-0.567507076239624,-0.0457964371379993,0.9058629051865964,0.5
2025-09-17 13:54:54,Tazmanian Trader,trading-floor🧃,HOOD,bear,False,True,2025-09-17,B,-0.8029228089553531,-0.9067319214253411,-2.7316368579803685,-2.368683829709428,-6.1132588470198534,-5.056224453621194,-7.736097540252351,-7.548938045507203,-18.220825013806863,-16.919801319566364,0.0,-0.35607446711948637,-0.4598835795894744,-1.1139436903029358,-0.7509906620319955,-2.3112518663794726,-1.2542174729808133,-1.7514838414311316,-1.5643243466859833,-4.568680735801336,-3.2676570415608364,0.2222222222222222
2025-09-17 15:52:45,Tazmanian Trader,trading-floor🧃,GOOG,bear,False,True,2025-09-17,B,-0.7378437222804513,-0.7461867259134558,-1.737763083622279,-1.2788978838073506,-1.9595193935972866,-0.8059095276162553,0.07660672526409451,0.3595103939103228,0.9999193613418389,2.3977516973070157,0.0,-0.4125639825605609,-0.4209069861935655,-1.9279670333118948,-1.4691018334969663,-1.531980143661661,-0.37837027768062964,0.6271913260973717,0.9100949947436,-0.8890042568622878,0.508828079102889,0.2
2025-09-17 22:16:15,Tazmanian Trader,trading-floor🧃,SPY,bull,False,False,2025-09-17,B,0.05590052727795225,0.0,0.27345933614346674,0.0,0.19942890812674197,0.0,-0.5801568236413979,0.0,1.1074347701279796,0.0,1.0,0.010810684676355643,-0.04508984260159661,-0.10021430985715067,-0.3736736460006174,-0.3812201877816235,-0.5806490959083654,0.9304134421917187,1.5105702658331164,5.855329408134651,4.747894638006672,0.7
2025-09-18 13:32:00,Tazmanian Trader,trading-floor🧃,TSLA,bear,False,False,2025-09-18,A,2.8072466133507334,2.8646588330884515,0.6575112499708546,0.9324855655567732,0.7088064538692818,0.909749222951306,1.282380097460889,0.703725356420215,-1.6577677259903556,-0.5488053763197165,0.0,-1.4102404727020343,-1.3528282529643163,-1.27204388255726,-0.9970695669713414,-2.1127924398852356,-1.9118496708032118,0.03087288170413265,-0.5477818593365411,-4.611720672541536,-3.5027583228708976,0.1
2025-09-18 13:44:02,Tazmanian Trader,trading-floor🧃,TSLA,bull,False,True,2025-09-18,B,-2.8072466133507334,-2.8646588330884515,-0.6575112499708546,-0.9324855655567732,-0.7088064538692818,-0.909749222951306,-1.282380097460889,-0.703725356420215,1.6577677259903556,0.5488053763197165,1.0,0.04269151946446121,-0.01472070027325683,0.9890038189198584,0.71402950333394,-1.4051063937426214,-1.6060491628246456,-2.6009501497329057,-2.0222954086922322,-2.2541070103434375,-3.363069360014078,0.5555555555555556
2025-09-18 19:03:44,Tazmanian Trader,trading-floor🧃,GOOG,bear,False,True,2025-09-18,A,-0.160762131586778,-0.30852161533323486,-1.315867817802907,-1.2465113254321203,-0.164731566934595,-0.16925481643703666,2.125632628758567,1.3431104648359948,2.1812047236280607,3.082839124448289,1.0,0.44471761057503284,0.2969581268285759,-0.07816072139461672,-0.008804229023829935,0.27354065187834004,0.2690174023758985,-0.0866926630869557,-0.8692148270095277,-2.7592350329331063,-1.857600632112878,0.4
2025-09-19 12:55:29,Tazmanian Trader,trading-floor🧃,BABA,bear,False,True,2025-09-19,B,1.1415386483696666,1.3483841785434492,0.2671686198311929,0.9480980658777338,-7.134616552310402,-7.320324583050364,-4.383994170866479,-4.4609950616611,-14.172080879227632,-13.133323764194337,0.0,0.409023171161944,0.6158687013357266,1.100458284057264,1.781387730103805,2.0074610214453292,1.8217529907053678,0.27572796971062613,0.19872707891600588,-0.14028369500678312,0.8984734200265121,0.8
2025-09-19 12:59:54,Tazmanian Trader,trading-floor🧃,HOOD,bear,False,True,2025-09-19,B,-2.530813475760074,-2.3239679455862916,-2.621199671322927,-1.940270225276386,-4.190632703368946,-4.376340734108908,-0.06573541495480395,-0.14273630574942464,-22.16105176663927,-21.122294651605976,0.0,0.008806391990702335,0.21565192216448492,-0.18770485922107172,0.49322458682546927,0.7146006442318442,0.5288926134918825,0.20134450057890016,0.12434360978427936,-2.7870977706012843,-1.748340655567989,0.6666666666666666
2025-09-19 13:26:04,Tazmanian Trader,trading-floor🧃,AVGO,bear,True,True,2025-09-19,A,-0.08414333381692174,0.12270219635686086,1.7002756419555953,2.3812050880021363,1.5493979399390567,1.363689909199095,2.9363122007834086,2.859311309988788,1.8221384012766517,2.860895516309947,1.0,-0.6864811821499807,-0.47963565197619806,-1.2394203300759965,-0.5584908840294556,-1.74215163227518,-1.9278596630151412,0.36724326032979376,0.290242369535173,-6.921415922153149,-5.882658807119855,0.4
2025-09-19 13:33:45,Tazmanian Trader,trading-floor🧃,NVDA,bear,False,False,2025-09-19,B,-0.5520774046670507,-0.3452318744932681,-4.501992031872515,-3.821062585825974,-0.722822993739336,-0.9085310244792977,-1.4171883892999393,-1.49418928009456,-6.784291405805365,-5.74553429077207,0.0,-1.6692161795373064,-1.4623706493635238,-1.8357289232860843,-1.1547994772395431,-0.9241650561917159,-1.1098730869316775,0.8400640073642096,0.7630631165695889,-7.595364369989582,-6.556607254956288,0.2
2025-09-19 14:28:32,Tazmanian Trader,trading-floor🧃,TSLA,bear,False,True,2025-09-19,A,0.3613063152602236,0.6067467865059295,-1.5422751774376353,-0.8225681956002262,-3.5487529670381157,-3.6960172497855437,-2.98983899068086,-3.028354264630184,-0.5179893128164359,0.5596831563146942,0.0,-0.13190404241104292,0.11353642883466297,-0.3061468206775931,0.4135601611598162,0.4442717838054356,0.2970075010580076,0.5266438068471824,0.48812853289785796,-1.3515927652401316,-0.2739202961090015,0.6
2025-09-22 04:56:36,Tazmanian Trader,trading-floor🧃,COIN,bear,False,False,2025-09-22,B,0.44536416393000655,1.1460588181130382,4.008277475370015,4.16079937207795,8.02105357865851,7.394354696145655,-0.1664492329839451,0.057048199815801226,-15.785685365963387,-14.364664526337911,1.0,-0.559399076758521,0.1412955774245106,-0.4592130737232257,-0.3066911770152905,1.7809200389945268,1.1542211564816718,-0.10010725570852141,0.1233901770912249,-5.128161109473222,-3.7071402698477463,0.5
2025-09-22 13:34:40,Tazmanian Trader,trading-floor🧃,TSLA,bear,False,True,2025-09-22,B,-0.7447795823665837,-0.042564206115058845,1.194895591647327,1.348929932244436,1.7656612529002302,1.1404630469472377,-2.8329466357308597,-2.60793568721156,-5.162412993039434,-3.739860553407315,0.0,-0.6127880444794065,0.08942733177211837,-0.5462111167142537,-0.3921767761171447,0.5302049833813258,-0.09499322257166667,-1.3568743210288137,-1.131863372509514,-8.383467229244475,-6.960914789612355,0.5
2025-09-22 22:48:07,Tazmanian Trader,trading-floor🧃,AAPL,bear,False,False,2025-09-22,B,0.5647288715192933,0.038270988149968765,1.3932584269662929,0.5503258615715212,0.1621885686370228,-0.572752636066598,0.4865657059110906,0.4055721853927219,-0.23644357596483978,0.12352762633898173,0.0,0.34738169931264984,-0.17907618405667458,1.1742090976760489,0.33127653228127724,2.0491058974647296,1.3141646927611081,1.818311218527694,1.7373176980093252,-4.915819343800247,-4.555848141496426,0.6
2025-09-22 22:50:25,Tazmanian Trader,trading-floor🧃,GOOG,bear,False,True,2025-09-22,B,0.5184206895192278,-0.008037193850096713,2.2964262482505715,1.4534936828557998,2.5526798210167345,1.8177386163131137,3.9837574658492803,3.9027639453309115,2.572391634306437,2.9323628366102583,1.0,1.6681128679803647,1.1416549846110402,0.5315529729627726,-0.31137959243199903,1.0353131166906924,0.3003719119870716,0.7508149222963019,0.6698214017779331,-0.43991865668517366,-0.07994745438135216,0.7777777777777778
2025-09-23 01:45:19,Tazmanian Trader,trading-floor🧃,TSLA,bull,False,False,2025-09-22,B,-3.189506228971528,-2.6630483456022036,0.6615440574702314,1.504476622865003,0.11821405837955101,0.8531552630831718,1.1003000818404995,1.1812936023588683,-1.5436028007638547,-1.9035740030676762,0.0,-0.009770138143693163,0.5166877452256313,-0.7735349052389817,0.06939766015578996,-1.5719058881275738,-0.8369646834239528,0.015062010797967141,0.09605553131633568,5.7693446582374746,5.409373455933652,0.2
2025-09-23 01:45:28,Tazmanian Trader,trading-floor🧃,IWM,bear,False,False,2025-09-22,B,0.4775315293253257,-0.04892635404399881,1.391779927349901,0.5488473619551293,1.4978980449777524,0.7629568402741316,1.2448471490959512,1.1638536285775825,0.34692461532181973,0.7068958176256412,1.0,0.7378432801380441,0.21138539676871954,1.0216298178401195,0.17869725244534784,1.2287379773496165,0.49379677264599575,1.2253861673980935,1.1443926468797252,-2.4728587448700314,-2.11288754256621,0.7
2025-09-23 12:55:02,Tazmanian Trader,trading-floor🧃,GOOG,bear,False,True,2025-09-23,B,0.5184206895192278,-0.008037193850096713,2.2964262482505715,1.4534936828557998,2.5526798210167345,1.8177386163131137,3.9837574658492803,3.9027639453309115,2.572391634306437,2.9323628366102583,1.0,-0.5597900345442464,-1.0862479179135707,0.1718667018239894,-0.6710658635707822,0.2167668623268427,-0.5181743423767784,-2.0526107868554058,-2.133604307373774,-7.0536768286646225,-6.693705626360803,0.7
2025-09-23 13:38:08,Tazmanian Trader,tazmanian-trades-💸,QQQ,bear,True,True,2025-09-23,A,0.6889682078525694,0.1640023306345939,1.0376027226695395,0.19615741661442865,1.0591848593010655,0.32573253370222766,0.32871254254170923,0.24921770970582902,-0.3585955009545838,0.002881003072641164,1.0,1.5423607446805687,1.0173948674625932,1.8710490961165156,1.0296037900614052,2.2047892168074825,1.4713368912086444,-1.5013946323999428,-1.580889465235823,-4.371357484988372,-4.009880980961147,0.8
2025-09-24 13:30:55,Tazmanian Trader,trading-floor🧃,GDX,bear,False,True,2025-09-24,B,2.0982807635034684,1.5881150725224225,1.001759848382311,0.032595526872569724,-2.5043996209557218,-2.626297617915807,-4.41315825098143,-3.8172124880655023,-7.147691891160157,-5.8504564173381235,1.0,0.9495513793849607,0.4393856884039149,2.31353938561148,1.3443750641017391,-0.6382710302702388,-0.7601690272303241,0.003039581472087427,0.5989853443880155,-4.968813342150166,-3.671577868328132,0.9
2025-09-24 13:44:26,Tazmanian Trader,trading-floor🧃,BABA,bear,False,True,2025-09-24,B,-0.2556963463833162,-0.7658620373643621,0.2954713335985071,-0.6736929879112341,-2.221717143019486,-2.3436151399795713,-3.8581737598727184,-3.26222799695679,-2.9149383487698133,-1.6177028749477795,1.0,0.8834579048968771,0.3732922139158313,1.3579895147762824,0.3888251932665409,0.9891928620731015,0.8672948651130163,-0.09125866351115022,0.504687099404778,-5.915224980024897,-4.617989506202862,0.8
2025-09-24 14:08:08,TA Study,trading-floor,GDX,bull,False,False,2025-09-24,B,-2.263666463950287,-1.9710747651085936,-1.16899790526388,-0.41640379329476174,2.3312385972025007,2.23471350067741,4.236772754915852,3.4208340483521393,6.966686938306643,5.447924872669563,0.0,0.1642549813472705,0.4568466801889636,-1.6587754134385269,-0.9061813014694087,-1.4835503391603964,-1.5800754356854874,0.012357942620070528,-0.8035807639436421,7.424325822853956,5.905563757216874,0.4
2025-09-24 14:14:59,Tazmanian Trader,trading-floor🧃,HOOD,bear,False,True,2025-09-24,B,-0.5072923272035457,-0.7998840260452389,2.782181357006963,2.029587245037845,-8.370323398858591,-8.273798302333502,-10.288522511097021,-9.472583804533308,-19.586239695624606,-18.06747762998753,0.0,0.4370925037203232,0.1445008048786301,2.7729011803502868,2.020307068381169,0.6273820774622406,0.7239071739873317,-2.5537536071800804,-1.7378149006163681,-8.771196359508385,-7.252434293871305,0.9
2025-09-24 15:38:44,Tazmanian Trader,trading-floor🧃,GOOG,bull,False,False,2025-09-24,B,-1.00263641447631,-0.7672215712686392,-1.5059519054086534,-0.8102708623398125,-2.388751298234393,-2.5426763880240344,-1.917392346408886,-2.791143591391232,-1.9493488855157004,-3.526326521105605,0.0,-0.634206322611871,-0.39879147940420023,-1.7341789699373202,-1.038497926868479,-1.1963460189346944,-1.350271108724336,-0.27988065763135295,-1.153631902613699,3.9744912218514776,2.3975135862615735,0.4
2025-09-24 15:57:51,Tazmanian Trader,trading-floor🧃,SPY,bull,False,True,2025-09-24,B,-0.1578204169781494,0.0,-0.6184446005029098,0.0,0.23182233498704186,0.0,0.9522083531552816,0.0,1.6559816958521267,0.0,0.0,-0.04457811042735793,0.11324230655079148,0.20669109551639586,0.8251356960193057,1.2177806814058765,0.9859583464188351,4.143737534101224,3.1915291809459427,12.91130875549872,11.255327059646593,0.5
2025-09-24 18:04:06,Tazmanian Trader,trading-floor🧃,UNH,bear,False,False,2025-09-24,B,0.4048239157513289,0.4850576532810291,2.174159211867288,1.7926704975750662,2.2817347978711378,2.7525403143190297,1.3984826180500454,2.59139177226535,-4.7220020382742645,-2.8236415314392582,1.0,0.2819493269151063,0.36218306444480647,1.698230786755169,1.3167420724629477,-1.688925225975666,-1.218119709527774,-2.898447062918387,-1.7055379087030822,-7.535933546517481,-5.637573039682474,0.6
2025-09-25 19:35:23,Tazmanian Trader,trading-floor🧃,QQQ,bear,False,True,2025-09-25,A,-0.09612790070154809,-0.004866207797160627,-0.5076227738801897,0.15706655610687736,-1.2496627091203472,0.07819492263869687,-2.153602266594712,-0.36335205745332555,-2.9917701025364396,-0.9064404196708287,0.0,0.2988687005839308,0.39013039348831824,0.31872958285942377,0.983418912846491,-4.1455367833752295,-2.8176791516161854,-6.583494465826864,-4.793244256685478,-10.4095464201982,-8.324216737332591,0.1
2025-09-25 19:58:49,Tazmanian Trader,trading-floor🧃,RDDT,bear,True,True,2025-09-25,A,0.7610804357558565,0.8500585562641549,-2.377043938004997,-1.7146512631097455,1.9378770759161723,3.263422922463133,14.332615601082999,16.120543475570603,9.73628669494958,11.819287310951953,1.0,0.019909412845613428,0.10888753335391188,-0.22237724369636114,0.4400154311988902,-0.39837123922092266,0.9271746073260377,-3.135681045738643,-1.3477531712510384,-7.1969505000182465,-5.113949884015872,0.3
2025-09-26 12:51:19,Tazmanian Trader,trading-floor🧃,TSLA,bear,False,False,2025-09-26,B,-2.8251225776324995,-2.474862536086486,-3.4812047630165655,-2.8489171555504234,-7.275274340415594,-5.919722491315493,-0.3572262432874007,1.1135626757585726,3.45785664254028,2.4737927162920004,0.0,-0.3373966962579189,0.012863345288094408,-2.6454388200668513,-2.013151212600709,-4.670275827315242,-3.3147239782151416,-7.133639310353486,-5.662850391307512,-4.669442645556111,-5.6535065718043915,0.3
2025-09-26 14:21:25,Tazmanian Trader,trading-floor🧃,SPY,bull,False,False,2025-09-26,B,0.3411313431478158,0.0,0.6231332534833101,0.0,1.3463317009566822,0.0,1.4615582879754951,0.0,-0.9930712433858568,0.0,1.0,0.7393789842766463,0.3982476411288305,1.909298686597157,1.286165433113847,3.959416993725264,2.6130852927685813,6.204510265243673,4.742951977268178,1.9548829560878556,2.9479541994737124,0.8
2025-09-27 23:46:45,Tazmanian Trader,trading-floor🧃,AVGO,bear,False,False,2025-09-27,A,2.4107142857142883,2.3083601403713905,1.8124999999999947,2.086447859594176,-0.6488095238095237,0.08272157378816924,0.15178571428571264,1.243061528603251,-6.160714285714275,-6.359401744321058,0.0,-0.256582131456673,-0.3589362767995708,-0.7753161501768808,-0.5013682905826993,0.05775854648327735,0.7892896440809707,-1.4959190756504586,-0.40464326133292033,-1.3144765663028504,-1.5131640249096336,0.5555555555555556
2025-09-30 13:39:25,Tazmanian Trader,trading-floor🧃,NVDA,bear,False,True,2025-09-30,B,-2.4601867105985775,-1.9653911154861925,-2.82262493135641,-1.985394579870503,-3.031301482701809,-2.0794233713727905,-1.6144975288303165,-0.6761961259037719,1.1367380560131757,1.035667004572538,0.0,0.24169227569701865,0.7364878708094035,0.3249002643095921,1.162130615795499,-2.3277356173719883,-1.3758575060429703,-1.7831468781969082,-0.8448454752703636,-0.384213946677321,-0.48528499811795867,0.4
2025-10-01 14:46:50,Tazmanian Trader,trading-floor🧃,NVDA,bear,False,True,2025-10-01,A,0.2344416027280416,0.6814907029947803,-0.6447144075021116,-0.08195848128400574,1.140238704177332,2.0621365966601357,-0.7619352088661602,0.3853655913141685,4.182651321398123,4.1368193968329585,0.0,-0.8869383643640528,-0.43988926409731405,-2.483888780670688,-1.921132854452582,-3.620043479518896,-2.6981455870360924,-2.8115759288460143,-1.6642751286656854,-0.3050812975450656,-0.35091322211023057,0.2
2025-10-01 15:09:00,Tazmanian Trader,trading-floor🧃,HOOD,bear,False,True,2025-10-01,B,0.8480011401696186,1.245264603195595,-3.8266942207653143,-3.3137812807903844,-2.8005415805600897,-1.9286646796656814,-7.510867241502162,-6.413699151746144,4.403905080880788,4.308531810929372,0.0,-0.8444208246945394,-0.44715736166856307,-0.750737646424946,-0.23782470645001608,-3.922841696355036,-3.0509647954606276,-6.190647985201742,-5.093479895445723,-4.994982066412544,-5.090355336363959,0.3
2025-10-01 17:14:00,Tazmanian Trader,trading-floor🧃,RDDT,bear,False,False,2025-10-01,B,2.7478298269429824,2.978745542706751,3.5542644068577656,3.9006379805033853,2.25340862616189,2.958151395051256,2.8966362077605945,3.8262968816146437,3.6310677001829883,3.3701629304239478,1.0,-0.5054020995114514,-0.27448638374768275,-1.2901659096216802,-0.9437923359760606,-2.480980790704517,-1.776238021815151,-3.2171871964423637,-2.2875265225883146,-1.112991451904626,-1.3738962216636665,0.4444444444444444
2025-10-02 02:28:10,Tazmanian Trader,trading-floor🧃,TSLA,bear,False,False,2025-10-01,B,7.340502401496163,7.157043530588558,8.651761805585078,8.466811399141639,7.958940791431135,7.760566565165183,7.438262421898245,7.544161444942454,8.881285331746513,7.418088971093217,1.0,-0.8586982022617995,-1.0421570731694039,-1.3167247866419363,-1.5016751930853767,-1.0049866223646877,-1.203360848630639,-4.002122177541407,-3.8962231544971986,-0.6532260637365617,-2.1164224243898575,0.3
2025-10-02 03:04:28,Tazmanian Trader,trading-floor🧃,AAPL,bull,False,False,2025-10-01,B,0.21631102016954618,0.3997698910771508,0.5631881516125814,0.7481385580560218,-0.037026210659640846,0.16134801560631074,-0.9880152002338494,-1.0939142232780585,-3.556464971255968,-2.093268610602672,0.0,0.9260031911926035,1.1094620621002078,1.7195376333875085,1.904488039830949,6.206437130622214,6.404811356888165,8.132987819765455,8.027088796721246,10.034832738298626,11.498029098951925,0.4444444444444444
2025-10-02 13:50:49,Tazmanian Trader,trading-floor🧃,TSLA,bear,False,False,2025-10-02,B,4.121036196507899,4.147192882530515,5.477855477855487,5.502517496105397,4.760962308132122,4.772172316427525,4.2221929014381825,4.538315135368631,5.715353828561376,4.459085565589527,1.0,-0.5185932371979197,-0.4924365511753038,-0.7737754728884172,-0.749113454638507,-3.0997072151488743,-3.08849720685347,-5.320779522146358,-5.00465728821591,-3.849311406421342,-5.105579669393192,0.4
2025-10-02 16:27:46,Tazmanian Trader,trading-floor🧃,AVGO,bear,False,False,2025-10-02,B,0.535294117647056,0.7119302472201383,0.47941176470588376,0.654550977926649,1.0558823529411732,1.2175493189911069,-1.476470588235279,-1.0094326863132386,-4.161764705882343,-5.269482806594872,1.0,-0.289142108308752,-0.1125059787356697,-0.05794686568096004,0.11719234753980512,-1.9729365415183964,-1.8112695754684627,-4.190341547043289,-3.7233036451212485,-1.4639826071632902,-2.5717007078758187,0.6
2025-10-02 21:02:06,Tazmanian Trader,trading-floor🧃,MCD,bear,False,False,2025-10-02,B,-0.6958849113416044,-0.8123045593960487,0.9568417530946616,1.1986364067462119,1.5055202408832402,1.97119883310104,0.6323185011709587,-1.9005551238085228,-3.074606891937104,-3.910440262584436,1.0,0.3528967658528526,0.2364771177984084,-0.16772625362366567,0.07406840002788453,-4.078456866261523,-3.6127782740437233,-0.38495676773268056,-2.9178303927121623,-0.9682482908827239,-1.8040816615300561,0.5
2025-10-03 13:03:37,Tazmanian Trader,trading-floor🧃,AAPL,bear,False,False,2025-10-03,B,-1.3174169988023454,-1.4338366468567898,-0.7951622720044016,-0.5533676183528513,-1.3331239078789858,-0.8674453156611861,3.6891602693734815,1.156286644394,0.9325977264249108,0.0967643557775788,1.0,0.8165650363104426,0.7001453882559983,-0.5788419192404026,-0.33704726558885234,-2.6291537508694574,-2.1634751586516576,0.7102753069253697,-1.8225983180541117,-1.1115453352596352,-1.9473787059069665,0.3
2025-10-03 13:35:17,Tazmanian Trader,trading-floor🧃,AMD,bear,False,True,2025-10-03,A,3.4872816785839977,3.372352874739104,-19.39397491501582,-19.15068407051299,-38.061188606259535,-37.594010481539385,-25.952408861798148,-28.48382771012199,-36.60766615871527,-37.44201942299183,1.0,0.45928135349177734,0.3443525496468836,-0.025692604624276694,0.21759823987855365,-0.9188526778703464,-0.4516745531501997,3.26852133476062,0.7371024864367793,0.4966257721766986,-0.3377274920998564,0.5
2025-10-03 14:34:10,TA Study,trading-floor,GDX,bear,False,False,2025-10-03,A,-0.14291282317786536,-0.4683546271829542,-2.1307002728335744,-2.0986773950939286,-2.8322723138885397,-2.5768340100584597,1.5460569052877737,-1.1907820643202838,-2.2866051708458013,-3.329955210688218,0.0,0.24214835810252194,-0.08329344590256693,-3.0253954116147233,-2.9933725338750774,-5.7022476262331425,-5.4468093224030625,-1.1270830231281492,-3.863921992736208,-4.967139672844986,-6.010489712687404,0.2
2025-10-06 17:36:32,Tazmanian Trader,trading-floor🧃,AMD,bear,False,True,2025-10-06,A,2.9490233444497416,2.8820650371557566,-0.7670319199618802,-1.20449286094928,-10.952834683182466,-11.086751297770448,-3.106241067174831,-4.448383137823287,-14.60695569318724,-14.720040834394865,0.0,0.2685010034547275,0.2015426961607425,0.0145506268795903,-0.42291031410780944,0.21929237663368845,0.08537576204570736,1.1383292275167514,-0.20381284313170434,-0.8228348455583623,-0.9359199867659873,0.7
2025-10-06 19:06:45,Tazmanian Trader,trading-floor🧃,HOOD,bear,False,True,2025-10-06,B,1.4482852848749839,1.3738927003278167,0.942751742041259,0.49788408644916293,-4.153572892471669,-4.294918803111303,3.8939745866921616,2.544493103006451,7.227763355649664,7.107247368683234,0.0,0.2017531870690692,0.12736060252190207,0.26359448424067444,-0.1812731713514215,-0.5310852000539269,-0.6724311106935611,1.3531936924932206,0.00371220880751042,-0.09573084364725695,-0.21624683061368657,0.7
2025-10-08 13:33:27,Tazmanian Trader,trading-floor🧃,TSLA,bear,False,True,2025-10-08,B,-0.22618231665525457,0.19303296008650328,0.4934886908841585,0.6217894517375089,0.4112405757368043,-0.6718565449554181,0.5825908156271487,-0.1827381415562046,-0.29015307288098313,-0.6631204009430403,1.0,-0.8556687800246422,-0.4364535032828842,-1.6102929715436087,-1.4819922106902583,0.4664371543813495,-0.616659966310873,0.6792788557991902,-0.08605010138416311,2.075747778748669,1.7027804506866118,0.5
2025-10-08 14:06:00,Tazmanian Trader,trading-floor🧃,AMD,bear,True,True,2025-10-08,A,-6.467796610169496,-6.045584997112252,-5.2610169491525305,-5.12972853237148,2.183050847457635,1.102905236668117,-7.841807909604515,-8.604175875230824,-4.058757062146889,-4.428751691257116,0.0,-0.8048981997421191,-0.382686586684875,0.1868955246350279,0.3181839414160781,0.8732871568980594,-0.2068584538914588,0.7901565611854533,0.027788595559144015,3.422081498929542,3.0520868698193158,0.8
2025-10-09 12:56:46,Tazmanian Trader,trading-floor🧃,ARM,bear,False,False,2025-10-09,B,-3.7383745668956303,-4.090251988836746,5.896298097380093,2.8511479184719524,-2.2187101088079864,-3.8964379011854566,-4.060543432010211,-5.97434088720894,-1.2704394869612834,-1.533234017271734,0.0,1.3903842761492295,1.0385068542081137,4.958107051210265,1.9129568723021246,3.221248362622292,1.5435205702448211,2.3653773206505226,0.4515798654517936,2.752462230877142,2.489667700566691,0.8888888888888888
2025-10-09 18:04:30,Tazmanian Trader,trading-floor🧃,GDX,bear,False,False,2025-10-09,B,-1.2114316310822604,-1.0666965559543273,-1.4389933739374916,-4.000953415119857,-5.013051335252006,-6.200774219807137,-13.031256274680402,-14.456225313311243,1.2248176159560864,1.4590795416786428,0.0,-0.37088619757649655,-0.2261511224485635,4.242538732931071,1.6805786917487056,1.8124928253377992,0.6247699407826678,2.0145628920702414,0.5895938534394005,1.5436907026785107,1.7779526284010672,0.6
2025-10-09 18:06:15,Tazmanian Trader,trading-floor🧃,GLD,bear,False,False,2025-10-09,B,-0.5807552570736618,-0.4360201819457288,-1.5963888583067298,-4.158348899489095,-4.808433337003204,-5.996156221558335,-9.118683254431348,-10.54365229306219,-4.257954420345711,-4.0236924946231545,0.0,-0.20657175620871882,-0.06183668108078577,4.849271134910173,2.287311093727807,3.483661408668489,2.295938524113358,3.9210309979406097,2.496061959309769,1.8868789195607127,2.1211408452832687,0.8
2025-10-09 19:58:28,Tazmanian Trader,trading-floor🧃,MSFT,bear,False,False,2025-10-09,B,-0.33226419805252316,-0.3009652935141993,1.8649048341559893,-0.8074254438080963,1.3636276336258857,0.06397788327190401,1.7400656845986795,0.20343851416868564,0.021126625309697555,0.14185097138613711,1.0,-0.004297350957773727,0.02700155358055012,2.996301279575028,0.32397100161094206,2.4893113812261816,1.1896616308722,1.4873034935913743,-0.04932367683861951,2.2239550269664243,2.344679373042864,0.7
2025-10-09 20:36:03,Tazmanian Trader,trading-floor🧃,TSLA,bear,False,True,2025-10-09,B,5.280157602968805,2.436957626773717,0.14660741283731848,-1.2058095303135619,0.3184129747560438,-0.7171009883165769,-0.6345352086864819,-1.7860981503793116,0.6459889128143992,1.407746310936786,1.0,4.779588511586439,1.9363885353913521,1.9699896007910092,0.6175726576401287,2.723426901887892,1.6879129388152712,3.667602720822983,2.5160397791301534,1.189552544022331,1.9513099421447173,0.9
2025-10-09 20:46:50,Tazmanian Trader,trading-floor🧃,META,bear,False,False,2025-10-09,B,3.5051715646035153,0.6619715884084276,2.082307229245328,0.7298902860944478,1.8292015542056617,0.793687591133041,1.9160783669895487,0.764515425296719,-1.0178952552946985,-0.25613785717231163,1.0,3.2818622456715203,0.43866226947643305,0.7579700053732097,-0.5944469377776707,1.0276911568690639,-0.007822806203556798,1.6102558482922338,0.4586929065994038,0.03721725849555648,0.7989746566179433,0.8
2025-10-10 13:55:54,Tazmanian Trader,trading-floor🧃,AMD,bear,False,True,2025-10-10,B,6.182810368349245,3.134781268802078,5.519236016371087,3.958847032628232,-4.163710777626184,-5.407864886452551,-1.7538881309686172,-3.113846560186928,-10.415279672578448,-9.865951486103786,1.0,3.384337823830767,0.3363087242836006,0.6322550960626339,-0.9281338876802213,-0.29295542361072935,-1.5371095324370962,1.0981380188394332,-0.261820410378878,1.9384256136508036,2.487753800125466,0.7
2025-10-13 12:55:31,Tazmanian Trader,trading-floor🧃,AMD,bear,False,True,2025-10-13,A,1.7166212534059921,2.0783861818855165,0.9582198001816478,1.1973782047831838,-6.521344232515891,-6.522857893304512,-9.246139872842885,-7.634091132965493,-17.92461398728431,-14.202522108074444,0.0,-0.48034134391348193,-0.11857641543395753,-0.8395125103679333,-0.6003541057663973,0.8937681926106086,0.8922545318219873,-0.9951781758244947,0.6168705640528972,-4.734750473051595,-1.0126585938417298,0.4444444444444444
2025-10-13 13:54:33,TA Study,trading-floor,AMD,bull,False,False,2025-10-13,B,-2.4651854522511174,-2.760152854571518,-1.7125602776150273,-1.8850027589715768,5.710036504574356,5.778105905109843,8.414079048177037,6.869659982694287,17.026454549551584,13.37339672081419,1.0,0.14757167941896077,-0.14739572290143999,-0.9602561901507733,-1.1326986715073228,-1.5187265851438123,-1.450657184608326,0.7551702148789351,-0.7892488506038143,2.1792837856642793,-1.473774043073115,0.3
2025-10-14 03:24:19,Tazmanian Trader,trading-floor🧃,SPY,bull,False,True,2025-10-13,B,0.7699681969657757,0.0,1.2173410228707882,0.0,1.0986502731408887,0.0,2.1486069053669565,0.0,4.5482903967009936,0.0,1.0,0.3488268665722284,-0.4211413303935473,2.0457964863650777,0.8284554634942894,1.1833147814290814,0.08466450828819265,3.5535638796124056,1.4049569742454489,8.499462486477006,3.9511720897760103,0.8888888888888888
2025-10-14 12:39:33,Tazmanian Trader,trading-floor🧃,AMD,bear,False,True,2025-10-14,B,0.5063868613138567,1.2763550582796324,-8.850364963503644,-7.633023940632855,-6.332116788321174,-5.233466515180285,-8.590328467153284,-6.441721561786329,-17.70529197080293,-13.157001574101933,0.0,-1.373751695768005,-0.6037834988022295,-1.8572396082602967,-0.639898585389509,-0.946327763624768,0.1523225095161207,-1.2049312987957217,0.9436756065712348,-5.194582233539122,-0.646291836838129,0.3
2025-10-15 13:22:25,Tazmanian Trader,trading-floor🧃,WMT,bear,False,True,2025-10-15,A,-1.5933656354826686,-1.840808723572418,0.7920238538948854,-0.134762985132153,0.25158404770778686,0.9234295232484091,0.1677226984718505,0.3146888962463512,4.5285128587402195,7.613303356925616,0.0,0.6667790008105183,0.41933591272076903,2.239057418402304,1.3122705793752654,0.6109756335574301,1.2828211090980521,3.7309339071899905,3.877900104964491,-3.628845584765766,-0.544055086580369,0.6666666666666666
2025-10-15 14:10:24,Tazmanian Trader,trading-floor🧃,AVGO,bull,False,True,2025-10-15,A,-0.8200770674834601,-0.3502352276187337,-0.02399537030502996,1.123675620702136,-1.4100808785128538,-1.857478044498706,-3.933829237652975,-3.857517346464756,8.961565062740839,6.106602545346207,0.0,-0.6498928653018909,-0.18005102543716456,-2.048689121923722,-0.9010181309165567,-0.5387405064948858,-0.9861376724807382,-4.408686228881252,-4.332374337693032,0.25415172396963115,-2.6008107934250013,0.3
2025-10-16 04:37:23,Tazmanian Trader,trading-floor🧃,AMD,bear,False,False,2025-10-16,B,0.7300505745180597,-0.19673626450897874,1.35641280656833,0.9919966222907028,-0.7385149290052295,-0.06816910854394731,0.5480669530439908,1.2888965622338766,-7.852804875468178,-5.901753617257577,0.0,2.1526215800956905,1.225834741068652,2.143812733904448,1.7793965496268207,-0.6616937859932026,0.008652034468079606,1.7780750010404425,2.5189046102303285,3.144405458890316,5.095456717100916,0.7
2025-10-16 06:58:21,Tazmanian Trader,trading-floor🧃,META,bear,False,True,2025-10-16,A,0.7637098460037461,-0.16307699302329226,0.08849557522123686,-0.2759206090563904,-2.1907880983903505,-1.5204422779290683,-2.2925231691171444,-1.5516935599272585,7.118667688662805,9.069718946873406,0.0,1.6498371890541472,0.7230503500271089,1.449874882937631,1.0854586986600037,0.026179450058928647,0.6965252705202108,-1.0434683213119653,-0.3026387121220793,2.5402165993104595,4.491267857521061,0.5555555555555556
2025-10-18 23:37:38,Tazmanian Trader,tazmanian-trades-💸,SPY,bear,False,True,2025-10-18,B,-0.5964155127974546,-0.0,-0.5949169813582511,-0.0,-0.6653479590001732,-0.0,-2.6853683390277494,-0.0,-2.4006473655817206,-0.0,0.0,-1.0568024052551728,-0.46038689245771813,0.6079801809078256,1.2028971622660767,0.18339519802232146,0.8487431570224946,-3.689379836077714,-1.0040114970499647,-2.6741437730836104,-0.27349640750188975,0.4
2025-10-18 23:40:38,Tazmanian Trader,tazmanian-trades-💸,SPY,bull,True,True,2025-10-18,A,0.5964155127974546,0.0,0.5949169813582511,0.0,0.6653479590001732,0.0,2.6853683390277494,0.0,2.4006473655817206,0.0,1.0,1.252207276317,0.6557917635195454,1.2023685763496164,0.607451594991365,2.09137430466667,1.4260263456664966,4.939571075421232,2.254202736393482,5.296073123025249,2.895425757443528,0.8
2025-10-20 00:36:15,Tazmanian Trader,📊-vip-trade-writeups,SPY,bear,False,True,2025-10-19,B,-0.5964155127974546,-0.0,-0.5949169813582511,-0.0,-0.6653479590001732,-0.0,-2.6853683390277494,-0.0,-2.4006473655817206,-0.0,0.0,-0.8200065600255858,-0.22359104722813106,-0.8323063665197262,-0.2373893851614751,-1.081999632385655,-0.41665167338548204,-4.604107152177656,-1.918738813149906,-6.770434577317131,-4.369787211735411,0.3
2025-10-20 01:17:33,Tazmanian Trader,📊-vip-trade-writeups,SPY,bull,False,True,2025-10-19,B,0.5964155127974546,0.0,0.5949169813582511,0.0,0.6653479590001732,0.0,2.6853683390277494,0.0,2.4006473655817206,0.0,1.0,0.9853788403014786,0.38896332750402385,0.11449898665932481,-0.48041799469892627,0.22781414769836528,-0.43753381130180796,3.4612813534298708,0.7759130144021219,3.902210393540257,1.5015630279585368,0.7
2025-10-21 16:11:48,Tazmanian Trader,trading-floor🧃,QQQ,bear,False,True,2025-10-21,A,0.12578616352201255,-0.0214739066868308,1.0879686351384366,0.42157963055701186,-0.8086253369272267,-0.06935003496970626,-3.392959242015836,-1.1944705170797931,-1.1598464428653088,-0.7195537076954306,1.0,0.2789991629729871,0.13173909276414375,0.846916996340733,0.18052799175930834,-1.7997408646380362,-1.0604655626805157,-3.1141047230361165,-0.9156159981000732,-0.32849982780261405,0.11179290736726415,0.3
2025-10-22 04:10:31,Tazmanian Trader,trading-floor🧃,META,bear,False,False,2025-10-22,A,0.057233964269665094,-0.5677660357303438,-0.0231661283948581,-0.058880414109141466,-2.315250126050983,-0.3450120308128968,-2.4310807680252733,-0.1409021965967039,13.338239101699301,14.168596244556452,0.0,0.5628930087842821,-0.062106991215726826,-0.8352601991054742,-0.8709744848197577,-2.2801211610306638,-0.3098830657925779,-2.7901483464342354,-0.4999697750056664,0.4943042675956312,1.324661410452783,0.6
2025-10-22 19:58:28,Tazmanian Trader,trading-floor🧃,TSLA,bull,False,True,2025-10-22,B,0.27411654521782847,0.2531477886650979,2.5607053932430457,1.9466203799129111,3.346506156200757,0.7134294405071406,5.422938986225656,2.4678420806150125,5.550860040660632,4.065073862066737,0.0,0.11846914103923467,0.09750038448650411,1.9280903155741356,1.3140053022440012,6.336624087706084,3.7035473720124683,6.4239326181397844,3.4688357125291396,2.181387672769368,0.6956014941754733,0.8
2025-10-23 01:57:07,Tazmanian Trader,trading-floor🧃,GLD,bear,False,False,2025-10-22,B,0.6999423268494676,1.244754636015477,1.0328736958003404,2.399394680054656,4.477533686362922,7.31235377856192,2.970167252136524,4.722846411568971,4.0344990300424595,4.362284457809917,1.0,-0.7739374112487807,-0.22912510208277115,-1.997341985638931,-0.6308210013846149,-3.004666107580963,-0.16984601538196484,-0.3860294666788767,1.3666496927535698,3.731489628273259,4.0592750560407165,0.5
2025-10-23 14:34:03,Tazmanian Trader,trading-floor🧃,QQQ,bear,False,True,2025-10-23,A,-0.4185614314965447,-0.06600690505496054,-1.49086812436785,-0.3181761614159395,-4.09269203253102,-1.454508584667269,-2.9628228638153953,-1.404711121957014,-0.5978274276974282,-0.4618847925017322,0.0,0.01989069394746079,0.372445220389045,-1.1886150578424048,-0.01592309489049426,-0.49590223519473176,2.14228121266902,2.0632286441290373,3.6213403859874185,5.0441970456248795,5.1801396808205755,0.2
2025-10-24 13:43:30,Tazmanian Trader,trading-floor🧃,QQQ,bear,False,True,2025-10-24,B,-0.17857142857142794,-0.05290614175887942,-1.9626623376623353,-0.6557433548119551,-3.209415584415587,-1.584637346686435,-2.121753246753255,-1.284970278095665,1.016233766233765,0.21345434577251243,0.0,-1.4149067555586148,-1.2892414687460663,-3.0916905435333915,-1.7847715606830117,-1.9781925149872168,-0.35341427725806496,-0.7087290752423181,0.12805389341527232,1.160857634317134,0.3580782138558815,0.3
2025-10-27 17:26:03,Tazmanian Trader,trading-floor🧃,QQQ,bear,False,True,2025-10-27,B,-0.2082053654762106,0.02803526352361807,-0.9788045342501883,-0.47633607566544,0.11726509090038695,-0.4378638174923677,-0.8447872875068985,-0.8864768102715637,0.5671801335386029,0.2475604590094438,0.0,0.3678145627926701,0.6040551917924988,1.760186380092276,2.2626548386770238,4.140563639622275,3.585434731229521,2.5684573695793764,2.5267678468147112,6.529235565836232,6.209615891307072,0.6666666666666666
2025-10-28 13:42:35,Tazmanian Trader,trading-floor🧃,QQQ,bear,False,True,2025-10-28,B,-0.4061171394123875,-0.40757259518837685,-0.8582397360238581,-0.8116651511926198,0.2046449647820192,-0.5245383789820979,1.762484929246777,0.04068074626687457,1.3944412716542898,0.802070770831953,1.0,0.1448610882386014,0.143405632462612,0.6397701825293434,0.6863447673605816,2.839383167682633,2.1101998239185162,7.128966020040059,5.407161837060155,6.937215956783916,6.344845455961579,0.7
2025-11-07 16:08:06,Tazmanian Trader,trading-floor🧃,UNH,bear,False,True,2025-11-07,B,-2.7053568600120315,-1.553592278280469,-1.8722083188139393,0.8579561543743619,-7.409636645864337,-4.387008391451008,-1.960908543732387,-0.6644196166523564,-1.3621820255329986,-2.010426489073025,0.0,-1.6684345405839185,-0.516669958852356,-3.914982052618229,-1.1848175794299274,-1.6807736044125599,1.3418546500007689,1.5788539837147684,2.875342910794799,4.6880604280420695,4.039815964502044,0.2
2025-11-07 16:56:40,TA Study,trading-floor,MSFT,bear,False,False,2025-11-07,B,-0.33727153387863584,0.832795262460384,-2.191255175199447,0.5574971053753375,-3.2293244471372384,-0.18805546747771018,-3.0354438049076116,-1.7206264770627477,4.651115823487828,4.020847884222734,0.0,-3.4146734994666716,-2.2446067031276518,-7.452464714734118,-4.703712434159335,-6.7089326426776354,-3.6676636630181063,-0.6309868211267056,0.6838305067181583,7.91829494447685,7.288027005211754,0.0
2025-11-13 15:27:59,Tazmanian Trader,trading-floor🧃,PLTR,bear,False,False,2025-11-13,A,3.670956911024059,2.4379131004924837,2.624510352546161,1.3753002942006987,6.362618914381635,3.3718630688134077,12.84555120313373,8.74520289397629,5.735870173475099,6.17088920555775,1.0,1.7409037991844254,0.5078599886528501,1.8944670341888217,0.6452569758433592,3.942106650619967,0.9513508050517394,5.767488867571823,1.667140558414382,-1.4625499791628993,-1.0275309470802487,0.9
2025-11-18 22:57:29,Tazmanian Trader,trading-floor🧃,SPY,bear,False,True,2025-11-18,B,-0.27997215412089993,-0.0,1.2485244710796373,-0.0,-1.2031235812222096,-0.0,-2.8602560610187844,-0.0,-3.5730500317806335,-0.0,0.0,0.7188996731472741,0.998871827268174,3.5225381333327492,2.2740136622531115,-0.6119441238178936,0.5911794574043162,-3.8503237433319226,-0.990067682313138,-7.448625820510431,-3.875575788729796,0.5
2025-11-19 02:22:14,Tazmanian Trader,trading-floor🧃,COIN,bear,False,True,2025-11-18,A,1.747083420846618,2.027055574967518,9.052374315009647,7.803849843930011,2.251159948828596,3.4542835300508057,-1.1857254692303254,1.674530591788459,-4.653160979894211,-1.0801109481135773,1.0,-0.153250069522044,0.12672208459885592,3.7098787309683154,2.4613542598886786,-0.3458907752439989,0.8572328059782108,-2.2585490160953436,0.6017070449234405,-5.601606296573999,-2.0285562647933664,0.6
2025-11-19 03:26:33,Tazmanian Trader,trading-floor🧃,AMD,bear,False,False,2025-11-18,B,2.9140971076174638,3.1940692617383637,10.527230087726913,9.278705616647276,6.605576305046457,7.808699886268666,6.957352557977925,9.81760861899671,6.201685051680705,9.774735083461339,1.0,0.07023266760833424,0.3502048217292342,3.850157660201544,2.6016331891219067,0.4238057345115943,1.626929315733804,-1.2940721229369379,1.5661839380818467,-5.095876177923872,-1.5228261461432377,0.5
2025-11-19 14:32:14,Tazmanian Trader,trading-floor🧃,COIN,bear,False,True,2025-11-19,A,1.7039159503342782,1.9869233963055954,9.012416427889214,7.766880983855073,2.208213944603632,3.4144007597861514,-1.2301814708691516,1.633187982487594,-4.69914040114614,-1.122955402054182,1.0,0.43068123178795387,0.713688677759271,3.6159903719705704,2.3704549279364295,-1.2096230250776796,-0.0034362098951604024,-4.095442686982099,-1.232073233625354,-5.264481877606416,-1.6882968785144583,0.5
2025-11-20 16:13:12,Tazmanian Trader,trading-floor🧃,GOOG,bear,True,True,2025-11-20,A,4.781137484176979,1.7741216092735934,1.6058619461122636,-0.4349847154014985,-6.271579642116554,-5.935650038691853,-5.115739942634878,-3.5356816751992426,-5.762616138083421,-3.8406826105253034,1.0,3.5410980816370303,0.5340822067336459,4.1424752025501785,2.1016285410364164,0.05917775525929096,0.3951073586839914,-2.8531450409452312,-1.273086773509595,-4.134972854625472,-2.2130393270673543,0.7
2025-11-24 14:51:23,TA Study,tazmanian-trades,QQQ,bear,False,True,2025-11-24,A,-1.2447299739008155,-0.3637391609454088,-1.8687679850097005,-0.03890179303214225,-3.602021013183432,-0.5095018923639838,-4.0621026567623675,-1.250173075685579,-4.572375025095354,-1.5326550112167325,0.0,-1.5614919158367457,-0.680501102881339,-3.1524987173077372,-1.3226325253301787,-6.340724294739035,-3.2482051739195867,-7.926765096935389,-5.114835515858602,-7.878162232429789,-4.838442218551167,0.0
2025-11-25 14:29:24,Tazmanian Trader,trading-floor🧃,AVGO,bear,False,True,2025-11-25,B,-0.02597874938299327,0.9297067568012851,-3.2837139220117884,-1.6310809261845138,-0.29875561790455585,1.4421175107315998,1.1222819733458067,3.4045606626059266,-7.2844413269945285,-4.451783504282414,0.0,-1.6752029160617465,-0.7195174098774682,-3.2354489245631584,-1.5828159287358838,-3.702134314109076,-1.9612611854729205,-4.664949743823585,-2.382671054563464,-5.2576303800107365,-2.4249725572986223,0.0
2025-11-25 15:08:15,Tazmanian Trader,trading-floor🧃,TSLA,bear,False,False,2025-11-25,B,-1.7048043516270317,-0.7853431708295666,-3.4459595620339956,-1.8298009661932513,-4.309262145466963,-2.604895078622893,-8.334774191811789,-6.089195828303184,-9.476952609780698,-6.681192596624164,0.0,-1.7012104157866805,-0.7817492349892154,-3.4535215257919396,-1.837362929951195,-4.053870192944354,-2.349503126100283,-5.928672161278081,-3.6830937977694775,-9.165470930431917,-6.369710917275383,0.1
2025-11-25 21:47:46,Tazmanian Trader,trading-floor🧃,QQQ,bear,False,True,2025-11-25,B,-0.2873422474735099,0.01518272928371367,-1.1003901977110653,-0.25036879960296243,-1.5493624593884148,-0.9738271377527141,-1.7028293415617846,-0.7052347840599049,-2.1338427127720383,-0.430848453367938,0.0,0.2457046378788108,0.5482296146360344,-0.7155624363316471,0.13445896177645578,0.01310659911642258,0.5886419207521232,-2.810114878140039,-1.8125203206381593,-7.0336887972889,-5.3306945378848,0.2
2025-11-26 14:13:29,Tazmanian Trader,trading-floor🧃,AVGO,bull,False,False,2025-11-26,B,3.1176241732589816,2.815099196501758,4.515627026326019,3.665605628217916,-1.0322915315782666,-1.6078268532139672,-1.172351186616527,-2.1699457441184067,5.400077810919468,3.6970835515153677,1.0,0.14870603755332557,-0.153818939203898,0.9060654107974585,0.05604401268935577,0.8841767792682775,0.3086414576325769,2.378044261051416,1.3804497035495367,6.7753193612200295,5.072325101815929,0.8
2025-11-26 14:36:22,Tazmanian Trader,trading-floor🧃,AVGO,bear,False,True,2025-11-26,B,-3.139025086258318,-2.8335396300224414,-4.537318079227948,-3.684320042008893,1.0117518873064113,1.5902557464584244,1.1518406101642342,2.1524161624730698,-5.421952421718945,-3.7159563472808577,0.0,-1.2271221052917571,-0.9216366490558803,-3.05584688810578,-2.202848850886725,-2.0983813459219047,-1.5198774867698919,-4.1848008770062215,-3.1842253246973846,-4.430640014716724,-2.7246439402786375,0.0
2025-12-01 06:51:42,Tazmanian Trader,trading-floor🧃,TSLA,bear,False,True,2025-12-01,A,-1.1332643656540853,-0.9181820893175541,-0.9216589861751112,-0.5209577590276071,-6.867770149534458,-6.045743367371559,-3.3527696793002937,-2.642703534134472,-11.753503244615814,-11.4706553195705,0.0,-1.5317217393263773,-1.316639462989846,-2.355740243476978,-1.955039016329474,-1.1898579227716557,-0.36783114060875644,-2.678110832644942,-1.9680446874791198,1.5675560310965966,1.8504039561419117,0.3
2025-12-03 16:58:59,Tazmanian Trader,trading-floor🧃,TSLA,bear,False,False,2025-12-03,B,-1.0381092389460722,-0.9371139227868364,-2.79995476648196,-2.6257744386131154,0.5812507067737172,0.6441898168439653,-2.1033585887142436,-1.463721586372313,-5.679068189528436,-7.40623446587505,0.0,-0.5516574272990349,-0.45066211113979904,-1.8107569377744435,-1.6365766099055985,-3.1122543496167645,-3.0493152395465164,-6.229224218365892,-5.589587216023961,-4.855503997827735,-6.58267027417435,0.3333333333333333
2025-12-05 15:43:29,Tazmanian Trader,trading-floor🧃,TSLA,bear,False,True,2025-12-05,B,0.16896676635874686,-0.1501272682545851,3.5522514530900606,2.93368875729062,0.9478682344453926,0.902075696448501,-0.6998923360703069,-1.5903027971212125,-5.579545476984982,-6.640042507738664,1.0,0.9453122823285188,0.6262182477151869,-0.10310315328145866,-0.7216658490808991,-1.7231062292930475,-1.768898767289939,-1.4308211998195293,-2.3212316608704344,-2.558852942281829,-3.61934997303551,0.8
2025-12-09 01:58:22,Tazmanian Trader,trading-floor🧃,NVDA,bear,False,True,2025-12-08,B,0.3179564561327841,0.30185457514032565,0.9592584608751897,1.6062613152995509,5.680103470575548,5.4766342471253555,4.225048501832296,3.5985389504892606,-1.967018754041816,-1.2629274124623668,1.0,-0.7925542598314506,-0.808656140823909,-1.059891898131943,-0.41288904370758167,0.9971205656348936,0.7936513421847013,2.3182353361144328,1.6917257847713973,-0.43435015334159505,0.26974118823785387,0.5
2025-12-09 13:16:04,Tazmanian Trader,trading-floor🧃,NVDA,bear,False,True,2025-12-09,B,0.3179564561327841,0.30185457514032565,0.9592584608751897,1.6062613152995509,5.680103470575548,5.4766342471253555,4.225048501832296,3.5985389504892606,-1.967018754041816,-1.2629274124623668,1.0,-0.955080436619973,-0.9711823176124315,-0.15051553909177173,0.4964873153325894,2.9681617641767155,2.7646925407265237,4.650422229860415,4.02391267851738,3.0016398729539295,3.7057312145333787,0.8888888888888888
2025-12-10 14:33:36,Tazmanian Trader,trading-floor🧃,NVDA,bear,False,True,2025-12-10,B,0.6272304531199313,1.3656595331603794,2.1682707905266496,3.1411218007386554,4.677192603006386,4.413467931563375,7.570022710068125,5.939325158312158,-1.9844273818535818,-0.8342947869493189,1.0,-0.3233840567039326,0.4150450233365155,0.4852913591624963,1.4581423693745021,6.001309089943987,5.737584418500976,8.638939469255039,7.008241917499075,4.468435739808891,5.618568334713154,0.9
2025-12-10 14:41:13,Tazmanian Trader,trading-floor🧃,QQQ,bear,False,True,2025-12-10,B,-0.6059343090264901,0.1324947710139579,-0.2805251430678224,0.6923258671441834,2.1303880864979363,1.8666634150549255,3.7542279146562496,2.1235303629002833,-0.016030008175293986,1.134102586728969,1.0,-1.5323050181440043,-0.7938759381035565,-2.9718499318488902,-1.9989989216368844,0.7532692398595142,0.4895445684165033,1.2935589584239104,-0.3371385933320557,-5.282857845769859,-4.132725250865596,0.3
2025-12-10 20:50:54,Tazmanian Trader,trading-floor🧃,GOOG,bull,False,True,2025-12-10,B,-0.0549542074217646,0.06198786630258191,-2.3278477721751067,-2.443337149331437,-3.6915839110271076,-2.5809973847877754,-7.197444395838415,-4.731491971651014,-1.7144778649745396,-2.005743526859405,0.0,-0.20174451245847824,-0.08480243873413174,0.18151780253720884,0.06602842538087846,-0.5575604642282572,0.5530260620110751,-0.12700711043223367,2.3389453137551675,2.649350068381376,2.3580844064965114,0.2
2025-12-11 04:51:45,Tazmanian Trader,trading-floor🧃,AAPL,bear,False,True,2025-12-10,B,0.3815904978591744,0.9697914494894988,0.292015263619938,-0.20131456677968673,1.6069797022519317,0.6918382713035132,2.4740679696877543,1.2086331680413842,2.040523835969854,2.795114138681709,1.0,-0.6708811583363722,-0.08268020670604775,-0.620278622128361,-1.1136084525279857,0.6898136479415936,-0.22532778300682466,1.0154573842824721,-0.24997741736389775,0.09968763452915758,0.8542779372410126,0.4444444444444444
2025-12-11 14:34:28,Tazmanian Trader,trading-floor🧃,AAPL,bear,False,True,2025-12-11,A,0.3690962517021501,0.9499570348425856,0.2795097828424131,-0.22108129408516808,1.5946391457034248,0.6722672488572834,2.4618361642657516,1.1891964584907044,2.0282376549845993,2.7754756473662545,1.0,-1.803032389046534,-1.2221716059060983,-0.79846239026807,-1.2990534671956513,1.1596975588456524,0.23732566199951127,0.28328671283092255,-0.989352992944125,-3.551044129888286,-2.803806137506631,0.4
2025-12-11 15:22:07,Tazmanian Trader,trading-floor🧃,GDX,bear,True,True,2025-12-11,A,-1.3988480075232346,-0.7944949134981671,-0.6935464911249634,-1.170897847999841,0.2821206065592996,-0.6171100840673849,-0.7053015163982712,-1.9548818267496326,-7.311625719995307,-6.540856556601016,0.0,-0.9177993309348921,-0.31344623690982454,0.6781574361466847,0.20080607927180694,2.3438621618433895,1.4446314712167052,2.1382753573454183,0.8886950469940569,-0.902962256807428,-0.13219309341313662,0.8
2025-12-12 13:45:30,Tazmanian Trader,trading-floor🧃,META,bear,False,True,2025-12-12,B,0.8571868267159055,-0.07426906354376372,0.35241612803939004,-0.728712081559979,0.04616805170820637,-2.3907298078323147,-1.3804247460757146,-2.481896766070768,-1.3681132656202077,-1.4146134036674862,0.0,2.0781325038922596,1.14667661363259,3.319675218299328,2.238547008699959,4.137238677479726,1.7003408179392043,1.4625809062123232,0.3611088862172695,0.9030717694114176,0.8565716313641392,0.9
2025-12-15 15:41:43,Tazmanian Trader,trading-floor🧃,TSLA,bear,True,True,2025-12-15,A,-0.6735433037510896,-0.539684341084512,-3.759557748925091,-3.8993006220385706,-2.3807002308686265,-2.873477730795082,-3.5159807680088084,-2.7790209845367064,3.748967445406981,4.806600348234191,0.0,-0.39711162910399916,-0.26325266643742157,-0.0612040491599514,-0.20094692227343097,-0.042724698383645295,-0.5355021983101003,-0.8935742488654932,-0.15661446539339113,-0.1393787527074963,0.9182541501197138,0.4444444444444444
2025-12-15 17:47:43,Tazmanian Trader,trading-floor🧃,META,bear,False,True,2025-12-15,A,0.6414092590035225,0.5738803757257216,-0.8378216636744318,-1.1784021184667925,-1.9579861590633518,-2.6508912222615866,-1.5053169451733073,-0.970957955757723,-2.188156945787112,-1.3337697704028706,0.0,0.7539349344604473,0.6864060511826464,0.005817780162529207,-0.33476267462983156,0.1182040611020152,-0.5747010020962195,-0.38815241497659136,0.14620657443899293,0.510036269107671,1.364423444491912,0.6
2025-12-17 14:49:21,Tazmanian Trader,trading-floor🧃,TSLA,bear,False,True,2025-12-17,B,4.650545862667077,3.6012031756423757,1.3631262116110654,1.060998050318851,0.2693602693602637,1.1993254877768367,0.9488827670645961,2.6968047148332674,10.607080910111222,11.292396007676508,1.0,0.762442293543425,-0.2869003934812764,-0.13629813377861622,-0.43842629507083064,-1.0666547495743264,-0.13668953115775323,-1.4247474271638527,0.32317452060481866,-1.4201231428923922,-0.7348080453271055,0.5
2025-12-17 18:48:15,Tazmanian Trader,trading-floor🧃,SLV,bear,False,True,2025-12-17,A,-0.31462769056616047,-0.5093624202416658,1.250187278387238,1.8091205482955175,-3.99360756438214,-2.191939683720334,-8.571523696958593,-5.944834633320473,-9.453812987964238,-7.8989081998683375,0.0,1.0765396386741035,0.8818049089985982,-1.690641379638152,-1.1317081097298727,-4.579880173366596,-2.7782122927047896,-4.700439738292514,-2.0737506746543937,-4.781114863535264,-3.2262100754393632,0.1111111111111111
2025-12-18 12:58:32,Tazmanian Trader,trading-floor🧃,TSLA,bear,False,True,2025-12-18,A,-1.089593441525838,-1.2563584946545303,-0.6357704534047048,-0.19450717123232764,-1.5475991299983116,-0.018673510163602636,0.6211310021750127,2.49686890064017,5.539986615358883,7.033493108865385,0.0,-0.19505328672610456,-0.36181833985479694,-0.5887030405023719,-0.14743975832999467,-1.6234258517963371,-0.09450023196162834,-2.955795478042317,-1.0800575795771592,-2.0892464415655922,-0.5957399480590897,0.3
2025-12-18 13:01:44,Tazmanian Trader,trading-floor🧃,SLV,bear,False,True,2025-12-18,B,0.8358408559010377,0.6690758027723454,-1.8555667001002973,-1.4143034179279201,-8.3918421932464,-6.862916573411693,-18.89000334336344,-17.014265444898278,-15.479772651287194,-13.98626615778069,0.0,0.44932763384318175,0.2825625807144893,-0.9065978426831967,-0.46533456051081945,-1.2468301101915238,0.2820955096431853,-0.8137883361081798,1.0619495623569777,-1.1562549462466243,0.33725154725987805,0.3
2025-12-19 10:54:06,Tazmanian Trader,trading-floor🧃,TSLA,bear,False,False,2025-12-19,B,1.4176841760222936,2.008884164198299,-0.12496926985168244,1.092902705790877,0.5572400229451824,2.595401982181944,5.8346308284848,7.498858795200237,11.300499877079407,13.550015832089068,1.0,0.254509247513851,0.8457092356898567,-0.2846128403784288,0.9332591352641307,-0.3715977165422857,1.666564242694476,0.3973761866465254,2.0616041533619627,-3.235550805848406,-0.9860348508387439,0.3
2025-12-22 02:35:08,Tazmanian Trader,trading-floor🧃,SLV,bear,False,True,2025-12-21,B,0.20766773162940177,0.3377961054633727,-3.578274760383393,-2.9905039032906755,-13.610223642172524,-12.678855393495759,-10.191693290734838,-9.742823506835684,-13.354632587859406,-12.529998848057676,0.0,0.5227486632921406,0.6528770371261116,0.5566156747041662,1.144386531796884,0.9186691927244606,1.8500374414012277,1.9624697473814003,2.411339531280553,0.09932788097524865,0.9239616207769764,0.7
2025-12-22 15:13:07,Tazmanian Trader,trading-floor🧃,SLV,bear,False,True,2025-12-22,B,-0.040035231003288096,0.08570127790792359,-3.8353751301145156,-3.252016210863662,-13.892225158139171,-12.965283918026316,-10.465209384258145,-10.020745445781309,-13.635999679718136,-12.815788266936877,0.0,1.0533860706512133,1.179122579562425,1.1537652951755795,1.7371242144264332,0.7563746787178283,1.6833159188306837,0.5009246646208954,0.945388603097731,-3.1537166906142224,-2.333505277832965,0.7
2025-12-23 14:58:16,Tazmanian Trader,trading-floor🧃,QQQ,bear,True,True,2025-12-23,A,-0.3063478499218064,0.012269772476214413,-0.599796843004774,0.07170620099654634,-0.10641556892019288,0.19616180704131736,0.9512906918624497,0.3891529644737268,-0.04192128472613188,0.5027179920045866,1.0,0.5096192293515478,0.8282368517495687,0.18226469559676994,0.8537677395980902,1.113653814654435,1.4162311906159455,2.222238068231487,1.6601003408427641,-2.160506745032853,-1.6158674683021346,0.8
2025-12-23 15:10:53,TA Study,trading-floor,SLV,bear,False,False,2025-12-23,B,-2.995838231089376,-2.6237981382981834,-3.5994535692728036,-2.8743401335190155,-4.854338088127852,-4.498346783653151,-2.3286844362550463,-2.837868720114345,-10.73164532833497,-10.133463218356997,0.0,-0.03711980875684584,0.3349202840343468,-0.20609605089202288,0.5190173848617652,0.8529746092409063,1.2089659137156072,2.581503240578286,2.072318956718987,-1.2737596652945815,-0.6755775553166078,0.5
2025-12-25 07:42:44,Tazmanian Trader,trading-floor🧃,NVDA,bear,False,False,2025-12-25,B,-0.3211878685762448,-0.3689696362120687,0.8951137320977187,0.49114060572218454,1.8007582139848322,0.5381612025172067,0.9477674810446368,0.524971234085303,2.6221566975568655,3.276622120932282,1.0,-0.21867461575814762,-0.2664563833939715,0.9429716306824243,0.5389985043068901,1.575389956219524,0.31279294475189845,-0.3844358765104816,-0.8072321234698154,-5.081772255504989,-4.427306832129571,0.7
2025-12-25 16:44:39,Tazmanian Trader,trading-floor🧃,GLD,bear,False,False,2025-12-25,B,-0.06242796772955028,-0.11020973536537415,4.293123319247016,3.8891501928714822,4.842969650403384,3.580372638935758,1.8536304264310521,1.4308341794717183,-1.3806185170956553,-0.7261530937202387,1.0,0.11318379466556006,0.06540202702973619,0.586200287190255,0.1822271608147208,1.337235345605018,0.07463833413739249,-0.35261705379572067,-0.7754133007550547,-2.7370386147424894,-2.082573191367073,0.6
2025-12-26 05:54:42,Tazmanian Trader,trading-floor🧃,SLV,bear,False,False,2025-12-26,B,-4.850361197110442,-4.898142964746266,2.6831785345717174,2.2792054081961832,5.027274067521736,3.764677056054111,-1.8428424001179389,-2.2656386470772727,-13.85817484888694,-13.203709425511523,0.0,0.781690570720569,0.7339088030847452,1.7697516574996464,1.3657785311241122,2.9966700578422825,1.7340730463746568,-0.3543512949364304,-0.7771475418957642,-1.2675752472726942,-0.6131098238972775,0.6
2025-12-26 21:33:46,Tazmanian Trader,trading-floor🧃,COIN,bear,False,False,2025-12-26,B,0.25174944529783305,0.29683773107030964,1.177675371223763,1.100588947161163,-0.92592592592593,-1.561525309234535,-6.912442396313367,-6.291387621318467,-7.821300563236044,-6.915171465292658,0.0,-0.20762654558942661,-0.16253825981695003,0.02439391226744969,-0.05269251179515044,-0.3431986173695001,-0.978798000678105,-5.1775529728913,-4.5564981978964,-2.89516786242359,-1.9890387644802043,0.4
2025-12-26 21:35:55,Tazmanian Trader,trading-floor🧃,GLD,bull,False,False,2025-12-26,B,-1.2535301986820624,-1.298618484454539,-1.1816875588366527,-1.1046011347740525,-1.3328048357528766,-0.6972054524442717,2.358420452856369,1.7373656778614688,4.451766338007235,3.545637240063848,0.0,0.2261164127021409,0.1810281269296643,0.23333723975129894,0.3104236638138991,-0.2905676841518379,0.3450316991567669,2.27640554719869,1.65535077220379,5.339226745387658,4.433097647444272,0.6
2025-12-29 17:34:46,TA Study,tazmanian-trades,SLV,bear,False,True,2025-12-29,B,-1.0882182684680108,-0.857988184098879,-5.636498957111402,-5.528669677090425,-0.6900522822568034,-1.1417695363987623,-12.880057090876761,-12.072794643152118,-20.36864044692599,-19.275776122388997,0.0,-0.13881555355344521,0.09141453081568662,0.40817770554192556,0.5160069855629024,1.3391101525573423,0.8873928984153834,-1.4913104248045541,-0.6840479770799102,-3.162306287738116,-2.069441963201125,0.3
2025-12-29 17:35:11,TA Study,tazmanian-trades,NVDA,bear,False,True,2025-12-29,A,-0.7170376712328785,-0.4868075868637467,-0.35316780821916804,-0.24533852819819124,-1.0541523972602773,-1.5058696514022363,-0.1926369863013866,0.6146254614232571,0.5725599315068441,1.6654242560438348,0.0,-0.2308012549112115,-0.0005711705420796687,-0.3484608539522982,-0.2406315739313214,-0.17991250827962388,-0.6316297624215826,-2.6715541737895663,-1.8642917260649228,-4.874292888836834,-3.781428564299843,0.4
2025-12-30 14:35:02,Tazmanian Trader,trading-floor🧃,SLV,bear,False,True,2025-12-30,A,0.18810591810156652,0.12846261415347948,6.786282737664584,5.986189635921835,0.04340905802344697,0.08705049993669167,-2.6768919114455114,-2.3626735296701673,-22.355664882072055,-21.927978751322286,1.0,0.3992132494372358,0.33956994548914876,1.2301978179044237,0.43010471616167434,0.5230112298593047,0.5666526717725494,-0.9383011539843166,-0.6240827722089725,-0.9295721226753795,-0.501885991925608,0.4
2025-12-30 14:35:37,Tazmanian Trader,trading-floor🧃,NVDA,bear,True,True,2025-12-30,A,0.37710511400006475,0.3174618100519777,0.929562246779414,0.12946914503666473,0.06900402071926548,0.11264546263251018,-0.456892672984166,-0.1426742912088219,2.7144237526819492,3.1421098834317207,0.0,0.5468277767023844,0.48718447275429744,1.8218021813045806,1.021709079561831,-3.4744822053023285,-3.430840763389084,-4.639017903566887,-4.324799521791544,-4.922052859236032,-4.494366728486261,0.3
2025-12-30 15:39:13,TA Study,trading-floor,SLV,bull,False,False,2025-12-30,B,0.4899211435281048,0.47973102503158227,-6.153077412785146,-5.422300343463215,0.6356009364297144,0.5220539017541936,3.3743810429799126,2.990068002539692,23.186832877598395,22.688972802482677,0.0,-0.12668026921726194,-0.13687038771378446,-1.3156674403939606,-0.5848903710720299,2.752934544136493,2.639387509460973,6.63186253478249,6.2475494943422705,5.708591897966163,5.210731822850444,0.5
2025-12-31 15:28:19,Tazmanian Trader,trading-floor🧃,NVDA,bear,False,False,2025-12-31,B,1.194670339858539,0.6804058839211424,-0.0503297925882773,-0.38223096627837405,0.8026277449603936,1.731221578163622,1.9681597838467901,2.561205177715009,0.9032873301369371,1.8946141324332588,1.0,0.3330373933107855,-0.18122706262661104,-2.2811723240073176,-2.613073497697415,-8.272516514567249,-7.34392268136402,-7.49199542534451,-6.898950031476289,-6.161260212304798,-5.1699334100084755,0.2
2025-12-31 16:56:17,TA Study,trading-floor,SLV,bear,False,False,2025-12-31,B,0.7319516141459204,0.29394425562230264,-1.31751290546267,-1.5730171979347785,-13.583481007781796,-12.577524107705873,-7.419677941289771,-6.749526682748619,-28.3920178750289,-27.323279920231247,0.0,0.24693348034758422,-0.1910738781760335,-0.23708954130979287,-0.4925938337819014,-3.3156086831382368,-2.3096517830623156,-3.0407605767815338,-2.3706093182403825,-3.726163983023966,-2.657426028226316,0.3
2026-01-02 14:47:14,TA Study,tazmanian-trades,NVDA,bear,True,True,2026-01-02,A,1.5380604796663255,1.2810707893299855,1.918665276329512,2.325976853479994,1.4025026068821722,2.0813747021701356,3.618352450469242,4.952765796529901,2.9040667361835304,3.886619410894032,1.0,1.3087581822732435,1.0517684919369035,-1.0490718498216784,-0.6417602726711965,-1.2080023102574624,-0.5291302149694989,-1.2635495300820554,0.07086381597860318,1.7573860310151153,2.739938705725617,0.5555555555555556
2026-01-02 15:00:10,Tazmanian Trader,tazmanian-trades-💸,QQQ,bear,False,True,2026-01-02,B,1.299119432057827,0.8590080926328736,0.515140295239791,0.7381106095842083,-0.45557719860267465,0.0384550665134098,-0.8789581287528714,0.26941185623670094,-0.011268693958355058,0.7858866128808373,1.0,0.5264322100310748,0.08632087060612141,-3.094735142634529,-2.871764828290112,-4.804214270361662,-4.3101820052455775,-5.878227347646512,-4.729857362656941,-5.550939099298766,-4.753783792459573,0.4
2026-01-02 15:02:33,Tazmanian Trader,tazmanian-trades-💸,SLV,bear,False,True,2026-01-02,B,1.4095066726645622,0.9693953332396088,-3.583745689008855,-3.3607753746644375,-6.402759034337979,-5.908726769221895,-8.532013795171679,-7.383643810182106,-21.487479382216222,-20.69032407537703,0.0,0.7101448490954454,0.270033509670492,-2.4960868631650133,-2.273116548820596,-3.9231663851610947,-3.42913412004501,-3.698219579923159,-2.549849594933586,0.4497630519369287,1.2469183587761212,0.4
2026-01-02 15:58:47,Tazmanian Trader,trading-floor🧃,BA,bear,False,False,2026-01-02,B,-3.282953211375683,-3.422547583749158,-3.446196233530019,-2.920707470511563,-3.4416617051368448,-2.6442928032548663,-6.348294405162824,-4.894612694949041,-12.31119924218962,-11.209792335557056,0.0,0.4323714446320699,0.29277707225859495,-1.6580807322429663,-1.1325919692245106,-1.7461312932912285,-0.9487623914092498,-2.1743422205240797,-0.7206605103102965,-1.2422578038389862,-0.14085089720642394,0.3333333333333333
2026-01-02 16:22:52,Tazmanian Trader,trading-floor🧃,MSFT,bear,False,False,2026-01-02,B,0.08133946020175697,0.27639988493483036,0.10035387946970564,0.9627262835527728,-2.143347594147782,-1.0081839193853748,-1.2581207415623519,0.5355551941410353,2.844768393809749,4.284988973417859,0.0,-0.275458620186837,-0.08039819545376359,-3.77380441851246,-2.9114320144293937,-3.6489390007676183,-2.5137753260052107,-4.427589638826879,-2.6339137031234916,-4.724003787460242,-3.2837832078521325,0.1
2026-01-02 16:36:07,TA Study,trading-floor,TSLA,bear,False,False,2026-01-02,B,1.353359754999095,1.5528288152944936,-1.7091515042334748,-0.842341102508648,2.8530895334173967,3.992703208781523,-0.20942172581517315,1.5887331853771114,1.481715006305162,2.9263990091798586,1.0,-0.3321674812176345,-0.13269842092223594,-2.065349966819859,-1.1985395650950323,-2.4739437304973877,-1.3343300551332615,-3.91296631047773,-2.1148113992854456,-4.5878015449887375,-3.1431175421140414,0.1
2026-01-05 16:28:51,Tazmanian Traders VIP ⭐,free-alerts-✈️,QQQ,bear,False,True,2026-01-05,A,0.31937029211090984,0.22636665825759295,-0.5564785392841554,-0.0553165023157165,-0.08064906366436198,0.08638557895443988,-1.1613465167669368,-0.17352066628923968,1.9210606964853216,0.35499107189053136,0.0,0.12357446156230023,0.03057082770898334,0.11672495339819951,0.6178869903666385,-0.2027262830099629,-0.03569164039116104,-0.6355934531433823,0.3522323973343145,0.9165036228216227,-0.6495660017731675,0.4
2026-01-05 18:21:06,Tazmanian Trader,trading-floor🧃,SLV,bear,False,False,2026-01-05,B,0.683769531137679,0.5820874184739089,-5.972775736245528,-5.480343790630937,-0.2219806888302145,-0.06364711339661433,-11.033475377971014,-10.054421893179754,-22.76509727469822,-24.339717419377326,0.0,-0.06687471231570874,-0.16855682497947888,-0.6189793409621458,-0.12654739534755488,-1.0515868882884238,-0.8932533128548237,-3.496423312884827,-2.5173698280935675,-3.7601514027673084,-5.334771547446415,0.4
2026-01-05 19:24:24,TA Study,trading-floor,RKLB,bear,False,False,2026-01-05,B,-2.130440465298644,-2.2103509655383657,-12.442817932296425,-11.9284848943898,-8.587112795712958,-8.406950940627024,-14.886942883283227,-13.885882253007331,-16.53378643314598,-18.086955974169115,0.0,0.2385856509875217,0.15867515074780014,-0.832180825461726,-0.31784778755510334,0.3750292059828496,0.5551910610687859,-0.462940339645581,0.5381202906303152,4.052310409195681,2.4991408681725447,0.4
2026-01-05 22:45:48,TA Study,trading-floor,RDDT,bear,False,False,2026-01-05,B,-2.256154063091742,-1.6921431898924366,-2.9370291285604866,-2.697179143823658,1.4705289875508676,2.3630616580260666,-4.318923492204174,-3.469999909862942,15.34184762902382,14.974077652427365,0.0,-0.5389502401289947,0.0250606330703107,0.23358482077599377,0.47343480551282224,-1.3317155148598492,-0.4391828443846501,-2.4120369628241134,-1.563113380482881,1.5148907807117706,1.1471208041153156,0.3
2026-01-06 03:24:48,Tazmanian Trader,trading-floor🧃,QQQ,bull,False,True,2026-01-05,A,0.6766468032879391,0.1126359300886337,0.7735413335917096,0.5336913488548811,1.1982623580898855,0.30572968761468644,1.132051095715636,0.2831275133744038,-0.4763981073268475,-0.10862813073039268,1.0,1.247332611223736,0.6833217380244307,1.0841451254292211,0.8442951406923926,2.095595001389855,1.203062330914656,2.055603889907297,1.2066803075660648,1.130521085624846,1.4982910622213008,0.6
2026-01-06 03:25:58,Tazmanian Trader,trading-floor🧃,NVDA,bear,False,False,2026-01-05,B,1.7216040310728542,2.2856149042721596,0.7400797816502158,0.9799297663870443,2.970816712156199,3.863349382631398,2.4721813982783947,3.321104980619627,3.7791307999160306,3.411360823319576,1.0,-0.21970080905467926,0.34431006414462617,1.0119453551561253,1.2517953398929538,-0.3653578808811119,0.527174789594087,-0.7658576380356829,0.08306594430554926,-2.736475315701906,-3.104245292298361,0.6
2026-01-06 07:46:43,TA Study,trading-floor,AMD,bear,False,False,2026-01-06,A,3.753760495711922,4.317771368911227,5.697992905572269,5.937842890309097,8.773741637106557,9.666274307581757,0.7812850792510484,1.6302086615922806,-12.1638004579947,-12.531570434591154,1.0,-1.4665422678046725,-0.902531394605367,-0.22730164624183535,0.01254833849499315,-1.8250767185302894,-0.9325440480550903,-4.204796327553391,-3.355872745212158,-4.741109731213999,-5.108879707810453,0.5
2026-01-06 14:58:25,TA Study,trading-floor,NVDA,bull,False,False,2026-01-06,B,-1.5018806386280503,-1.9840953403666206,-0.5181619716457475,-0.6764794490237924,-2.7538862147873377,-3.564355502649197,-2.254136089849812,-3.0210317600846803,-3.5640074699492374,-3.1151992083913282,0.0,1.3030198668282011,0.8208051650896306,1.4217993887250868,1.263481911347042,2.4177897159742585,1.6073204281123996,3.4284519123491273,2.661556242114259,1.1591785040844043,1.6079867656423135,0.6666666666666666
2026-01-06 15:40:34,Tazmanian Traders VIP ⭐,free-alerts-✈️,QQQ,bear,True,True,2026-01-06,A,-0.15905403017206776,0.007467871562782946,-0.2554504120945378,-0.41180812158366775,-0.6779878861880029,-0.18424270132928466,-0.6121170252076702,-0.1618085593477092,0.9880629147052677,0.22648692050030172,1.0,-0.7685205058579114,-0.6019986041230607,-0.2996769994545456,-0.4560347089436757,0.08272440741490361,0.5764695922736218,-2.505047824930123,-2.0547393590701626,-0.9734155088102469,-1.734991503015213,0.6
2026-01-06 19:28:44,Tazmanian Traders VIP ⭐,vip-chart-plan📊,META,bear,True,True,2026-01-06,A,0.22616831604661547,0.18643331239820427,2.0279633146684573,1.6660135541621601,1.36795961441889,1.6547740952991274,4.686101787069507,4.929568991242405,7.4242864748326305,6.458364658870708,1.0,-0.11560810106545638,-0.15534310471386759,0.6867524020690833,0.3248026415627862,0.5407430282099063,0.8275575090901439,-1.5157652022465686,-1.2722979980736706,3.09222941836833,2.126307602406407,0.7777777777777778
2026-01-06 20:51:10,TA Study,trading-floor,NVDA,bear,False,False,2026-01-06,B,-0.008011750567504805,-0.0470245814541248,-1.0068099879823933,-1.3680399035990831,1.2631860061423361,1.5507250189732313,0.7557751368673982,0.9999665598242835,2.085725731072241,1.1205193965444282,0.0,-0.011871967592259737,-0.050884798478879736,0.7891183288973523,0.4278884132806625,-1.4551326129809619,-1.1675936001500669,-3.87716750130216,-3.632976078345275,-2.9820558909377706,-3.947262225465583,0.5555555555555556
2026-01-07 01:16:38,TA Study,trading-floor,AMD,bull,False,False,2026-01-06,B,-0.9923394225103022,-0.6152753216131512,-3.5097230406599844,-3.1225461094705587,-2.0907483794932236,-2.519821321893423,5.409546258102527,5.673924535743069,19.613435474366515,20.077180977768762,0.0,-0.10222454119979352,0.2748395596973574,-0.15855815856265715,0.2286187726267686,1.5678308237270897,1.138757881326891,0.32301486543650143,0.5873931430770442,1.3657752947427668,1.8295207981450132,0.6
2026-01-07 14:43:22,Tazmanian Trader,trading-floor🧃,SLV,bear,False,True,2026-01-07,B,-1.589119541875439,-1.9690620448730822,0.20042949176807268,-0.18962554933217302,-10.565497494631359,-10.139326246021852,-21.059413027916985,-21.32667296348567,-24.738725841088048,-25.20534724210798,0.0,0.5046326281591529,0.12469012516150957,-0.012259787129926814,-0.4023148282301725,-0.543323900395295,-0.11715265178578682,-1.7359320307153414,-2.003191966284028,1.6338365876195038,1.167215186599575,0.5
2026-01-07 14:43:40,Tazmanian Trader,trading-floor🧃,MU,bear,True,True,2026-01-07,A,0.3580127358628893,-0.02192976713475403,4.034979605012179,3.644924563911933,-1.4966106171317994,-1.0704393685222913,2.177421721395656,1.9101617858269693,-16.671068462599404,-17.137689863619332,1.0,0.49108512161768153,0.11114261862003816,-0.3309582800829214,-0.7210133211831671,-1.9539921718981703,-1.527820923288662,-1.5138413984114352,-1.7811013339801218,-2.935171431089292,-3.40179283210922,0.4
2026-01-07 20:15:48,TA Study,trading-floor,QQQ,bear,False,True,2026-01-07,B,0.14721413255673887,-0.02650253555755988,0.7152686657919238,0.5314185253709525,-0.35683425608856734,0.27723158252863644,0.8624827983486627,0.8016819645086604,0.6688642109642595,0.4082892087928114,1.0,0.12033034995135984,-0.053386318162938914,0.08054908983467444,-0.10330105058629692,-3.265103282176881,-2.631037443559677,-4.808475261629708,-4.8692760954697105,-6.470225859250206,-6.730800861421654,0.4444444444444444
2026-01-08 15:05:46,TA Study,tazmanian-trades,LMT,bear,True,True,2026-01-08,A,3.4005992650887995,3.5793056055316352,-1.1606871518362372,-0.31945974438576386,-4.026397327175579,-3.2287568320282567,-7.676544423072729,-7.10119718067137,-10.085753302600553,-9.947728080307282,1.0,-0.33944564594146415,-0.16073930549862842,-1.5276115803549506,-0.6863841729044772,-3.6783438212836472,-2.8807033261363246,-4.6292405645376595,-4.053893322136302,-6.899046644399798,-6.761021422106529,0.2
2026-01-12 15:30:22,TA Study,trading-floor,AMD,bull,False,False,2026-01-12,B,-0.55780326063537,-0.7870519305605228,5.800675109525755,5.771838798843354,9.128342630054354,9.320104096092397,11.043546958416117,13.349009997474903,20.672236719255,20.395408136703864,0.0,0.4418002596303451,0.21255158970519217,0.7498502792248372,0.7210139685424364,1.1674117192954205,1.359173185333463,0.8680482180332035,3.1735112570919894,4.164228510413642,3.887399927862506,0.6
2026-01-12 16:13:58,TA Study,trading-floor,SLV,bull,False,False,2026-01-12,B,-0.14222911817947104,-0.322367752872732,1.6291698991466097,1.6493454262322516,7.732092061029205,7.972757276979392,10.408585466770104,12.761916590402844,31.35505559865528,31.127360364403,1.0,0.2877335500367273,0.10759491534346632,-1.001550139608636,-0.9813746125229936,-2.71669627467689,-2.4760310587267034,-4.985884991688073,-2.632553868055333,-4.289714714479651,-4.517409948731929,0.2
2026-01-13 14:56:52,Tazmanian Trader,trading-floor🧃,QQQ,bear,False,True,2026-01-13,B,0.3182068737841992,0.1196885683824922,1.3830880631275688,0.6940281480013466,1.1108987008290327,0.6088487835449907,1.9035905278738663,0.501015544057426,-0.7928350846039489,-0.7539945465905751,1.0,-0.6401225272394667,-0.8386408326411737,-0.07452224790076947,-0.7635821630269916,-0.2361847303617376,-0.7382346476457796,0.8393006390819511,-0.5632743447344892,1.4955935438940966,1.5344340819074707,0.5555555555555556
2026-01-13 15:20:53,Tazmanian Trader,trading-floor🧃,SLV,bear,False,False,2026-01-13,B,2.16579536967888,2.2105131680692502,-5.252676126462541,-5.699695485476653,-0.8464027881503577,-1.1059563686818263,-4.505850136918088,-5.668123543066006,-31.441374159820757,-31.15871902720242,0.0,0.11074630129982,0.15546409969019015,0.7073586811624766,0.2603393221483652,1.5435227273045613,1.2839691467730927,1.6246865176085792,0.4624131114606612,0.08501333044545945,0.36766846306379597,0.6
2026-01-14 20:03:12,Tazmanian Traders VIP ⭐,trading-floor-🧃,TSLA,bull,False,True,2026-01-14,A,0.5126327352618087,0.1783595614106792,0.3684547784694292,-0.23905038096434517,-4.053002563163677,-2.5298795797029427,2.8377883559135952,2.7040790863731345,-4.668619553277187,-5.537729805290093,0.0,0.361475528068236,0.027202354217106508,1.828106606367382,1.2206014469336077,1.1638525608093937,2.686975544270128,2.7706880187906098,2.636978749250149,4.779523009599256,3.910412757586349,0.7777777777777778
2026-01-15 08:05:00,Tazmanian Trader,trading-floor🧃,PLTR,bull,False,False,2026-01-15,B,-0.9176878742096162,-0.582228525259898,-4.33663477141738,-3.917670520153993,-7.486990095685742,-6.166748795312838,-5.097644228079023,-4.328823230915302,-17.97325275586146,-17.59892043514504,0.0,-1.821795780087615,-1.486336431137897,-1.0195266266159664,-0.6005623753525791,-3.8649302251298736,-2.5446889247569695,-3.111208277731037,-2.3423872805673147,-7.059991430460508,-6.685659109744089,0.2
2026-01-15 08:11:44,Tazmanian Trader,trading-floor🧃,PLTR,bear,False,False,2026-01-15,B,0.9176878742096162,0.582228525259898,4.33663477141738,3.917670520153993,7.486990095685742,6.166748795312838,5.097644228079023,4.328823230915302,17.97325275586146,17.59892043514504,1.0,1.0840991685717039,0.7486398196219857,0.3788956419023647,-0.04006860936102239,0.27256395304872694,-1.0476773473241774,-2.343417824716576,-3.1122388218802977,5.428008552842913,5.053676232126493,0.6
2026-01-15 14:39:22,Tazmanian Trader,trading-floor🧃,SLV,bear,True,True,2026-01-15,A,-3.221010901883048,-3.5636442841640026,-0.3716551040634286,-0.7977873778246325,-4.0138751238850245,-5.341219571208744,-15.101585728444,-15.877549564786175,6.541129831516357,6.1596262756152935,0.0,0.35985932289857137,0.01722594061761673,-0.6688842704845867,-1.0950165442457904,-2.3966778654575007,-3.72402231278122,-4.160779503069739,-4.936743339411914,-2.1170864231663886,-2.4985899790674524,0.5
2026-01-15 14:56:43,Tazmanian Trader,trading-floor🧃,SLV,bull,False,False,2026-01-15,B,2.870547564664472,3.132772732517386,0.030866102845839016,0.37665753298156135,3.6607197975183414,4.90845054125807,14.710784616334326,15.40668986948246,-6.85844805234892,-6.557321348605738,1.0,-0.04856605340968767,0.2136591144432265,0.24410988698647995,0.5899013171222023,-2.2073931076790396,-0.959662363939312,0.21301813544355888,0.9089233885916912,-2.2737678236630585,-1.9726411199198766,0.4
2026-01-15 16:59:11,Tazmanian Trader,trading-floor🧃,TSLA,bear,True,True,2026-01-15,A,0.9731755780346796,0.5825028006606003,1.214776011560692,0.7406445929796224,2.583092485549132,1.208183318768541,-1.3954118497109924,-2.219206196107526,2.8156611271676235,2.3861369133696075,1.0,1.2020107635545554,0.8113379861804764,1.051487031247552,0.5773556126664822,2.009060689665576,0.6341515228849846,1.2254394536249387,0.40164510722840496,5.508360895361567,5.0788366815635495,0.7777777777777778
2026-01-16 14:30:00,Tazmanian Trader,trading-floor🧃,TSLA,bull,False,True,2026-01-16,B,-0.4550625711035261,-0.16817437100260513,-4.607508532423211,-2.290778192914822,2.243458475540394,2.9167086737671544,-0.9783845278725889,-0.8457527971726719,-4.025028441410694,-4.278758708836639,0.0,0.005211657133695713,0.29209985723461673,-2.3669210256667674,-0.05019068615837896,-0.5508845426778197,0.1223656555489403,-1.349866643391342,-1.2172349126914253,-3.448036502045703,-3.7017667694716474,0.3
2026-01-20 05:08:09,Tazmanian Trader,trading-floor🧃,SLV,bear,False,False,2026-01-20,B,0.9281819236570343,0.3544390954423937,2.587307112193993,3.1610499404086445,-7.796728158719102,-6.660981485987283,-17.867502030397976,-15.813179883337858,10.708898944193068,11.888666805790438,0.0,-0.03821659544056555,-0.6119594236552063,-2.4129689999173487,-1.839226171702697,-1.6087108327978359,-0.4729641600660172,-2.384561463750778,-0.3302393166906613,4.739649970030013,5.919417831627382,0.2
2026-01-20 14:46:44,TA Study,trading-floor,MU,bear,False,False,2026-01-20,B,3.3125389067694466,2.4921169127268494,-3.074131468457386,-2.74991474824251,-5.866147468245453,-4.981321249871207,-8.671408325717533,-6.870285642988838,-11.108462139574304,-10.17972395006488,0.0,0.7120994075602816,-0.10832258648231563,0.006729395799326454,0.3309461160142025,-1.0393632666704022,-0.15453704829615603,-0.6646842450251125,1.1364384377035832,4.000534737770114,4.9292729272795395,0.5
2026-01-20 15:51:06,Tazmanian Trader,trading-floor🧃,AMD,bear,False,True,2026-01-20,B,2.868910303258254,1.8912260558120786,-4.619464497439174,-4.454325005718074,-8.75733603160529,-8.032475961749807,-5.553417282984752,-3.9137136572229947,-1.398793232485973,-0.6300908196956945,1.0,1.2669894096636014,0.28930516221742586,1.8080415790177373,1.9731810707388378,0.16026152816275055,0.8851215980182326,-0.6190127894247366,1.0206908363370202,2.6982632393063257,3.4669656520966043,0.6
2026-01-20 16:52:07,TA Study,trading-floor,RKLB,bear,False,False,2026-01-20,B,3.756372794012086,2.968625341745479,5.202833768171167,5.560102129422173,4.037029400938463,4.955091952185975,6.087981528477471,7.92264241637719,12.273221365739817,13.23521035484606,1.0,0.9234657126294097,0.1357182603628024,0.4779248780739209,0.8351932393249272,-0.18463509101902773,0.7334274602284838,0.3711308489641641,2.2057917368638837,1.9292854435282516,2.891274432634495,0.3333333333333333
2026-01-21 14:58:01,Tazmanian Trader,trading-floor🧃,NVDA,bear,False,True,2026-01-21,B,-1.8727424284523453,-1.0789657015206844,-2.7174215059738938,-1.397175971510256,-3.623228674631851,-1.751514417194766,-6.429563767713264,-4.162262612996592,3.2008891358710656,4.110841940442467,0.0,-0.707643754872439,0.08613297205922192,-2.101592754123427,-0.7813472196597891,-2.966288353113491,-1.0945740956764058,-2.0339012642229397,0.23339989049373272,-0.40734438052707,0.5026084240443307,0.1
2026-01-21 16:10:29,Tazmanian Trader,trading-floor🧃,SLV,bear,False,True,2026-01-21,B,1.0547404395733984,1.152282237307134,-2.6810441341111213,-2.060670122143504,-15.891815449885094,-14.723781995633423,-24.447587060279297,-22.88669923276252,6.687879323551938,6.9007947104602,0.0,-0.16298339829004094,-0.06544160055630534,-0.6302494220858527,-0.00987541011823555,2.2482728907766054,3.4163063450282776,0.33186621070666206,1.8927540382234394,10.267356460181045,10.480271847089309,0.6666666666666666
2026-01-22 14:52:18,TA Study,trading-floor,SLV,bear,False,False,2026-01-22,B,-1.9422019422019376,-2.003124483542229,-8.704808704808698,-8.729467828684523,-18.86041886041887,-17.97704201098458,-23.517023517023517,-22.843974488883113,21.972621972621976,20.263889741696538,0.0,-0.8561116344597431,-0.9170341758000344,-1.768582037624752,-1.7932411615005772,-1.6984773808875275,-0.8151005314532354,-0.8173703321537527,-0.14432130401334828,10.677975690769651,8.969243459844217,0.2
2026-01-22 14:54:46,TA Study,trading-floor,AMD,bear,False,False,2026-01-22,B,-2.2939848411546615,-2.354907382494953,-4.69279148524433,-4.717450609120155,-1.608611514271896,-0.725234664837604,-1.6690856313497981,-0.9960366032093937,22.39154975004032,20.68281751911488,0.0,-0.33686150193139247,-0.3977840432716839,0.02985841489536396,0.005199291019538421,2.253282942165252,3.136659791599544,1.227366710522152,1.9004157386625564,5.705705676908733,3.996973445983296,0.6
2026-01-23 20:44:19,TA Study,trading-floor,AMD,bull,False,False,2026-01-23,B,0.4098677596473532,0.3539771020973914,-2.826540870775651,-3.390528415143401,-2.273606062949496,-3.228102357471474,-8.46415590441575,-8.917813839074496,-19.402985074626866,-19.66066278151303,0.0,0.04397203590572977,-0.011918621644232038,-1.1177919914851522,-1.6817795358529022,-4.656497161751891,-5.61099345627387,-6.215051019049331,-6.6687089537080775,-6.627432098258074,-6.885109805144236,0.3333333333333333
2026-01-26 04:07:52,Tazmanian Traders VIP ⭐,vip-chart-plan📊,AMD,bear,True,True,2026-01-25,A,2.1168864047985347,2.4412937097558873,1.8364525112465668,2.5605759598120836,1.7780287834232356,2.292156431904746,4.07992365966231,4.792461133050773,15.869831934409628,16.37092536081697,1.0,0.9219167116661597,1.2463240166235123,-0.44776654454523485,0.2763569040202819,0.767388571027114,1.281516219508625,2.856275154002758,3.5688126273912215,1.4303049145599964,1.9313983409673356,0.5555555555555556
2026-01-26 14:49:16,Tazmanian Traders VIP ⭐,free-alerts-✈️,SLV,bear,False,True,2026-01-26,A,1.1856913183279638,1.2644274943502842,-2.079983922829598,-1.602510415024594,-6.079180064308676,-5.811188125737332,27.210610932475888,27.6765268364611,23.593247588424425,23.848237222698508,0.0,0.8375145257474959,0.916250701769816,2.1682817890004324,2.6457552968054365,4.035357911752346,4.3033498503236896,7.272760466829686,7.7386763708149005,6.801178200612495,7.056167834886578,0.9
2026-01-26 14:51:26,Tazmanian Traders VIP ⭐,vip-chart-plan📊,BA,bull,False,False,2026-01-26,B,-0.0603427468018336,-0.13907892282415402,-1.6171856142891627,-2.094659122094167,-5.849223589991159,-6.117215528562503,-6.259554268243628,-6.725470172228842,-1.5568428674873291,-1.8118325017614123,0.0,-0.3112886963380264,-0.39002487236034683,0.13182493617123572,-0.34564857163376833,0.9354929743488398,0.6675010357774953,-0.7497484974978129,-1.2156644014830273,-0.4849361843419199,-0.7399258186160026,0.4444444444444444
2026-01-27 13:48:17,Tazmanian Traders VIP ⭐,trading-floor-🧃,BA,bear,False,True,2026-01-27,B,-0.8494845360824677,-0.6607726746056031,0.3752577319587669,0.5538857535093644,3.6206185567010274,3.302257324743907,3.8556701030927787,3.1858150222780046,-0.03711340206185021,-0.33386640560558734,0.0,-0.13347205823513897,0.055239803241725616,0.4232946846587926,0.6019227062093901,3.87636312048859,3.5580018885314693,5.429196544708463,4.75934146389369,4.2214430051057015,3.924690001561964,0.6
2026-01-27 16:59:37,Tazmanian Trader,trading-floor🧃,QQQ,bear,False,True,2026-01-27,A,0.04752703426713634,-0.07300501859922592,-0.28346763956927923,-0.41405240743701555,1.514039321217031,0.8879993139963127,2.3613223379753467,1.3848734078498959,3.1610941575322404,2.5565956824573077,1.0,-0.09166974105497609,-0.2122017939213384,0.6485581309332844,0.5179733630655481,5.12759477117646,4.501554763955742,5.728732429183923,4.752283499058473,6.869247291688398,6.264748816613467,0.4
2026-01-28 14:44:37,Tazmanian Trader,trading-floor🧃,UNH,bear,False,True,2026-01-28,B,-3.626687343601298,-3.861961208117981,-3.016952736756773,-3.450200950683835,-0.6555528142952571,-0.8922612755467907,2.7526169245409404,1.193210273750489,1.6987981531737861,0.9671538183963047,1.0,1.8973727550074826,1.6620988904907996,3.1022080007529977,2.6689597868259356,5.953689868883224,5.716981407631691,9.005236352381912,7.445829701591461,9.693373242462865,8.961728907685382,0.7
2026-01-29 00:21:58,Tazmanian Traders VIP ⭐,trading-floor-🧃,SLV,bear,False,True,2026-01-28,B,3.615447822514384,3.2779932352859587,31.123892997352332,30.48919117796952,29.736145348306408,28.751065148992804,39.112571898110104,36.41724313118353,38.16306034876289,35.99186317476556,1.0,0.18043526820663341,-0.15701931902179173,2.2027356898024215,1.568033870419611,1.6090525175020292,0.6239723181884249,5.299832024968049,2.604503258041474,5.472597592309115,3.301400418311786,0.7777777777777778
2026-01-29 02:29:32,Tazmanian Traders VIP ⭐,trading-floor-🧃,AMD,bear,False,True,2026-01-28,A,0.9719031631030162,0.634448575874591,7.0389350297461295,6.404233210363319,4.926272800455511,3.9411926011419074,24.407531758653867,21.712202991727292,19.129803066894425,16.958605892897094,1.0,2.5462028681158477,2.2087482808874226,6.149833846130512,5.515132026747702,8.150433613105985,7.165353413792383,14.765334153798847,12.070005386872271,15.649681564815717,13.478484390818384,0.9
2026-01-29 13:57:45,Tazmanian Trader,trading-floor🧃,AMD,bear,False,False,2026-01-29,B,0.9719031631030162,0.634448575874591,7.0389350297461295,6.404233210363319,4.926272800455511,3.9411926011419074,24.407531758653867,21.712202991727292,19.129803066894425,16.958605892897094,1.0,1.6629612687957818,1.3255066815673566,8.76131183870908,8.126610019326268,9.408109982126842,8.423029782813238,16.661693361786824,13.966364594860252,18.353762573249988,16.182565399252653,0.9
2026-01-29 14:02:04,TA Study,trading-floor,CVNA,bear,False,False,2026-01-29,B,0.8811594202898565,0.5437048330614314,6.991304347826088,6.356602528443278,4.846376811594211,3.861296612280607,11.026086956521741,8.330758189595166,20.19710144927537,18.025904275278037,1.0,2.0309566026654693,1.6935020154370442,4.507785062453989,3.8730832430711786,4.761364138186653,3.776283938873049,10.088836626366424,7.3935078594398504,9.989593309482267,7.818396135484936,0.8888888888888888
2026-01-29 14:03:33,TA Study,trading-floor,SLV,bear,False,False,2026-01-29,B,3.615447822514384,3.2779932352859587,31.123892997352332,30.48919117796952,29.736145348306408,28.751065148992804,39.112571898110104,36.41724313118353,38.16306034876289,35.99186317476556,1.0,1.5979000170436024,1.2604454298151773,3.390206169857076,2.7555043504742662,4.89313909909737,3.908058899783766,11.562666715868788,8.867337948942215,10.165002563472852,7.993805389475524,0.8888888888888888
2026-01-29 14:10:04,Tazmanian Trader,trading-floor🧃,MSTR,bear,False,False,2026-01-29,B,8.182109650529013,7.844655063300587,4.00128246232766,3.3665806429448497,14.54953510740622,13.564454908092616,31.394677781340175,28.6993490144136,21.12856684834883,18.957369674351497,1.0,1.0224150801163545,0.6849604928879294,2.064022380092052,1.4293205607092418,1.7127327908998002,0.7276525915861966,6.162871146444239,3.4675423795176648,5.197167102011672,3.025969928014342,0.8
2026-01-29 14:19:51,Tazmanian Trader,trading-floor🧃,CVNA,bull,False,False,2026-01-29,B,-0.8811594202898565,-0.5437048330614314,-6.991304347826088,-6.356602528443278,-4.846376811594211,-3.861296612280607,-11.026086956521741,-8.330758189595166,-20.19710144927537,-18.025904275278037,0.0,-0.050851024365254995,0.2866035628631701,-1.5937077910904873,-0.9590059717076771,-2.6849050584789174,-1.699824859165314,-2.548295583283264,0.14703318364331125,-2.6886945434876965,-0.5174973694903661,0.2
2026-01-29 17:47:08,TA Study,trading-floor,TSLA,bear,False,False,2026-01-29,B,1.4350783791777566,1.9171909879426297,-1.8420585625554597,-1.6596375754552417,0.15734989648034103,-0.0134888057246485,6.013605442176873,4.1184540761911475,1.3144040224785547,-0.052305595161272755,0.0,-0.737785719432944,-0.25567311066807097,3.7585397892006256,3.940960776300843,4.491467593301336,4.320628891096347,8.132088532203609,6.236937166217884,5.852142645212673,4.485433027572846,0.5
2026-01-30 14:29:14,Tazmanian Trader,trading-floor🧃,AMD,bear,False,True,2026-01-30,A,0.08441311779850968,0.11043257457007405,-3.942092601190228,-3.418812415006567,15.506689739585532,14.697195528914675,12.024648630397172,11.855522161382016,12.497362090068798,11.04605461236603,0.0,0.7853111772209118,0.8113306339924762,1.0105101009114503,1.5337902870951114,3.1427121262317725,2.3332179155609145,1.5433897747659917,1.3742633057508344,1.8335827089381287,0.3822752312353606,0.8
2026-01-30 15:53:05,Tazmanian Trader,trading-floor🧃,SLV,bear,False,True,2026-01-30,B,16.456256921373203,16.235622490318335,19.778516057585826,20.05391616207031,12.31450719822812,11.260419390598397,22.270210409745296,21.85491126270841,22.790697674418603,21.096379245336905,1.0,0.6368946118666875,0.4162601808118206,0.5987800529720877,0.8741801574565677,6.830682572323394,5.776594764693671,5.278163037355913,4.862863890319028,5.152353239741808,3.4580348106601093,0.7
2026-01-30 16:24:06,Tazmanian Trader,trading-floor🧃,SLV,bull,False,True,2026-01-30,B,-14.496203105519667,-14.496217557015312,-17.896407117760404,-18.39355301962694,-10.25728210359288,-9.422000106500228,-20.44656012694096,-20.251479387157335,-20.979258755525333,-19.502330351558616,0.0,-0.9770871331945397,-0.9771015846901843,-0.7389382524791033,-1.236084154345639,-7.36991070435826,-6.534628707265609,-4.947269431360786,-4.752188691577159,-4.526787346070381,-3.049858942103666,0.3
2026-01-30 16:32:57,Tazmanian Traders VIP ⭐,free-alerts-✈️,QQQ,bear,True,True,2026-01-30,A,0.4753216823506823,0.6070034465969321,-0.20805326163497728,0.42141451250909956,3.055182126624423,2.350467630053954,2.431022341719491,2.3673520381279123,3.6681390435951755,2.3209333016914413,1.0,0.5107019578968264,0.642383722143076,0.8159946741149694,1.4454624482590464,3.9999903739695264,3.2952758773990576,2.9861519633903115,2.922481659798733,5.745480829780922,4.398275087877188,0.6
2026-02-02 14:22:21,Tazmanian Trader,trading-floor🧃,ROKU,bear,False,True,2026-02-02,B,-1.60574688358337,-0.7603047303886834,0.824001690259879,0.8167508999237238,9.095710965560954,7.361321917154672,6.486372279738006,7.12009135511722,6.4229875343334015,5.447031155088067,1.0,-0.9931845195867489,-0.1477423663920624,-1.419347503015131,-1.4265982933512862,5.560290766534904,3.825901718128623,0.11200848395929672,0.7457275593385098,4.649428127789937,3.673471748544603,0.3333333333333333
2026-02-03 14:57:24,Tazmanian Trader,trading-floor🧃,AAPL,bear,False,True,2026-02-03,B,-0.4735095634018194,-1.2876754748792685,-3.0871332165094634,-4.38174332309903,-3.694865963237781,-4.352240206250491,-2.0394467022109675,-2.4810525941254102,1.4391707990007663,0.15894524915107677,0.0,1.5273773526645065,0.7132114411870571,2.595776238141657,1.3011661315520906,0.31972083662413436,-0.33765340638857494,-0.14114301089465306,-0.5827489028090961,2.6135301559592685,1.3333046061095786,0.7
2026-02-03 17:31:12,Tazmanian Traders VIP ⭐,trading-floor-🧃,ROKU,bear,False,True,2026-02-03,A,0.5403114736730608,0.6419330639057641,2.3943214323551287,2.011062863477464,9.047568598368482,9.30742952196355,3.6868312321220564,4.164452706215793,4.428435215594884,4.059694016750459,1.0,-0.9667823285043852,-0.8651607382716818,2.429183554260428,2.0459249853827632,-0.4560682117119776,-0.19620728811691004,-0.8503489956387666,-0.3727275215450299,-1.3036829796612492,-1.6724241785056737,0.3
2026-02-04 17:25:29,Tazmanian Trader,trading-floor🧃,WMT,bear,True,True,2026-02-04,A,0.8827628929843456,0.7968547419024974,1.7035775127768216,0.3698170654720112,0.09292240978781008,1.1369248559860101,0.28651076351244864,1.0407552086040495,3.306489081616837,2.9715928994333174,1.0,-1.0048079859755643,-1.0907161370574125,-0.6628177935500322,-1.9965782408548427,-2.78248031217795,-1.7384778659797504,-2.055017401867888,-1.3007729567762871,-1.284803144527429,-1.619699326710948,0.4
2026-02-04 17:35:21,Tazmanian Trader,trading-floor🧃,AAPL,bear,False,True,2026-02-04,A,-0.44320122061976,-0.07900639832927325,-0.23249900098087917,-1.1217779244853454,0.23613179787117522,1.7353273514765566,-0.08355432847750865,1.1245778932571726,5.336578631888688,5.450663756943531,1.0,-1.1249694187753079,-0.7607745964848212,3.013084000350252,2.1238050768457866,-2.837186893384035,-1.3379913397786538,-0.33692300657324503,0.8712092151614355,0.02233566339619806,0.1364207884510395,0.5
2026-02-05 16:39:49,Tazmanian Traders VIP ⭐,trading-floor-🧃,QQQ,bull,True,True,2026-02-05,A,-0.5695728203847228,-0.2694227453472142,1.5321841951869253,-0.080386796191112,1.835290199017403,0.0020206230529451474,0.03164293446580313,-0.2052402129902875,1.3922891164959372,-0.04519433111020987,1.0,-0.7963374817620805,-0.496187406724572,5.335240141660447,3.722669150282409,4.106768791751124,2.273499215786665,2.38126109404834,2.1443779465922495,4.317596393650417,2.88011294604427,0.7
2026-02-05 19:45:56,Tazmanian Traders VIP ⭐,trading-floor-🧃,AAPL,bear,False,True,2026-02-05,A,0.18450184501844769,0.0003723356867602057,-0.6150061500614923,1.115811237656339,0.991245206569713,2.943018005485565,5.314376673178501,5.667905331095325,4.283336951016581,5.838863045850628,1.0,0.6527519413450045,0.468622432013317,-2.363795541664541,-0.6329781539467094,-6.612753049134811,-4.660980250218959,-0.8524494723112598,-0.49892081439443564,-4.862549937389093,-3.307023842555046,0.2
2026-02-06 15:58:53,Tazmanian Traders VIP ⭐,trading-floor-🧃,AAPL,bear,True,True,2026-02-06,A,0.4972988444062798,1.1194304099340746,1.7494901792422413,2.8567969469263765,1.4346535007692007,2.252020733230775,8.489857250187827,7.81964525922112,4.769060140960956,4.192095035693955,1.0,-1.338535475813581,-0.7164039102857863,-2.8030940539982647,-1.6957872863141294,-2.040112995662718,-1.2227457632011434,-1.2970497896009472,-1.9672617805676542,-0.41449682194406595,-0.9914619272110681,0.1111111111111111
2026-02-09 03:37:19,Tazmanian Trader,trading-floor🧃,BA,bull,False,False,2026-02-08,B,1.1198347107437945,0.46276064848855825,0.24380165289257238,-0.14783189414697695,-1.0950413223140498,0.08711179189789808,0.8429752066115626,1.795950171074434,-3.5578512396694295,-3.257598853605792,0.0,1.4134648991371734,0.7563908368819373,0.3948097687343343,0.003176221694785042,-0.9572573879826898,0.22489572622925827,-1.2539745446722153,-0.3009995802093437,-0.8968409565509127,-0.5965885704872753,0.3
2026-02-09 14:34:01,Tazmanian Trader,trading-floor🧃,AAPL,bear,False,True,2026-02-09,B,1.1624977505848566,1.8195718128400928,1.500809789454749,1.8924433364942983,5.801691560194355,4.619538445982407,5.027892747885554,4.074917783422682,2.0550656829224523,1.7548132968588148,1.0,-2.121304843201383,-1.4642307809461463,-1.9406909095079594,-1.5490573624684103,5.104957746802257,3.9228046325903088,1.7333550186716493,0.7803800542087778,2.989695174113666,2.689442788050028,0.3
2026-02-09 15:52:27,Tazmanian Trader,trading-floor🧃,TSLA,bear,True,True,2026-02-09,A,-0.6172244189410758,-0.5581074249681128,-2.5195293663805574,-2.7242760284332035,-0.5569485967788612,-2.326132782262036,0.9957565821197778,-0.5456108948822647,1.2971356929308508,0.40461327172948147,0.0,0.266061592027117,0.32517858600008,1.1461091902004394,0.9413625281477934,1.9172808514745021,0.14809666599132737,1.7007604020040012,0.15939292500195884,2.349593375187186,1.4570709539858158,0.7
2026-02-09 17:03:09,Tazmanian Trader,trading-floor🧃,WMT,bull,False,True,2026-02-09,B,-0.20883285636938975,-0.0017548138321221707,-2.003248511099076,-1.5330087895039979,3.364529352618151,5.395044603053156,-0.3403202103797631,1.4629844100490508,-1.9645757599195512,-0.808390022419736,0.0,-0.35032823923898504,-0.14325019670171746,-2.002378465974364,-1.5321387443792855,-3.2728993307875727,-1.2423840803525674,-2.9064830385966425,-1.1031784181678284,-0.9898650959902391,0.16632064150957646,0.1
2026-02-09 17:15:04,Tazmanian Trader,trading-floor🧃,KRE,bear,True,True,2026-02-09,A,0.4136995591725867,0.1937076111654612,1.4716853170566258,0.9885657449625329,4.103085791793815,2.0598926014792074,2.977280434045426,1.1612684710845977,6.856561546286866,5.687584724523475,1.0,0.13846186794797988,-0.08153008005914564,0.18443368410003158,-0.2986858879940613,5.457716232817923,3.4145230425033155,3.1793864085922503,1.3633744456314223,3.8201142659151683,2.6511374441517788,0.6
2026-02-09 17:15:30,Tazmanian Trader,trading-floor🧃,WMT,bear,False,False,2026-02-09,B,-0.2876020209871877,-0.5075939689943132,1.5157403808783498,1.032620808784257,-3.8787407695297205,-5.921933959844328,-0.1554605518849561,-1.9714725148457846,1.4768752429071164,0.30789842114372634,0.0,-0.4713322777593621,-0.6913242257664876,-1.347535967687087,-1.83065553978118,3.9453360167796117,1.9021428264650042,3.355120815983629,1.5391088530228008,6.028962257764733,4.859985436001343,0.7777777777777778
2026-02-11 20:56:08,Tazmanian Traders VIP ⭐,trading-floor-🧃,AMD,bear,False,True,2026-02-11,B,-0.060904193019450936,-0.1388825323696219,3.518388381353943,1.8967277315344422,4.858280627781674,3.464778822727521,4.722417427969072,3.5642946842867618,4.577184352307329,4.115090489491435,1.0,0.006635664222979232,-0.07134267512719172,3.3275305963885016,1.7058699465690008,1.3195715770083527,-0.07393022804580092,0.6738174823540989,-0.4843052613282115,-0.9167606360119429,-1.3788544988278362,0.7
2026-02-13 11:03:50,Tazmanian Trader,trading-floor🧃,QQQ,bull,False,True,2026-02-13,B,0.24815548856653713,0.23935383385544906,0.14489615775361564,-0.02526916666070189,0.5063038155988409,0.09702687153336775,0.16321636160752107,0.06053038997819726,1.2757523774628243,0.5877563675463104,1.0,1.0016044011305456,0.9928027464194578,-0.2493030437295773,-0.4194683681438948,1.3883578615522674,0.9790809174867942,1.0593346858014208,0.956648714172097,3.3169068782775026,2.6289108683609888,0.6
2026-02-13 15:22:09,Tazmanian Trader,trading-floor🧃,TSLA,bear,False,True,2026-02-13,B,-0.6922835709289199,-0.6262333727783176,0.9503823238536269,1.177888561927909,0.6898714330511146,1.1566261666486555,3.5554912318788157,3.715479489621365,2.7136551125262365,3.459288460537402,1.0,-0.4806985960036325,-0.4146483978530302,-0.3524803070715965,-0.12497406899731445,-0.1113024353611836,0.35545229823635727,2.2742467383164033,2.434234996058953,-2.6371630948831593,-1.8915297468719938,0.4
2026-02-13 18:04:37,Tazmanian Trader,trading-floor🧃,QQQ,bear,False,True,2026-02-13,A,0.523889008246714,0.0349092972556142,0.6263531044968684,0.2979338956222488,0.2677287676213447,0.1772310300647839,0.6081739906460326,0.212611299068155,-0.49579401411359303,-0.3089599752871486,1.0,0.6164316109558118,0.12745189996471204,0.28144383887922875,-0.04697536999539079,0.21930045013545366,0.1288027125788929,3.368291695274611,2.972729003696733,0.3752448447300237,0.5620788835564677,0.7777777777777778
2026-02-17 14:49:18,Tazmanian Traders VIP ⭐,free-alerts-✈️,AMD,bear,False,True,2026-02-17,A,-0.6268116839679871,-0.31538130775421447,0.8398781061863536,1.6566483381432073,0.8250130069618167,2.1030527584051106,-5.958427272502043,-4.98594185243828,5.38364343581994,5.32488298747772,0.0,0.014435954194275742,0.3258663304080484,-1.696882155247951,-0.8801119232910974,-1.433538126164719,-0.15549837472142514,0.44667605440650043,1.4191614744702628,1.4701520301063218,1.4113915817640998,0.4444444444444444
2026-02-17 14:49:59,Tazmanian Traders VIP ⭐,free-alerts-✈️,AMD,bull,False,False,2026-02-17,B,0.6268116839679871,0.31538130775421447,-0.8398781061863536,-1.6566483381432073,-0.8250130069618167,-2.1030527584051106,5.958427272502043,4.98594185243828,-5.38364343581994,-5.32488298747772,1.0,0.7129164949122955,0.40148611869852285,0.5653779200220661,-0.2513923119347875,0.17140618571624078,-1.106633565727053,0.019838407962021423,-0.952647012101741,-0.5903255018490018,-0.5315650535067812,0.5555555555555556
2026-02-17 14:53:55,Tazmanian Trader,trading-floor🧃,QQQ,bear,False,True,2026-02-17,B,-0.31698365031698206,-0.005553274103209382,-1.0660660660660737,-0.24929583410921996,-1.5699032365698917,-0.29186348512659777,-1.4130797464130929,-0.4405943263493306,-0.3636970303636966,-0.42245747870591766,0.0,-1.0153743743489796,-0.7039439981352069,-1.224818857151161,-0.4080486251943071,-0.2718252566177492,1.0062144948255451,1.0793193711378233,2.0518047912015858,2.518080680275244,2.4593202319330234,0.5
2026-02-17 14:54:33,Tazmanian Trader,trading-floor🧃,SPY,bull,False,True,2026-02-17,B,0.3114303762137727,0.0,0.8167702319568537,0.0,1.278039751443294,0.0,0.9724854200637623,0.0,-0.05876044834222105,0.0,1.0,1.1939426996840694,0.8825123234702967,2.5246035305345145,1.7078332985776612,3.0222727917137187,1.7442330402704243,1.7216134379045365,0.7491280178407744,3.7670728165855656,3.8258332649277875,0.8
2026-02-17 14:59:01,Tazmanian Trader,trading-floor🧃,TSLA,bear,False,True,2026-02-17,B,-0.31391613431213106,-0.0024857580983583816,-0.48247810526571566,0.33429212669113806,-0.6046244610292018,0.6734152904140922,-0.008550244903426929,0.9639351751603353,4.132211215478387,4.073450767136166,1.0,-0.6234868905731228,-0.3120565143593501,-1.0707134199236479,-0.2539431879667942,-1.949050839901131,-0.6710110884578369,-2.496731490678036,-1.5242460706142738,-2.7480870771406107,-2.8068475254828322,0.3
2026-02-17 18:31:22,Tazmanian Trader,tazmanian-trades-💸,TSLA,bull,False,True,2026-02-17,B,0.29554003224072645,0.22812990020479873,0.4640711250061047,-0.10744955964636649,0.5861951052708703,-0.44547300240949106,-0.009769918421187462,-0.736626994286893,-4.1497728493967045,-3.8478926928879664,0.0,-0.146269902038757,-0.21368003407468472,-0.1858271476530704,-0.7573478323055416,0.2144147426355847,-0.8172533650447764,-3.076446729741169,-3.8033038056068746,-2.1243297546519337,-1.8224495981431956,0.4
2026-02-18 15:11:01,Tazmanian Trader,tazmanian-trades-💸,AAPL,bear,False,True,2026-02-18,B,-0.0719261053906628,-0.0529800869693009,1.3552392489400544,1.110398395494805,-0.7646880678376711,-1.3141226020570884,-3.812083585705639,-2.793370749049462,0.6208358570563455,0.47072509571788324,0.0,-0.061634626537626636,-0.04268860811626474,0.006177488886965898,-0.23866336455828363,-0.3265109216387385,-0.8759454558581561,-3.183360901663068,-2.164648065006891,-1.9116405493245694,-2.0617513106630314,0.2
2026-02-18 16:55:38,Tazmanian Traders VIP ⭐,free-alerts-✈️,AMD,bear,False,True,2026-02-18,A,1.2484579323957523,0.952088458451561,-0.3552923760177684,-0.9146171185104746,2.9854428818159473,2.1224847076843467,-4.05132000986923,-3.3510744880991483,0.2862077473476554,-0.1786855451138214,0.0,0.8906329289435899,0.5942634549993986,0.8698452485114915,0.31052050601878545,-0.17833463535306468,-1.041292809484665,-2.3737839252750415,-1.6735384035049594,-1.6282455776917018,-2.0931388701531786,0.6
2026-02-19 14:36:57,Tazmanian Trader,trading-floor🧃,QQQ,bear,True,True,2026-02-19,A,-0.096203287498553,-0.00993210353621432,-0.9819370034334529,-0.17186520826171225,-0.826021330590998,-0.3200920144728947,-1.0532601303720357,-0.26219724014115986,-0.9985237771401145,-1.3757774290432012,0.0,-0.24602526796217544,-0.15975408399983676,-0.7858053344487737,0.0242664607229671,-0.06044531118713729,0.445484004930966,-2.4244947370875343,-1.6334318468566587,-1.5878394042912878,-1.9650930561943745,0.6
2026-02-19 15:55:29,Tazmanian Trader,tazmanian-trades-💸,TSLA,bear,True,True,2026-02-19,A,-0.2617896672227227,-0.4134993182905222,-0.2885774471245828,0.2817924910245573,0.30562421615303315,0.5725748521665741,0.5004444336211056,1.0518506653867665,1.2383260072813984,0.6241936697857664,1.0,-0.5975896746926712,-0.749299325760471,-0.1485699692946884,0.42179996885445165,1.6587782490988014,1.9257288851123426,-0.47041163276801523,0.08099459899764572,3.51286691987641,2.8987345823807784,0.7
2026-02-20 17:39:33,Tazmanian Traders VIP ⭐,trading-floor-🧃,AMD,bear,False,True,2026-02-20,B,-0.4466526146742922,0.16639773402653546,1.3349392753186806,0.9205961620946668,-5.821539696878464,-4.665605302955966,-0.47676402689953434,-0.3657354834574189,3.427682424972389,1.552514233073976,0.0,-1.0098934431522721,-0.3968430944514445,0.8683470226198043,0.4540039093957905,-2.961793855013896,-1.8058594610913978,-2.5775393576414007,-2.4665108141992853,-1.586916811832014,-3.462085003730427,0.6
2026-02-20 19:00:22,Tazmanian Traders VIP ⭐,free-alerts-✈️,QQQ,bear,False,True,2026-02-20,B,0.07878021959986103,0.09763993235192281,1.2933086050977316,0.2908423349686218,-1.2128871309228684,-0.6543494840347108,0.3282509149994284,-0.15194638661089055,1.565756864547252,-0.8889072874910475,1.0,0.26779471225454987,0.28665442500661165,2.1913448668279836,1.1888785966988735,0.08030706615115832,0.638844713039316,1.9261250339990728,1.4459277323887545,4.848713592261416,2.394049440223116,0.7
2026-02-23 14:57:51,Tazmanian Trader,trading-floor🧃,GLD,bear,False,True,2026-02-23,B,-0.8951594306199073,-1.6442067587753573,0.503134106203218,0.4754993504072047,-0.09853042913146037,0.1574546771896168,-2.723213349824949,-2.8919308062638427,0.9391836649126906,-0.40910152576711933,1.0,1.029040649020725,0.27999332086527495,-0.9640184946437691,-0.9916532504397825,-1.1197415288234958,-0.8637564225024186,1.0925563705291488,0.9238389140902548,1.2103183958266062,-0.13796679485320382,0.3
2026-02-23 15:05:50,Tazmanian Traders VIP ⭐,free-alerts-✈️,AAPL,bear,False,True,2026-02-23,B,-0.47561528008455145,-1.0786479225036727,-2.7253510493733923,-2.6059098013579973,-3.031103729427742,-2.627625367229447,0.0754944889023057,0.053645480119002276,1.902461120338228,0.6993090366710919,0.0,0.8267394391307625,0.2237067967116413,0.2566529525651795,0.3760942005805745,-0.44394549202153366,-0.04046712982323837,-1.695273212650448,-1.7171222214337512,-4.277819795400936,-5.480971879068073,0.4
2026-02-24 12:35:51,Tazmanian Traders VIP ⭐,trading-floor-🧃,AMD,bear,False,True,2026-02-24,B,-1.0442753862873966,-0.2450379614450382,0.36384255540329313,2.013644579160445,5.3962103671502115,5.996005058453924,9.771771487974302,9.541532449992207,3.969191513490533,3.277007908856422,1.0,-1.9711453045010097,-1.1719078796586513,-4.113240773421222,-2.46343874966407,-4.833683858800873,-4.233889167497161,-4.471295203264268,-4.701534241246362,-6.394102580539344,-7.086286185173455,0.3
2026-02-24 20:46:10,Tazmanian Traders VIP ⭐,tazmanian-trades-⚠️,NVDA,bull,False,True,2026-02-24,A,-0.17082513717776582,-0.19119736691830536,1.2320115954032484,0.3676469906972679,-8.277254374158815,-8.099724943562636,-6.796769851951545,-5.795620276130475,-4.353452738378715,-2.893927993395362,0.0,-0.0013895607339861923,-0.02176179047452573,2.238745163723383,1.3743805590174025,1.40055010897132,1.5780795395674996,0.24812781785609822,1.2492773936771682,-0.8431907405483829,0.6163340044349706,0.4444444444444444
2026-02-25 14:27:48,Tazmanian Trader,trading-floor🧃,META,bear,False,True,2026-02-25,A,-1.736883880908291,-1.3065613563494782,-2.253591272002864,-2.3810942422425097,-1.7166513625822777,-2.2672323704352904,-3.921995860115479,-4.653689041604359,-1.9189765458422325,-3.9256994297275805,0.0,-1.0908463292464876,-0.6605238046876749,-0.5364558204434478,-0.6639587906830935,0.4194207365287407,-0.13116027132427224,-1.5591388213970026,-2.2908320028858817,-0.6542973543853015,-2.661020238270649,0.7
2026-02-25 14:38:44,Tazmanian Trader,trading-floor🧃,AMD,bear,False,True,2026-02-25,B,1.8434037799087477,2.269361097246936,5.185736896005954,5.053892964448881,7.541197281444923,6.986293701375079,5.935201564100179,5.199193682440972,4.6504049902243665,2.639422825375992,1.0,-0.922091336311236,-0.4961340189730478,-1.4937888610279704,-1.6256327925850442,-0.06693330984069785,-0.6218368899105408,-0.5612460059553136,-1.2972538876145197,-0.1215253951196904,-2.1325075599680643,0.5
2026-02-25 20:14:13,Tazmanian Traders VIP ⭐,free-alerts-✈️,QQQ,bear,False,True,2026-02-25,A,-0.08926687549704049,-0.07988851642131145,1.118270494863094,0.5721614317611534,1.304919416356931,0.33750560708388777,0.8731923457711788,-0.27457452265045035,1.3698407803547807,-1.0476116244729106,1.0,0.7653036903806741,0.7746820494564032,0.7528550937630983,0.20674603066115807,-0.8634413486254109,-1.8308551578984542,-0.326381207718225,-1.4741480761398538,-3.623135320127658,-6.0405877249553495,0.7
2026-02-26 15:06:31,Tazmanian Traders VIP ⭐,free-alerts-✈️,META,bear,False,True,2026-02-26,B,0.2505086083867236,0.05215049235446356,1.5911092217532619,0.9135063144313893,0.5435277684996742,-0.9535692532328333,-0.2899826921325177,-1.645188506776274,3.1093432119758346,-0.4538635293043769,1.0,0.6921699639556556,0.4938118479233955,1.7753806379787662,1.0977777306568937,2.0416481049447364,0.5445510832122291,0.8688224769443529,-0.4863833376994031,4.934638141677513,1.3714314003973018,0.7
2026-02-26 15:08:02,Tazmanian Traders VIP ⭐,tazmanian-trades-⚠️,AMD,bear,False,True,2026-02-26,B,1.0661809350333895,0.8678228190011295,2.7516697024893677,2.074066795167495,7.249544626593818,5.7524476048613105,3.1208257437765674,1.7656199291328112,3.9514268366727334,0.3882200953925219,1.0,-0.18698670103448833,-0.3853448170667484,1.0224201712786876,0.3448172639568148,2.9053065869217543,1.4082095651892468,2.8954390578372,1.5402332431934427,5.631414112323188,2.068207371042976,0.8
2026-02-27 15:17:06,Tazmanian Traders VIP ⭐,free-alerts-✈️,TSLA,bear,True,True,2026-02-27,A,0.5902692022721645,0.7962349038702188,0.3902198073598373,0.653154745570117,-0.2568535440849562,-0.17651231296516023,2.0177821684366437,0.23566758723356784,3.383551494196091,0.12754050935865902,1.0,0.10909395494823948,0.31505965654629375,-0.06102326114142294,0.20191167706885677,0.5232959427264371,0.603637173846233,0.5104518171885979,-1.2716627640144786,-1.4941716893403019,-4.750182674177735,0.8
2026-02-27 16:03:06,Tazmanian Traders VIP ⭐,trading-floor-🧃,QQQ,bear,False,True,2026-02-27,A,-0.03623964287478021,0.07613302575719683,-0.16802016241947992,0.0012685331819195511,-0.6061903899056142,-0.6193248576678023,1.2057917538339957,-0.6680589802368186,2.199087419902157,-1.147283088839568,1.0,-0.7384137631188148,-0.6260410944868378,-0.734902918435152,-0.5656142228337524,-0.7730107766115921,-0.7861452443737806,-0.6372029141865688,-2.511053648257383,-0.2441429658868092,-3.5905134746285334,0.6
2026-02-27 19:11:07,Tazmanian Traders VIP ⭐,trading-floor-🧃,SPY,bull,False,True,2026-02-27,B,0.29826741720886396,0.0,0.3552891293223226,0.0,0.17252723152276772,0.0,-1.6916441260326098,0.0,-3.166898165070553,0.0,0.0,1.3278820581020887,1.029614640893225,2.759344069027903,2.4040549397055804,5.069333300336167,4.896806068813399,2.204661613153857,3.8963057391864666,1.3986638208557156,4.565561985926268,0.5
2026-02-27 20:27:03,Tazmanian Traders VIP ⭐,trading-floor-🧃,QQQ,bull,False,True,2026-02-27,A,0.10054724071999477,-0.011825427911982267,0.2324124744511158,0.06312377884971632,0.6708643766071054,0.6839988443692935,-1.1422825871958753,0.7315681468749391,-2.136216786444245,1.21015372229748,0.0,0.2032060295363891,0.09083336090441207,0.1600812113468731,-0.009207484254526398,0.5029729890278143,0.5161074567900028,-2.077455117764914,-0.20360438369409914,-3.223786524505107,0.12258398423661845,0.2
2026-03-02 13:59:18,Tazmanian Traders VIP ⭐,free-alerts-✈️,TSLA,bull,False,True,2026-03-02,A,3.256528417818738,2.1249533478320037,0.4685099846390095,0.22834496327464038,3.8274449564772217,3.442886241286436,2.0686123911930254,2.1319688078719756,1.2698412698412653,2.694623942598018,1.0,1.651090995198384,0.5195159252116499,-0.6744091298094268,-0.9145741511737959,0.8710027037584387,0.48644398856765275,0.39264495655142795,0.456001373230378,-1.3998055626115082,0.024977110145244195,0.5
2026-03-02 14:17:18,Tazmanian Traders VIP ⭐,free-alerts-✈️,NFLX,bull,False,True,2026-03-02,B,1.9210581566239782,0.7894830866372438,2.5614108754986376,2.3212458541342684,4.104555952131017,3.719997236940231,3.2122611799286105,3.2756175966075607,-0.0629855133319368,1.3617971594248157,1.0,2.0735383815993114,0.941963311612577,0.33906367368502954,0.09889865232066035,2.5326743550478983,2.148115639857112,1.1547247023936424,1.2180811190725926,2.882908012552028,4.30769068530878,0.8
2026-03-02 14:41:06,Tazmanian Traders VIP ⭐,free-alerts-✈️,META,bear,False,True,2026-03-02,A,-2.543343531811404,-1.4028272050402135,-2.7818310190633078,-2.5328035523652037,-3.643210167098143,-3.249776240421265,-1.5752726131638806,-1.629793419482406,1.5533066603906742,0.1372392314150761,0.0,-3.1992914144510314,-2.05877508767984,-0.9635120339182859,-0.7144845672201817,-4.6007584821263,-4.207324555449422,-4.203208034767945,-4.257728841086472,-4.036520591584394,-5.452588020559993,0.2
2026-03-02 14:53:48,TA Study,tazmanian-trades,AAPL,bear,False,True,2026-03-02,B,-0.7248444723474856,-0.09441988872094242,-0.355763559918576,-0.6123317044177568,0.9607518596731479,0.847861876093492,1.1167551319369196,0.5581696287701221,3.8030553811616574,1.8897900750391994,1.0,-0.9276389797989427,-0.2972143961723994,1.2096288954766155,0.9530607509774347,-0.004108634649174903,-0.11699861822883087,0.6938806481977231,0.13529514503092593,0.5833141087884322,-1.329951197334026,0.7
2026-03-02 15:04:00,Tazmanian Traders VIP ⭐,free-alerts-✈️,QQQ,bear,True,True,2026-03-02,A,-0.6571375459945905,-0.16226199694626686,0.4204627523566873,0.02954035118538645,-0.7928721457868937,-1.0403099203110555,-0.6025126460781571,-1.2950455889771395,0.6190987520527713,-1.426289242090717,1.0,-0.8479572958833959,-0.35308174683507215,1.1044417465337242,0.7135193453624232,0.6414784356346949,0.39404066111053304,0.7517401626832966,0.05920721978431405,1.621031379636727,-0.4243566145067611,0.7
2026-03-02 15:55:22,Tazmanian Traders VIP ⭐,free-alerts-✈️,TSLA,bear,True,True,2026-03-02,A,-0.6287425149700487,-0.3247822636182951,2.08832335329342,1.5081684504730353,-1.1851297405189642,-1.622072601837099,0.5289421157684604,-0.3522503436791502,1.307385229540925,-0.9240921926423229,1.0,-0.4104531947341594,-0.10649294338240578,1.6436825417714183,1.0635276389510337,-1.2820358782702068,-1.7189787395883414,-0.22948681340906107,-1.1106792728566717,0.8708515350263056,-1.3606258871569419,0.7
2026-03-02 20:11:36,Tazmanian Traders VIP ⭐,trading-floor-🧃,QQQ,bull,False,True,2026-03-02,B,-0.23297402831782277,0.030759361201149193,-1.3010451018030778,-0.1582004138875881,-0.09843973027514608,0.9020034580653813,-0.28711587996915755,1.1550625723590446,-1.49792456235337,1.2868966002531734,0.0,0.1256435346364404,0.38937692415541236,-2.4475104103348366,-1.3046657224193468,-0.5537099091919073,0.44673327914862015,-1.2422404764471062,0.19993797588109602,-1.2406018756944441,1.5442192869120999,0.2
2026-03-03 14:38:10,Tazmanian Traders VIP ⭐,free-alerts-✈️,QQQ,bear,True,True,2026-03-03,A,-0.8939203354297653,-0.10429070580013633,-2.43186582809225,-0.9311250873515142,-0.5870020964360512,-0.9751502445841997,-1.9320754716981137,-1.6091125087351665,-1.184067085953866,-1.80777078965757,0.0,-1.020450731706166,-0.23082110207653692,-5.129393291221281,-3.6286525504805454,-2.561270874707977,-2.9494190228561257,-2.7084695087506723,-2.385506545787725,-2.529196290617954,-3.1528999943216576,0.3333333333333333
2026-03-03 14:42:08,TA Study,tazmanian-trades,AMD,bear,True,True,2026-03-03,A,0.412016272035054,1.201645901664683,-5.387503911546876,-3.88676317080614,-0.3598623135496082,-0.7480104616977568,-5.992489829978087,-5.66952686701514,-2.383435902785025,-3.007139606488729,0.0,-1.9559545764816322,-1.1663249468520032,-4.701209017614558,-3.2004682768738233,-2.74250504254208,-3.130653190690228,-2.5530151379823596,-2.2300521750194124,-0.6062617779833955,-1.2299654816870995,0.4444444444444444
2026-03-03 17:00:56,TA Study,trading-floor,BA,bear,False,False,2026-03-03,B,0.31579415558422586,0.7246140386942157,-1.1030556420406512,0.014188587252705886,-2.793221545167457,-3.5577294854236663,3.1445981408175117,3.0885145467446584,6.2313748165280565,5.2322013115986055,1.0,-0.9286959578221708,-0.5198760747121811,-2.8230230953603637,-1.705778866067007,-1.4968762958894977,-2.261384236145707,-2.8544666591799186,-2.9105502532527714,-0.787011698004014,-1.7861852029334657,0.4
2026-03-03 18:32:01,Tazmanian Traders VIP ⭐,tazmanian-trades-⚠️,MSFT,bear,False,False,2026-03-03,B,0.1631281049951694,0.23814796319292508,-0.1507699152228259,0.6303191966008814,-1.080105786104446,-2.1745131292246866,-0.2891816406732861,-0.677519730167575,1.2803084604167014,-0.047984322967142834,1.0,0.09948525631178096,0.17450511450953665,-3.8973825178085897,-3.1162934059848824,-2.158294559866498,-3.252701902986739,-1.814415120393709,-2.202753209887998,-1.3449984957936958,-2.6732912791775396,0.2
2026-03-04 18:18:04,Tazmanian Traders VIP ⭐,tazmanian-trades-⚠️,QQQ,bear,False,True,2026-03-04,A,0.13571405212727816,0.018355993419094663,0.4365741194937822,-0.23768801904704429,0.6246116615978403,-0.4928411582757586,0.6360574250302453,-0.7642210270096594,2.727361915039739,-0.845134021164129,1.0,0.0031378031738027445,-0.11422025553438075,1.0195905053016443,0.3453283667608176,2.1119043243355318,0.9944515044619328,1.949090253509509,0.5488118014696041,5.391839322825996,1.8193433866221276,1.0
2026-03-05 17:32:22,TA Study,trading-floor,AMD,bear,False,True,2026-03-05,B,-0.010028581457133257,0.40264035488868366,3.510003510003512,2.6065533029321353,-1.905430476859049,-2.1014482216233143,0.8474151331294144,-0.9874878159796707,-2.9283457854886397,-5.685858570856583,1.0,-0.7557583611254297,-0.34308942477961285,0.22727912655810226,-0.6761710805132746,0.9369387595040123,0.7409210147397469,4.065486241894275,2.230583292785191,8.447796764279651,5.69028397891171,0.7777777777777778
2026-03-05 18:11:46,Tazmanian Traders VIP ⭐,free-alerts-✈️,NFLX,bull,False,True,2026-03-05,B,0.4253164556962119,-0.2916512881467215,0.273417721518987,0.8765575967518258,-1.8329113924050677,-1.9393478409755582,-4.496202531645565,-2.958787163405008,-7.098734177215194,-4.63591302001446,0.0,1.1858225443093917,0.46885480046645855,0.8190199446866782,1.422159819919517,0.13742211155378653,0.030985662983296032,-2.052621589662238,-0.5152062214216799,-4.4738032416384454,-2.010982084437711,0.5555555555555556
2026-03-05 19:30:01,Tazmanian Trader,trading-floor🧃,AVGO,bear,False,True,2026-03-05,B,-1.7832018107297953,-1.0974909029017654,-1.082767480271607,-1.716754504966056,-4.783752370465533,-4.708383283613737,-2.7619746742521656,-4.329947245815857,2.1716522909402403,-0.32143887609834554,0.0,-0.8630085452347691,-0.1772976374067392,-0.9585817273982367,-1.5925687520926854,-2.659252466653479,-2.5838833798016836,-1.1470805272149687,-2.71505309877866,3.9877758024181444,1.4946846353795582,0.1
2026-03-06 15:25:07,Tazmanian Traders VIP ⭐,free-alerts-✈️,QQQ,bear,False,True,2026-03-06,B,0.5191746284501031,0.3929176286134872,-0.8094479830148549,-0.060818242807214595,-0.7978370488322728,-0.3373703435458175,1.519373673036084,-0.1056281836845141,3.453423566878988,-0.20951480485131846,1.0,-0.06112613530837696,-0.18738313514499283,-1.8623361819794693,-1.1137064417718292,-0.8550893367486523,-0.3946226314621972,2.612628990882264,0.9876271341616661,5.385980573329868,1.7230422015995603,0.6
2026-03-08 01:26:11,Tazmanian Trader,trading-floor🧃,HIMS,bear,False,False,2026-03-07,B,4.544475554598315,6.327215391630681,-1.098427740684893,0.5207442156769826,-2.6922248546198624,-2.7417454056485435,-7.172087012707307,-6.775922604477902,3.2522076243807874,1.6000219673331095,1.0,-1.4371724894223736,0.34556734760999197,-1.2734189875788762,0.3457529687829995,-0.022385723629166954,-0.071906274657848,-2.2530502322709403,-1.8568858240415351,2.7383130116427132,1.0861273545950358,0.3
2026-03-09 14:02:22,Tazmanian Traders VIP ⭐,tazmanian-trades-⚠️,QQQ,bear,True,True,2026-03-09,A,-2.53745444729383,-0.40066369919120604,-2.5391415845593013,-0.5664876874384772,-0.7659603185315111,-0.4678034699590716,-1.292347145363748,-0.5469550239326049,0.7963287893103077,-0.5137543332050631,0.0,-3.709916818644087,-1.5731260705414627,-3.5860554180632107,-1.6134015209423862,-0.13391197761196436,0.16424487096047516,0.33256188435223,1.0779540057833732,4.63649143912291,3.326408316607539,0.2222222222222222
2026-03-09 16:23:04,Tazmanian Traders VIP ⭐,tazmanian-trades-⚠️,META,bull,False,False,2026-03-09,B,1.5696949253590775,0.31874327658092394,2.617727119401936,1.5294887519087697,0.12472838237485018,0.6964640404679812,-1.5587125520682088,-1.43033326591675,-5.228394141688309,-3.0623668834817375,1.0,2.272977480104017,1.0220258313258632,1.9003915776555977,0.8121532101624318,-0.9775525606500878,-0.4058169025569569,0.6290496516241882,0.7574289377756471,-3.24445825760226,-1.0784309993956884,0.5
2026-03-10 06:45:11,Tazmanian Traders VIP ⭐,vip-chart-plan📊,SPY,bull,False,True,2026-03-10,B,-0.07967892344922234,0.0,-0.20509945110074312,0.0,-2.2767514607802686,0.0,-1.0225461842648942,0.0,-3.6209644100808736,0.0,0.0,-0.7245806026946046,-0.6449016792453822,-0.45591352775131816,-0.2508140766505751,-3.5736438645630124,-1.2968924037827434,-1.2174111410535717,-0.19486495678867724,-7.027024840275265,-3.4060604301943918,0.2
2026-03-10 13:35:56,Tazmanian Trader,tazmanian-trades-💸,QQQ,bear,False,True,2026-03-10,A,-0.0016453863367127397,-0.07690103419931704,0.011517704356978076,-0.1891640232766001,2.310122416743443,0.037696971480849495,0.7321969198367806,-0.28596772771595225,3.9127287087007967,0.29603080848091823,1.0,1.681616034937474,1.60636038707487,0.833720021565848,0.6330382939322698,2.989416156249544,0.7169907109869502,0.7184308803736373,-0.2997337671790957,5.455979915623935,1.839282015404057,0.9
2026-03-10 13:38:18,Tazmanian Trader,tazmanian-trades-💸,NFLX,bear,True,True,2026-03-10,A,0.8286445012787746,0.7533888534161703,2.9258312020460364,2.7251494744124583,2.4961636828644496,0.22373823760185596,3.468030690537083,2.44986604298435,6.9872122762148265,3.3705143759949485,1.0,0.8078147174606709,0.7325590695980667,0.5523994007196442,0.35171767308606605,3.6541376094153613,1.3817121641527677,0.7791029878182943,-0.23906165973443874,3.241171598519074,-0.3755263017008041,0.8
2026-03-10 19:28:11,Tazmanian Traders VIP ⭐,trading-floor-🧃,SPY,bear,False,True,2026-03-10,A,0.2592276195245713,-0.0,0.38442277668130354,-0.0,2.452352196070362,-0.0,1.2004006245029175,-0.0,3.794149703950289,-0.0,1.0,0.1582293647422084,-0.1009982547823629,0.434066881379268,0.04964410469796454,3.290405636560115,0.8380534404897532,1.0286434262698851,-0.17175719823303254,6.7930736673972705,2.998923963446982,0.9
2026-03-11 13:37:55,Tazmanian Traders VIP ⭐,free-alerts-✈️,QQQ,bull,False,True,2026-03-11,B,-0.2085522858644162,-0.02996504378277587,-1.9213084603258102,-0.2269435519809071,-1.408959537572263,-0.15294513251868924,-2.308854440357344,0.06886495628344314,-3.4714923804519127,-0.41337035075625916,0.0,-0.008184561989456052,0.1704026800921843,-2.5483752684443184,-0.8540103600994154,-1.0421686763458038,0.21384572870776997,-2.1887102250619885,0.18900917157879898,-4.576116615053232,-1.5179945853575783,0.1
2026-03-11 13:59:02,Tazmanian Traders VIP ⭐,free-alerts-✈️,PFE,bull,True,True,2026-03-11,A,-0.1320598037027887,0.018527042093330337,-1.7416529790277302,-0.07486328389226804,-2.656194555916902,-1.427878323540721,-0.05889647755165095,2.2914393901681485,-0.20522312985391533,2.8257062271992983,0.0,0.5336219548287913,0.6842088006249103,0.1397473491700465,1.8065370443055084,0.8182503543592189,2.0465665867354,0.7919774423458427,3.142313310065642,-0.2211246096567355,2.8098047473964782,0.4
2026-03-11 14:28:51,Tazmanian Traders VIP ⭐,tazmanian-trades-⚠️,TSLA,bear,False,True,2026-03-11,B,1.1105722599418,0.8583600382752632,4.21677982541222,2.449907925062944,4.083414161008725,2.754569451086686,4.757516973811837,2.3077946048840836,6.413676042677007,3.2840528832208005,1.0,0.9087774251905412,0.6565652035240044,3.126981232542483,1.3601093321932065,2.353187618321411,1.0243429083993716,4.66402463703156,2.2143022681038063,6.190278430545646,3.0606552710894395,0.8
2026-03-11 18:36:47,Tazmanian Traders VIP ⭐,trading-floor-🧃,QQQ,bear,False,True,2026-03-11,B,-0.13841970832990658,0.018554539008208693,1.5802916700996983,0.21639278520920735,1.0661613248743596,0.14208651035572117,1.9691851363598967,-0.0803654137904175,3.1358655351404696,0.40362509798200774,1.0,-0.4021794451148142,-0.2452051977766989,1.435080833647444,0.07118194875695316,0.8483581300279353,-0.07571668449070312,1.2589652539965024,-0.7905852961538119,2.30579678691335,-0.4264436502451119,0.7
2026-03-12 13:16:04,Tazmanian Traders VIP ⭐,trading-floor-🧃,TSLA,bear,False,True,2026-03-12,A,2.5087924970691677,1.7489140776162815,3.449126920466472,2.1275344536925256,1.4573949527981855,1.4022665184457161,6.139322514962675,4.4467305845734995,8.160671314863944,4.276351629543019,1.0,1.446872146493341,0.6869937270404548,2.205480031178898,0.8838875644049514,-0.22567483779929448,-0.2808032721517638,2.7500519651098854,1.0574600347207097,6.307306445989532,2.4229867606686075,0.6
2026-03-12 13:26:42,Tazmanian Traders VIP ⭐,free-alerts-✈️,TSLA,bull,False,True,2026-03-12,B,-2.5087924970691677,-1.7489140776162815,-3.449126920466472,-2.1275344536925256,-1.4573949527981855,-1.4022665184457161,-6.139322514962675,-4.4467305845734995,-8.160671314863944,-4.276351629543019,0.0,-1.7311873694180044,-0.9713089499651183,-1.2885296620794617,0.03306280469448475,0.38647953158939097,0.4416079659418603,-3.2191597945344994,-1.5265678641453237,-5.77982173273509,-1.8955020474141662,0.2
2026-03-12 13:45:51,Tazmanian Traders VIP ⭐,free-alerts-✈️,AMZN,bull,False,True,2026-03-12,B,-0.8001136256036379,-0.16904349178096245,-1.6807120537827958,-0.48719879832620494,1.8842912602973216,1.8096966818312854,-1.1646624372692038,0.40033181894825187,-1.7422592557522987,2.0173074989359607,0.0,-1.4379625445867152,-0.8068924107640395,-2.5082890238905353,-1.3147757684339445,-0.31846495095704463,-0.39305952942308087,-2.634538471546929,-1.0695442153294732,-5.761472192303873,-2.0019054376156142,0.2
2026-03-12 14:46:48,Tazmanian Traders VIP ⭐,tazmanian-trades-⚠️,AAPL,bear,False,True,2026-03-12,B,-0.16056393185823747,-0.5933284675893602,2.0481691795574686,1.0518390826152135,0.4386136675151753,0.7129221038075895,2.5024476209124624,1.1338951771755812,0.9633835911494026,-2.6041209495147655,1.0,1.0870116639185283,0.6542471281874056,1.617266812203023,0.6209367152607682,-0.6482717234476737,-0.37396328715525956,1.6265570314903028,0.2580045877534217,4.50084468304127,0.9333401423771025,0.4444444444444444
2026-03-12 17:48:26,Tazmanian Traders VIP ⭐,tazmanian-trades-⚠️,SPY,bull,False,True,2026-03-12,A,-0.37095760911838305,0.0,-0.9348730068507449,0.0,0.3365542824662615,0.0,-1.3073264127800854,0.0,-3.507643521704007,0.0,0.0,-0.6292061789904734,-0.25824856987209044,-2.1576855758663194,-1.2228125690155747,-0.6323657138947678,-0.9689199963610298,-2.9930913923152636,-1.685764979535178,-4.608161333126583,-1.1005178114225769,0.4
2026-03-12 18:07:51,Tazmanian Traders VIP ⭐,trading-floor-🧃,AAPL,bull,False,True,2026-03-12,B,0.16840950926251264,0.48272040570785935,-2.040496612227316,-1.1619496891171033,-0.4308150236948305,-0.8244182933303423,-2.494810637214584,-1.2435985399941618,-0.955626052559444,2.4971542017538595,0.0,-0.9040962019963997,-0.589785305551053,-2.4995044097207204,-1.620957486610508,-1.12159840460725,-1.515201674242762,-2.9616053114028507,-1.710393214182429,-5.591062475534923,-2.138282221221621,0.4444444444444444
2026-03-12 20:39:17,TA Study,trading-floor,ULTA,bear,False,False,2026-03-12,A,5.3966235784417504,4.353696209816227,8.748322384686013,8.712462417856482,8.057851239669422,6.886425656571415,6.41202232111322,3.3191001820662036,9.878505333050791,4.622031861955422,1.0,0.5999520699568983,-0.44297529866862534,-0.9577663465894035,-0.993626313418936,0.8518147842611169,-0.31961079883689003,4.299232520292472,1.2063103812454556,6.523174415198701,1.266700944103333,0.7
2026-03-16 14:37:27,Tazmanian Traders VIP ⭐,free-alerts-✈️,PLTR,bear,True,True,2026-03-16,A,-0.24944203754759808,-0.4344421121444064,-1.798608376001054,-1.7210276995572427,-2.1924642247604043,-3.754521306235037,-5.579624524090843,-7.80111735533795,9.708546671918072,3.994431464613557,0.0,0.25746231341267856,0.07246223881587022,-0.37062375414174675,-0.29304307769793536,2.848996771003943,1.2869396895293108,3.837231334675402,1.6157385034282945,8.184581629841599,2.470466422537082,0.8
2026-03-16 18:32:15,Tazmanian Traders VIP ⭐,trading-floor-🧃,PLTR,bull,False,True,2026-03-16,B,-0.2351711523386535,-0.12021146287911622,1.3065064018813688,1.1587010868619574,1.6984583224457728,3.1914413024398014,5.069244839299714,7.222126296451092,-10.145022210608834,-4.497067597291437,1.0,-0.5539206130361973,-0.43896092357666,-0.7145049481074028,-0.8623102631268142,-3.13552076070422,-1.6425377807101913,-5.187840669333957,-3.034959212182579,-8.710162836489914,-3.062208223172518,0.0
2026-03-17 13:28:16,Tazmanian Traders VIP ⭐,free-alerts-✈️,SLV,bear,True,True,2026-03-17,A,2.0503007107709137,1.81234357280039,6.09622744669217,4.4662210515940775,15.910333515582275,12.367746624046127,13.955713504647338,11.098740616888737,6.861673045379979,3.5823262377237097,1.0,-0.5102183316902242,-0.7481754696607481,1.4816870635674018,-0.14831933153069188,4.963660212579077,1.4210733210429283,6.703708257487792,3.8467353697291897,5.0621257185848965,1.7827789109286272,0.9
2026-03-17 14:27:41,Tazmanian Traders VIP ⭐,tazmanian-trades-⚠️,ULTA,bull,False,True,2026-03-17,B,-1.296373174321619,-1.0717710621693022,-1.7530286447522525,-0.13619092349685946,0.005661018228475534,3.535335270794282,-2.7776729441068904,0.0662955223515338,-1.3643053930633697,1.902093535986149,0.0,-0.3108899825783984,-0.08628787042608166,-1.9857810469034898,-0.3689433256480967,-4.406597342803607,-0.8769230902378011,-4.66803046308892,-1.8240619966304963,-5.935845369861687,-2.6694464408121674,0.2
2026-03-17 16:50:11,Tazmanian Traders VIP ⭐,tazmanian-trades-⚠️,TSLA,bear,True,True,2026-03-17,A,-0.3845976884917057,-0.4970250016278266,1.2471202943227122,-0.259107881004339,7.487373042158419,4.066157784804125,3.698468573589353,0.9637300229337731,6.534489967448609,3.3768460269829714,1.0,0.12558380593961305,0.013156492803492181,1.7893246599505197,0.2830964846234686,4.0200490034029,0.5988337460486072,4.931160957753031,2.196422407097452,4.578961724298784,1.4213177838331457,1.0
2026-03-17 17:25:54,Tazmanian Traders VIP ⭐,trading-floor-🧃,USO,bull,False,False,2026-03-17,B,0.2573079681106982,0.37642826472025215,2.6447884591049187,4.157616226046068,2.4423166153456854,5.870003150285152,-3.370312565908795,-0.629056740181777,7.352258826506941,10.516391705197814,0.0,0.1219027711548199,0.24102306776437382,-2.428602147481239,-0.9157743805400896,-5.772464752565716,-2.3447782176262497,-5.091093011090504,-2.3498371853634867,-5.59183810298649,-2.4277052242956163,0.0
2026-03-17 20:18:37,Tazmanian Traders VIP ⭐,vip-chart-plan📊,AMZN,bull,False,True,2026-03-17,A,-1.8955241322893612,-0.8586577728423417,-2.4143975692415665,-1.1336506663748414,-1.7693116746523407,0.17275547478807773,-1.03540960617039,0.6912047932550625,-1.5683066495267073,0.3947072950540531,0.0,-1.820488182180386,-0.7836218227333657,-2.658295575455713,-1.3775486725889885,-4.7105568870361285,-2.7684897375957105,-3.1635001895925505,-1.4368857901670984,-4.3218626534720475,-2.358848708891288,0.0
2026-03-18 12:32:39,Tazmanian Traders VIP ⭐,tazmanian-trades-⚠️,TSLA,bear,False,True,2026-03-18,A,1.5588972431077708,0.5220308836607512,4.686716791979951,3.405969889113225,4.5488721804511245,2.606805031010706,3.270676691729324,1.5440622923038716,4.446115288220554,2.483101343639793,1.0,1.529926972354333,0.49306061290731334,2.4006192104525383,1.1198723075858132,2.452807601743159,0.5107404523027403,0.36920796463685374,-1.3574064347885981,-1.2910789230230857,-3.254092867603846,0.8
2026-03-18 19:32:01,Tazmanian Traders VIP ⭐,trading-floor-🧃,SPY,bull,False,True,2026-03-18,B,-0.22325805916338926,0.0,-0.4691436243230651,0.0,-1.1359008010137117,0.0,-0.9186767434493204,0.0,-1.1570198066102377,0.0,0.0,-0.5653391381838981,-0.3420810790205089,-0.9326370150169387,-0.46349339069387363,-1.7038450769718352,-0.5679442759581234,-1.5885014513000866,-0.6698247078507662,-5.348215207184691,-4.191195400574454,0.3333333333333333
2026-03-19 01:20:02,Tazmanian Traders VIP ⭐,trading-floor-🧃,BA,bear,False,False,2026-03-18,B,0.9209554296971234,1.3517209136613806,3.9054420093573072,2.626844813138307,3.2652056143807062,2.6883147365628357,4.279734055651319,2.471432306713006,-2.5461708938685046,-2.7196947990696496,1.0,-0.05771252027385811,0.373052963690399,1.547476287718563,0.26887909149956324,1.0871624167734817,0.5102715389556112,0.8049437349796161,-1.0033580139586964,-2.5397370882035952,-2.71326099340474,0.8
2026-03-19 13:05:03,Tazmanian Traders VIP ⭐,vip-chart-plan📊,QQQ,bull,False,True,2026-03-19,B,0.5954097470780795,0.1646442631138223,-1.263761428983401,0.014835767235599207,-0.9380672083594832,-0.3611763305416127,-2.6666214313582515,-0.8583196824199391,-0.7684348017845233,-0.5949108965833783,0.0,1.2623133041075216,0.8315478201432647,-0.8708852577096249,0.4077119385093753,-0.11522081678462577,0.46167006103324476,-0.666231738181059,1.1420700107572535,4.275875816114562,4.449399721315707,0.6
2026-03-19 16:51:20,Tazmanian Traders VIP ⭐,trading-floor-🧃,SPY,bull,False,False,2026-03-19,B,0.24461021893371626,0.0,-1.4615840410823644,0.0,-0.7611783831416585,0.0,-1.9903067503304506,0.0,-0.3585590786854831,0.0,0.0,1.2375457242222088,0.9929355052884926,-1.5193357824396638,-0.057751741357299304,-2.067418831433538,-1.30624044829188,-2.8869098541413796,-0.8966031038109289,-1.0336715215219638,-0.675112442836481,0.5
2026-03-19 21:21:37,Tazmanian Traders VIP ⭐,tazmanian-trades-⚠️,AMD,bull,False,False,2026-03-19,B,-1.7351197012958397,-0.5256941022950712,-1.076213485613875,-0.904091202632662,7.509090465383039,7.461871078016502,-1.412987773629104,2.0020401772018026,7.465163384337559,7.096547521669816,1.0,-1.5191606712606454,-0.30973507225987695,-0.26713340841071576,-0.0950111254295027,0.04629705004143299,-0.0009223373251042056,-4.0218471929640565,-0.6068192421331499,0.785065201278461,0.4164493386107183,0.5
2026-03-19 21:39:14,Tazmanian Traders VIP ⭐,tazmanian-trades-⚠️,AMD,bear,False,False,2026-03-19,B,1.7351197012958397,0.5256941022950712,1.076213485613875,0.904091202632662,-7.509090465383039,-7.461871078016502,1.412987773629104,-2.0020401772018026,-7.465163384337559,-7.096547521669816,0.0,2.733637809019329,1.5242122100185607,2.483110915581511,2.310988632600298,1.6727917465211428,1.72001113388768,5.034672664244301,1.6196447134133931,0.05486079327393364,0.42347665594167694,0.8888888888888888
2026-03-20 14:38:05,Tazmanian Traders VIP ⭐,free-alerts-✈️,AMD,bear,True,True,2026-03-20,A,-0.765765765765769,-1.2704753659866674,-1.441441441441449,-0.9014481913570682,-10.245245245245238,-9.484345665580896,-1.0960960960960886,-3.822141565982262,-10.200200200200204,-9.115611484831888,0.0,1.5537692204010825,1.0490596201801838,-0.4156599001038718,0.12433334998050874,-2.173984847376307,-1.4130852677119643,2.3995136834102633,-0.32653178647590997,-5.453637663999665,-4.369048948631347,0.5
2026-03-22 22:16:48,Tazmanian Traders VIP ⭐,tazmanian-trades-⚠️,ES,bull,False,True,2026-03-22,B,0.19253554502371983,0.6013066484017893,-0.07405213270141875,0.669029910242358,0.6516587677725116,2.6240933112101406,1.3181279620853026,5.284271381478378,2.917654028436023,2.7429005827539488,1.0,-0.3530646175512353,0.05570648582683404,-2.8549375969609794,-2.111855554017202,-5.064826763085835,-3.0923922196482048,-7.775484598738993,-3.8093411793459167,-0.9952721562207941,-1.1700256019028679,0.2
2026-03-23 03:10:58,Tazmanian Traders VIP ⭐,tazmanian-trades-⚠️,COIN,bear,True,False,2026-03-22,A,-1.0171198388721159,-1.4258909422501853,8.841893252769385,8.098811209825607,12.698892245720039,10.72645770228241,19.038267875125882,15.072124455732805,11.792547834843903,11.967301280525977,1.0,-0.15513584132540942,-0.5639069447034788,1.354422335395421,0.611340292451644,2.936120989399678,0.9636864459620497,6.2906139337206355,2.32447051432756,-2.205562669539928,-2.0308092238578532,0.6666666666666666
2026-03-23 13:20:30,Tazmanian Traders VIP ⭐,free-alerts-✈️,COIN,bear,True,True,2026-03-23,A,-1.0171198388721159,-1.4258909422501853,8.841893252769385,8.098811209825607,12.698892245720039,10.72645770228241,19.038267875125882,15.072124455732805,11.792547834843903,11.967301280525977,1.0,-0.654590126843182,-1.0633612302212512,0.274143060575438,-0.46893898236833875,0.8922629160149776,-1.0801716274226512,5.291543740483652,1.325400321090576,-0.7364994428699289,-0.5617459971878548,0.7
2026-03-24 00:18:06,Tazmanian Traders VIP ⭐,vip-chart-plan📊,COIN,bull,False,False,2026-03-23,B,-9.070818684078352,-9.356392595519726,-9.040683073832245,-9.885122059277196,-19.065796082370667,-16.420399042513147,-12.300351582119529,-12.149887908349333,-12.059266700150673,-15.850030072993505,0.0,-0.6677649258541023,-0.9533388372954749,-0.2871981175496411,-1.131637102994592,-4.739195054285733,-2.0937980144282102,-3.2164738230734993,-3.0660101493033043,1.2084003667170506,-2.5823630061257816,0.4444444444444444
2026-03-24 13:56:17,Tazmanian Traders VIP ⭐,trading-floor-🧃,QQQ,bear,False,True,2026-03-24,B,-0.18184313456393042,0.19465710363009148,-0.840595622040774,0.09527639861295345,3.489329582103873,0.932201433716684,0.9846977286763203,0.9247650376984939,-3.9748164413641707,-0.08994867746823232,1.0,-0.10792220044301803,0.26857803775100386,-1.1566077089196758,-0.22073568826594842,3.0993015735867764,0.5421734251995879,0.06978329284193166,0.009850601864105135,-5.243883735929494,-1.359015972033556,0.3
2026-03-25 12:56:29,Tazmanian Traders VIP ⭐,free-alerts-✈️,COIN,bear,True,True,2026-03-25,A,1.8848298018734555,1.6039607779312792,6.067320767801332,4.005590310971674,12.888248392287316,8.834625181878476,6.278612409862438,5.757866057364225,8.429452971356433,11.65413300840078,1.0,-0.6202599678200682,-0.9011289917622445,0.9623389217042047,-1.0993915351254535,2.1514044781444315,-1.9022187322644093,-1.6825489775600377,-2.203295330058251,-5.416233234107066,-2.1915531970627193,0.4
2026-03-25 15:19:15,Tazmanian Traders VIP ⭐,free-alerts-✈️,USO,bear,False,True,2026-03-25,B,-1.5858283334781786,-1.5477516622930843,-5.05295202737146,-6.801432768191173,-16.314384800559758,-20.061129245173436,-11.17193260341569,-11.37450049412042,-13.743158701987724,-10.188320680146967,0.0,0.4858682525011349,0.5239449236862292,2.3635198432408373,0.6150391024211244,6.429763375492753,2.683018930879072,1.425518618147552,1.222950727442822,1.3438067957030246,4.89864481754378,0.6
2026-03-26 19:53:14,Tazmanian Traders VIP ⭐,trading-floor-🧃,COIN,bear,False,False,2026-03-26,B,0.5991113659165936,0.5340465334585431,7.61645406335102,5.847310285562923,-0.10606277769815708,0.6421827955694903,1.6998710047298249,3.298606887984923,3.7695284506234827,9.028935740983046,1.0,-0.015177542869329042,-0.08024237532737954,1.3388354503570308,-0.4303083274310648,-2.3029101165687083,-1.5546645433010609,-3.575260883358161,-1.9765250001030634,-8.792071558794458,-3.5326642684348952,0.5
2026-03-27 13:22:32,Tazmanian Traders VIP ⭐,tazmanian-trades-⚠️,AMD,bear,False,True,2026-03-27,B,-0.10903503989692087,-1.4179844562393296,2.8398671754968574,1.2009566696602803,-4.182980621499732,-2.2001012440678203,-9.124250384100696,-6.56705194052094,-22.3323586261585,-15.54636640825966,0.0,1.4518207437302544,0.14287132738784578,2.6042943776471743,0.965383871810598,-3.74202867024849,-1.7591492928165793,-6.00059860317776,-3.443400159598004,-9.177007141526154,-2.391014923627315,0.5
2026-03-27 13:43:12,Tazmanian Traders VIP ⭐,trading-floor-🧃,AMD,bull,False,True,2026-03-27,B,0.07927463707080307,1.3943678608389631,-2.8687509289996638,-1.223717156783155,4.152009116583266,2.175478472576664,9.091809939057626,6.540995981949904,22.295991676163098,15.516647199554633,1.0,-2.2449403886921058,-0.9298471649239459,-3.513033054207303,-1.8679992819907945,3.0025753569461227,1.02604471293952,3.3799921682277434,0.829178211120021,11.672365057537542,4.89302058092908,0.4
2026-03-30 13:25:04,Tazmanian Traders VIP ⭐,vip-chart-plan📊,AAPL,bear,False,True,2026-03-30,B,1.3756148278482039,0.10395839379780947,-1.4875834766265417,0.1105793391394938,-2.3393449834046454,0.11648292117425463,-1.371615947534699,1.6138084326499547,-3.5030191546366884,4.987709001461482,0.0,1.0504063159372479,-0.22125011811314654,-3.002898184206156,-1.404735368440121,-4.28330139737709,-1.8274734927981906,-4.806444863107243,-1.8210204829225909,-10.795203499804776,-2.304475343706604,0.3
2026-03-30 14:17:04,Tazmanian Traders VIP ⭐,free-alerts-✈️,QQQ,bull,False,True,2026-03-30,B,-0.99487488694604,-0.28161036635721004,2.3568426466154646,0.1840566731036608,3.7400911525297564,0.7047892719622695,4.380286935395206,0.8123932652250643,11.475642412527275,2.371307838050818,1.0,-2.1165391811756495,-1.4032746605868198,1.6611983695444625,-0.5115876039673414,3.2427955424155805,0.20749366184809423,2.8571834631711983,-0.7107102069989436,6.975914248599654,-2.128420325876805,0.6666666666666666
2026-03-30 15:24:48,Tazmanian Traders VIP ⭐,trading-floor-🧃,QQQ,bear,False,True,2026-03-30,B,0.7819719911850376,0.06714763374144894,-2.5769531527688905,-0.40577235719294613,-3.9631762280514904,-0.9294930759117248,-4.604748702637385,-1.0384821281385292,-11.715362195208655,-2.6127416962455463,0.0,1.015838095311152,0.3010137378675637,-2.542668373403326,-0.3714875778273818,-4.297242129919072,-1.2635589777793057,-4.613622282259865,-1.0473557077610096,-8.980806883101202,0.12181361586190649,0.2
2026-03-30 22:43:41,Tazmanian Traders VIP ⭐,trading-floor-🧃,RKLB,bear,False,False,2026-03-30,B,-4.067412088802458,-2.2832069991226778,-6.1740398638794325,-3.622939604074138,-9.65807810727597,-6.529458831600654,-11.942959001782526,-6.141162275955381,-19.267541727434768,-9.720479405464012,0.0,-3.8587661720571163,-2.0745610823773366,-6.267598845153389,-3.7164985853480936,-7.372029368483831,-4.243410092808514,-11.646872077527716,-5.8450753517005705,-22.396962989356314,-12.849900667385551,0.1
2026-03-31 14:17:49,Tazmanian Traders VIP ⭐,tazmanian-trades-⚠️,CANE,bull,True,True,2026-03-31,A,-0.19120458891014325,-1.5708052062229583,-1.7208413001912226,-3.864288586976683,-2.9636711281070816,-5.682341723128037,-7.2657743785851,-12.646996221482098,-12.332695984703646,-21.44429554198436,0.0,2.089504559737717,0.7099039424249021,3.783940781456741,1.64049349467128,3.964677949828077,1.2460073548071218,6.837808141331976,1.4565862984349762,13.466764137250859,4.355164579970147,0.9
2026-03-31 19:48:46,Tazmanian Traders VIP ⭐,tazmanian-trades-⚠️,QQQ,bull,False,True,2026-03-31,A,0.020795064637990635,-0.004121189064854036,1.2563684885453785,0.4778124623494806,1.9824628288219737,0.6363699127282407,5.030672720341056,1.057606882985751,10.456451668803934,2.8028552690487762,0.0,0.06842357113477027,0.043507317431925596,1.1584406258511801,0.37988459965528243,2.9548733822336524,1.6087804661399197,6.603156344254269,2.630090506898964,15.687124578572432,8.033528178817274,0.3
2026-04-01 02:53:12,Tazmanian Traders VIP ⭐,vip-chart-plan📊,GLD,bull,False,False,2026-03-31,B,0.6482758620689699,0.4433515617172201,-1.2850574712643614,-1.5802096352038109,-0.7333333333333303,-1.546913391446203,0.6689655172413822,-3.308706909735215,1.1678160919540215,-6.136053001179476,0.0,1.2362374397823417,1.0313131394305919,0.5218065954476847,0.22665443150823533,0.8518228828286667,0.038242824715793856,3.9389186248352734,-0.038753802141323665,8.281925410528022,0.9780563173945245,0.5
2026-04-01 05:56:42,Tazmanian Traders VIP ⭐,tazmanian-trades-⚠️,GLD,bear,False,False,2026-04-01,B,-0.6482758620689699,-0.4433515617172201,1.2850574712643614,1.5802096352038109,0.7333333333333303,1.546913391446203,-0.6689655172413822,3.308706909735215,-1.1678160919540215,6.136053001179476,1.0,-0.3692247120953485,-0.16430041174359872,-3.0405968010043205,-2.745444637064871,-4.457861427685929,-3.644281369573055,-7.498289799600231,-3.520617372623633,-18.915484614253636,-11.61161552112014,0.4
2026-04-01 13:33:48,Tazmanian Traders VIP ⭐,tazmanian-trades-⚠️,SLV,bear,False,True,2026-04-01,B,-0.29437739181630285,-0.07872500511028058,3.1645569620253,3.470446872246613,2.943773918163084,3.7681472262095173,-0.6623491315866925,3.3264552976991935,-4.857226964969086,2.458130237973566,1.0,0.1975730548503607,0.413225441556383,-0.9376923635526712,-0.6318024533313583,-2.1594230851901193,-1.3350497771436864,-3.723389451586119,0.2654149776997672,-10.435667676497015,-3.1203104735543654,0.2
2026-04-01 13:48:32,Tazmanian Traders VIP ⭐,tazmanian-trades-⚠️,ROKU,bear,True,True,2026-04-01,A,0.32559605083498644,0.5197945614700328,-2.5732591114378867,-2.2888423950747416,-3.4870286734586697,-2.6842395546917475,-5.072996533977547,-1.1064537262035046,-17.49816195777756,-10.205778515111996,1.0,-0.9227028185664,-0.7285043079313536,-0.09910732125738124,0.18530939510576377,-0.7941323410030265,0.008656777763895729,-4.372499860985003,-0.40595705321095943,-15.74881405697036,-8.456430614304798,0.6
2026-04-01 13:55:11,Tazmanian Traders VIP ⭐,tazmanian-trades-⚠️,QQQ,bear,False,True,2026-04-01,A,-0.45559261424199526,-0.2613941036069489,-0.5707801808616741,-0.2863634644985291,-1.1914176666781406,-0.38862854791121837,-4.904927277103477,-0.9383844693294341,-10.110717601347874,-2.818334158682312,0.0,-0.5574329085959945,-0.3632343979609481,0.15245785687577376,0.43687457323891876,1.0047538634734967,1.8075429822404192,-2.0079244197860286,1.9586183879880137,-7.877135902757309,-0.5847524600917469,0.5555555555555556
2026-04-01 21:34:26,Tazmanian Traders VIP ⭐,trading-floor-🧃,WMT,bear,False,False,2026-04-01,B,-0.5113863363963356,0.9443235735693278,-1.3104274870155752,0.6248467928643864,-1.6859768278066234,2.8915424321172667,-1.2944466640031793,3.8167813301801745,-1.877746703955241,7.979621570541218,1.0,-0.9293921106057758,0.5263177993598878,-1.5098493261460022,0.4254249537339593,-3.566275253585887,1.0112440063380024,-1.5655159155042753,3.5457120786790783,-12.66477515227233,-2.807406877775873,0.3
2026-04-02 13:08:23,Tazmanian Traders VIP ⭐,vip-chart-plan📊,TSLA,bull,False,True,2026-04-02,B,-0.9898543362758971,-2.4455642462415605,-3.12332678922006,-5.058601069100021,-5.751039964853987,-10.328559224777878,-4.185944343003067,-9.29717233718642,10.001510179986006,0.14414190548954764,0.0,2.5887261758078415,1.1330162658421785,3.3772966410706866,1.4420223611907246,4.782929309111897,0.20541004918800637,5.304639622456622,0.19341162827326883,12.587896199347018,2.730527924850559,0.9
2026-04-02 15:28:25,Tazmanian Traders VIP ⭐,trading-floor-🧃,NVDA,bear,False,False,2026-04-02,B,-0.36175266165998643,-0.27323682800870497,-0.5031948972167521,0.05842280594996474,-3.015209000704955,0.15304738998562772,-6.720995572292265,-3.026222584882876,-14.104280268355529,-5.7273249078061195,0.0,-0.466597981331297,-0.3780821476800156,-0.7016558681281149,-0.14003816496139798,-4.880904834729254,-1.7126484440386711,-2.9299381836802256,0.7648348037291629,-9.75965459965354,-1.382699239104133,0.5
2026-04-06 13:33:26,Tazmanian Traders VIP ⭐,tazmanian-trades-⚠️,QQQ,bear,False,True,2026-04-06,B,-0.40092126588757715,0.08248729822124545,-0.41627569734710157,0.11135636316284003,-4.101339247632874,-0.4185894611256291,-5.329693764394783,-0.7030010719463187,-10.345474707839287,-2.2693492961032735,0.0,-1.0485640283930109,-0.5651554642841883,-1.2334128278483647,-0.7057807673384231,-1.9111758335095623,1.7715739529976822,-3.558496786427085,1.0681959060213797,-7.734241137818688,0.34188427391732346,0.2
2026-04-07 00:05:42,Tazmanian Traders VIP ⭐,trading-floor-🧃,TSLA,bear,False,False,2026-04-06,A,-0.06061655697955359,0.3307639349111158,0.9207943655467066,3.8690925457035563,-0.7245121810414368,2.7491800446495906,-5.126428818843087,0.631585343952934,-11.540237847823587,-4.317211882697558,0.0,0.16316659757035476,0.5545470894610242,-1.9591804866381075,0.9891176935187423,-1.687656329375627,1.7860358963154002,-4.265718363517054,1.492295799278967,-7.231151405830065,-0.008125440704037423,0.2222222222222222
2026-04-07 12:12:06,Tazmanian Traders VIP ⭐,free-alerts-✈️,AMD,bear,False,True,2026-04-07,B,-1.5005383610913858,-1.1091578692007165,-6.215206982657895,-3.266908802501045,-12.272341985292435,-8.798649759601407,-16.867883897276116,-11.109869734480093,-30.347529266225305,-23.124503301099274,0.0,-0.2933437366759773,0.09803675521469213,-3.155446048501042,-0.20714786834419185,-3.868297243785541,-0.39460501809451365,-8.561839487296972,-2.8038253245009512,-12.32398196294746,-5.10095599782143,0.3
2026-04-07 13:46:58,Tazmanian Traders VIP ⭐,trading-floor-🧃,QQQ,bear,False,False,2026-04-07,A,-0.6919912068360956,-0.04464319620982593,-3.6857726950020986,-0.4749876328628,-4.537717369920213,-0.8001986670590489,-7.536631054923082,-1.5089660880538647,-10.227612929714569,-2.7312008255281794,0.0,-0.5369186198746745,0.11042939075159519,-3.1991604013991704,0.011624660740128245,-2.3857611127874363,1.3517575900737278,-8.612888717217064,-2.585223750347846,-15.618113306508686,-8.121701202322296,0.1
2026-04-07 23:54:34,Tazmanian Traders VIP ⭐,trading-floor-🧃,TSLA,bear,False,False,2026-04-07,B,5.646114516616729,5.589933910753253,4.994639764699416,5.515049587434817,3.1254295060337056,4.560991829545291,-7.740729541768587,-4.259010415229159,-6.520245196404506,-1.3723275749139452,1.0,1.7562572767186277,1.7000766708551516,0.8488943058145626,1.369304128549964,-0.7788537392270499,0.6567085842845356,-5.368031527502517,-1.886312400963088,-13.55713411964059,-8.40921649815003,0.4
2026-04-08 19:22:59,Tazmanian Traders VIP ⭐,tazmanian-trades-⚠️,MSFT,bear,False,True,2026-04-08,A,-0.4796761716097109,-0.2320266179720809,-0.14146018043554864,0.6845326421761833,-3.1746670854102765,-1.430739689734506,-10.381888802098027,-6.5855842672936316,-16.206719761208777,-10.739151472215092,0.0,-0.19212697120106426,0.055522582436565715,0.5571065483865678,1.3830993709982997,-0.4699923959414288,1.2739349997343419,-4.474813953106025,-0.6785094183016296,-9.522957061363112,-4.055388772369428,0.3
2026-04-08 19:56:21,TA Study,trading-floor,QQQ,bear,False,False,2026-04-08,B,-0.29953001919640343,-0.10536965162564194,-0.9780234328457205,-0.20582838319402885,-2.169524061693262,-0.47988422176441503,-5.480902892698758,-1.7399810014878447,-8.411663467266827,-3.000369558863092,0.0,-0.14880470867341344,0.04535565889734805,-1.8870692852991944,-1.1148742356475028,-3.5326858163476933,-1.843045976418847,-6.653092865693198,-2.9121709744822843,-10.241007174804277,-4.8297132664005415,0.0
2026-04-09 13:19:33,Tazmanian Traders VIP ⭐,vip-chart-plan📊,TSLA,bull,False,True,2026-04-09,A,0.7198018359318104,-0.03148735854390239,1.690222934576724,1.0056162129834512,6.134343581524115,3.226987763848821,13.332361940842198,9.358086557047528,8.90864053620868,3.928200728254194,1.0,-1.6212982236616647,-2.3725874181373774,-2.542389404575376,-3.226996126168648,4.936901187436371,2.0295453697610766,9.690680045260033,5.716404661465364,10.721721208146361,5.741281400191877,0.7
2026-04-09 17:20:57,Tazmanian Traders VIP ⭐,trading-floor-🧃,AAPL,bull,False,False,2026-04-09,B,0.21124032424293393,0.2832567851482892,0.20739329593766342,0.3455473229805661,-0.42736637443357983,-2.4937978853095344,1.3307255610794488,-1.7939070079975528,5.189294951275469,1.0667199953671602,1.0,-1.0750838616038982,-1.003067400698543,-1.1249316884331695,-0.9867776613902668,3.9551794810360112,1.8887479701600576,5.985280707874731,2.8606481387977296,6.429621577542212,2.3070466216339036,0.7
2026-04-10 13:44:59,Tazmanian Traders VIP ⭐,tazmanian-trades-⚠️,QQQ,bear,True,True,2026-04-10,A,0.10952365383986029,-0.15615661976677853,-0.9235949913361852,-0.2146249794466204,-4.194592473926817,-1.4541224693764843,-6.066302677608126,-1.8286289212413376,-8.523228822702444,-3.727773276443247,0.0,-0.3632603389286234,-0.6289406125352622,-3.8357962393008833,-3.1268262274113194,-8.942656530258532,-6.2021865257082,-12.878003621110272,-8.640329864743483,-18.547868258268036,-13.752412712008837,0.1111111111111111
2026-04-10 14:48:37,Tazmanian Traders VIP ⭐,free-alerts-✈️,AMD,bear,False,True,2026-04-10,B,0.6889843560022757,0.4789651164775477,-0.036475642376587736,0.7286993491785854,-4.6121423360622416,-1.8143335857501386,-12.827267569101064,-8.531419487913205,-40.9621463889114,-36.108205223671774,0.0,0.7751751572301124,0.5651559177053844,-1.3900326732095638,-0.6248576816543905,-5.597163574345109,-2.7993548240330073,-7.632791142845505,-3.336943061657648,-7.184977059007958,-2.3310358937683295,0.3
2026-04-13 03:50:19,Tazmanian Traders VIP ⭐,vip-chart-plan📊,AMD,bull,False,True,2026-04-12,B,0.736659524538319,-0.5461677145045085,4.099581675339237,1.5826421556982329,13.563922048770527,9.984110708518678,12.213039485766753,7.591023276971476,36.56973778185899,30.99556556709984,1.0,3.420076054095424,2.1372488150525975,6.1529716010566435,3.6360320814156397,10.60255697679418,7.02274563654233,12.871505968796683,8.249489760001405,17.290905897051477,11.716733682292325,0.9
2026-04-13 13:23:22,Tazmanian Traders VIP ⭐,vip-chart-plan📊,GLD,bear,False,True,2026-04-13,B,-0.1345523546662175,1.14827488437661,-2.3724915186015716,0.14444800103943223,-1.220171352998678,2.3596399872531704,-1.6824794433902612,2.9395367654050153,1.1235696624690927,6.697741877228247,0.0,-2.3213537618756424,-1.0385265228328144,-5.245872987455934,-2.7289334678149304,-11.441295189387137,-7.861483849135288,-14.785916971309419,-10.163900762514144,-12.801479030660051,-7.227306815900896,0.1
2026-04-13 13:33:53,Tazmanian Traders VIP ⭐,free-alerts-✈️,AMD,bear,False,True,2026-04-13,A,-0.7395375033671048,0.5537568539718984,-4.102555730599389,-1.575021552786171,-13.567166493890248,-9.976650652510743,-12.21624533707728,-7.583416920034147,-36.573639487711105,-30.988556663723156,0.0,-0.9863721244045023,0.3069222329345009,-1.200877568371634,1.326656609441584,-2.4791089093023526,1.1114069320771525,-3.2784239546482055,1.3544044623949274,-6.153091027621152,-0.5680082036331994,0.2222222222222222
2026-04-14 14:38:02,Tazmanian Traders VIP ⭐,trading-floor-🧃,QQQ,bear,False,False,2026-04-14,B,-0.7840182135928631,-0.28038569166748406,-2.1949303362139405,-0.898221314245129,-4.0307194048516015,-1.25784609448083,-3.3060236327780546,-1.4101655761049159,-5.425598435170187,-2.4284060417579356,0.0,-0.2641366834394421,0.23949583848593697,-3.075565909169034,-1.7788568872002222,-5.379502320646641,-2.6066290102758716,-3.4198898257022874,-1.5240317690291487,-3.8921240338016454,-0.8949316403893948,0.3333333333333333
2026-04-14 17:32:10,Tazmanian Traders VIP ⭐,vip-chat-🌪️⭐,TSLA,bear,False,True,2026-04-14,A,0.276553215957942,0.38033849574576895,-7.32181484625285,-6.428108270302202,-9.69579146244628,-7.331793422834898,-5.8076175351167825,-4.317145600386185,-2.959940855945886,-0.3725161723468373,0.0,0.10668606838410422,0.21047134817193114,-3.109948071633188,-2.216241495682539,-6.346859927155292,-3.982861887543911,-5.607556255897085,-4.117084321166487,-5.471741407890258,-2.8843167242912098,0.1
2026-04-14 17:36:11,Tazmanian Traders VIP ⭐,vip-chart-plan📊,LYFT,bear,False,True,2026-04-14,B,1.1891891891891881,1.292974468977015,-5.6576576576576665,-4.7639510817070185,-7.747747747747735,-5.383749708136354,-6.3063063063063085,-4.815834371575711,-2.4864864864864833,0.10093819711256558,0.0,-0.019002458341992323,0.0847828214458346,-1.8039675860594528,-0.910261010108805,-4.345372389775703,-1.9813743501643208,-2.8252146598713246,-1.3347427251407278,-1.3210957264977505,1.2663289571012981,0.3
2026-04-15 13:39:54,Tazmanian Traders VIP ⭐,tazmanian-trades-⚠️,QQQ,bear,False,True,2026-04-15,B,-1.3225662872766497,-0.6479887971651666,-1.8105805302982114,-0.8886100160946819,-2.8152222292872064,-0.8777896510779204,-4.137788516563856,-1.842211386035264,-5.1646849367330105,-2.815889539393912,0.0,-2.0159420570042585,-1.3413645668927754,-2.653597649552577,-1.7316271353490476,-3.472098542595343,-1.5346659643860572,-5.010313365658249,-2.7147362351296564,-2.1535032929348796,0.1952921044042192,0.2
2026-04-16 14:57:17,Tazmanian Traders VIP ⭐,trading-floor-🧃,AMD,bull,False,True,2026-04-16,B,3.6581731485620494,3.3493811542804286,3.7066011026672507,2.1855146123169966,5.978989718372829,5.32423632309047,13.74236328416032,12.462877937484107,32.05558039040382,29.316481033720464,1.0,0.4319972915225511,0.12320529724093032,1.3346608470828691,-0.18642564326738498,0.9308627799724889,0.2761093846901297,0.5239237629983517,-0.7555615836778606,0.829424567507483,-1.9096747891758667,0.8
2026-04-16 20:11:11,Tazmanian Traders VIP ⭐,trading-floor-🧃,TSLA,bull,False,False,2026-04-16,B,1.1871085067690412,0.6206485979690868,-0.8638108708830083,-1.2291775120589765,-2.124166498282487,-2.842154432686428,-4.955546575065672,-6.060143397225604,-1.2881390179834362,-3.342972337155281,0.0,1.0501424948792526,0.4836825860792981,1.8527767348951252,1.487410093719157,1.3929642466315983,0.6749763122276575,-0.3983449423681796,-1.5029417645281111,-3.2635223054500173,-5.318355624621863,0.5
2026-04-16 20:17:35,Tazmanian Traders VIP ⭐,trading-floor-🧃,AMZN,bull,False,False,2026-04-16,B,-1.7353961997764622,-2.3018561085764166,-2.6295664450850076,-2.9949330862609758,0.1470674745573275,-0.5709204598466133,3.5315802890366177,2.4269834668766865,5.206188599329353,3.1513552801575084,0.0,0.5729385888198857,0.006478680019931238,1.1820070934747196,0.8166404522987515,2.80454366257485,2.086555728170909,6.736635691865196,5.632038869705266,5.545939150339388,3.491105831167542,0.6
2026-04-17 17:28:03,Tazmanian Traders VIP ⭐,trading-floor-🧃,NVDA,bear,False,True,2026-04-17,A,-0.6788634790018566,-0.8349267478946487,-0.868559869928176,-1.224271644972108,-1.08820832257972,-1.0938322241614395,-3.968598258487299,-3.590390877116456,0.9335558438718916,2.2551727155766255,0.0,0.6347648981393638,0.47870162924657167,1.6061477608374144,1.2504359857934824,1.081618432741336,1.0759945311596166,-2.2847258226581237,-1.9065184412872802,-5.992351345990207,-4.6707344742854735,0.7
2026-04-20 13:38:46,Tazmanian Traders VIP ⭐,trading-floor-🧃,AMD,bear,False,True,2026-04-20,B,2.229571154256471,2.2309821686346987,-1.1627906976744207,-1.816090354797928,-8.57335893606428,-8.610045309898428,-18.99224806201549,-18.080732773674725,-21.449399047009464,-20.137155675249517,0.0,-1.6132257622205615,-1.611814747842334,-0.7443438516781453,-1.3976435088016526,-2.637020035965077,-2.673706409799226,-3.9507209453943473,-3.0392056570535786,-6.4600086919597,-5.147765320199754,0.4
2026-04-21 21:08:58,Tazmanian Traders VIP ⭐,trading-floor-🧃,TSLA,bull,False,False,2026-04-21,B,-0.015481074386558547,-0.3059696875149509,-3.573548004231486,-3.474838281323789,-2.296359367340084,-3.145262984346353,-3.8109244781587837,-4.153588230538396,2.8794798359006224,-0.6007429660453756,0.0,-0.048857419664406446,-0.33934603279279874,-2.1798353721271915,-2.0811256492194943,1.4879226571062198,0.6390190400999505,-0.8390969201591426,-1.1817606725387546,7.350616809568879,3.87039400762288,0.3
2026-04-22 01:14:23,Tazmanian Traders VIP ⭐,trading-floor-🧃,AMD,bear,False,False,2026-04-21,B,-4.204797143004302,-3.9143085298759095,-4.846934395549685,-4.945644118457382,-14.908229315110844,-14.059325698104574,-15.75983379976995,-15.41717004739034,-44.70065072197518,-41.22042792002918,0.0,-1.2065604747592407,-0.9160718616308483,1.8110604925728915,1.712350769665194,2.2165386437878984,3.065442260794168,4.813595610013673,5.1562593623932855,0.8357618517510413,4.315984653697039,0.7
2026-04-22 13:39:33,Tazmanian Traders VIP ⭐,trading-floor-🧃,QQQ,bull,False,True,2026-04-22,A,0.7644507336881379,0.47961874226130075,0.1968806718552818,0.30122506475422917,2.16722552065709,1.3240100212845718,1.7580828744578225,1.4210786865815228,7.018488325591421,3.5441020539293877,1.0,2.679225649367259,2.3943936579404226,1.5358047010540206,1.6401490939529686,3.6801117213586965,2.8368962219861786,1.5904854783328428,1.253481290456543,14.070857701046052,10.596471429384017,0.4
2026-04-22 17:40:26,Tazmanian Traders VIP ⭐,vip-chart-plan📊,AMD,bear,False,True,2026-04-22,B,-1.0051923845027178,-0.8404129354575796,-1.6276128345093843,-1.8515438806476214,-11.379976035148442,-10.657481527796753,-12.205432033018248,-11.988542843676786,-40.25762215417388,-36.90710669025634,1.0,-0.5467456514495339,-0.3819662024043957,1.9009807839510497,1.6770497378128126,0.7031902306699369,1.4256847380216264,2.4465530969147973,2.6634422862562603,-2.285434485454567,1.0650809784629693,0.7
2026-04-23 09:05:14,Tazmanian Traders VIP ⭐,vip-chart-plan📊,IBM,bear,False,True,2026-04-23,B,0.5123347827958868,0.3643432394555113,0.12485469496706925,0.75064750680639,-0.33151074180910456,-0.022842665699163156,0.5553881258879789,1.8464381611240643,0.4133120936840817,3.5253628336418097,1.0,0.5125401566089354,0.36454861326855975,-0.7564680604970534,-0.13067524865773253,1.1655146653581991,1.4741827414681403,-1.6113586141265606,-0.32030857889047504,-4.135451606145231,-1.0234008661875023,0.4444444444444444
2026-04-23 13:29:54,Tazmanian Traders VIP ⭐,vip-chart-plan📊,QQQ,bear,False,True,2026-04-23,B,0.3259123249942597,0.17792078165388414,-1.5805982709815591,-0.9548054591422384,-0.6120419248718534,-0.303373848761912,-2.1712187284829154,-0.88016869324683,-6.333103817611518,-3.2210530776537905,0.0,1.9716808091780158,1.8236892658376402,-0.4602101570258732,0.1655826548134473,0.8736743731288066,1.1823424492387482,1.6125089516813198,2.9035589869174045,-1.6462346416875904,1.4658160982701385,0.6
2026-04-23 14:12:06,Tazmanian Traders VIP ⭐,tazmanian-trades-⚠️,AMD,bear,False,True,2026-04-23,B,-0.8821780215423125,-1.1299920483794468,-14.917729465406726,-14.392532692621218,-6.789797132095399,-6.5814080640732575,-17.12482653802947,-15.935037602362566,-34.95671710830632,-31.947747930175918,0.0,0.5607129461874315,0.31289891935029734,-0.6481978514962172,-0.12300107871070942,-0.12228190823984413,0.08610715978229706,0.8372350590119293,2.0270239946788315,-0.2856298923762747,2.7233392857541303,0.6
2026-04-23 15:11:57,Tazmanian Traders VIP ⭐,vip-chat-🌪️⭐,SOXL,bear,False,False,2026-04-23,B,1.316998468606445,0.8589467340516466,-12.290527236928451,-11.97719736942624,4.126011813607533,4.123201680266709,-11.117917304747316,-10.141395968809942,-33.099978122949025,-30.308110648837385,1.0,1.0478757883489465,0.5898240537941479,-0.9098730314048119,-0.5965431639026023,1.5846177037354396,1.5818075703946142,-1.2806586132983424,-0.3041372773609673,-3.876142994497583,-1.084275520385941,0.6
2026-04-29 13:22:37,Tazmanian Traders VIP ⭐,trading-floor-🧃,USO,bear,False,True,2026-04-29,B,-3.0653438248374965,-2.9837685787052814,-0.6431748203900023,0.4341810164595117,-0.9989736572015184,-0.013038354810523956,8.347588094423553,11.558558558558584,2.812179267875481,7.215836089253813,1.0,-1.0732909254215417,-0.9917156792893266,-1.1267419306192004,-0.04938609376968657,-2.6216029880010483,-1.6356676856100538,-7.963332894882869,-4.752362430747836,-15.213600891923466,-10.809944070545134,0.2
2026-04-30 13:09:12,Tazmanian Traders VIP ⭐,trading-floor-🧃,TSLA,bull,True,True,2026-04-30,A,2.3822937625754603,1.8183655759614226,4.847753185781345,4.005359219673021,4.458752515090536,3.179768985151976,10.473507712944329,8.101650947905071,18.926894701542587,14.233556890367582,1.0,0.5551569663863547,-0.008771220227683015,3.873162643462163,3.030768677353839,4.437006717766431,3.1580231878278715,4.904020190113271,2.5321634250740117,4.893909023575209,0.2005712124002063,0.6666666666666666
2026-04-30 13:38:21,Tazmanian Traders VIP ⭐,trading-floor-🧃,TSLA,bear,False,True,2026-04-30,B,-2.40976787870657,-1.8613166936602754,-4.875888903797132,-4.049014795729877,-4.486783845431375,-3.223387365592556,-10.503153092714346,-8.147051573280706,-18.958808533476468,-14.281583248757546,0.0,0.4795154799626478,1.0279666650089425,0.08125499622218993,0.9081291042894449,-0.003591081283047437,1.259805398555771,-2.9820150684315783,-0.6259135489979384,-3.9275786577889504,0.7496466269299719,0.3
2026-05-01 18:35:28,Tazmanian Traders VIP ⭐,trading-floor-🧃,SMH,bear,False,True,2026-05-01,B,0.048522989604316,-0.16333554981798892,0.6425620138511001,0.0651436417001161,-7.781813191391329,-6.168641959842391,-11.071573860322403,-8.93360271739403,-9.07183853117479,-6.7192394561519375,0.0,0.3533489413947994,0.14149040197249446,1.214268571843803,0.636850199692819,0.2060197102353822,1.8191909417843197,0.41979345278852315,2.5577645957168977,2.6576087357655744,5.01020781078843,0.5555555555555556
2026-05-04 13:26:34,Tazmanian Traders VIP ⭐,trading-floor-🧃,AMZN,bull,False,True,2026-05-04,A,1.2109600252980801,1.497043322755276,1.7690061199054918,1.2551671875794757,0.8835729831284,-0.7148827225668786,0.07254599229895575,-2.5980277019252096,-1.4639409215201238,-4.0442456141194345,1.0,-1.0759414067504967,-0.789858109293301,-0.9731310480089995,-1.4869699803350158,-1.1769518490314557,-2.7754075547267343,-1.7055889500915264,-4.376162644315692,-2.492442997905635,-5.072747690504945,0.3
2026-05-04 13:37:19,Tazmanian Traders VIP ⭐,tazmanian-trades-⚠️,BA,bear,True,True,2026-05-04,A,1.8668795175380115,1.5807962200808157,0.5010864263225612,1.0149253586485774,-2.4477850206199303,-0.8493293149246517,-5.631679304687154,-2.9611056104629885,2.1728526451155084,4.7531573377148195,0.0,0.3729194152708925,0.08683611781369663,-0.23830420427512705,0.27553472805088913,-1.839982072625918,-0.24152636693063875,-5.961161376175768,-3.2905876819516005,-4.668780411511681,-2.088475718912371,0.5
2026-05-04 14:34:50,Tazmanian Traders VIP ⭐,trading-floor-🧃,TSLA,bear,False,False,2026-05-04,B,-0.9152847409692688,-1.3631245723707441,-0.10798303123795705,0.24280172834276748,-5.872220079701762,-4.438578018806627,-14.410592621159534,-11.906571768184104,-5.409435660110562,-2.9955373738258295,0.0,0.32758968731768096,-0.12025014408379442,-0.8050059263842726,-0.45422116680354785,-0.6206718973102188,0.8129701635849162,-6.815750468443644,-4.311729615468214,-6.672325653156643,-4.258427366871911,0.1
2026-05-04 14:35:49,Tazmanian Traders VIP ⭐,trading-floor-🧃,AMD,bear,False,False,2026-05-04,B,0.4053305339282054,-0.042509297473269925,-3.5954859592336685,-3.244701199652944,-19.10885603475927,-17.675213973864135,-33.785320619368385,-31.281299766392955,-22.7626629341265,-20.348764647841765,0.0,1.1063355836318558,0.6584957522303803,0.5178739725909842,0.8686587321717087,-2.680192677853108,-1.2465506169579732,-4.757575127214747,-2.253554274239317,-1.1999357236809094,1.2139625626038233,0.3
2026-05-04 22:30:58,Tazmanian Traders VIP ⭐,vip-chart-plan📊,RCL,bear,False,True,2026-05-04,B,-0.971542227662181,-0.6944456456485115,-9.807221542227662,-8.136329152685274,-5.278457772337819,-3.0824673598795593,1.2698898408812664,3.5434672963033598,5.446756425948596,7.103793986390283,0.0,0.8548994746384214,1.131996056652091,0.517742172035265,2.1886345615776537,-3.1710028864734827,-0.9750124740152235,-3.8599479845661784,-1.586370529144085,-4.534180070568506,-2.877142510126818,0.6666666666666666
2026-05-04 22:40:54,Tazmanian Traders VIP ⭐,vip-chart-plan📊,ABNB,bear,True,True,2026-05-04,A,-0.52517985611511,-0.2480832741014405,-0.633093525179862,1.0377988643625269,-1.7913669064748339,0.4046235059834258,2.5323741007194367,4.80595155614153,5.64028776978418,7.297325330225868,0.0,-0.684153740358494,-0.4070571583448244,-1.988181106548205,-0.31728871700581585,-6.277854980911027,-4.081864568452768,-6.733865570653203,-4.460288115231109,-6.486875681054389,-4.829838120612702,0.3333333333333333
2026-05-05 18:03:24,Tazmanian Traders VIP ⭐,tazmanian-trades-⚠️,AMD,bull,False,True,2026-05-05,B,-0.3198653198653201,-0.28671660644975505,18.235129068462406,16.87879421120906,27.71885521885522,25.839046928914478,25.782828282828298,23.825672994917912,16.175645342312016,14.833122448981806,1.0,-0.079132164883986,-0.04598345146842098,-0.21284428897433655,-1.5691791462276863,0.11797789217528262,-1.7618303977654601,-0.9539529981649396,-2.9111082860753235,0.0840786120615256,-1.2584442812686858,0.6
2026-05-05 18:07:03,Tazmanian Traders VIP ⭐,tazmanian-trades-⚠️,AMD,bear,False,True,2026-05-05,B,0.3198653198653201,0.28671660644975505,-18.235129068462406,-16.87879421120906,-27.71885521885522,-25.839046928914478,-25.782828282828298,-23.825672994917912,-16.175645342312016,-14.833122448981806,0.0,-0.08602295569552054,-0.11917166911108557,-1.6282605606025178,-0.2719257033491685,-0.7838490895687422,1.095959200372001,0.45958604741179965,2.4167413353221834,1.418654819215599,2.7611777125458103,0.3
2026-05-05 18:23:56,Tazmanian Traders VIP ⭐,vip-chart-plan📊,AFRM,bear,False,True,2026-05-05,B,0.7428316743425922,0.6255288121527536,2.570197593225376,3.8412086058940864,4.902689050661113,6.69673282532921,2.793047095528145,4.664372755874258,2.9861833308572394,4.243394006797729,0.0,0.15853565768191635,0.0412327954920777,-3.0026815551105477,-1.7316705424418377,-3.8708458492260425,-2.0768020745579454,-4.094803046122725,-2.2234773857766124,-2.676424921481666,-1.4192142455411751,0.2
2026-05-05 22:53:47,Tazmanian Traders VIP ⭐,trading-floor-🧃,TJX,bear,False,True,2026-05-05,B,0.2566570420275971,1.0353320585074988,0.8790503689445006,1.348727363011759,4.452999679178693,5.982883221257351,5.659287776708366,7.602542006547952,-2.155919153031771,-0.3582373248621318,1.0,-0.22517800424003642,0.5534970122398652,0.5163114008829162,0.9859883949501747,1.496987228002086,3.026870770080744,1.9961492136759738,3.93940344351556,3.2919874259938595,5.089669254163499,0.8
2026-05-05 22:59:41,Tazmanian Traders VIP ⭐,vip-chart-plan📊,RCL,bull,False,True,2026-05-05,B,2.5175874013498634,1.7389123848699617,0.2999678605863698,-0.16970913348088867,-5.917223154661999,-7.447106696740658,-5.652965753669248,-7.596219983508834,-9.33471413777095,-11.132395965940589,0.0,0.4527271599651228,-0.32594785651477887,0.10855040684222494,-0.36112658722503355,2.7957240222609294,1.2658404801822705,2.4792544356771695,0.5360002058375833,1.139968441663034,-0.6577133865066054,0.4
2026-05-05 23:09:01,Tazmanian Traders VIP ⭐,vip-chart-plan📊,TSLA,bear,False,True,2026-05-05,A,-3.2310679611650572,-2.4523929446851556,-6.612297734627837,-6.142620740560578,-15.210355987055024,-13.680472444976367,-15.280258899676369,-13.337004669836784,-8.028478964401287,-6.230797136231647,0.0,0.09491016451570133,0.873585180995603,-0.6085584923274178,-0.1388814982601594,-6.2578429365562185,-4.72795939447756,-4.527009138825534,-2.583754908985948,-2.277183333737986,-0.47950150556834625,0.5
2026-05-06 15:12:33,Tazmanian Traders VIP ⭐,tazmanian-trades-⚠️,AFRM,bear,False,True,2026-05-06,B,0.6965475469412619,0.9259950331875988,-1.9987886129618326,-2.0766551597259375,-0.6208358570563233,0.3557261894420627,3.8007268322229004,5.188406762881925,-1.6353725015142206,-0.39247162640676514,0.0,-1.2922027989105156,-1.0627553126641787,-0.6607773129943604,-0.7386438597584657,-9.00957519954731,-8.033013153048923,-9.88739010425447,-8.499710173595448,-10.79616477937235,-9.553263904264893,0.2
2026-05-06 20:56:45,Tazmanian Traders VIP ⭐,trading-floor-🧃,SPY,bear,False,False,2026-05-06,B,0.472076729474169,-0.0,-0.34963607917828377,-0.0,-0.42582137269573384,-0.0,-1.7849125909802144,-0.0,-1.0434664308550445,-0.0,0.0,0.369833072067044,-0.10224365740712509,-0.5118876715045363,-0.1622515923262525,0.8869528808957863,1.31277425359152,0.8655975345326471,2.6505101255128616,3.7213068954640534,4.764773326319099,0.6
2026-05-06 20:56:58,Tazmanian Traders VIP ⭐,trading-floor-🧃,AMD,bear,False,False,2026-05-06,B,2.064401659193904,1.592324929719735,-9.139952525954875,-8.790316446776592,-7.4855539837437535,-7.05973261104802,-7.823626729326016,-6.038714138345802,-7.797252259812493,-6.753785828957448,0.0,-0.042593981729105446,-0.5146707112032745,0.13415007284526942,0.48378615202355313,0.6436180603062148,1.0694394330019485,0.8664302734845386,2.651342864464753,2.634070562156967,3.677536993012011,0.2
2026-05-07 17:24:49,Tazmanian Traders VIP ⭐,trading-floor-🧃,AMD,bear,False,True,2026-05-07,B,-1.19664048757524,-1.2526521817240677,-12.774075266952401,-12.004939076567279,-11.06458885613062,-10.218948888371514,-11.413918687907243,-9.203505977351089,-11.386666005995583,-9.920798985954328,0.0,-0.21861370355603316,-0.2746253977048607,-0.8450279622752719,-0.07589177189014973,-0.9335585713576956,-0.08791860359859135,-2.8100354728723147,-0.5996227623161611,-2.1592580467838607,-0.6933910267426049,0.5
2026-05-07 17:32:55,Tazmanian Traders VIP ⭐,trading-floor-🧃,AMZN,bear,True,True,2026-05-07,A,0.10682973550429908,0.23753974405863465,-0.4494216459146827,0.5079778408261237,2.077654166359677,3.1117003596873083,1.5619244087526574,3.9632930999417115,1.1051351948721755,2.7605671880287175,1.0,-0.7899166479672959,-0.6592066394129603,-3.780983356012718,-2.8235838692719115,-3.7021728131422007,-2.6681266198145694,-4.478043572406892,-2.076674881217839,-3.803907911093873,-2.1484759179373314,0.4
2026-05-07 17:39:58,Tazmanian Traders VIP ⭐,trading-floor-🧃,AMZN,bull,False,False,2026-05-07,B,-0.10682973550429908,-0.23753974405863465,0.4494216459146827,-0.5079778408261237,-2.077654166359677,-3.1117003596873083,-1.5619244087526574,-3.9632930999417115,-1.1051351948721755,-2.7605671880287175,0.0,0.37576886195190173,0.24505885339756617,4.215476403278275,3.25807691653747,4.266941925625532,3.2328957322979006,6.784694966527354,4.3833262753383,4.188019537433158,2.5325875442766153,0.6
2026-05-08 12:48:00,Tazmanian Traders VIP ⭐,vip-chat-🌪️⭐,AMZN,bear,False,True,2026-05-08,B,-0.38655524058461843,-0.020533986859772035,0.9719103191841771,1.5665247722613351,0.552221772263739,1.556399040847134,2.757427382836952,3.3343530764404328,1.9548650738136497,3.4121467196846944,1.0,-4.342639393509492,-3.976618139784645,-6.13639439889714,-5.541779945819982,-5.2031545734386455,-4.198977304855249,-4.156115420738725,-3.579189727135245,-6.631697076913322,-5.174415431042276,0.4444444444444444
2026-05-08 16:57:49,Tazmanian Traders VIP ⭐,trading-floor-🧃,QQQ,bear,False,True,2026-05-08,B,-0.5229460234901673,-0.41301266210798104,-0.8140997554874074,-0.4761564593866563,-1.0147979590971579,-0.26833686329226225,-0.19787146834762126,0.12242820185228709,-1.414780998685572,-0.21637163942063165,1.0,-0.5764492731825355,-0.46651591180034924,-1.937169052052375,-1.5992257559516243,-1.2735768354636199,-0.5271157396587246,-1.2857926284917798,-0.9654929582918713,-2.907875630542164,-1.7094662712772237,0.4
2026-05-08 21:53:26,Tazmanian Traders VIP ⭐,vip-chart-plan📊,AMD,bear,False,False,2026-05-08,B,0.3821517750515646,0.7691434241791306,2.662034523938772,2.8969452442863752,2.3558788405167785,3.947297130964178,8.589729671045488,8.888460066863246,-9.410487460644879,-7.490465734797902,1.0,-0.5765409971660985,-0.18954934803853252,1.0518281885141318,1.286738908861735,-0.24747259138354508,1.3439456990638545,5.057329760625462,5.356060156443221,-1.3300085227517693,0.5900132030952077,0.5555555555555556
2026-05-09 13:41:32,Tazmanian Traders VIP ⭐,trading-floor-🧃,AMD,bear,False,False,2026-05-09,B,0.3821517750515646,0.7691434241791306,2.662034523938772,2.8969452442863752,2.3558788405167785,3.947297130964178,8.589729671045488,8.888460066863246,-9.410487460644879,-7.490465734797902,1.0,-0.5107277468672211,-0.1237360977396551,0.07699887372657029,0.3119095940741734,0.7696661019010886,2.361084392348488,2.958130315031397,3.256860710849156,1.7183496306356116,3.6383713564825877,0.6
2026-05-11 12:02:51,Tazmanian Traders VIP ⭐,vip-chart-plan📊,AMZN,bear,False,True,2026-05-11,B,0.31315433505659795,0.700145984184164,1.4879463375766622,1.7228570579242652,0.9691107528674747,2.560529043314874,1.8437193099486548,2.142449705766414,1.684362666073702,3.6043843919206786,1.0,0.6625385831347097,1.0495302322622755,1.2951108515737622,1.5300215719213652,0.40950869060756745,2.0009269810549672,2.0804092056462453,2.379139601464004,-0.13756586786818154,1.7824558579787955,0.6
2026-05-11 13:14:07,Tazmanian Traders VIP ⭐,vip-chart-plan📊,AMD,bear,False,True,2026-05-11,B,0.3821517750515646,0.7691434241791306,2.662034523938772,2.8969452442863752,2.3558788405167785,3.947297130964178,8.589729671045488,8.888460066863246,-9.410487460644879,-7.490465734797902,1.0,-0.1294695053485117,0.2575221437790543,1.7209691255269601,1.9558798458745632,1.2162070331519326,2.807625323599332,4.553469431919259,4.852199827737019,3.8357956727827265,5.755817398629704,0.7
2026-05-12 14:33:31,Tazmanian Traders VIP ⭐,trading-floor-🧃,AMD,bear,False,True,2026-05-12,B,-0.38403403683593407,0.05955165956639252,0.24072104349772694,1.24627266816435,5.032749258243285,5.61104349435062,7.283211106756982,7.121288720646934,-10.964563623131628,-8.850047757459167,1.0,0.1336709410805137,0.5772566374828403,-0.49552551379843707,0.5100261108681858,-1.429980101027427,-0.851685864920092,-1.7749596582606209,-1.9368820443706682,-5.5870031054021645,-3.472487239729702,0.3
2026-05-12 19:39:46,Tazmanian Traders VIP ⭐,trading-floor-🧃,RKLB,bull,False,True,2026-05-12,A,-0.9937678962438912,-1.1430054281264534,4.556173151423293,3.846616522563484,5.078322385042955,4.7947710744660865,7.217449890517114,7.671946010341291,26.520128010779853,24.704856941153764,1.0,0.5735770350670699,0.42433950318450764,1.7816961442312962,1.0721395153714872,-2.639304903223546,-2.922856213800414,-4.529682196358987,-4.07518607653481,-2.7118138559445883,-4.527084925570678,0.6
2026-05-13 13:30:51,Tazmanian Traders VIP ⭐,trading-floor-🧃,GLD,bear,True,True,2026-05-13,A,0.018579590320033645,0.5399348431434747,0.7826652422314062,2.0975638149367537,2.8217752798550766,2.847504500124276,3.0609875052255098,3.438800792336527,4.1362812949974455,6.321910848392342,1.0,-0.246558914002113,0.2747963388213282,-0.39563465403487097,0.9192639186704767,0.5207279538681897,0.5464571741373889,0.2383461636712349,0.6161594507822518,-7.023348919324955,-4.837719365930058,0.4
2026-05-13 18:47:40,Tazmanian Traders VIP ⭐,trading-floor-🧃,GLD,bull,False,True,2026-05-13,B,0.05112949707168912,0.11980022905646592,-0.7134888909547277,-1.4337036508945689,-2.7540206377242638,-2.1926330285305884,-2.993399646741657,-2.7820294913029397,-4.069443153295527,-5.655278000790897,0.0,-0.2175040451022625,-0.1488333131174857,1.0379460372605886,0.31773127732074746,-0.6712697773632371,-0.10988216816956178,0.15125308379733235,0.36262323923604944,0.9283169244256821,-0.6575179230696897,0.4
2026-05-14 19:45:40,Tazmanian Traders VIP ⭐,trading-floor-🧃,GLD,bear,False,True,2026-05-14,B,0.06012160002994982,0.013269188333109305,2.3807685739483886,1.131544604591217,3.7352590960237797,1.7592683184808222,2.4509494300144707,1.6759942417344353,2.420537725719174,3.483875052262042,1.0,-0.044720689037299755,-0.09157310073414027,2.6477730245373308,1.3985490551801596,2.864643857166437,0.8886530796234793,1.996301148564563,1.2213459602845278,0.6375398919157595,1.7008772184586274,0.8
2026-05-14 19:55:35,Tazmanian Traders VIP ⭐,trading-floor-🧃,INTC,bear,False,True,2026-05-14,B,0.05172859729285495,0.004876185596014437,6.224674540908703,4.975450571551532,4.474523665833264,2.4985328882903057,-2.163979653418413,-2.9389348416984484,1.129407707560981,2.192745034103849,1.0,-0.07984206906523461,-0.12669448076207512,1.2785233786721562,0.029299409314984714,0.6938360181374638,-1.2821547594054938,-0.5227955169930519,-1.2977507052730874,-3.731998554283622,-2.668661227740754,0.5
2026-05-15 13:19:32,Tazmanian Traders VIP ⭐,trading-floor-🧃,AMD,bear,False,True,2026-05-15,B,2.1322748880786335,1.779075195443247,2.849956154520694,2.426655759530205,-3.2861032907186116,-3.3589001739335322,-7.8852633036414765,-7.366248488127658,-17.720496607744508,-15.462445137651892,1.0,-0.0059136641888673696,-0.3591133568242539,-0.436919227296759,-0.8602196222872478,0.3230288846670019,0.2502320014520812,0.5857687990275553,1.1047836145413739,-7.7255753765479716,-5.467523906455359,0.6666666666666666
2026-05-19 13:35:01,Tazmanian Traders VIP ⭐,vip-chart-plan📊,RKLB,bear,False,True,2026-05-19,B,-1.1279688617046535,-1.2518390566300552,-6.664548415283189,-5.764787988407449,-7.840177933116199,-6.342845906545369,-19.334339502740484,-17.18090380634496,8.888712367940265,11.556685797102851,1.0,-0.9774783951283516,-1.1013485900537534,-3.4369125545992296,-2.5371521277234894,-5.891384011052862,-4.394051984482031,-8.977069216008541,-6.8236335196130184,-13.08951755622572,-10.421544127063138,0.3
2026-05-19 13:42:13,Tazmanian Traders VIP ⭐,tazmanian-trades-⚠️,SNAP,bear,True,True,2026-05-19,A,1.9434628975265045,1.8195927026011027,0.7067137809187329,1.6064742077944727,-1.0600706713780772,0.4372613551927529,-3.886925795053009,-1.7334900986574864,-1.2367491166077826,1.4312243125548019,0.0,0.3106734642706399,0.18680326934523817,-1.7274841946182966,-0.8277237677425564,-1.6821378232787676,-0.18480579670793756,-2.583183546966795,-0.4297478505712725,-3.3799660480117844,-0.7119926188491998,0.4
2026-05-19 14:01:50,Tazmanian Traders VIP ⭐,tazmanian-trades-⚠️,RKLB,bull,False,True,2026-05-19,B,6.4375888303653594,6.655178212003543,12.26486079759217,11.459780085530923,13.50221553381823,12.100123955887243,25.59986623192041,23.5422866418044,-4.1050079424797215,-6.676642446715908,1.0,-0.08902461369243195,0.12856476794575158,2.6956237682719255,1.8905430562106795,4.697375667973899,3.2952840900429146,4.719212651395167,2.661633061279156,6.571497194507464,3.9998626902712764,0.4444444444444444
2026-05-20 03:02:02,Tazmanian Traders VIP ⭐,vip-chart-plan📊,MSFT,bear,True,False,2026-05-19,A,-1.664795431772359,-0.9117813365446148,-1.1891395941231009,-0.23631850972842816,-0.4503036229521973,1.5722324306558733,-3.0965919379957185,-0.5290041656397682,-3.352528581603953,-0.4464922357611645,0.0,-1.8178926229260028,-1.0648785276982586,-4.0883377735252004,-3.1355166891305277,-4.796155285745536,-2.7736192321374658,-6.344431707443005,-3.7768439350870544,-10.048749745421182,-7.142713399578393,0.3
2026-05-20 11:52:14,Tazmanian Traders VIP ⭐,vip-chart-plan📊,MSTR,bear,False,True,2026-05-20,B,0.11445783132529863,0.8674719265530428,0.6927710843373514,1.645592168732024,3.6566265060240966,5.679162559632167,8.650602409638564,11.218190181994514,22.066265060240966,24.97230140608375,1.0,-0.9388687560523478,-0.18585466082460358,-2.290072542018,-1.3372514576233274,-4.298220799618132,-2.275684746010062,-11.085355890003402,-8.517768117647453,-14.559146561713025,-11.653110215870237,0.3
2026-05-20 13:40:20,Tazmanian Traders VIP ⭐,tazmanian-trades-⚠️,INTC,bear,False,True,2026-05-20,A,-2.304781561747493,-1.55313691432728,-1.909184726522195,-0.9577358057371033,-6.226350189198482,-4.205200838902168,-3.964568283453729,-1.398374622821974,3.8699690402476783,6.774606674130124,0.0,-0.34892936555575227,0.4027152818644607,-0.4973984391188623,0.45405048166622947,-0.9448034369755266,1.0763459133207873,-1.7381735856529381,0.8280200749788168,-0.9948178599792575,1.9098197739031875,0.5
2026-05-20 13:53:58,Tazmanian Traders VIP ⭐,tazmanian-trades-⚠️,SNAP,bear,False,True,2026-05-20,B,-3.3126217875657282,-2.596569720933495,-4.599433802713349,-3.6836480476656552,-5.702415529982718,-3.717307238996548,-8.643700136034415,-6.113740082772101,-11.584984742086114,-8.716700277834356,0.0,-1.6489913130321807,-0.9329392463999475,-2.860396058345825,-1.944610303298132,-6.21455059672004,-4.229442305733867,-11.492871389019562,-8.962911335757248,-10.873815477375498,-8.00553101312374,0.5
2026-05-20 15:04:28,Tazmanian Traders VIP ⭐,trading-floor-🧃,MSTR,bull,False,True,2026-05-20,B,-0.5637777728469184,-0.8411046126737598,-1.1394895715205022,-1.6156800477109767,-4.0900125397226095,-5.630867518077576,-9.061523801185134,-11.14485713451846,-22.416838130831707,-24.837022113515683,0.0,1.4375925819147661,1.1602657420879248,3.401483809799724,2.9252933336092495,5.979737508874396,4.438882530519431,8.116815848559849,6.033482515226525,9.37189313308366,6.951709150399682,0.8
2026-05-20 23:43:50,Tazmanian Traders VIP ⭐,trading-floor-🧃,USO,bear,False,False,2026-05-20,B,4.508608561666794,5.060975073093199,5.593890265961021,6.54157790811416,12.219468077979501,13.819706353729543,13.51912641522074,15.934376063222466,10.886313391840286,10.738744887562145,1.0,-0.7313251317608515,-0.1789586203344463,-1.0098410900926038,-0.062153447939464715,-4.656703221726014,-3.0564649459759696,-6.311946027067947,-3.8966963790662184,-1.4089443885401531,-1.5565128928182923,0.3
2026-05-21 13:04:15,Tazmanian Traders VIP ⭐,vip-chart-plan📊,SNAP,bear,True,True,2026-05-21,A,-2.7075812274368394,-2.155214716010434,-3.2490974729241895,-2.3014098307710507,-6.137184115523464,-4.536945839773421,-3.068592057761732,-0.6533424097600049,-3.971119133573997,-4.118687637852137,0.0,-0.8722600834417942,-0.31989357201538887,-0.5262072745108259,0.4214803676423129,-1.7079327755784617,-0.10769449982841826,-11.36713369943777,-8.951884051436046,0.15730718093409143,0.00973867665595248,0.4444444444444444
2026-05-21 13:25:25,Tazmanian Traders VIP ⭐,vip-chart-plan📊,MSTR,bear,False,True,2026-05-21,B,-0.346968590211838,0.20539792121456735,2.672266861456063,3.619954503609202,6.135865595325063,7.736103871075106,3.159240321402479,5.5744899694042065,26.686145605064524,26.538577100786387,1.0,-0.7095481651045743,-0.15718165367816894,0.8960069921960601,1.8436946343491987,0.5483178471394379,2.148556122889481,-1.1477533095081067,1.2674963384936198,1.8187031423266553,1.6711346380485161,0.6
2026-05-21 14:17:20,Tazmanian Traders VIP ⭐,tazmanian-trades-⚠️,SNAP,bull,False,True,2026-05-21,A,0.2625504396398526,-0.18102848495171742,0.7911754858945352,-0.047296871565150056,3.610509065919554,2.120192069273452,0.6149671371429744,-1.6894794711010963,1.4960088809007788,1.7516077124489882,1.0,1.3806696019503173,0.9370906773587473,0.2550395533593175,-0.5834328041003678,0.5509820891190307,-0.9393349075270706,3.4713408571144493,1.1668942488703782,-2.9686074039907946,-2.713008572442585,0.7
2026-05-21 14:21:27,Tazmanian Traders VIP ⭐,trading-floor-🧃,INTC,bear,False,True,2026-05-21,B,-2.811125118102642,-2.367546193511072,-3.9737150561470314,-3.135242698687346,-5.648191608703446,-4.157874612057344,0.5031238097551682,2.807570417999239,13.959668540403037,13.704069708854828,0.0,-0.9816103315367386,-0.5380314069451686,-1.9741598547854966,-1.1356874973258113,-2.559688327026608,-1.0693713303805064,-10.90722402416016,-8.602777415916089,-3.880691711092408,-4.136290542640617,0.3
2026-05-22 13:43:23,Tazmanian Traders VIP ⭐,trading-floor-🧃,INTC,bear,True,True,2026-05-22,A,0.36581310276022627,0.29210533396138993,-2.693714665779834,-2.1040525153891876,-0.5071499833721349,0.6199088086245474,9.103757898237452,10.758832343083924,8.322248087795147,7.388169635926312,1.0,-0.30587660988220083,-0.37958437868103717,-2.05199225191802,-1.462330101527374,-3.3621401177073764,-2.235081325710694,-0.08076985365614622,1.5743045911903253,4.339252774821937,3.4051743229531004,0.2
2026-05-28 14:15:47,Tazmanian Traders VIP ⭐,trading-floor-🧃,MSTR,bear,False,True,2026-05-28,B,-3.402659393112839,-3.1981604156077204,-8.482782134333444,-8.028635054419485,7.207637231503572,8.07211018186611,11.783157176951931,12.31830709860493,18.07023525400614,16.03852463333847,0.0,-0.7622668784361031,-0.5577679009309844,-2.3619833785267765,-1.9078362986128183,-2.745010072151998,-1.8805371217894595,0.5045975350802423,1.039747456733242,2.8698879417643854,0.8381773210967151,0.5
2026-06-01 13:55:50,Tazmanian Traders VIP ⭐,trading-floor-🧃,QQQ,bear,False,True,2026-06-01,B,-0.5292151103772236,-0.22507885733586974,-0.9921091455409092,-0.5517727443984155,-0.24092145689806888,-0.12852327642625117,3.0805462691011476,0.8299379965950648,-0.6997550180691148,-0.8862037644988163,1.0,-1.0089821882683148,-0.7048459352269609,-0.7384902220445312,-0.2981538209020374,0.3019588012593431,0.4143569817311608,4.646401996782233,2.3957937242761504,-0.6871330190153488,-0.8735817654450507,0.4
2026-06-04 19:56:11,Tazmanian Traders VIP ⭐,trading-floor-🧃,INTC,bear,True,True,2026-06-04,A,-0.30509691313711507,-0.3987891802260446,11.010409188801141,8.338200162672871,3.158650394831297,0.4204608989220815,-4.953338119167272,-7.597835347987536,-20.235104091888022,-21.694592083442522,1.0,0.13185485836170185,0.03816259127277233,4.685599551675648,2.013390525547379,3.52407125795155,0.7858817620423355,2.507133737260506,-0.13736349155975774,-0.10964302351012192,-1.5691310150646198,0.8
2026-06-08 13:38:46,Tazmanian Traders VIP ⭐,tazmanian-trades-⚠️,GOOG,bear,False,True,2026-06-08,B,0.42732686369651995,-0.12291462370441764,0.1185487428319365,-0.7236301596448169,1.6982796647551868,0.9516194556903335,-1.2102999558888383,0.33952447806202546,4.5875606528451796,3.2785509529891455,1.0,-0.23091281854594303,-0.7811543059468805,1.2356974328434644,0.393518530366711,0.5768874704489579,-0.1697727386158953,-2.008853191563337,-0.4590287576124732,5.1162844141168575,3.8072747142608234,0.6
2026-06-09 13:28:28,Tazmanian Traders VIP ⭐,tazmanian-trades-⚠️,GOOG,bull,False,True,2026-06-09,B,-0.7111829754580135,0.17366567239105457,-3.1694917576770787,-0.7220380508605073,-1.8430464392890866,-1.5902325399036354,1.7032763747482083,0.8022906694915566,-5.438699864340812,-4.0414996438010276,0.0,-1.994439484136129,-1.109590836287061,-4.048795059649787,-1.6013413528332154,-0.5297971650082577,-0.2769832656228065,3.000554161400641,2.0995684561439893,-2.7854297591522235,-1.3882295386124386,0.1
2026-06-09 14:41:27,Tazmanian Traders VIP ⭐,vip-chat-🌪️⭐,GOOG,bear,False,False,2026-06-09,B,0.8918068663657519,0.33056241472585457,3.3456435508138482,1.216692241468309,2.021611270687995,2.0944651177758566,-1.5182601559294184,-0.28783962733427426,5.61072356722746,4.53545475002316,1.0,1.81236078290238,1.251116331262483,4.453649798171074,2.324698488825535,2.252787761434541,2.325641608522402,0.6247772698185727,1.8551977984137165,7.003185691410389,5.927916874206089,0.8
2026-06-09 14:50:55,Tazmanian Traders VIP ⭐,vip-chat-🌪️⭐,QQQ,bull,False,True,2026-06-09,B,-0.6031244514656753,-0.389214916245062,-2.5887309110057877,-0.8016385914411783,1.2940143935404658,0.8716107543706553,2.4904335615236084,0.9064199146368024,-0.21133930138669266,0.5183900624355142,0.0,-0.657402854570868,-0.4434933193502546,-0.08511583306643293,1.7019764864981763,1.6232923545270541,1.2008887153572436,1.4921641914202715,-0.09184945546653446,-2.1159836085459656,-1.3862542447237587,0.2222222222222222
2026-06-09 14:57:18,Tazmanian Traders VIP ⭐,vip-chat-🌪️⭐,QQQ,bear,False,True,2026-06-09,A,0.6031244514656753,0.389214916245062,2.5887309110057877,0.8016385914411783,-1.2940143935404658,-0.8716107543706553,-2.4904335615236084,-0.9064199146368024,0.21133930138669266,-0.5183900624355142,0.0,0.9244424754731174,0.710532940252504,3.6738309819032806,1.8867386623386717,-0.6437295652922623,-0.22132592612245228,-3.2640182869563015,-1.6800046400694957,-0.08749378332389846,-0.8172231471461057,0.7
2026-06-10 13:24:00,Tazmanian Traders VIP ⭐,vip-chat-🌪️⭐,QQQ,bull,False,True,2026-06-10,B,-1.1358777755608007,-0.0505070996584811,2.203346350084101,1.6074833031377356,6.034261608186298,3.1108511444494003,2.9715246700681375,1.939331703161029,2.0978821651512103,1.9738008441623878,1.0,-0.010971938357189348,1.0743987375451305,0.55960633406411,-0.03625671288225565,3.1903073321098874,0.26689686837299,0.5355316728292971,-0.4966612940778116,-3.7561987975658,-3.880280118554622,0.2
2026-06-10 13:44:58,Tazmanian Traders VIP ⭐,tazmanian-trades-⚠️,GOOG,bear,False,True,2026-06-10,A,2.1545278316255967,1.0705059057481425,1.2572694544447538,1.854504175871563,-1.66435890335086,1.2604549721297875,-0.2769315978953246,0.7566389930670825,5.2367765162005036,5.362223078691974,1.0,0.7353397653492744,-0.3486821605281798,-1.6372289685130148,-1.0399942470862056,-4.79585257357738,-1.8710386980967328,-1.6790370968218027,-0.6454665058593956,-2.3882137522222546,-2.262767189730783,0.6
2026-06-10 14:20:13,Tazmanian Traders VIP ⭐,vip-chat-🌪️⭐,QQQ,bear,False,True,2026-06-10,B,1.9367107342893153,0.40691570239029806,-1.3754645421246492,-1.231579650038328,-5.175348085872278,-2.714373469339093,-2.1374203568865324,-1.5591659792565604,-1.2708546528994447,-1.5966317670571883,1.0,0.4636998693683692,-1.066095162530648,-1.3097582569370334,-1.1658733648507122,-1.5041913392979545,0.9567832772352303,2.5379750988346808,3.1162294764646523,6.464059316747741,6.138282202589996,0.6
2026-06-11 15:11:53,Tazmanian Traders VIP ⭐,tazmanian-trades-⚠️,QQQ,bear,False,True,2026-06-11,A,-2.9234998754934516,-1.2476454102233303,-3.5291686191829097,-1.3034244074960233,-4.75198797848011,-1.3437740865286152,-6.296299751489243,-3.3828488143337943,-1.402151846320887,-0.9349522873352223,0.0,-1.8658819330901533,-0.19002746782003205,-1.0587709893612884,1.166973222325598,-2.7143820433753505,0.6938318485761441,1.1958512871243696,4.109302224279817,4.14114566001552,4.608345219001186,0.2
2026-06-12 12:11:54,Tazmanian Traders VIP ⭐,trading-floor-🧃,QQQ,bear,False,True,2026-06-12,A,-0.5197809395075303,-0.3793751126657252,-3.6774849848803637,-1.7712058742972658,-0.6828221457337413,-0.6490707450506061,-2.8344086620866626,-2.3375880440310137,-0.9016039352851779,-0.8624523104927562,0.0,0.882037657649304,1.0224434844911092,-2.098131045709811,-0.19185193512671345,2.0026420146230817,2.036393415306217,1.4949108997276637,1.9917315177833128,2.2547039894537444,2.2938556142461666,0.6
2026-06-15 14:48:03,Tazmanian Traders VIP ⭐,free-alerts-✈️,QQQ,bear,True,True,2026-06-15,A,-0.5364647379160425,-0.3360187123226721,1.374268610731988,0.9773589309146402,-0.07972649757441719,-0.953193284597198,3.5647203491750323,0.9443199881066899,0.4905206545680607,-0.3789637610853269,1.0,-0.3805456917778869,-0.18009966618451642,1.4577859413244594,1.0608762615071117,0.7409255179563107,-0.13254126906646968,3.6807555189170307,1.060355157848689,2.908975520037013,2.0394911043836266,0.4444444444444444
2026-06-16 19:58:37,Tazmanian Traders VIP ⭐,trading-floor-🧃,IBM,bear,False,False,2026-06-16,B,-0.0720580899063128,-0.15994208303538038,3.0541544260295983,1.718584045598437,6.79747981449661,5.918639883205912,2.8287419396559765,0.4651951547453903,-5.777580695822482,-6.473994762587687,1.0,0.5375465042878619,0.4496625111587943,0.871236542665663,-0.46433383776549836,1.3162036074572632,0.4373636761665651,5.623940629985487,3.2603938450749013,-3.0008046080485227,-3.697218674813728,0.5555555555555556
2026-06-17 16:05:57,Tazmanian Traders VIP ⭐,trading-floor-🧃,QQQ,bear,False,True,2026-06-17,B,1.488894645705785,0.20195851290890632,-0.9803253207531837,-1.4972313451063868,2.696917224547668,0.4267938598624843,2.3246935631212162,0.1504909039860891,2.840080171250148,2.0620566706772814,1.0,2.3421625894645115,1.0552264566676324,1.0899703713022117,0.5730643469490087,4.99649234327444,2.7263689785892566,7.597500402532374,5.423297743397247,3.774457792710313,2.996434292137446,0.8888888888888888
2026-06-22 05:55:04,Tazmanian Traders VIP ⭐,tazmanian-trades-⚠️,RDDT,bull,False,False,2026-06-22,A,-0.8262539276155056,-0.3835630087977937,-3.625043640172243,-1.7365857024967069,-8.053066449435587,-6.260903817363883,1.472128476667045,2.368209792702891,16.04794600256021,16.046608567760167,0.0,-1.3829394270276896,-0.9402485082099779,-5.9150548019336995,-4.026596864258164,-7.904728047361003,-6.112565415289298,-5.452236230174394,-4.556154914138547,-8.71845175698159,-8.719789191781633,0.1
2026-06-22 16:36:08,Tazmanian Traders VIP ⭐,trading-floor-🧃,AFRM,bull,False,False,2026-06-22,B,-0.18663164443214475,-0.13359620467436883,-0.6981405958388032,0.8063204231129606,6.241791663786556,7.649580488749463,13.071127393378056,13.579327746500091,15.601023017902826,15.208292229823028,1.0,0.4255616544592007,0.47859709421697655,-0.870463793498867,0.6339972254528967,-3.4141317417459973,-2.0063429167830895,2.613509694161888,3.1217100472839228,9.234958220213446,8.842227432133647,0.5555555555555556
2026-06-22 17:02:26,Tazmanian Traders VIP ⭐,tazmanian-trades-⚠️,QQQ,bear,False,False,2026-06-22,B,-0.20095862696376532,-0.2761314573550777,3.0985647752114875,1.5722878438738097,2.727877578176985,1.298251428770969,1.6823495865411986,1.1521126578882601,3.671568427770322,4.042063091841741,1.0,-0.35623785008403575,-0.43141068047534814,1.0934742780443563,-0.4328026532933215,2.7034948060736705,1.273868656667655,1.3032218979175958,0.7729849692646573,0.3128668931416964,0.6833615572131155,0.5
2026-06-23 17:44:36,Tazmanian Traders VIP ⭐,free-alerts-✈️,QQQ,bear,True,True,2026-06-23,A,0.7551315569894967,0.2195601226071764,1.1765033097847266,0.5948320557340514,1.7466763086165682,0.588757308711485,-2.4086332536018107,-1.1558028602618675,1.0624687100183494,2.1295439476357925,0.0,0.8841333224724091,0.3485618880900887,1.4295900803772665,0.8479188263265913,0.7037872440990102,-0.45413175580607296,-2.760114797960756,-1.5072844046208131,-3.394171885786187,-2.3270966481687436,0.6
2026-06-23 19:58:35,Tazmanian Traders VIP ⭐,tazmanian-trades-⚠️,BA,bear,True,True,2026-06-23,A,0.15894588929072917,0.033690613592984864,-1.4719771486489508,-1.643522417539356,-0.089838980903445,-0.8400091647019492,0.2695169427103794,1.9400411088097647,-3.637326944783581,-2.1533242218428006,0.0,0.037648727919888936,-0.08760654777785537,-0.04143062276983685,-0.21297589166024194,-0.8050450121252549,-1.5552151959237592,-3.644557640272004,-1.9740334741726184,-6.872628491451147,-5.388625768510368,0.4
2026-06-24 17:16:24,Tazmanian Traders VIP ⭐,trading-floor-🧃,SPCX,bear,False,False,2026-06-24,B,0.5853972338372482,0.3744526102032908,1.576069475715658,1.5093837559862155,-5.622386619491815,-4.777247191900247,-1.344483756835002,0.14845980527118385,2.1164361531038844,4.419134883353348,,-0.10274252897060743,-0.3136871526045648,0.7840963630886721,0.7174106433592298,-2.1593796740796956,-1.3142402464881275,-5.550784814773564,-4.057841252667378,-7.460604978863036,-5.157906248613572,0.5
2026-06-26 05:25:13,Tazmanian Traders VIP ⭐,tazmanian-trades-⚠️,TSLA,bear,False,True,2026-06-26,A,-2.582736728353363,-2.5765634230971335,-11.263001485884105,-9.609241600021656,-14.899365122247744,-12.592606724837797,-13.405376198838304,-10.341359023331243,-6.648655950290427,-3.87409819901976,0.0,-0.2992127756037421,-0.2930394703475125,-1.8205826297101715,-0.16682274384772233,-3.442962161406902,-1.136203763996956,-5.369121794012199,-2.3051046185051374,-1.7249925820733156,1.049565169197352,0.4
2026-06-26 13:51:10,Tazmanian Traders VIP ⭐,vip-chat-🌪️⭐,TSLA,bull,False,False,2026-06-26,B,1.7143928638396977,1.74730429096146,10.321180788084972,8.70714954965539,13.926763279847854,11.659988736836734,12.445420695936349,9.421683329124786,5.74589483271275,3.011503762679979,1.0,1.3212430450005275,1.3541544721222898,1.2731229088951668,-0.3409083295344141,3.1057279728974563,0.8389534298863381,3.3807527709525105,0.357015404140947,1.9364231761343753,-0.7979678938983957,0.7
2026-06-28 20:24:56,Tazmanian Traders VIP ⭐,vip-chart-plan📊,QQQ,bull,False,False,2026-06-28,B,1.4131850586142747,0.8056021523992651,3.1386994215605313,1.747707941298482,-0.19468059776747149,-1.3154843722489873,-0.6386644070645375,-2.157282240810854,0.7983305088306691,-1.2796709167828713,1.0,-0.6120267446351568,-1.2196096508501664,-0.39332402380765635,-1.7843155040697056,-0.024828615308306733,-1.1456323897898226,0.22503791183744895,-1.293579921908867,0.5613581797328006,-1.51664324588074,0.5
2026-06-28 20:26:35,Tazmanian Traders VIP ⭐,vip-chart-plan📊,QCOM,bull,False,False,2026-06-28,B,-2.2328135522975745,-2.840396458512584,-4.268766512977262,-5.659757993239312,-8.692949282494954,-9.81375305697647,-5.2116251359892285,-6.730242969735545,-7.734549033828941,-9.812550459442482,0.0,0.20511869122870735,-0.40246421498630236,0.14227468432738793,-1.2487167959346614,2.8845985001557484,1.7637947256742326,3.7302913993856173,2.2116735656393005,3.688555143474956,1.6105537178614164,0.7
2026-06-28 20:28:59,Tazmanian Traders VIP ⭐,vip-chart-plan📊,NVDA,bear,False,False,2026-06-28,B,-0.5777663141604439,0.02981659205456566,-3.218983750322413,-1.8279922700603635,-0.505545524890394,0.6152582495911219,-1.5888573639411874,-0.07023953019487106,-9.259736909981964,-7.181735484368423,0.0,1.209935236696559,1.8175181429115688,0.023427478570913034,1.4144189588329625,2.0164064283706384,3.1372102028521542,1.382360739870895,2.9009785736172113,4.3666218493645585,6.444623274978099,0.5555555555555556
2026-06-29 17:25:13,Tazmanian Traders VIP ⭐,trading-floor-🧃,TSLA,bear,False,False,2026-06-29,B,-1.3236234807853187,-1.1844286485623856,-3.478817103774068,-2.559860929875124,3.200806967475267,3.850833319894953,0.8758549426757911,1.9218432935548924,2.5291541603109757,4.131921840081787,1.0,-0.10578158562852269,0.03341324659441036,-0.7520941774384027,0.16686199646054103,-3.126691267260061,-2.4766649148403754,-3.5053064821112043,-2.4593181312321035,-5.230785075017499,-3.628017395246689,0.3
2026-06-30 11:24:44,Tazmanian Traders VIP ⭐,tazmanian-trades-⚠️,QQQ,bear,False,False,2026-06-30,B,-1.6874257781214652,-0.9481739333643491,-0.1367063437266891,0.46629652964271795,0.1877986136043397,1.5354493305976824,1.759231130381933,2.3136700139497646,0.8892816703029549,2.7131292872949464,1.0,0.1219136990698022,0.8611655438269183,0.13427546447102645,0.7372783378404335,0.2738775251043212,1.6215282420976638,1.8267277323760713,2.3811666159439024,0.456675584085623,2.2805232010776146,0.5
2026-06-30 11:25:24,Tazmanian Traders VIP ⭐,tazmanian-trades-⚠️,INTC,bear,False,False,2026-06-30,B,-5.7883172967649,-5.049065452007784,3.765436775513309,4.368439648882716,7.417228577922574,8.764879294915918,16.478521100083356,17.032959983651185,21.971361466777793,23.795209083769787,1.0,-0.18056567191589248,0.5586861728412237,-2.178388820560897,-1.5753859471914897,-3.9413556512447454,-2.5937049342514027,-3.3708947697998606,-2.8164558862320295,-6.8111193219143304,-4.987271704922339,0.2222222222222222
2026-07-01 05:40:13,Tazmanian Traders VIP ⭐,tazmanian-trades-⚠️,HOOD,bear,False,False,2026-07-01,B,-7.926889838084827,-7.8248764152660355,-11.979735770338728,-12.009265971681016,-12.148604350849324,-11.784845961587575,-14.343895897486835,-13.443224756547224,-5.31439356312704,-4.546608328227708,0.0,0.07536749265622981,0.1773809154750216,-0.8219092374860203,-0.8514394388283074,-1.4245475291102527,-1.0607891398485048,-1.0294875550911864,-0.12881641415157352,-1.109028241047526,-0.3412430061481942,0.3
2026-07-01 13:35:26,Tazmanian Traders VIP ⭐,trading-floor-🧃,TSLA,bear,False,True,2026-07-01,B,-0.9566311391744131,-0.8452112742206586,6.603840767203928,6.583704647031563,4.360623827948817,4.7338132551433265,3.494196121252402,4.40434875304333,7.171172881999666,7.948427120652979,1.0,-2.082544648359702,-1.9711247834059478,-3.0936945366278104,-3.113830656800175,-4.219806796182546,-3.846617368988037,-6.390669758468791,-5.480517126677862,-6.528386969985041,-5.751132731331728,0.1
2026-07-01 14:58:30,Tazmanian Traders VIP ⭐,tazmanian-trades-⚠️,INTC,bear,False,True,2026-07-01,A,1.952913932844469,1.835052580653318,7.101505210343506,6.8523891704849405,14.78965650328059,14.932965192876658,13.130065611732922,13.809107720379677,25.140872250096493,25.687320337528185,1.0,0.24489911464490977,0.12703776245375886,-0.04660548022903055,-0.2957215200875963,-0.8299625300990456,-0.6866538405029787,-2.0850354474944055,-1.4059933388476509,2.018932459644977,2.565380547076672,0.3
2026-07-01 16:08:52,Tazmanian Traders VIP ⭐,tazmanian-trades-⚠️,QQQ,bull,True,True,2026-07-01,A,-0.5990075938262507,-0.19435475391119672,-2.3220111303012825,-1.7864804741760665,-2.756531513008198,-2.6122988175929396,-0.8580749513391939,-1.248037424128634,-3.2349151520135844,-3.492664320672356,0.0,-1.504514108161782,-1.099861268246728,-2.4446609006237874,-1.9091302444985716,-4.028732001949759,-3.8844993065345017,-0.9754845055134402,-1.3654469783028804,-5.7634070115593765,-6.02115618021815,0.1111111111111111
2026-07-03 17:39:09,Tazmanian Traders VIP ⭐,tazmanian-trades-⚠️,QQQ,bull,False,False,2026-07-03,B,0.40142791660302546,0.06219133247502562,-1.458475129526482,-1.320910687931276,0.46532301751558425,0.06865661796433553,-1.1376106010306475,-1.1950404164538742,-3.315600127790208,-2.427441354384219,0.0,0.559710588109842,0.22047400398184197,-2.033917706638563,-1.896353265043357,0.2727491183083785,-0.1239172812428702,-1.9366190235032819,-1.9940488389265085,-4.706686256160999,-3.818527482755011,0.5
2026-07-06 14:16:38,Tazmanian Traders VIP ⭐,free-alerts-✈️,SPY,bull,True,True,2026-07-06,A,0.25086736055510706,0.0,-0.2255137443287869,0.0,0.3082465972778392,0.0,-0.03069121964238697,0.0,-0.9754470242860913,0.0,0.0,-0.8303188472355284,-1.0811862077906356,-4.163167799349305,-3.9376540550205177,-2.2591851787098127,-2.567431775987652,-4.947556537998665,-4.916865318356278,-11.527902206378768,-10.552455182092677,0.3
2026-07-06 15:16:28,Tazmanian Traders VIP ⭐,trading-floor-🧃,BA,bull,False,False,2026-07-06,B,0.4712131596984248,0.31523603634318054,-0.7539410555174708,-0.4339879819682646,-4.425119945167921,-4.638421994200725,-7.680774503084309,-7.555459549277521,-10.263879369431116,-9.194702848654169,0.0,0.34797548919567434,0.19199836584043006,-0.4352672383139888,-0.11531416476478254,0.0037248431202884904,-0.20957720591251566,-1.9034385354879124,-1.778123581681125,-6.62306527272184,-5.553888751944891,0.5
2026-07-06 19:37:41,Tazmanian Traders VIP ⭐,tazmanian-trades-⚠️,AAPL,bear,False,True,2026-07-06,B,0.2361199744735032,0.10186323837438893,0.8742820676451712,0.2654742940472299,-0.8998085513720611,-0.976906479032924,-1.2476068921506211,-1.6623405719815354,-4.208679004467131,-5.564539111606659,0.0,0.3605857792051914,0.22632904310607715,2.6200761778560206,2.0112684042580797,0.5039988199184585,0.4269008922575953,2.076849716745867,1.6621160369149524,3.9127550154929196,2.5568949083533923,0.7777777777777778
2026-07-07 05:14:25,Tazmanian Traders VIP ⭐,tazmanian-trades-⚠️,AAPL,bear,False,True,2026-07-07,B,1.4684893272859934,1.133920800720456,0.6026198103333602,-0.03985839605943342,-0.009515049636843464,0.6209666757237109,0.13638237812807485,0.35098609437131945,-3.9487455992895493,-4.2073364126509745,0.0,0.3975347331226965,0.06296620655715914,0.7603083382544562,0.11783013186166248,-0.35490599491047686,0.27557573045007777,-0.3248383807430619,-0.1102346644998175,0.2665492866281159,0.00795847326669024,0.6666666666666666
2026-07-07 14:21:19,Tazmanian Traders VIP ⭐,trading-floor-🧃,SPY,bear,False,True,2026-07-07,B,-0.09102713411777152,-0.0,0.21819739501760527,-0.0,-1.060198385607003,-0.0,-0.6425444761254617,-0.0,-0.16732929065768065,-0.0,0.0,0.6325875258326663,0.7236146599504378,0.42838579661163223,0.21018840159402696,0.19759482508721607,1.2577932106942193,-3.086183913717171,-2.443639437591709,-2.9517926401315266,-2.7844633494738456,0.4
2026-07-08 05:22:46,Tazmanian Traders VIP ⭐,trading-floor-🧃,CVNA,bear,False,False,2026-07-08,A,-0.31746031746031633,-0.01604474073391149,-1.4663643235071744,-0.3158718319844711,1.7535903250189167,2.5622990822179004,-6.712018140589571,-5.1443880205615855,5.139833711262288,5.711715943890516,0.0,-1.59933218940787,-1.297916612681465,-3.791347615650344,-2.6408551241276417,-2.048509968851157,-1.2398012116521733,-1.2375469719200474,0.3300831481079379,-3.2031857391924703,-2.631303506564241,0.3333333333333333
2026-07-08 13:59:11,Tazmanian Traders VIP ⭐,tazmanian-trades-⚠️,QQQ,bear,False,True,2026-07-08,A,-0.4121266866143669,-0.26971864727751704,-2.083215717269793,-1.0930768022578308,-0.45446846948569153,0.19442853994546816,-1.3013041269124503,0.10531112955636246,0.4474115056737893,0.8598574309229945,0.0,0.031288744715507466,0.17369678405235733,-0.7461948621278711,0.24394405288409077,1.0575836533827332,1.7064806628138929,-0.9509919824286461,0.4556232740401668,1.2044429491433681,1.6168888743925733,0.3
2026-07-08 17:33:31,Tazmanian Traders VIP ⭐,free-alerts-✈️,AMZN,bear,True,True,2026-07-08,A,-0.43286474007504516,-0.47577628864555743,-1.8427670363194038,-1.0395164865151907,-1.9540751123387157,-1.4914349793129222,-5.107803932885369,-3.888847756304359,-0.9399348641629279,-0.7133082482749353,0.0,-0.6648924768016096,-0.707804025372122,-2.1337398067805737,-1.3304892569763604,-0.4348762024654163,0.027763930560377136,-1.8011672425865974,-0.5822110660055878,-1.4849052109251601,-1.2582785950371675,0.3
2026-07-08 20:19:35,Tazmanian Traders VIP ⭐,vip-chart-plan📊,AAPL,bear,False,True,2026-07-08,A,-1.8389101800264207,-1.2555155188904044,-1.549064442368997,-0.5321379688291605,-1.4009210653441295,-0.801469670415389,-7.326656146339894,-6.8757295389939355,-3.5908666387556076,-4.8178687127503945,0.0,-0.7709112779445926,-0.18751661680857618,-0.26399054469032457,0.7529359288495119,0.7379043758609362,1.3373557707896766,4.3287357398097805,4.779662347155741,5.14145614712537,3.9144540731305826,0.7
2026-07-09 13:52:24,Tazmanian Traders VIP ⭐,free-alerts-✈️,AAPL,bear,True,True,2026-07-09,A,-1.7209766140187321,-1.2786997567231673,-1.4314665294174356,-0.5562661018385873,-1.2834947083990134,-0.8251836447966454,-7.2023675491363015,-6.892372893871723,-3.470904236497585,-4.836484140292352,0.0,-1.1293921148546935,-0.6871152575591288,-1.1544334931962374,-0.27923306561738925,-2.8633486019492116,-2.4050375383468436,-1.2957367893667455,-0.9857421341021674,-1.3418286838650495,-2.7074085876598164,0.3
2026-07-09 14:21:29,Tazmanian Traders VIP ⭐,free-alerts-✈️,CVNA,bull,False,True,2026-07-09,B,0.0,-0.5564845160858978,-1.9219308700834437,-2.9118312111977684,4.856972586412378,4.284435632362471,5.274135876042907,4.8500839731601575,-10.324791418355195,-9.07136355399829,1.0,-0.36776776435848985,-0.9242522804443876,-1.5159863097350212,-2.5058866508493463,-2.3195999905469122,-2.89213694459682,-4.2612605446822815,-4.685312447565031,-4.228638743866811,-2.9752108795099064,0.3
2026-07-09 19:12:03,Tazmanian Traders VIP ⭐,trading-floor-🧃,BA,bear,False,False,2026-07-09,B,0.40585806930834023,0.4937483679423038,0.7763620261120541,1.2956484277213298,3.0841999257206543,3.188067857798138,4.320701082764334,4.276775905489172,6.601755563808831,4.888167691684753,1.0,0.11643755511017398,0.20432785374413756,0.186897666927863,0.7061840685371388,3.1526779804459872,3.256545912523471,3.7701663769243297,3.7262411996491682,7.972571416717814,6.258983544593736,0.5555555555555556
2026-07-09 19:56:28,Tazmanian Traders VIP ⭐,free-alerts-✈️,RKLB,bear,True,True,2026-07-09,A,1.0547764593072162,1.0953670861995168,2.864676974709335,3.336459834818073,5.537576411362821,5.594137120966847,19.273642574613458,19.18248001913406,16.109313196691854,14.349276997837702,1.0,-0.2574797623961922,-0.21688913550389155,0.4359729395168587,0.9077557996255967,-2.82630550406333,-2.7697447944593043,-2.561633588084171,-2.6527961435635676,-1.2074968840812248,-2.9675330829353785,0.7
2026-07-10 13:23:04,Tazmanian Traders VIP ⭐,trading-floor-🧃,RKLB,bear,False,True,2026-07-10,B,1.5190181066958353,1.9046307654286387,6.756592538583062,6.373639277496701,7.400656215822099,7.7676530910298585,17.827196500182286,16.66238033104459,22.335642240855524,20.59107738479542,1.0,0.7257796843640651,1.1113923430968686,1.964382536676397,1.5814292755900359,0.356380392022262,0.7233772672300212,1.7248293398785695,0.5600131707408753,2.9040766236112394,1.1595117675511346,0.6
2026-07-10 15:25:27,Tazmanian Traders VIP ⭐,trading-floor-🧃,QQQ,bear,False,True,2026-07-10,B,-0.546031570048644,-0.14573367393990733,1.362307191263501,0.9939267353760495,0.5307870338290166,0.9124664231419888,3.6365148218468035,2.486157080537643,5.1748271131006,3.444635874437929,1.0,0.09285714459412509,0.49315504070286176,1.113777438267236,0.7453969823797847,2.732606450580252,3.114285839893224,3.858629528233692,2.708271786924531,4.923644781764979,3.1934535431023083,0.4
2026-07-13 13:39:12,Tazmanian Traders VIP ⭐,vip-chart-plan📊,INTC,bear,True,True,2026-07-13,A,2.625118035882912,2.1812701135961565,-1.756373937677047,-1.8467381853282339,8.423040604343724,8.18517001126191,8.347497639282341,6.962798432627282,13.437204910292733,11.653839905176522,1.0,0.40102541781901974,-0.0428225044677355,0.016429268088108406,-0.07393497956307837,0.05296835952822496,-0.18490223355358784,2.457770731792235,1.0730715251371747,2.687551420145944,0.9041864150297328,0.5
2026-07-14 04:13:32,Tazmanian Traders VIP ⭐,vip-chart-plan📊,TSLA,bear,False,True,2026-07-14,B,0.7192081192832989,0.8417261307627211,1.150231800526258,1.6696016317976459,4.563337927578004,3.5485691803246677,5.041974689888484,4.691732983159314,22.95702292945746,21.618646825796574,1.0,-0.8029058176789658,-0.6803878061995436,-0.8406986525000149,-0.3213288212286267,4.532581645636032,3.5178128983826955,1.927078984482936,1.5768372777537645,9.097418736187205,7.759042632526317,0.6666666666666666
2026-07-14 13:01:19,Tazmanian Traders VIP ⭐,tazmanian-trades-⚠️,INTC,bull,True,True,2026-07-14,A,-0.20374143359881414,-0.32625944507823634,-4.621226152991298,-5.140595984262686,-11.983700685312094,-10.968931938058757,-2.343026486386368,-1.9927847796571974,-20.07779218373773,-18.739416080076843,0.0,-0.4005985591845883,-0.5231165706640107,-1.679285005324651,-2.198654836596039,-5.468333372423935,-4.453564625170598,-3.6717576979854676,-3.3215159912562973,-6.345375693060747,-5.006999589399859,0.2
2026-07-14 14:09:48,Tazmanian Traders VIP ⭐,trading-floor-🧃,QQQ,bear,False,True,2026-07-14,B,-0.04170199752568937,0.02751044474182951,0.22936098639124713,0.6952139631917764,3.3445002015596526,2.2770313804338915,1.4484493807253362,1.0451538036665986,6.102392304591387,4.711488416715548,1.0,-0.4230549871903378,-0.35384254492281886,0.29378900119152795,0.7596419779920571,1.646973110276867,0.579504289151106,1.255760226535907,0.852464649477169,1.5178883579850755,0.12698447010923702,0.5
2026-07-15 13:00:33,Tazmanian Traders VIP ⭐,vip-chart-plan📊,TSLA,bull,False,True,2026-07-15,A,-1.2356188735462403,-1.3111916355318165,-2.08690644599957,-1.6202114947904134,-7.467544661300218,-5.856651576870863,-6.355863243155269,-5.450315937257932,-25.307026878153206,-22.021600488675062,0.0,-1.401997717105209,-1.477570479090785,-2.854596483787012,-2.387901532577856,-4.023592971500415,-2.4126998870710614,-2.391507567901629,-1.485960262004293,-5.8345167603908425,-2.549090370912701,0.2
2026-07-15 13:50:38,Tazmanian Traders VIP ⭐,trading-floor-🧃,NVDA,bull,True,True,2026-07-15,A,0.23131028028919864,0.17165706431805372,-2.1742411664377514,-1.6917129305821899,-4.117549393989705,-2.491005038509564,0.023772508414721116,0.9450832884136617,-10.37669992302236,-7.075888639285155,0.0,0.028422706447400747,-0.031230509523744177,-2.497271715706114,-2.0147434798505524,-3.3257289614767602,-1.6991846059966185,-2.3774700731288325,-1.456159293129892,-7.930586282120844,-4.629774998383639,0.2
2026-07-15 13:52:46,Tazmanian Traders VIP ⭐,free-alerts-✈️,TSLA,bear,False,True,2026-07-15,B,2.0587622597248,2.118415475695945,2.9029548478628486,2.420426612007287,8.238748588770706,6.612204233290564,7.136332385437482,6.215021605438542,25.92954914901664,22.628737865279437,1.0,0.5645548997818961,0.624208115753041,0.8429976655246352,0.36046942966907375,2.908216251933349,1.2816718964532068,3.121103137197294,2.199792357198354,3.131606546193539,-0.16920473754366547,0.6
2026-07-15 13:58:51,Tazmanian Traders VIP ⭐,free-alerts-✈️,NVDA,bear,False,True,2026-07-15,B,-0.23131028028919864,-0.17165706431805372,2.1742411664377514,1.6917129305821899,4.117549393989705,2.491005038509564,-0.023772508414721116,-0.9450832884136617,10.37669992302236,7.075888639285155,1.0,-0.5918917667709922,-0.5322385507998473,1.4885256667972424,1.0059974309416808,4.678789418927026,3.0522450634468834,4.147422729573651,3.226111949574711,5.300048651351508,1.9992373676143036,0.7
2026-07-15 16:22:04,Tazmanian Traders VIP ⭐,vip-chart-plan📊,AAPL,bear,False,True,2026-07-15,B,-0.10086499373413993,0.37702430633772543,-1.8614176116392045,-1.9279760099779053,0.17727786777517185,-1.0380784858895375,0.3912339150900279,-0.115941080250892,-3.3682794877280875,-6.2649009834284115,1.0,0.17134251264217637,0.6492318127140417,0.510703620603209,0.4441452222645081,0.6698364389156143,-0.5455199147490953,1.5927825250080665,1.0856075296671464,3.4947045867469884,0.5980830910466637,0.5
2026-07-16 04:54:40,Tazmanian Traders VIP ⭐,vip-chart-plan📊,UNH,bear,False,True,2026-07-16,B,5.787845746456311,5.51684303642922,5.184806070451053,3.9267689802762296,2.9017112085271024,2.306568002193077,5.747791450633077,3.810919140733504,6.212866329913879,4.742278094619767,0.0,0.2099139415993745,-0.061088768427716156,1.713219733908804,0.4551826437339801,-1.0259732539578226,-1.621116460291848,0.2327062963396398,-1.7041660135599332,0.9266504621128686,-0.5439377731812436,0.5
2026-07-16 04:57:35,Tazmanian Traders VIP ⭐,vip-chart-plan📊,WMT,bear,False,True,2026-07-16,B,-1.0460618846694691,-1.3170645946965598,-0.42194092827003704,-1.679978018444861,2.962376933895927,2.3672337275619015,4.711673699015472,2.7748013891158996,2.338255977496495,0.8676677422023826,0.0,1.4330595053174422,1.1620567952903516,2.890847753755104,1.6328106635802802,1.3149331459427729,0.719789939608747,6.492501367225491,4.555629057325917,3.9627303034440153,2.492142068149903,0.8
2026-07-16 13:36:06,Tazmanian Traders VIP ⭐,vip-chart-plan📊,TSLA,bear,False,True,2026-07-16,B,0.38971955475176623,0.11341774816303607,2.9929442930283545,1.7296605523269726,3.4794569398099773,2.8790318601075393,18.568990549937592,16.626907659395616,21.330140859420755,19.85431726749728,1.0,1.5408856494110021,1.264583842822272,2.944421949162168,1.681138208460786,1.3940025174557402,0.793577437753302,5.0171870791985445,3.075104188656571,5.38928436454958,3.913460772626105,0.8
2026-07-16 14:03:14,Tazmanian Traders VIP ⭐,free-alerts-✈️,INTC,bear,False,True,2026-07-16,A,2.728184553660984,2.5705848568907896,4.6740220661985905,3.5282656209029706,-5.767301905717148,-6.249410682756807,-0.5315947843530511,-2.3569583608686995,8.595787362086272,7.237238077269714,1.0,0.4549842066665668,0.29738450989637255,1.6609687729473377,0.5152123276517175,0.03146416512778997,-0.4506446119118682,2.524706520709108,0.6993429441934595,0.7219884439488944,-0.6365608408676624,0.6666666666666666
2026-07-16 14:09:40,Tazmanian Traders VIP ⭐,tazmanian-trades-⚠️,AAPL,bear,False,True,2026-07-16,B,-0.6371734863354961,-0.7947731831056903,-0.7821229050279488,-1.9278793503235692,1.029744828627499,0.5476360515878409,2.8657707987316816,1.0404072222160332,-0.6885097387890671,-2.047059023605624,1.0,0.4779252785806543,0.32032558181046,1.8514905694620354,0.7057341241664151,-0.8504297959386864,-1.3325385729783448,2.5347497625287874,0.709386186013139,3.0374336675820857,1.6788843827655284,0.6
2026-07-16 14:49:50,Tazmanian Traders VIP ⭐,free-alerts-✈️,QQQ,bull,True,True,2026-07-16,A,-0.8504273204165691,-0.36657987155195304,-2.340606324482608,-0.8718310550524855,-0.42486253414700803,0.38243362025998096,-2.8139242550860533,-0.667762557245466,-3.9951123252270127,-2.3142395439658348,0.0,-1.3447870687695485,-0.8609396199049323,-2.7437905563589298,-1.275015286928807,-1.109737862076686,-0.30244170766969725,-5.927882715502714,-3.7817210176621274,-4.945966272807183,-3.2650934915460064,0.2
2026-07-16 15:44:19,Tazmanian Traders VIP ⭐,trading-floor-🧃,AMD,bull,False,False,2026-07-16,B,-1.612491407247374,-1.203881750655389,-2.629873318275555,-1.2355912002445124,6.929195718354109,7.661498619348695,5.998232348031052,8.0704130229872,-4.666601198075226,-3.0600612148621753,0.0,-1.3486641055418451,-0.9400544489498599,-3.483739576457432,-2.089457458426389,-0.7221248622833071,0.01017803871127877,-3.455962342847126,-1.383781667890978,-4.7102308788633565,-3.1036908956503053,0.2222222222222222
2026-07-17 14:03:03,Tazmanian Traders VIP ⭐,trading-floor-🧃,QQQ,bull,False,True,2026-07-17,A,0.28557005841205463,0.48966234985655666,0.39085598903871865,0.7560631740648027,1.7307276267397365,1.381658783554074,-1.3153529963222055,-0.5258765915312269,-0.7730583399437552,-1.0711074668285803,1.0,0.8639919935475117,1.0680842849920136,1.3902841184725514,1.7554913034986357,4.0532357672254005,3.7041669240397375,-2.06490192812248,-1.2754255233315017,1.030088045041733,0.7320389181569077,0.5
2026-07-20 13:47:24,Tazmanian Traders VIP ⭐,tazmanian-trades-⚠️,SPY,bear,False,True,2026-07-20,B,0.8643261729186613,-0.0,0.03740515122367949,-0.0,1.3866623917922372,-0.0,1.2650956503152622,-0.0,-1.2170033130276758,-0.0,1.0,0.6436889964190697,-0.2206371764995915,-3.5687438473945132,-3.6061489986181936,-3.132951916556539,-4.5196143083487765,-1.1611011380031127,-2.426196788318375,1.9015037518669164,3.118507064894592,0.4444444444444444
2026-07-20 14:00:25,Tazmanian Traders VIP ⭐,tazmanian-trades-⚠️,AMZN,bear,False,False,2026-07-20,B,-0.571267650963514,-1.0540419941892587,0.41034718590335917,0.7576765050574252,5.998310335116863,4.991189413554265,6.911533974333183,6.026447678419333,-14.261576215955252,-12.655010484887397,1.0,0.35313736819131414,-0.1296369750344306,-2.3059845745439516,-1.958655255389885,-0.37211992973315344,-1.3792408512957524,0.5364628232000213,-0.34862347271382954,-2.825287626053444,-1.2187218949855894,0.5
2026-07-20 14:29:42,Tazmanian Traders VIP ⭐,trading-floor-🧃,SPY,bull,False,True,2026-07-20,B,-0.3892669700264362,0.0,0.4416166659955145,0.0,-0.9141062296138314,0.0,-0.7919569390193115,0.0,1.7020362689432078,0.0,0.0,0.4232725877985965,0.8125395578250327,3.4905133876058585,3.048896721610343,-0.20322342169654561,0.710882807917286,1.002797476577598,1.7947544155969097,0.1988116911894055,-1.503224577753802,0.6
2026-07-20 15:17:32,Tazmanian Traders VIP ⭐,trading-floor-🧃,AAPL,bear,False,True,2026-07-20,B,-0.5016001969473161,-0.8654562656905895,-0.8554899064500354,-0.3882503790601399,1.0155096011816744,0.1266803852847942,-3.6773756770064114,-4.444024441775463,6.628508124076804,8.356488790027395,0.0,-0.18179432835339626,-0.5456503970966697,-1.6157092163860611,-1.1484696889961654,0.4754700660360111,-0.41335914986086914,-0.8937419785962618,-1.6603907433653133,-5.511172227794944,-3.7831915618443546,0.6
2026-07-20 18:53:15,Tazmanian Traders VIP ⭐,vip-chart-plan📊,SLV,bull,False,True,2026-07-20,B,-0.23483365949120705,-0.1735579118934294,3.8747553816046887,3.102411617927059,1.8786692759295454,2.4665124369500857,3.581213307240705,4.046504973065657,2.661448140900191,0.6245345531715074,1.0,-0.33826897583876914,-0.2769932282409915,2.8130554321429857,2.040711668465356,-0.5485220120393943,0.03932114898114625,-0.21365588412547099,0.25163578169948075,-1.6386973802647873,-3.675610967993471,0.5
2026-07-20 19:02:17,Tazmanian Traders VIP ⭐,tazmanian-trades-⚠️,QQQ,bear,True,True,2026-07-20,A,0.28793673986851065,0.2031133878650615,-1.561447992321674,-0.8128482508309443,0.875270388356475,0.26400369296654125,2.284871144727607,1.7961270688982234,-0.2865042187746303,1.7263673882912833,1.0,0.19387733585896072,0.10905398385551157,-1.310939371217307,-0.5623396297265771,0.7028314681259517,0.09156477273601804,-0.23053590137371965,-0.7192799772031032,-1.921932674679955,0.09093893238595899,0.6
2026-07-20 20:05:02,Tazmanian Traders VIP ⭐,vip-chart-plan📊,BA,bear,False,True,2026-07-20,B,2.23410349436699,2.5007558681090947,0.3962192094710604,0.5462949173058229,-0.019094901661276253,-1.0053066960039603,-5.7666603016994555,-6.494259492362597,-13.213671949589468,-9.858407910140986,0.0,-0.35730910254610815,-0.09065672880400363,-0.04362233653776674,0.1064533712969958,2.3412419994756615,1.3550302051329777,2.33310269547913,1.6055035048159885,-4.110521991664054,-0.7552579522155751,0.6666666666666666
2026-07-21 15:15:23,Tazmanian Traders VIP ⭐,free-alerts-✈️,PLTR,bear,True,True,2026-07-21,A,0.19936054165884398,0.3425867145489758,6.285499341734068,6.312292352211168,7.5268008275343306,6.418705082537402,7.067895429753623,6.2180939416039855,-22.369757381982303,-19.141721561252957,1.0,0.395291884694445,0.5385180575845768,0.14399393248836587,0.17078694296546557,2.423295213151312,1.3151994681543835,0.5815097079997523,-0.26829178014988503,-9.465892140371098,-6.237856319641752,0.7777777777777778
2026-07-21 16:01:30,Tazmanian Traders VIP ⭐,trading-floor-🧃,SPY,bear,False,True,2026-07-21,B,-0.10166952054795342,-0.0,0.01471532534246256,-0.0,1.1491331335616528,-0.0,0.890946061643827,-0.0,-3.1851990582191902,-0.0,1.0,-0.1268798525944681,-0.025210332046514683,1.3081311672954166,1.293415841952954,3.4908497867408492,2.3417166531791964,1.1930862407164746,0.30214017907264745,-6.150866840075435,-2.965667781856245,0.8
2026-07-22 14:25:07,Tazmanian Traders VIP ⭐,trading-floor-🧃,QQQ,bear,False,True,2026-07-22,B,0.2460789998444346,0.13515202454238429,2.1397559009461276,0.7952675015020949,3.5313750724801696,2.308505404993799,6.415024961461768,3.9051350865553225,-1.443946315179101,1.436145633928132,1.0,0.7396785097309555,0.6287515344289052,2.5201440571202895,1.175655657676257,0.32207324856530334,-0.9007964189210671,-0.5675107276939618,-3.0774006026004073,-7.172117578756195,-4.292025629648963,0.7
2026-07-22 18:54:37,Tazmanian Traders VIP ⭐,free-alerts-✈️,INTC,bear,True,True,2026-07-22,A,1.12727623085076,1.0096614180929664,3.4300028904518776,2.0789092437498713,11.677425570864253,10.447942513424358,21.109933519606905,18.593516424151545,2.6303112053184363,5.503515060347375,1.0,0.1524285086344146,0.034813695876620976,1.0848369875583364,-0.2662566591436699,0.465799719812613,-0.763683337627282,1.2563067046881415,-1.2601103907672175,-2.725625515622943,0.14757833940599588,0.5
2026-07-22 22:17:11,Tazmanian Traders VIP ⭐,vip-chart-plan📊,TSLA,bear,False,True,2026-07-22,B,6.249266862170089,6.088319028203326,8.20234604105573,8.142835917572222,9.841642228739001,10.043165146899046,9.428152492668618,9.741933143763482,6.2961876832844705,10.244143375292525,1.0,0.10237006301444418,-0.05857777095231831,2.5805659140539072,2.521055790570399,3.008694673480691,3.210217591640737,2.3484271620310295,2.6622078131258933,-0.4012375681415934,3.5467181238664596,0.6
2026-07-22 22:22:52,Tazmanian Traders VIP ⭐,vip-chart-plan📊,UNH,bear,False,True,2026-07-22,B,1.0986188458080859,0.9376710118413234,1.7570896524348179,1.6975795289513096,-0.12258765016988082,0.07893526799016559,1.5866344436271884,1.9004150947220522,5.672889449289564,9.620845141297618,1.0,0.3906942523603085,0.22974641839354604,1.2352438656474884,1.17573374216398,-1.0649150414299624,-0.863392123269916,-2.2352138234194343,-1.9214331723245703,-4.438487176619498,-0.4905314846114427,0.3
2026-07-22 22:32:45,Tazmanian Traders VIP ⭐,trading-floor-🧃,USO,bear,False,False,2026-07-22,B,-0.700259890268562,-0.8612077242353244,1.321108865145837,1.2615987416623287,13.016170950043326,13.217693868203373,7.969968235633851,8.283748886728715,14.185677158533071,18.133632850541126,1.0,0.4895960083157968,0.3286481743490343,3.862228599683177,3.8027184761996695,5.635714523190218,5.837237441350267,4.131544635368434,4.445325286463298,-3.8825995452756485,0.06535614673240495,0.9
2026-07-23 13:05:58,Tazmanian Traders VIP ⭐,trading-floor-🧃,AAPL,bear,False,True,2026-07-23,B,0.021757374195752188,-0.1391904597710103,-3.5091536381437693,-3.5686637616272776,-5.703540235601268,-5.502017317441221,-3.636589687004621,-3.3228090359097573,2.896838964348991,6.844794656357045,0.0,0.33446284155200123,0.17351500758523875,1.0396255233286744,0.980115399845166,0.19244243244053044,0.39396535060057686,-1.6291260025984247,-1.315345351503561,-8.08151875168009,-4.133563059672036,0.5
2026-07-23 13:18:23,Tazmanian Traders VIP ⭐,trading-floor-🧃,QQQ,bear,False,True,2026-07-23,B,0.3901132912030092,0.2291654572362467,1.5028718672175145,1.4433617437340063,2.761023219658243,2.9625461378182893,1.600760073128249,1.9145407242231127,-2.876185814847343,1.071769877160711,1.0,0.5434418185073764,0.38249398454061384,1.6899827574774728,1.6304726339939646,2.3800962044179053,2.5816191225779512,2.5676762904512906,2.8814569415461544,-0.32633088132263194,3.6216248106854225,0.6
2026-07-23 16:22:38,Tazmanian Traders VIP ⭐,free-alerts-✈️,QQQ,bull,True,True,2026-07-23,A,-0.0851924048805075,-0.02562185439445308,-1.2013573027218172,-1.2433274632915214,-2.4633600462060423,-2.766628303225893,-1.299545159194282,-1.715185136449171,3.191105335354849,-0.8623998499907914,0.0,0.2080896561057788,0.2676602065918332,-2.2442628801341193,-2.2862330407038236,-1.439321436427731,-1.7425896934475815,-0.32408402475458775,-0.7397240020094762,7.302744777178366,3.249239591832725,0.5
2026-07-23 21:58:54,Tazmanian Traders VIP ⭐,trading-floor-🧃,TSLA,bear,False,False,2026-07-23,B,2.3977301072586887,2.454601375081722,3.585682215016217,3.6642187277242333,6.98428535794463,5.758844944138463,2.9652032925916783,4.1188775827163955,-2.4507358443502048,2.254684529104445,1.0,1.9835522896484714,2.040423557471504,1.150005432234009,1.2285419449420252,2.979829493473153,1.7543890796669854,0.8737245584081889,2.027398848532907,-3.291562028787553,1.4138583446670965,0.5555555555555556
2026-07-24 13:44:11,Tazmanian Traders VIP ⭐,tazmanian-trades-⚠️,QQQ,bear,False,True,2026-07-24,A,0.9037322403580128,0.963313277338862,1.2093211870175424,1.2905680556278276,4.162382145495103,2.9396167729105027,0.35917563398844,1.5155893972079726,-4.7156284849450225,-0.007372448979747759,1.0,1.388721055968329,1.448302092949178,-0.050836826132642426,0.030410042477642958,2.0161175338277557,0.7933521612431562,3.629046234480848,4.78545999770038,-9.318704524761607,-4.610448488796332,0.6666666666666666
2026-07-24 14:48:43,Tazmanian Traders VIP ⭐,tazmanian-trades-⚠️,INTC,bear,False,True,2026-07-24,B,4.157799117570738,4.296705887412388,4.832597975603425,4.9931877534203695,14.9961069296652,13.851650664969883,6.358681546846611,7.595290595436877,-5.528159875421745,-0.736892706883796,1.0,-0.11281343801196941,0.026093331829681876,-1.6667612357676667,-1.5061714579507224,-4.514128641551994,-5.6585849062473095,-3.7365497923981876,-2.499940743807922,-9.030739951819598,-4.23947278328165,0.2
2026-07-24 15:34:37,Tazmanian Traders VIP ⭐,free-alerts-✈️,QQQ,bull,True,True,2026-07-24,A,-0.7600040610904024,-0.2644545802054088,-1.0660362307279514,-0.5920323794466609,-4.023380277604538,-2.252598844550857,-0.21465763557515505,-0.8098556533772339,4.8675069256095105,0.7401722546516831,0.0,-1.0487058882657538,-0.5531564073807604,0.376037563668732,0.8500414149500222,-2.1537917822418544,-0.38301034918817417,-1.8917080996787647,-2.4869061174808436,5.306796908060983,1.1794622371031545,0.3
2026-07-24 19:58:46,Tazmanian Traders VIP ⭐,tazmanian-trades-⚠️,GOOG,bear,True,True,2026-07-24,A,0.21873763835272841,0.30678011546169115,-2.120301010508485,-2.0105865390342315,-4.994066409309883,-6.188735098696019,-11.526488518228394,-10.341301326377073,-10.532084386760676,-5.794044618651006,0.0,-0.12427015809298836,-0.03622768098402562,-1.8032417099236533,-1.6935272384493991,0.45431753188129775,-0.7403511575048383,0.08543774865523153,1.2706249405065542,-5.9084913886854995,-1.1704516205758286,0.3
2026-07-27 15:58:23,Tazmanian Traders VIP ⭐,trading-floor-🧃,AAPL,bear,False,True,2026-07-27,B,0.3991012830367069,0.6228482997431506,-0.5380476556494873,-0.0742811119306852,1.4278957015313565,2.004213774866137,10.299769408147574,13.043043437221103,8.868917400815945,13.695072749047664,1.0,-0.8006099370708897,-0.576862920364446,0.021662043101484674,0.48542858682028667,-0.08081102314926203,0.49550705018551866,0.2523072330727761,2.9955812621463034,-9.791044400434023,-4.964889052202304,0.5
2026-07-27 17:16:35,Tazmanian Traders VIP ⭐,free-alerts-✈️,QQQ,bull,True,True,2026-07-27,A,0.5713274701619531,0.24009825683133368,-0.40619540136676013,-0.9777015440396775,0.7821657365701062,0.09798736149373433,3.2178637512993102,0.3644055282626013,6.2846021717815725,1.3460289008930815,1.0,0.24927243557027023,-0.08195677776034915,-0.7163908631120575,-1.2878970057849748,0.7925243356815004,0.10834596060512842,2.8816688844999083,0.028210661463199217,8.035373054972272,3.09679978408378,0.4
2026-07-28 13:32:56,Tazmanian Traders VIP ⭐,free-alerts-✈️,QQQ,bull,False,True,2026-07-28,B,-0.1345357776463607,-0.36045874738349637,-2.1688350088704844,-0.8525293229169395,1.7134831460674294,0.6528627372415663,7.015079834417515,2.6670772910930562,6.2167356593731515,1.9729011919155548,0.0,-0.2583260538992116,-0.48424902363634725,-0.8900899559216233,0.4262157300319214,-1.0099031426380474,-2.070523551463911,2.2141247497923655,-2.1338777935320934,1.687775344425835,-2.556059123031762,0.6
2026-07-31 02:18:00,Tazmanian Traders VIP ⭐,vip-chart-plan📊,QQQ,bear,False,True,2026-07-30,B,0.5952810969354627,0.9108528861603626,-1.150106196991807,0.5942672251492587,-3.63959486208838,-0.26767672275336274,-4.467497941078724,-0.6296078406328842,-5.629162994321724,-1.377672421189624,0.0,0.7336788987747789,1.0492506879996788,-4.103177031055486,-2.35880360891442,-8.710026811343157,-5.338108672008139,-10.337581242597931,-6.499691142152093,-14.089245833023906,-9.837755259891807,0.3
2026-07-31 02:24:23,Tazmanian Traders VIP ⭐,vip-chart-plan📊,QQQ,bull,True,True,2026-07-30,A,-0.5952810969354627,-0.9108528861603626,1.150106196991807,-0.5942672251492587,3.63959486208838,0.26767672275336274,4.467497941078724,0.6296078406328842,5.629162994321724,1.377672421189624,1.0,-0.7602789826833324,-1.075850771908232,2.0641669208199076,0.319793498678842,6.820556772432646,3.448638633097629,8.302125897716392,4.464235797270554,6.793392394451402,2.541901821319302,0.5
2026-07-31 13:26:38,Tazmanian Traders VIP ⭐,tazmanian-trades-⚠️,QQQ,bear,False,True,2026-07-31,B,0.5952810969354627,0.9108528861603626,-1.150106196991807,0.5942672251492587,-3.63959486208838,-0.26767672275336274,-4.467497941078724,-0.6296078406328842,-5.629162994321724,-1.377672421189624,0.0,0.22410445944374469,0.5396762486686446,-4.300139278408642,-2.5557658562675765,-9.102772870575205,-5.7308547312401865,-11.835476694037407,-7.997586593591569,-13.744786118724107,-9.493295545592005,0.1
2026-08-02 23:13:54,Tazmanian Traders VIP ⭐,vip-chart-plan📊,QQQ,bull,False,True,2026-08-02,B,1.710010169984022,0.611856882195827,5.164899026587255,2.244051460404517,3.828272555571699,1.2770342976724747,4.731948278367004,1.584264674609548,6.039517652186555,2.9398699152096253,1.0,2.3635554178591054,1.2654021300709104,5.352255934281769,2.43140836809903,6.035572527473456,3.484334269574232,6.003412661657351,2.8557290578998944,10.310842817985916,7.211195081008985,0.7777777777777778
2026-08-03 04:51:21,Tazmanian Traders VIP ⭐,vip-chart-plan📊,AVGO,bear,False,False,2026-08-03,B,-2.0356134805738835,-0.9374601927856885,-8.781103263485136,-5.860255697302397,-9.406745489782908,-6.855507231883684,-9.884106606313647,-6.736423002556191,-2.0876419401412605,1.0120057968356688,0.0,-0.2354681721027752,0.86268511568542,-0.44861373760617285,2.4722338285765653,1.2330251075135188,3.7842633654127433,0.9513393667930412,4.099022970550498,-2.0333966329143136,1.0662511040626157,0.5
2026-08-03 04:52:27,Tazmanian Traders VIP ⭐,vip-chart-plan📊,AMZN,bear,False,False,2026-08-03,B,-2.0590031981026824,-0.9608499103144874,0.31262352222501955,3.2334710884077578,2.1668044126630592,4.7180426705622835,0.07186747637358826,3.2195510801310445,6.101548744115859,9.201196481092788,1.0,-3.9537107709856003,-2.855557483197405,-4.812286322469395,-1.8914387562866566,-3.598219636942391,-1.0469813790431672,-5.872825121872023,-2.725141518114566,-8.022030097331706,-4.92238236035478,0.3
2026-08-03 05:05:44,Tazmanian Traders VIP ⭐,vip-chart-plan📊,COIN,bear,False,False,2026-08-03,A,-1.633771549481411,-0.5356182616932159,-4.568316625620028,-1.6474690594372898,-0.8775885393180305,1.6736497185811938,-3.1461375698081717,0.001546033949284542,-4.443442367060957,-1.3437946300840276,0.0,0.6830075280854184,1.7811608158736132,-1.237777578544689,1.6830699876380493,-3.6118339162515603,-1.0605956583523357,-5.343047423726395,-2.1953638199689376,-4.249071825093232,-1.149424088116302,0.3333333333333333
2026-08-03 14:07:34,Tazmanian Traders VIP ⭐,trading-floor-🧃,QQQ,bull,True,True,2026-08-03,A,0.9757610286958984,0.4383549089007843,4.405708887142024,2.055718175642851,3.0787315827810247,1.0963001186479193,3.9758836298598776,1.400315040915845,5.27401360151738,2.7462144454440285,1.0,0.8354451749633462,0.2980390551682321,4.069530157963973,1.7195394464648004,3.5249541370490234,1.5425226729159178,3.6152320824462785,1.0396634935022455,4.0855667665513336,1.5577676104779834,0.5
2026-08-03 14:22:43,Tazmanian Traders VIP ⭐,trading-floor-🧃,QQQ,bear,False,False,2026-08-03,A,-1.166184971098283,-0.6661186493049476,-4.602601156069364,-2.290623440191908,-3.27312138728324,-1.3285664065165737,-4.17196531791908,-1.6344935046812559,-5.472543352601167,-2.982823230569065,0.0,-1.9052674346317686,-1.4052011128384336,-4.470316513969612,-2.158338798092157,-2.601641542327471,-0.6570865615608046,-4.296762694977518,-1.7592908817396946,-4.162688758214477,-1.6729686361823752,0.5
2026-08-03 15:27:39,Tazmanian Traders VIP ⭐,tazmanian-trades-⚠️,MCD,bull,True,True,2026-08-03,A,-1.9192367428444657,-2.2655691292269076,-0.7691738776717805,-2.924645995596975,2.1596035796168866,0.37099215395914875,1.2203239405369493,-1.1602973387076165,-1.8082982027956662,-4.14124083611378,1.0,0.7753775797854867,0.42904519340304487,3.660141822043215,1.504669704118021,2.1092994395455666,0.3206880138878288,2.2694753815358006,-0.1111458977087656,5.586014815986081,3.2530721826679674,0.7
2026-08-05 15:40:20,Tazmanian Traders VIP ⭐,free-alerts-✈️,INTC,bear,False,True,2026-08-05,B,-1.4658634538152748,-1.7146615774627727,-0.21084337349397408,-0.6190277951031442,2.08835341365462,2.2594021236622575,-1.3554216867470048,-1.254347449015225,6.827309236947787,6.483915993371825,0.0,-0.10763894373518101,-0.3564370673826789,0.798603191837387,0.3904187702282169,0.9246450600360966,1.095693770043734,1.647109150780969,1.7481833885127487,1.1093026177671859,0.7659093741912237,0.3
2026-08-05 16:28:02,Tazmanian Traders VIP ⭐,free-alerts-✈️,NVDA,bear,False,True,2026-08-05,A,0.12756264236901682,0.04319526788170158,0.2323462414578592,-0.011670164751598211,0.8883826879271028,1.2245542262688147,-2.0911161731207217,-1.8250344535838403,0.8838268792710657,0.7047084534364645,0.0,0.14286772502093179,0.058500350533616546,0.1417980924556349,-0.10221831375382252,-2.0389071061310076,-1.7027355677892955,-2.782745042226404,-2.5166633226895225,-1.9830183405146937,-2.1621367663492945,0.3333333333333333
2026-08-06 14:12:39,Tazmanian Traders VIP ⭐,tazmanian-trades-⚠️,QQQ,bear,False,True,2026-08-06,A,0.11600603790462571,-0.19012170557070052,-1.0552356459998746,-0.751702205435345,-0.4151059428635362,-0.4618033952580758,-2.318723094985198,-1.4159056820240545,0.6359367138145111,-0.4432932970815484,0.0,0.810586413593073,0.5044586701177467,-0.9185122111469479,-0.6149787705824183,-0.1975187708926806,-0.24421622328722026,-0.06390470587531061,0.8389127070858325,0.1521768841708706,-0.9270531267251891,0.4
2026-08-07 13:27:16,Tazmanian Traders VIP ⭐,free-alerts-✈️,SPY,bear,True,True,2026-08-07,A,-0.29052424061633,-0.0,-0.26069362662446416,-0.0,-0.19065653290446516,-0.0,-0.6899950714637892,-0.0,0.6874011050296946,-0.0,0.0,-1.3299219970864375,-1.0393977564701076,-2.8307464910053906,-2.570052864380926,-2.335281669164355,-2.14462513625989,-4.129108986522975,-3.439113915059187,-3.178285430795118,-3.8656865358248127,0.4
2026-08-11 18:37:07,Tazmanian Traders VIP ⭐,vip-chart-plan📊,AMZN,bear,False,True,2026-08-11,A,-0.09006525135557553,0.047686535519009254,1.7443249701314278,2.132888972730529,3.446374414116349,4.335263303005243,4.6227368808013924,4.356330123166574,4.030879514750474,3.564342802599718,1.0,-0.6276023677703746,-0.4898505808957898,-0.6833035853122105,-0.2947395827131094,-0.8658419020387864,0.023046986850108243,0.5495036919596097,0.28309693432479127,-10.65065769398777,-11.117194406138525,0.1
2026-08-11 19:21:26,Tazmanian Traders VIP ⭐,tazmanian-trades-⚠️,SPY,bear,False,True,2026-08-11,B,-0.04154549231407678,-0.0,-0.2921167428334037,-0.0,-0.7919609472372358,-0.0,0.3622247611134166,-0.0,0.5621624428749583,-0.0,0.0,-0.3813370326653705,-0.3397915403512937,-0.21048885947547602,0.08162788335792771,-0.1378225097005655,0.6541384375366703,0.48034889882959675,0.11812413771618019,-11.132814529893063,-11.694976972768021,0.2222222222222222
2026-08-12 14:13:13,Tazmanian Traders VIP ⭐,tazmanian-trades-⚠️,QQQ,bear,True,True,2026-08-12,A,0.18481738938540548,0.17187391354439585,-0.9696016771488569,-0.28489180515984813,-0.6661701423369859,-0.6558153616641915,1.2357938872337937,0.7788891900463946,1.8854132185810335,1.0427929413317827,1.0,0.4750011632813256,0.46205768744031595,-0.9695051605704285,-0.2847952885814199,0.016011758797112075,0.02636653946990646,1.4397548174240802,0.9828501202366814,-1.5013073276871522,-2.3439276049364035,0.4
2026-08-14 08:49:33,Tazmanian Traders VIP ⭐,trading-floor-🧃,AMZN,bear,False,False,2026-08-14,B,0.8400188768286965,0.557438662581522,1.3459178857951892,0.5919424959629382,-0.3643227937706328,-1.5819866260721183,2.3577159037281747,0.7110439279787051,-0.5870693723454501,-1.7674839945870713,0.0,0.3888915303887763,0.10631131614160183,0.7615598067051765,0.00758441687292537,2.661236360557642,1.4435725282561562,-0.30117685237462427,-1.9478488281240942,1.928165700940779,0.747751078699158,0.6
2026-08-14 17:13:10,Tazmanian Traders VIP ⭐,tazmanian-trades-⚠️,AMZN,bull,False,True,2026-08-14,B,-0.22788232778058193,-0.3103884512819399,-0.7369043634964378,-0.346289435044711,0.983894010975872,1.8398950423024307,-1.754948434928194,-0.4683685715789587,1.2080156535671849,2.0266310976821855,0.0,0.004758058920775188,-0.07774806458058281,-0.7642450887784202,-0.3736301603266934,-1.5176006665525368,-0.6615996352259778,-0.8941158743351629,0.3924639890140726,-1.367527728601663,-0.5489122844866621,0.2
2026-08-17 19:41:59,Tazmanian Traders VIP ⭐,vip-chart-plan📊,INTC,bull,False,True,2026-08-17,A,0.19372658895011607,0.2519323008706498,-6.3945264735467795,-5.661134503348109,-10.804444577833848,-9.443724379158358,-15.51932957627028,-14.27114042064115,-13.340994618060432,-12.555864237265723,0.0,-0.022359132334871523,0.035846579585662175,-2.1282817364912985,-1.3948897662926274,-1.2047427718090442,0.15597742686644675,-0.5883393959046748,0.6598497597244568,-1.2866600875226237,-0.5015297067279163,0.4
2026-08-19 18:21:50,Tazmanian Traders VIP ⭐,free-alerts-✈️,RKLB,bear,False,True,2026-08-19,A,0.5246589716684014,0.4765714263426424,4.315320041972703,3.427649948526912,10.440713536201462,9.666114157440575,13.195173137460635,12.75978590275444,17.235047219307443,16.68009095298042,1.0,-0.3596293623964486,-0.40771690772220753,-1.110729677956718,-1.9983997714025095,-2.2295743591030557,-3.004173737863943,-2.420816086343608,-2.8562033210498052,-0.2308551797505988,-0.7858114460776211,0.4
2026-08-19 19:28:58,Tazmanian Traders VIP ⭐,tazmanian-trades-⚠️,RDDT,bear,True,True,2026-08-19,A,0.32849352867748705,0.24404613940099962,1.248275408974442,0.3245508893501614,-0.32192365810392864,-1.1326185951581413,-2.069509230668154,-2.5411154200121966,-3.8696537678207577,-4.460785492756136,0.0,0.04419037263697745,-0.04025701663950998,0.7133248972035767,-0.21039962242070387,0.798340746914792,-0.01235419013942094,0.32347529805572417,-0.1481308912883183,0.00838117700435519,-0.5827505479310234,0.6
2026-08-19 20:03:12,Tazmanian Traders VIP ⭐,tazmanian-trades-⚠️,RKLB,bull,False,True,2026-08-19,B,-2.6684456304202797,-2.229780425970962,-3.1754503002001444,-3.1441170713109035,-10.727151434289539,-10.720623678270936,-9.899933288859241,-10.570986607570399,-14.86324216144096,-15.804544579321778,0.0,0.5071481130487819,0.9458133174980996,1.3714275867699577,1.4027608156591986,2.2639723902088122,2.2705001462274166,3.1077764394458054,2.436723120734649,2.18913121599737,1.247828798116552,0.6666666666666666
2026-08-20 02:44:18,Tazmanian Traders VIP ⭐,vip-chart-plan📊,SPY,bear,False,True,2026-08-19,B,0.4386652044493178,-0.0,0.03133322888924095,-0.0,0.006527756018603892,-0.0,-0.6710533187111567,-0.0,-0.9413024178808183,-0.0,0.0,0.1371664560959729,-0.30149874835334495,-1.1735942286664782,-1.204927457555719,-2.633977156923464,-2.6405049129420677,-4.183794511145135,-3.512741192433978,-5.03216675536679,-4.090864337485972,0.2
2026-08-20 02:46:08,Tazmanian Traders VIP ⭐,vip-chart-plan📊,SMH,bull,False,True,2026-08-19,B,0.5854748603352,1.0241400647845178,0.18681564245808246,0.21814887134732341,-0.635530726256972,-0.6290029702383682,2.435754189944128,1.7647008712329715,-1.211173184357539,-2.1524756022383573,0.0,-0.32836360404359555,0.11030160040572223,0.015260668897951746,0.046593897787192695,0.8278242924206447,0.8343520484392487,2.179844694356644,1.5087913756454874,1.1691928567166354,0.22789043883581722,0.5
2026-08-20 02:53:17,Tazmanian Traders VIP ⭐,vip-chart-plan📊,QQQ,bear,False,True,2026-08-19,B,0.16290075692680928,-0.2757644475225085,-0.1895827774579084,-0.22091600634714936,0.19239141119802294,0.18586365517941905,-1.2666938167928077,-0.595640498081651,-0.7836088134926644,0.15769360438815383,0.0,-0.595019688532583,-1.0336848929819007,0.8007664426607365,0.7694332137714953,0.6355901042089485,0.6290623481903446,0.5323569917915916,1.2034103105027483,0.2825529333197208,1.223855351200539,0.4
2026-08-20 13:34:07,Tazmanian Traders VIP ⭐,tazmanian-trades-⚠️,RKLB,bull,False,True,2026-08-20,B,-2.564445038065988,-2.128379549907644,-3.071991451849887,-3.0432685753843614,-10.631761720315225,-10.627844964433553,-9.80365967677308,-10.477341688418896,-14.772271938025916,-15.716210105506379,0.0,-1.311456880865691,-0.8753913927073474,0.8564016806200492,0.8851245570855749,2.094599681192734,2.0985164370744056,3.896485329472226,3.2228033178264104,5.224941997252219,4.281003829771757,0.7
2026-08-20 14:38:00,Tazmanian Traders VIP ⭐,tazmanian-trades-⚠️,INTC,bull,True,True,2026-08-20,A,1.4479986786323895,1.9204478446682494,-0.8203490612784248,-0.7550936516049656,-3.6723008313604533,-3.631842477362901,1.40395309144965,0.7670602930366588,0.9414744260309416,0.034424231569829544,0.0,0.7230776970247377,1.1955268630605975,2.298304724240767,2.363560133914226,4.156030807832655,4.1964891618302085,5.022431495974642,4.385538697561651,7.0471943043013185,6.140144109840206,0.6
2026-08-20 17:25:13,Tazmanian Traders VIP ⭐,tazmanian-trades-⚠️,QQQ,bear,False,True,2026-08-20,A,0.11520899192132283,-0.2662310749613095,-0.2374429223744423,-0.21131689039617374,0.144713733754831,0.1956594961124325,-1.315068493150684,-0.5861522009571463,-0.83175272216367,0.167568001004903,0.0,-0.3407259584485567,-0.722166025331189,-1.9780694921878017,-1.9519434602095331,-1.3348214265331895,-1.2838756641755875,-2.4624825963407786,-1.7335663041472416,-1.3744517118982258,-0.3751309887296528,0.4
2026-08-21 16:25:28,Tazmanian Traders VIP ⭐,free-alerts-✈️,QQQ,bear,True,True,2026-08-21,A,0.0014016399187077866,-0.06646221474823077,0.9993692620365868,0.637863728522281,0.2915411030906201,0.27065991703926207,-0.4176886957740322,-0.01181064190056702,-0.7723035952063917,-0.25679931456323857,1.0,0.15854530752680396,0.0906814528598654,0.9700688507470445,0.6085633172327387,0.011960207776755638,-0.008920978274602387,-1.1948434828091792,-0.788965428935714,-0.9112093655105269,-0.3957050848673737,0.4
2026-08-24 19:12:28,Tazmanian Traders VIP ⭐,free-alerts-✈️,QQQ,bull,True,True,2026-08-24,A,-0.18371442299538465,-0.11434269524669416,0.4380882394505514,0.18808823945055675,1.9063904355445027,0.9770710638167479,1.2916537124445293,0.8924390527586645,1.5177637715157788,1.2612192688979729,1.0,-0.20248048159015708,-0.1331087538414666,1.9330536879015612,1.6830536879015667,3.4937842289746754,2.5644648572469206,0.3025129266206907,-0.09670173306517427,4.512639398497496,4.2560948958796905,0.7
2026-08-24 20:07:19,Tazmanian Traders VIP ⭐,vip-chart-plan📊,QQQ,bear,False,True,2026-08-24,B,0.07030173504681825,0.037671475048906,-0.021090520514044364,-0.03153220371336918,-0.7325440791878579,-0.3161819616144923,0.5033604229352395,-0.0683217322281715,-0.715671662776618,-1.2064307731452062,0.0,-0.2982178498043325,-0.33084810980224477,-0.055192227696639576,-0.06563391089596439,-0.9252683718024939,-0.5089062542291283,-0.4684236611856536,-1.0401058163490646,-2.1202282639769625,-2.6109873743455516,0.5555555555555556
2026-08-25 13:37:52,Tazmanian Traders VIP ⭐,trading-floor-🧃,AMZN,bull,False,True,2026-08-25,A,-0.5902288564791913,-0.5536843962278049,-0.8872472487719607,-0.872890496530343,1.4546285366132228,1.042198199490585,-2.9282967137580496,-2.3527214647989014,-3.8878945965500233,-3.393239223861777,0.0,0.4304189112984679,0.4669633715498544,-0.8579025147755005,-0.8435457625338828,-0.5992342609034893,-1.0116645980261272,-2.302793013848307,-1.7272177648891587,-2.9699661015400918,-2.4753107288518454,0.6666666666666666
2026-08-28 14:41:45,Tazmanian Traders VIP ⭐,free-alerts-✈️,PLTR,bear,True,True,2026-08-28,A,-0.4773334052479594,-0.7301533196781285,-0.5258757854426754,-1.0768935476623054,8.600091691162582,7.804033088802931,5.973409562848897,5.829496688480962,6.523556538388931,5.172590636664576,1.0,1.514107890438631,1.2612879760084617,2.5707955007567507,2.0197777385371207,2.788348826984166,1.9922902246245155,3.2409721426082783,3.0970592682403426,1.9705281604701885,0.619562258745834,0.5
2026-08-28 15:22:58,Tazmanian Traders VIP ⭐,vip-chart-plan📊,PLTR,bull,True,True,2026-08-28,A,-0.4701608163701465,0.1556505102336181,-0.42207618742319264,0.5008179154837089,-9.461986429449155,-8.294967784275775,-6.8600737297643715,-6.342762199723495,-7.405032857829774,-5.68518191588362,0.0,-0.6911953031725627,-0.06538397656879802,-1.8367160181982645,-0.9138219152913631,-1.9675788355908441,-0.8005601904174652,-0.9476199402117871,-0.43030841017091104,-4.072876751550353,-2.3530258096041976,0.2
2026-08-31 12:48:55,Tazmanian Traders VIP ⭐,vip-chart-plan📊,SPY,bear,False,True,2026-08-31,B,0.03649016720317366,-0.0,0.7232872427769155,-0.0,-0.7610806302372985,-0.0,0.17854117524402913,-0.0,1.2954009357121543,-0.0,1.0,-0.4654745011828721,-0.5019646683860457,1.3601878194662556,0.6369005766893402,-2.0230518066381693,-1.2619711764008708,-3.0913980470576865,-3.2699392223017156,0.6008900183938338,-0.6945109173183202,0.5555555555555556
2026-08-31 14:44:48,Tazmanian Traders VIP ⭐,tazmanian-trades-⚠️,QQQ,bear,True,True,2026-08-31,A,-0.440010089403331,-0.16286054630787472,0.8379809982904107,0.4261786111438792,-0.5675289369692527,0.5096938154394604,-0.6642190521566116,-0.5295662081055141,1.272385863624903,0.28667475280430565,1.0,-0.4818558695701792,-0.20470632647472287,1.641938064771655,1.230135677625124,0.9433973333135949,2.0206200857223076,1.2384710841099111,1.3731239281610086,1.6124783821592203,0.6267672713386229,0.7
2026-09-02 14:25:06,Tazmanian Traders VIP ⭐,tazmanian-trades-⚠️,TSLA,bear,True,True,2026-09-02,A,-1.1890084038377102,-1.0699374192122635,-6.674886271842184,-5.507728928041078,-4.349304876493365,-4.12555610318619,-3.045505434859641,-3.8855446890303957,-3.793772940492901,-4.0096708796489295,0.0,0.28591670101826655,0.4049876856437133,-0.5470027580237008,0.6201545857774055,-0.11177521891853548,0.1119735543886397,1.5634680934187035,0.723428839247949,1.3794946809139605,1.1635967417579318,0.6666666666666666
2026-09-02 15:13:03,Tazmanian Traders VIP ⭐,vip-chat-🌪️⭐,NVDA,bear,False,True,2026-09-02,A,-0.17409159896437654,-0.19369149965821064,-1.977502008749199,-0.9504672123921587,-0.7633247031515022,-0.6783918001448619,2.5265601285599515,1.5491784139606501,2.0890991875725407,1.7349943150372416,0.0,-0.19008376314766742,-0.20968366384150153,-2.9690232402922927,-1.9419884439352524,-0.9585187667952483,-0.8735858637886071,0.6092499275157786,-0.3681317870835229,-1.1417272076696625,-1.4958320802049614,0.4444444444444444
2026-09-03 13:41:17,Tazmanian Traders VIP ⭐,tazmanian-trades-⚠️,QQQ,bear,True,True,2026-09-03,A,-0.9622553915844767,-0.27072308100704046,-1.1437333821026074,-0.8402926507192765,-0.7709297581700136,-1.4819968797807337,-0.5697564818592182,-1.03468498445084,-1.4940281079864448,-2.2975600018212528,0.0,-1.7276377719636529,-1.0361054613862166,-1.8660106413799358,-1.562569909996605,-1.5213579364029703,-2.232425058013691,-0.47583909329734775,-0.9407675958889694,-1.410154384675675,-2.2136862785104827,0.3
2026-09-03 15:54:00,Tazmanian Traders VIP ⭐,free-alerts-✈️,SPY,bear,True,True,2026-09-03,A,-0.07636749592274672,-0.0,0.3093530767040331,-0.0,1.3176628957519032,-0.0,1.073028035931567,-0.0,1.409562763726735,-0.0,1.0,-0.3696653085138146,-0.2932978125910679,-0.8280232745686679,-1.1373763512727009,-0.051485687767371946,-1.3691485835192752,0.26682729517121023,-0.8062007407603566,-0.44014458797408745,-1.8497073517008218,0.6
2026-09-04 11:46:37,Tazmanian Traders VIP ⭐,vip-chart-plan📊,TSLA,bear,False,True,2026-09-04,B,2.206755599745913,1.971007358142829,-1.681995194299457,-2.4656637996283925,-0.4115226337448652,-2.248286406234856,0.8561880299389535,-0.5855031398645405,-3.6539895600298244,-3.460986878717409,0.0,0.42567778124276145,0.18992953963967718,1.3815671624571197,0.5978985571281848,2.742897872072205,0.9061340995822145,0.7338543530722033,-0.707836816731291,-4.245726912238327,-4.052724230925912,0.8
2026-09-07 00:59:30,Tazmanian Traders VIP ⭐,vip-chart-plan📊,TSLA,bear,False,True,2026-09-06,B,-3.098615214438727,-3.5029997308026473,-3.0006020806788047,-3.8678833424625303,-2.3369131463615966,-2.9584430461106592,0.14421932538961624,-1.3744980865494916,-6.1062182332432435,-5.545801106063664,0.0,-0.2610045611712486,-0.665389077535169,0.2071128147398527,-0.6601684470438729,-0.13095579920871403,-0.7524856989577764,-1.4119774943099739,-2.9306949062490824,-1.4207041416127095,-0.8602870144331296,0.5
2026-09-08 13:32:13,Tazmanian Traders VIP ⭐,tazmanian-trades-⚠️,PLTR,bear,False,True,2026-09-08,A,1.8670047251354016,1.4639152392695531,2.3107064653682063,1.4447142150886494,3.6360493258038473,3.0158116330360585,0.5647113057508313,-0.9527255652345246,-6.597902500864361,-6.036177797980313,1.0,-0.3213151943362136,-0.7244046802020621,0.6539443200064632,-0.21204793027309377,0.6942478710703093,0.07401017830252044,2.2024742478082704,0.6850373768229145,-0.9606443784880236,-0.3989196756039759,0.6
2026-09-08 19:53:19,Tazmanian Traders VIP ⭐,tazmanian-trades-⚠️,QQQ,bear,True,True,2026-09-08,A,0.029224710188291425,-0.08162413111527655,0.3145135477406691,-0.2605963230226216,0.513519907594262,0.18488569572953084,1.9524889711510451,0.724022988704287,-4.020485130189133,-3.163688792113195,1.0,0.29151688243826746,0.18066804113469948,0.3028971067522357,-0.2722127640110549,0.30249609885586676,-0.026138113008864438,1.1431661831503281,-0.08529979929642986,-7.772134107530154,-6.915337769454214,0.4
2026-09-09 12:39:25,Tazmanian Traders VIP ⭐,vip-chart-plan📊,QQQ,bear,True,True,2026-09-09,A,0.012562814070360417,-0.20730945061397943,1.0762144053601208,0.25823723019521294,1.0078168620882177,0.5890125484037778,1.630374092685638,0.3176843219809933,-3.463149078726979,-2.974980300588581,1.0,1.4707121606256681,1.2508398959413278,2.0201413040283764,1.202164128863469,-0.2602470344046073,-0.6790513480890472,1.0398163962353335,-0.27287337446931115,-3.661093969533416,-3.1729251913950183,0.6
2026-09-10 12:44:30,Tazmanian Traders VIP ⭐,trading-floor-🧃,QQQ,bear,False,True,2026-09-10,B,-0.1611193555225876,-0.18750353556822308,-1.035969189456587,-0.210144354027908,0.42541163168680063,0.3409822555407449,-1.324288036181187,-0.7214095221381944,-4.74171436647588,-3.534638129387635,0.0,0.4867312200447838,0.46034703999914833,-0.9206378943355134,-0.09481305890683411,1.716930161017499,1.6325007848714432,1.2989650685431464,1.9018435825861393,1.1203057498425573,2.327381986930802,0.4
2026-09-10 14:59:06,Tazmanian Traders VIP ⭐,tazmanian-trades-⚠️,HOOD,bull,False,True,2026-09-10,A,-1.789505611161657,-1.655749705805487,-2.448113003163055,-3.1656508402707617,-4.285280991377438,-4.093542230497416,-4.839897742536503,-5.334728702745761,4.701243554746748,3.6028637802209884,0.0,-0.13592696377746996,-0.0021710584213000907,1.4619265020463377,0.7443886649386308,-0.61313723205879,-0.4213984711787675,2.239094519058942,1.744263558849684,6.472523242733901,5.374143468208142,0.4444444444444444
2026-09-14 20:13:59,Tazmanian Traders VIP ⭐,tazmanian-trades-⚠️,QQQ,bull,True,True,2026-09-14,A,-0.6010158013543987,-0.2422552421247004,-0.5756207674943448,0.22254583054254207,1.7847065462754053,1.577764720214403,5.454288939051932,3.7094259771657923,4.109762979683973,3.572608831046309,0.0,-1.0649757700707674,-0.7062152108410691,-1.504272740413033,-0.706106142376146,2.3127558309487037,2.1058140048877014,6.777709579091971,5.03284661720583,3.5053068708447968,2.968152722207132,0.6
