Symbol,Strike,Type,Entry Time,Exit Time,Hold (hrs),Entry $,Exit $,entry_t,exit_t,put,ret,date,Expiry,dte,stock_move_open,faded_move_atr,from_extreme_atr,vs_vwap_with,ext50_atr,above200,rsi,rsi_turned_with,div_pts,minute,gap_pct,above_d8,yday_move_with,spy_with,spy_vwap_with,spy_5d_with,qqq_with,qqq_vwap_with,smh_with,smh_vwap_with,iwm_with,iwm_vwap_with,iyt_with,iyt_vwap_with,vixy_move,otm_pct
AMD,170.0,Put,2024-04-01 09:41:00,2024-04-01 11:20:00,1.65,0.31,0.45,2024-04-01 09:41:00-04:00,2024-04-01 11:20:00-04:00,True,0.4516129032258065,2024-04-01,2024-04-05,4,2.14444444444446,6.307778504062016,0.7190213838827106,-0.9114313135615726,4.394956111681836,True,73.46111539186315,False,-4.244922012737405,581,-0.2714831846639787,True,-0.5011414889470434,-0.0706526926674611,False,-0.16660283416316535,-0.5101467514663893,False,-1.725055432372491,False,0.5076142131979711,True,0.32642634118646985,True,0.03869969040248833,7.53834439247254
KRE,49.0,Put,2024-04-01 09:41:00,2024-04-02 09:40:00,23.98,0.36,0.73,2024-04-01 09:41:00-04:00,2024-04-02 09:40:00-04:00,True,1.0277777777777777,2024-04-01,2024-04-05,4,-1.3902681231380387,-6.950354609929158,7.446808510638354,0.4094298031551924,-6.364956028368829,False,22.06016205891065,True,7.9185743708356355,581,0.13922036595068743,True,-0.5197920831667258,-0.0706526926674611,False,-0.16660283416316535,-0.5101467514663893,False,-1.725055432372491,False,0.5076142131979711,True,0.32642634118646985,True,0.03869969040248833,1.3091641490433004
QQQ,444.0,Put,2024-04-01 09:55:00,2024-04-01 10:23:00,0.47,0.15,0.29,2024-04-01 09:55:00-04:00,2024-04-01 10:23:00-04:00,True,0.9333333333333333,2024-04-01,2024-04-01,0,0.5056520664314501,4.612005856515384,0.6354319180086744,-0.11392901429683189,2.4642049780381865,True,70.07856431261466,False,-31.073423593223218,595,0.2162113465913107,True,0.18434008497628662,-0.04008934196206848,False,-0.16660283416316535,-0.5056520664314501,False,-2.2483370288248317,False,0.41273305185255404,False,0.28384899233606653,True,-0.07739938080495445,0.7200035776575348
WMT,58.0,Put,2024-04-02 09:41:00,2024-04-02 14:18:00,4.62,0.1,0.2,2024-04-02 09:41:00-04:00,2024-04-02 14:18:00-04:00,True,1.0,2024-04-02,2024-04-12,10,0.10016694490817546,0.9438202247191363,2.2022471910112436,0.033344448149386086,0.0016359550561849032,False,54.62171189657735,False,-8.342797256888694,581,-0.16666666666667052,False,0.28253282366628163,0.13904486251808956,True,-0.18226818364956987,0.20904814924218584,True,0.17168338907468383,True,0.19927095990279753,False,0.2318840579710102,False,1.0378057820607856,3.2688458972648444
UNH,480.0,Call,2024-04-03 09:40:00,2024-04-03 10:48:00,1.13,0.32,0.08,2024-04-03 09:40:00-04:00,2024-04-03 10:48:00-04:00,False,-0.75,2024-04-03,2024-04-05,2,-1.2294372294372358,4.428677244551866,0.6003664574480373,-0.423875689959452,-1.7318841370706732,False,41.01406395924674,False,-7.0730075046371255,580,0.8425372156982691,False,-6.444762099244439,0.14447964150505754,True,-0.17892529387997236,0.1868051758702416,True,0.448974094194754,True,0.5408103058314406,True,0.8403361344537785,True,0.14738393515105752,5.189340813464237
META,485.0,Put,2024-04-03 10:57:00,2024-04-04 12:49:00,25.87,0.38,0.05,2024-04-03 10:57:00-04:00,2024-04-04 12:49:00-04:00,True,-0.868421052631579,2024-04-03,2024-04-05,2,1.0947908113196236,3.539137431903738,0.5332272773518043,-0.3769102179770556,3.085466939205885,True,63.08426453311561,True,10.045547744712024,657,0.3900516717936231,True,-1.2251958888775727,-0.5686471451749942,False,0.17892529387997236,-0.9488336067067671,False,-1.8183450814887925,False,-1.2538106008457062,False,-1.2894813097652946,False,-2.4318349299926267,3.9178535288099883
AMC,3.5,Call,2024-04-17 09:41:00,2024-04-19 11:16:00,49.58,0.05,0.01,2024-04-17 09:41:00-04:00,2024-04-19 11:16:00-04:00,False,-0.8,2024-04-17,2024-04-19,2,2.8911564625850428,-1.6641029226681574,4.0134246958467354,3.2994763770999302,3.4204167249335784,True,77.30312541897257,True,38.1661426246072,581,8.088235294117641,True,10.121457489878537,-0.07113921549254387,True,-3.0405145189863814,-0.11660124682520978,True,-0.009111617312074216,False,-0.06616786277803266,True,-0.12017425266636073,False,-1.3377926421404673,15.702479338842979
SPY,497.0,Put,2024-04-18 14:06:00,2024-04-18 15:28:00,1.37,0.36,0.04,2024-04-18 14:06:00-04:00,2024-04-18 15:28:00-04:00,True,-0.8888888888888888,2024-04-18,2024-04-18,0,-0.5318937009442637,-3.5856459054763397,6.472963769436641,0.4274213093311774,-3.3169561338718596,False,36.109237646689216,False,13.146374324256648,846,0.28568574567975347,False,0.5918217385259994,0.5318937009442637,True,2.6394616042947128,0.6823297692740593,True,0.9954021898848198,True,0.4284755562438791,True,0.7533524182612661,True,2.2990463215258883,0.46263844104864765
SPY,497.0,Put,2024-04-18 14:28:00,2024-04-18 15:28:00,1.0,0.18,0.04,2024-04-18 14:28:00-04:00,2024-04-18 15:28:00-04:00,True,-0.7777777777777778,2024-04-18,2024-04-18,0,-0.39045380294036036,-2.429436554874865,5.094379714558951,0.2544841762128103,-2.0070418245564094,False,46.06250310763822,False,3.5808638623279307,868,0.28568574567975347,False,0.5918217385259994,0.39045380294036036,True,2.6394616042947128,0.5158741324329474,True,0.7773617101957564,True,0.36136492695266753,True,0.6478830797046919,True,1.7711171662125436,0.6039758409663577
TSLA,145.0,Put,2024-04-18 15:55:00,2024-04-19 10:17:00,18.37,0.39,0.16,2024-04-18 15:55:00-04:00,2024-04-19 10:17:00-04:00,True,-0.5897435897435898,2024-04-18,2024-04-19,1,-0.6942148760330613,-2.7203079314556913,5.181538917058403,0.18547443850058798,-0.20102298382622338,False,44.32208775828815,True,5.155807820141526,955,-2.7018333869411326,False,1.056584558589535,0.5020120323518951,True,2.6394616042947128,0.7690864753329696,True,1.2229226904299284,True,0.5420473904290013,True,0.7533524182612661,True,1.4986376021798309,3.462050599201058
SPY,495.0,Put,2024-04-22 13:35:00,2024-04-23 13:16:00,23.68,0.79,0.12,2024-04-22 13:35:00-04:00,2024-04-23 13:16:00-04:00,True,-0.8481012658227849,2024-04-22,2024-04-24,2,0.47003053189780264,5.374985643735053,0.3215803376593264,-0.5554713833080038,6.308505799931224,True,79.76497690739248,False,-13.519478962379864,815,0.5412391954115803,False,0.8728379244074214,-0.47003053189780264,False,3.0713516687873144,-0.36910210634779617,False,-0.9702940737423393,False,-0.6333350496884771,False,-0.4225777241171125,False,-3.9268788083953954,1.0356271742172831
UNH,500.0,Call,2024-04-25 09:41:00,2024-04-25 09:43:00,0.03,0.8,1.0,2024-04-25 09:41:00-04:00,2024-04-25 09:43:00-04:00,False,0.25,2024-04-25,2024-04-26,1,0.6564954188481797,-3.2365862441484006,4.678429960388955,0.41165790273891556,4.978773064458126,True,75.0987708467872,True,-2.733323660998579,581,0.3406525754155565,True,0.23036735365502548,-0.12620445121096502,False,0.9709319748276934,-0.11210762331839152,True,0.02897291032883942,True,-0.4604993860008233,False,0.4282655246252709,True,0.8415147265077305,1.5909137086778924
NVDA,750.0,Put,2024-04-25 09:44:00,2024-04-25 15:19:00,5.58,1.21,0.35,2024-04-25 09:44:00-04:00,2024-04-25 15:19:00-04:00,True,-0.7107438016528926,2024-04-25,2024-04-26,1,0.6078257566164424,0.8738621586476002,0.7464239271781461,-0.29889809390775124,-0.47407022106630087,False,54.857290921103385,False,3.255141394561093,584,-0.891064257028118,False,3.324435816549376,0.12620445121096502,True,-0.9709319748276934,0.11210762331839152,False,-0.02897291032883942,False,0.4604993860008233,True,-0.4282655246252709,False,0.8415147265077305,-843.9899307740717
NVDA,750.0,Put,2024-04-25 10:19:00,2024-04-25 15:19:00,5.0,0.79,0.35,2024-04-25 10:19:00-04:00,2024-04-25 15:19:00-04:00,True,-0.5569620253164558,2024-04-25,2024-04-26,1,3.672280612890977,3.654365436543652,0.07560756075607827,-1.7546750435398106,2.5562916291629243,True,71.47113555484917,False,-16.613844633745785,619,-0.891064257028118,False,3.324435816549376,0.03806165988902155,False,-0.9709319748276934,-0.3410934071176541,False,-1.762518711671257,False,0.2967662709782992,False,-0.7647598654022536,False,0.1753155680224383,-816.0864785635763
SPY,512.0,Call,2024-04-29 15:34:00,2024-04-29 15:55:00,0.35,0.29,0.49,2024-04-29 15:34:00-04:00,2024-04-29 15:55:00-04:00,False,0.6896551724137931,2024-04-29,2024-04-30,1,-0.2901505646173086,2.5680750591821213,2.342500898578387,-0.17658191864377004,-1.800116505335563,False,39.12147358638833,True,-1.4405619539876682,934,0.35808444496912006,True,0.9473872370851399,-0.2901505646173086,False,2.6456094999596003,-0.41212596970816584,False,0.06441223832529541,True,0.11542708019673942,False,-0.6993006993007089,False,-0.20770392749244193,0.6685017695635032
SPY,515.0,Call,2024-05-01 14:10:00,2024-05-01 14:46:00,0.6,0.22,0.42,2024-05-01 14:10:00-04:00,2024-05-01 14:46:00-04:00,False,0.909090909090909,2024-05-01,2024-05-03,2,0.00797798077307732,-0.07811955081262224,3.036897537839149,0.09852559170309139,1.2595840133920042,False,57.89251430608917,True,14.375912633420874,850,-0.11952667436949671,False,-1.5841273575657788,0.00797798077307732,True,-0.725798477207551,-0.073260073260073,True,-1.1177417827034075,True,0.2246273228507345,True,0.4833931077498965,True,-2.2311631309436697,2.708308404132261
NVDA,780.0,Put,2024-05-02 09:41:00,2024-05-03 09:50:00,24.15,0.55,0.02,2024-05-02 09:41:00-04:00,2024-05-03 09:50:00-04:00,True,-0.9636363636363636,2024-05-02,2024-05-03,1,0.6988865197820493,1.8520179372197323,2.040358744394582,-0.0797916518294528,1.7835874439461934,True,72.55858688655273,False,-19.77565820389062,581,1.6618497109826436,True,3.888888888888886,0.30744818010511876,True,1.0011673690667022,0.28451174492699627,True,0.12790752759487267,True,0.43263909850086435,True,0.19999999999998908,True,0.7894736842105177,-817.5391130455241
CMG,3000.0,Put,2024-05-09 09:40:00,2024-05-13 15:36:00,101.93,2.4,0.85,2024-05-09 09:40:00-04:00,2024-05-13 15:36:00-04:00,True,-0.6458333333333333,2024-05-09,2024-05-17,8,-0.04712535344013613,-0.41999999999991644,0.8399999999999324,-0.008545259324499455,-3.7855999999999312,False,37.65256892994208,True,1.137200198600162,580,-0.015705983979907856,True,0.313136057617025,0.026402257528324036,True,-3.365644049165595,0.15442963232121798,True,0.4022754977651477,True,0.20586217037545929,True,-0.13663276149991077,True,0.16366612111291534,-4614.757190004715
NVDA,850.0,Put,2024-05-09 11:44:00,2024-05-10 14:25:00,26.68,0.75,0.01,2024-05-09 11:44:00-04:00,2024-05-10 14:25:00-04:00,True,-0.9866666666666667,2024-05-09,2024-05-10,1,-1.3364258891097935,-4.081927710843408,5.869879518072284,-0.17496194784674124,-1.238072289156644,False,49.94074330856603,False,-5.034244111325357,704,0.14378940382702154,True,0.15461071231364087,-0.3227801615833581,False,-3.365644049165595,-0.18735948038970385,False,0.4695471578852417,False,-0.3970199000097985,False,-1.0171550022772147,False,0.16366612111291534,-851.5280420911229
QQQ,438.0,Put,2024-05-09 15:41:00,2024-05-10 14:15:00,22.57,0.46,0.02,2024-05-09 15:41:00-04:00,2024-05-10 14:15:00-04:00,True,-0.9565217391304348,2024-05-09,2024-05-10,1,0.1294483682692471,2.1510013747000984,2.641580635596815,-0.09418777734415684,-0.06653764252424102,True,46.720933769200364,True,3.8596345396346834,941,0.061355269735940965,True,0.059047965116276746,-0.47160694267269765,False,-3.365644049165595,-0.1294483682692471,False,0.6546570951284525,True,-0.8479560827369781,False,-0.9792014574161234,False,-0.45008183306056715,0.6577455205261913
NVDA,890.0,Put,2024-05-10 14:20:00,2024-05-10 15:24:00,1.07,0.18,0.06,2024-05-10 14:20:00-04:00,2024-05-10 15:24:00-04:00,True,-0.6666666666666667,2024-05-10,2024-05-10,0,-0.2768549280177224,-1.6587677725118488,8.95734597156404,0.06578000523750349,1.7304265402843824,True,57.87034370261527,False,-5.106709343245939,860,1.7464788732394432,True,1.8360800796372034,0.18014219735151826,True,-2.997841712373517,0.08360826140010325,False,-0.22879569410183542,True,1.1146110976496204,True,0.2847721822541893,True,-0.8250825082508184,-888.3398112159912
SHOP,60.0,Call,2024-05-16 13:09:00,2024-05-17 09:42:00,20.55,0.66,0.33,2024-05-16 13:09:00-04:00,2024-05-17 09:42:00-04:00,False,-0.5,2024-05-16,2024-05-17,1,-0.5945439045183298,3.0901379921509293,0.8977085707051116,-0.4340849628421961,-2.6405393087732976,False,37.0914700344628,False,-0.7268963766824754,789,-0.20418580908627693,False,1.2752024814751017,0.12455885405853184,False,2.4343084746417887,0.24410770692053774,True,0.23519350010690054,True,-0.1795117280995684,False,0.20285499624344006,True,0.2622377622377714,2.913657156873007
UNH,500.0,Put,2024-05-16 13:16:00,2024-05-17 15:01:00,25.75,0.46,0.18,2024-05-16 13:16:00-04:00,2024-05-17 15:01:00-04:00,True,-0.6086956521739131,2024-05-16,2024-05-24,8,0.611557692307696,4.231026552373081,6.625605838861089,0.07540201852144213,0.4832984243437762,True,51.21423736951362,False,22.4885707985951,796,0.4733842140856037,True,-0.7141745154510604,-0.16890935512483551,False,-2.4343084746417887,-0.3114576660555368,False,-0.32927090014966964,False,0.126854954523703,True,-0.20285499624344006,False,0.2622377622377714,4.430615766922334
T,17.5,Call,2024-05-20 09:55:00,2024-05-21 09:49:00,23.9,0.09,0.05,2024-05-20 09:55:00-04:00,2024-05-21 09:49:00-04:00,False,-0.4444444444444444,2024-05-20,2024-05-24,4,0.17261219792865656,-1.1754827875735168,2.1550517772180213,0.13518271009174132,1.25024349286306,True,59.87128441000536,True,3.533766374894512,595,-0.11494252873562871,True,0.5780346820809079,0.288913646921074,True,1.6530988403348434,0.528784459489362,True,1.10165464207026,True,0.18989471660015855,True,-0.46086430945906365,False,-0.6194690265486802,0.5169442848937383
T,18.0,Call,2024-05-20 09:55:00,2024-05-21 09:50:00,23.92,0.03,0.01,2024-05-20 09:55:00-04:00,2024-05-21 09:50:00-04:00,False,-0.6666666666666666,2024-05-20,2024-05-31,11,0.17261219792865656,-1.1754827875735168,2.1550517772180213,0.13518271009174132,1.25024349286306,True,59.87128441000536,True,3.533766374894512,595,-0.11494252873562871,True,0.5780346820809079,0.288913646921074,True,1.6530988403348434,0.528784459489362,True,1.10165464207026,True,0.18989471660015855,True,-0.46086430945906365,False,-0.6194690265486802,3.388856978747845
WMT,65.0,Put,2024-05-23 10:00:00,2024-05-23 14:55:00,4.92,0.14,0.46,2024-05-23 10:00:00-04:00,2024-05-23 14:55:00-04:00,True,2.2857142857142856,2024-05-23,2024-05-24,1,0.33757864047874175,2.0052083333333215,1.1393229166666656,-0.13978802170415694,0.9268072916665899,True,53.659010421162456,False,-1.4136432206210685,600,-0.12260536398467359,True,-0.15349194167304514,0.5628940258180726,True,-0.009437879874685251,0.6882775690991605,True,0.9830022527134941,True,0.9830851525227668,True,1.396604938271595,True,1.8018018018018056,0.5964214711729631
SMCI,875.0,Put,2024-05-24 15:08:00,2024-05-24 15:45:00,0.62,0.45,0.05,2024-05-24 15:08:00-04:00,2024-05-24 15:45:00-04:00,True,-0.8888888888888888,2024-05-24,2024-05-24,0,2.661552766155273,5.74551971326166,3.989247311827987,-0.5103194924867438,-0.4817204301075477,True,43.101931277745734,True,20.79672111632611,908,1.5341043190937098,False,2.96576205198672,-0.1401913422373724,True,0.5163706519888844,-0.46564751361799495,True,-0.702273009564025,False,0.0024415254651133367,True,0.054979579013503255,True,-2.012248468941391,-890.6034189969432
SMCI,875.0,Put,2024-05-24 15:13:00,2024-05-24 15:45:00,0.53,0.25,0.05,2024-05-24 15:13:00-04:00,2024-05-24 15:45:00-04:00,True,-0.8,2024-05-24,2024-05-24,0,2.6499302649930057,5.761732851985564,4.043321299639037,-0.49610653724918574,-0.4710469314079608,True,42.95702092529033,True,20.79672111632611,913,1.5341043190937098,False,2.96576205198672,-0.172397461400009,True,0.5163706519888844,-0.5029871727288748,True,-0.761810127106366,False,-0.06347966209288014,True,0.015708451146712044,True,-1.924759405074361,-890.7155797101451
WMT,64.0,Put,2024-05-28 09:40:00,2024-05-30 11:03:00,49.38,0.08,0.05,2024-05-28 09:40:00-04:00,2024-05-30 11:03:00-04:00,True,-0.375,2024-05-28,2024-05-31,3,0.16099356025760514,0.8571928392326478,1.183742492273579,-0.1935970834337386,-0.08000466499503166,True,49.91366381986048,False,16.256778811271523,580,-0.2447231569287167,True,-0.832819247378147,0.005657601931119416,True,0.0018887524789845678,0.06315606080404823,True,0.2099398441600453,True,0.4251823935836119,True,0.5636449037106583,True,0.538599640933568,2.0283199387677042
AAPL,175.0,Put,2024-05-31 10:59:00,2024-06-04 14:51:00,99.87,0.56,0.29,2024-05-31 10:59:00-04:00,2024-06-04 14:51:00-04:00,True,-0.4821428571428572,2024-05-31,2024-06-28,28,0.006009615384616751,0.024635064418363644,2.5674021483000145,0.2608769781574649,-0.20594913853779037,False,43.53383237659241,True,12.621576723287667,659,0.03659365361494693,True,-0.525513689631607,0.6054662133771482,True,1.3627012437951835,1.2678456805152893,True,2.540596094552927,True,0.4952427421322181,True,0.14215763702417616,True,2.454780361757103,8.55482660688765
AAPL,180.0,Put,2024-05-31 11:02:00,2024-06-03 09:57:00,70.92,0.65,0.35,2024-05-31 11:02:00-04:00,2024-06-03 09:57:00-04:00,True,-0.46153846153846156,2024-05-31,2024-06-14,14,-0.08355978260871089,-0.3590146582417013,3.0757609776437795,0.33521033023118374,-0.6182102190718041,False,40.803109626462614,True,12.621576723287667,662,0.03659365361494693,True,-0.525513689631607,0.5175904350815608,True,1.3627012437951835,1.1598308948847946,True,2.339157245632062,True,0.3366674798731428,True,0.01579529300269611,True,1.5719207579672823,5.857789823331679
WMT,60.0,Put,2024-05-31 13:31:00,2024-05-31 15:02:00,1.52,0.19,0.16,2024-05-31 13:31:00-04:00,2024-05-31 15:02:00-04:00,True,-0.1578947368421053,2024-05-31,2024-07-19,49,-0.33245708984073197,-3.13541666666683,4.52083333333353,-0.042020862126035396,0.272066666666573,False,52.51150556538061,False,-0.257271884972873,811,-0.3390352904915961,False,0.04621072088725198,0.5280950380075589,False,1.3627012437951835,1.3081298833528932,True,2.565303186022616,True,0.2781166138082436,False,-0.017374822302951287,False,1.85185185185186,6.911798929485685
AAPL,200.0,Call,2024-05-31 14:16:00,2024-06-03 09:40:00,67.4,0.11,0.14,2024-05-31 14:16:00-04:00,2024-06-03 09:40:00-04:00,False,0.27272727272727293,2024-05-31,2024-06-07,7,-0.38754180602006416,3.8580506112742605,3.6853331351492873,-0.2684404720245115,-0.36232172717464695,False,53.802425806409005,True,18.635522672651618,856,0.03659365361494693,True,0.525513689631607,-0.5023110126437191,True,-1.3627012437951835,-1.460855707297648,False,-2.9763617677286747,False,-0.31227128567942186,False,0.33170115305638515,True,1.3781223083548788,4.921665484549231
NVDA,980.0,Put,2024-06-03 10:00:00,2024-06-05 12:09:00,50.15,0.47,0.21,2024-06-03 10:00:00-04:00,2024-06-05 12:09:00-04:00,True,-0.553191489361702,2024-06-03,2024-06-07,4,-0.14962154550255402,-0.38263665594855606,2.093247588424416,0.2748389905637305,0.9120257234726524,True,52.14188643087447,True,2.2632173501801702,600,3.6395147313691645,True,0.7873303167420853,0.20793164719671298,True,-0.2680812229066687,0.18479002133884315,True,0.7792737658098736,True,0.8336545875096468,True,0.6372396642834954,True,1.2389380530973382,-763.8166593212868
NVDA,1065.0,Put,2024-06-04 14:51:00,2024-06-05 12:10:00,21.32,1.15,0.57,2024-06-04 14:51:00-04:00,2024-06-05 12:10:00-04:00,True,-0.5043478260869565,2024-06-04,2024-06-07,3,0.5272255834053663,2.1953727506426794,0.25192802056552904,-1.1521888421596183,4.915475578406213,True,75.67108150167874,False,-8.030482893564539,891,0.6086956521739184,True,-4.898294262519398,-0.4786688447365295,False,0.30976125717741,-0.5520591807441688,False,0.08631319358816114,False,0.3100241129865622,True,0.37635251685745885,True,-0.9523809523809601,-815.6564353881868
SPY,532.0,Put,2024-06-06 13:40:00,2024-06-06 14:10:00,0.5,0.08,0.43,2024-06-06 13:40:00-04:00,2024-06-06 14:10:00-04:00,True,4.375,2024-06-06,2024-06-06,0,-0.11402295412913377,-2.035853914370059,3.5043387050629864,0.01731712966905885,0.1556126632976047,True,59.87021775386578,False,-14.986802494561545,820,0.05797968840595136,True,-1.1885160582145726,0.11402295412913377,True,-1.6289678768294902,0.07539528671750562,False,1.2093378209142136,True,0.07346818827446144,False,-0.1863643422891803,False,-0.13440860215053752,0.4435129217583331
WMT,65.0,Put,2024-06-07 15:58:00,2024-06-10 11:32:00,67.57,0.48,0.3,2024-06-07 15:58:00-04:00,2024-06-10 11:32:00-04:00,True,-0.375,2024-06-07,2024-06-28,21,-2.292284866468841,-13.868051548374392,15.349105597229837,0.5212007793726436,-0.42169648009236005,False,47.40180415515055,True,-1.2225565869708959,958,0.37230081906181045,False,-0.0894321061261083,-0.08713413034517892,True,-2.3057346778668553,0.04319654427645814,True,0.007928956549319022,False,0.06451292739814152,True,-0.4276162338672007,True,-0.987432675044897,1.2983068863412102
WMT,65.0,Put,2024-06-10 09:41:00,2024-06-13 13:47:00,76.1,0.09,0.02,2024-06-10 09:41:00-04:00,2024-06-13 13:47:00-04:00,True,-0.7777777777777778,2024-06-10,2024-06-14,4,-0.5357940169668063,-1.352148951011405,1.8779846541825103,-0.09044219956559907,-0.07217470622954268,True,49.683450205375145,True,-10.547288616039374,581,1.9884638737097893,True,1.8912881608339704,0.06189279417830873,True,-1.259078066632524,-0.14486163440301514,False,-0.5256869772998884,False,0.09522854851643503,True,0.08540372670808871,True,0.17857142857145014,2.738291186592845
AAPL,200.0,Put,2024-06-11 11:25:00,2024-06-13 13:46:00,50.35,0.92,0.02,2024-06-11 11:25:00-04:00,2024-06-13 13:46:00-04:00,True,-0.9782608695652174,2024-06-11,2024-06-14,3,5.111260261242201,10.645161290322532,0.3978494623655942,-1.679500921634225,7.730821505376327,True,82.08218639849716,True,1.0767867093067025,685,0.2951532725766315,True,1.9147747473208354,-0.058977719528163774,False,-1.4892004547176985,-0.29937872120113784,False,0.3176470588235336,False,0.04508114606289748,False,0.2797387653553196,False,-0.49283154121863015,1.7633479051033958
AAPL,200.0,Put,2024-06-11 11:28:00,2024-06-13 13:46:00,50.3,0.77,0.02,2024-06-11 11:28:00-04:00,2024-06-13 13:46:00-04:00,True,-0.974025974025974,2024-06-11,2024-06-14,3,5.111260261242201,10.645161290322532,0.3978494623655942,-1.679500921634225,7.730821505376327,True,82.08218639849716,True,1.0767867093067025,688,0.2951532725766315,True,1.9147747473208354,-0.058977719528163774,False,-1.4892004547176985,-0.29937872120113784,False,0.3176470588235336,False,0.04508114606289748,False,0.2797387653553196,False,-0.49283154121863015,1.7633479051033958
WMT,66.0,Put,2024-06-11 11:29:00,2024-06-13 13:47:00,50.3,0.13,0.08,2024-06-11 11:29:00-04:00,2024-06-13 13:47:00-04:00,True,-0.3846153846153846,2024-06-11,2024-06-14,3,-0.09708737864077,-0.7254464285714092,0.8370535714284514,-0.266868139694143,-0.4211607142856656,True,54.08154301543346,False,-1.4183640220115095,689,-0.014934289127821465,True,-1.6393442622950838,-0.058977719528163774,False,-1.4892004547176985,-0.29937872120113784,False,0.3176470588235336,False,0.04508114606289748,False,0.2797387653553196,False,-0.49283154121863015,1.3231666292890858
WMT,66.0,Put,2024-06-11 11:29:00,2024-06-13 13:47:00,50.3,0.13,0.08,2024-06-11 11:29:00-04:00,2024-06-13 13:47:00-04:00,True,-0.3846153846153846,2024-06-11,2024-06-14,3,-0.09708737864077,-0.7254464285714092,0.8370535714284514,-0.266868139694143,-0.4211607142856656,True,54.08154301543346,False,-1.4183640220115095,689,-0.014934289127821465,True,-1.6393442622950838,-0.058977719528163774,False,-1.4892004547176985,-0.29937872120113784,False,0.3176470588235336,False,0.04508114606289748,False,0.2797387653553196,False,-0.49283154121863015,1.3231666292890858
SHOP,64.0,Put,2024-06-13 13:48:00,2024-06-14 11:05:00,21.28,0.28,0.01,2024-06-13 13:48:00-04:00,2024-06-14 11:05:00-04:00,True,-0.9642857142857143,2024-06-13,2024-06-14,1,-1.5243902439024404,-6.6401062416998125,7.901726427622856,0.31120835536110336,-0.8537848605578527,False,43.139177485527085,False,13.87711089845213,828,0.19856422789064077,True,-2.5853964274522134,0.24855470044555794,False,-1.2512390820506258,0.28259231348908287,True,0.21365118632632463,False,0.797008757256723,True,1.6141429669484952,False,0.6712962962962976,0.928792569659434
QQQ,470.0,Put,2024-06-21 12:50:00,2024-06-24 09:30:00,68.67,0.98,1.15,2024-06-21 12:50:00-04:00,2024-06-24 09:30:00-04:00,True,0.1734693877551019,2024-06-21,2024-06-28,7,-0.06961906939046969,-0.6557789647361069,3.2886825694230786,-0.0223537537632712,-0.2878654324784741,False,43.900184209731925,True,4.04880518071392,770,-0.05815523293248859,True,0.7708002720471452,-0.04591621209617536,False,-1.0418205999704444,0.06961906939046969,False,-0.2786459313928624,False,0.06502601040415668,False,-0.09332711152587603,False,-3.0065359477124076,2.2574372731904666
WMT,70.0,Call,2024-06-21 12:55:00,2024-06-21 15:09:00,2.23,0.13,0.07,2024-06-21 12:55:00-04:00,2024-06-21 15:09:00-04:00,False,-0.46153846153846145,2024-06-21,2024-06-28,7,0.38822150600643646,-3.4715074389444975,7.401515860391239,0.4418072326638045,3.900349957892934,True,68.12174699783318,True,12.756909748168638,775,0.36759300102926495,True,0.6065088757396531,0.07346593935386725,True,1.0418205999704444,-0.032211808225435234,True,0.3426591859020389,True,0.050020008003204275,True,0.15554518587648225,True,-3.180827886710247,2.152499087924107
WMT,66.0,Put,2024-06-28 11:24:00,2024-07-02 09:55:00,94.52,0.2,0.19,2024-06-28 11:24:00-04:00,2024-07-02 09:55:00-04:00,True,-0.050000000000000044,2024-06-28,2024-07-12,14,-0.4641225872992427,-3.3702713030187854,5.810775697363493,0.3875050604192243,-3.456999617883114,False,33.03209152716089,True,12.81994125411451,684,-0.014731879787843738,False,0.6003807292429553,-0.10782360788754719,True,0.11517367458866445,-0.1596152650235272,True,-0.8196563969670834,True,0.5591524426132977,True,-1.1662032746370343,False,-0.3731343283582156,2.301828140034056
WMT,60.0,Put,2024-06-28 11:25:00,2024-07-01 11:48:00,72.38,0.21,0.18,2024-06-28 11:25:00-04:00,2024-07-01 11:48:00-04:00,True,-0.1428571428571429,2024-06-28,2024-08-16,49,-0.42728746132312256,-3.278159063383303,5.856600726685745,0.3404994850634169,-3.308747678643578,False,35.446407827046826,True,18.413939269386567,685,-0.014731879787843738,False,0.6003807292429553,-0.15716661488693884,True,0.11517367458866445,-0.23424058373582302,True,-1.1075918994145173,True,0.4855797527957617,True,-1.1893728761198874,False,-0.4664179104477695,11.216336194140277
CMG,65.0,Call,2024-06-28 14:13:00,2024-07-01 11:07:00,68.9,0.3,0.05,2024-06-28 14:13:00-04:00,2024-07-01 11:07:00-04:00,False,-0.8333333333333333,2024-06-28,2024-07-05,7,1.4509108495889045,-5.225397088707303,7.896155600713268,0.8952885142946121,4.241803176709635,True,70.70474787352441,True,29.70134261190931,853,-0.6088767825668917,False,-5.238384451867606,-0.15901240885252133,False,-0.11517367458866445,-0.09328164839038644,False,0.5240426144543342,False,-0.8240141259564515,False,0.9113376583256061,False,-0.6063432835821003,3.289369140314636
CMG,65.0,Call,2024-06-28 14:13:00,2024-07-01 11:07:00,68.9,0.3,0.05,2024-06-28 14:13:00-04:00,2024-07-01 11:07:00-04:00,False,-0.8333333333333333,2024-06-28,2024-07-05,7,1.4509108495889045,-5.225397088707303,7.896155600713268,0.8952885142946121,4.241803176709635,True,70.70474787352441,True,29.70134261190931,853,-0.6088767825668917,False,-5.238384451867606,-0.15901240885252133,False,-0.11517367458866445,-0.09328164839038644,False,0.5240426144543342,False,-0.8240141259564515,False,0.9113376583256061,False,-0.6063432835821003,3.289369140314636
CMG,63.0,Call,2024-06-28 14:31:00,2024-06-28 15:26:00,0.92,0.15,0.05,2024-06-28 14:31:00-04:00,2024-06-28 15:26:00-04:00,False,-0.6666666666666666,2024-06-28,2024-06-28,0,1.3622440754473608,-4.377914292058298,6.761157575308976,0.7576915175415921,3.369118496040266,True,64.09696383276918,False,26.48424422239372,871,-0.6088767825668917,False,-5.238384451867606,-0.3289533799959887,False,-0.11517367458866445,-0.2860429924752883,False,0.23610711200690027,False,-0.8681577398469642,False,0.8341056533827773,False,-0.4664179104477695,0.19880715705765406
TSLA,230.0,Put,2024-07-03 09:37:00,2024-07-03 12:52:00,3.25,1.47,0.3,2024-07-03 09:37:00-04:00,2024-07-03 12:52:00-04:00,True,-0.7959183673469388,2024-07-03,2024-07-05,2,1.2173004774897578,2.380876370631993,0.2207186548896088,-0.40891227445927214,0.34718619153407604,True,59.49201482986945,False,-14.348601691205403,577,1.4269653204185717,True,-10.197274373391775,-0.11846613691042229,False,-0.7672117908338327,-0.23446176627863746,False,-0.5869211253739293,False,0.1680838441763921,True,-0.2776492364646055,False,-0.38872691933915515,3.123345462571284
QQQ,485.0,Put,2024-07-03 10:40:00,2024-07-03 11:56:00,1.27,0.15,0.02,2024-07-03 10:40:00-04:00,2024-07-03 11:56:00-04:00,True,-0.8666666666666667,2024-07-03,2024-07-03,0,0.29513389000863643,2.090661227547948,0.7940141944346398,-0.06053993777217492,1.0079842654067965,True,58.958646794545515,True,1.8731157924945592,640,-0.15606390406176507,True,-1.0499667994687822,-0.13669169643508727,False,-0.7672117908338327,-0.29513389000863643,False,-0.3559392631300007,False,-0.22740755388570566,False,-1.1183094246490999,False,-0.19436345966957758,0.5444422798904908
QQQ,486.0,Put,2024-07-05 09:56:00,2024-07-05 15:28:00,5.53,0.28,0.06,2024-07-05 09:56:00-04:00,2024-07-05 15:28:00-04:00,True,-0.7857142857142858,2024-07-05,2024-07-08,3,0.2093921528766085,1.8475336322870335,0.4304932735426137,-0.08095535193020087,1.9052950672645825,True,64.47122132874148,False,-8.333526903618079,596,0.17513848159007583,True,-0.8337098032773493,-0.0724939739384034,False,-1.0907224432182838,-0.2093921528766085,False,0.7447828331244133,True,0.2385567317727877,True,0.2924426658457713,True,0.048543689320368344,1.405879130911084
SPY,547.0,Put,2024-07-08 11:38:00,2024-07-09 13:03:00,25.42,0.53,0.19,2024-07-08 11:38:00-04:00,2024-07-09 13:03:00-04:00,True,-0.6415094339622642,2024-07-08,2024-07-12,4,-0.04770992366414095,-0.920846881282971,3.7358584228942155,0.06844894387334488,-0.3618337511481208,True,44.439011869887906,True,23.824348449960674,698,0.14423770373577227,True,-0.5766510717005735,0.04770992366414095,True,-1.5136262971978676,-0.1570902060298529,False,-0.5021257880076346,False,0.029628166510298204,True,0.5871446229913424,True,-0.9268292682926838,1.4725086684378719
SPY,560.0,Put,2024-07-12 13:09:00,2024-07-12 15:20:00,2.18,0.21,0.02,2024-07-12 13:09:00-04:00,2024-07-12 15:20:00-04:00,True,-0.9047619047619048,2024-07-12,2024-07-12,0,0.7101483062245562,9.245701515935057,0.39691142871428453,-0.26013355067264765,3.5837646548707687,True,63.54412800605136,False,20.096216022518334,789,0.20665612420931456,True,0.862253260172452,-0.7101483062245562,False,-0.9103108113009073,-0.8994741223528502,False,-1.8543782192788738,False,-0.0962802930678297,True,-0.6415151978005129,True,-1.3916500994035852,0.28312469951388586
SPY,554.0,Put,2024-07-12 13:10:00,2024-07-15 09:33:00,68.38,0.53,0.54,2024-07-12 13:10:00-04:00,2024-07-15 09:33:00-04:00,True,0.018867924528301883,2024-07-12,2024-07-19,7,0.7227014328497372,10.727867356251902,0.26620018253733035,-0.2704511483522687,4.04771219957398,True,64.39948264699052,False,20.096216022518334,790,0.20665612420931456,True,0.862253260172452,-0.7227014328497372,False,-0.9103108113009073,-0.9360216036222724,False,-1.9757174392935895,False,-0.16391132819839616,True,-0.5804185122957106,True,-1.4165009940357853,1.3638144072926626
SPY,560.0,Put,2024-07-12 14:03:00,2024-07-12 15:57:00,1.9,0.39,1.5,2024-07-12 14:03:00-04:00,2024-07-12 15:57:00-04:00,True,2.846153846153846,2024-07-12,2024-07-12,0,0.971952728511738,14.145634868850859,1.6184262038366302,-0.4315294606421327,4.898494062377782,True,68.24036203119422,True,-10.740294693424161,843,0.20665612420931456,True,0.862253260172452,-0.971952728511738,False,-0.9103108113009073,-1.2893139225599537,False,-2.391464311994107,False,-0.24422318241592578,True,-0.6262410264243012,True,-1.491053677932408,0.5416749030592102
META,510.0,Call,2024-07-17 10:00:00,2024-07-17 11:00:00,1.0,0.34,0.22,2024-07-17 10:00:00-04:00,2024-07-17 11:00:00-04:00,False,-0.3529411764705883,2024-07-17,2024-07-19,2,-0.854210603244876,2.290436750902837,1.2592391152204956,-0.13882602567329982,-3.6198743456334848,False,31.4178013258707,False,-11.932533286844773,600,-2.221360174768783,False,-1.283860045146723,0.1941695449095393,True,1.626425821309052,-0.24679474050710581,False,-0.9894234049812378,False,1.5020011692224777,True,0.16147974163240875,False,-1.4191106906338735,7.409327046869009
UNH,545.0,Put,2024-07-17 10:56:00,2024-07-18 15:57:00,29.02,0.3,0.22,2024-07-17 10:56:00-04:00,2024-07-18 15:57:00-04:00,True,-0.2666666666666666,2024-07-17,2024-07-19,2,2.2752707581227494,4.860481834131624,1.0661440875200765,-0.34418191835459133,4.12669984658649,True,68.11518562062214,True,8.225919777784412,656,0.9346475485998429,True,-6.50018433358559,0.09484779613092575,True,-1.626425821309052,0.7352639986892173,True,1.3647219379051556,True,-0.3147906642082976,True,0.3082795067527955,True,-0.047303689687805406,3.813062009689293
WMT,70.0,Put,2024-07-17 12:30:00,2024-07-18 15:55:00,27.42,0.15,0.07,2024-07-17 12:30:00-04:00,2024-07-18 15:55:00-04:00,True,-0.5333333333333332,2024-07-17,2024-07-19,2,0.7480763750356001,6.207770270270108,0.8868243243243492,-0.3693061569882694,3.929506756756716,True,64.84122039511863,False,3.3619908745152998,750,0.27146735247893794,True,-0.545898577790549,0.25413840619910033,True,-1.626425821309052,1.1059681317330927,True,2.355320520110693,True,0.004497009488690917,True,0.8807985907222649,True,1.7029328287606393,0.9971006293755722
WMT,70.0,Put,2024-07-18 12:09:00,2024-07-19 11:25:00,23.27,0.44,0.22,2024-07-18 12:09:00-04:00,2024-07-19 11:25:00-04:00,True,-0.5,2024-07-18,2024-07-19,1,-0.035370684776470096,-0.23811143615217406,5.095584733655334,0.2657410135263327,-2.057759031226579,True,42.17485792762561,True,11.108110910531316,729,-0.49274954244684643,True,-1.4859265609372896,1.05280120320137,True,0.7803035701560601,1.806310759597951,True,3.287924979739887,True,0.4832663384670921,True,1.1586452762923138,True,6.2380038387716,0.9270398414832653
ROKU,60.0,Put,2024-07-19 12:25:00,2024-07-23 15:45:00,99.33,0.44,0.31,2024-07-19 12:25:00-04:00,2024-07-23 15:45:00-04:00,True,-0.2954545454545454,2024-07-19,2024-07-26,7,1.3055245979939567,2.9910632865219857,2.261535655662955,-0.4319285806630324,1.847689221229278,False,51.78949136048112,True,2.163149462868404,745,0.06372470925601892,True,3.0878493129535167,0.4326418304912871,True,0.6864577343300815,0.6615606152305054,True,2.0285647021894393,True,0.2894422493797677,True,0.13589008002415914,False,2.248201438848918,5.704856199905708
KRE,54.0,Put,2024-07-19 13:09:00,2024-07-22 09:57:00,68.8,0.34,0.34,2024-07-19 13:09:00-04:00,2024-07-22 09:57:00-04:00,True,0.0,2024-07-19,2024-07-26,7,0.5032315978455992,2.407484662576667,6.782699386503116,0.01565457360597211,0.02227975460124409,False,48.23477093502539,True,7.824001453294898,789,-0.017950098725538766,True,1.8152978498413797,0.6824517577205702,True,0.6864577343300815,0.8827764676419658,True,2.3149572314211775,True,0.3307911421483012,True,0.301977955609245,True,2.877697841726623,3.5374944400083597
WMT,71.0,Put,2024-07-22 09:49:00,2024-07-23 12:55:00,27.1,0.46,0.97,2024-07-22 09:49:00-04:00,2024-07-23 12:55:00-04:00,True,1.108695652173913,2024-07-22,2024-07-26,4,0.3245836861416995,2.626427406199038,0.685154975530198,-0.1640527925285573,3.127869494290455,True,64.47745210842936,False,-0.958383873397274,589,0.15547703180212036,True,0.09884213499010697,-0.09584086799276914,False,1.9643207914427085,-0.008313070224663655,False,-0.6877470355731274,False,-0.03491363469312336,True,0.060177523694893154,True,-1.3814616755793319,0.12660008440006104
WMT,70.0,Put,2024-07-22 09:49:00,2024-07-23 12:56:00,27.12,0.38,0.63,2024-07-22 09:49:00-04:00,2024-07-23 12:56:00-04:00,True,0.6578947368421053,2024-07-22,2024-07-26,4,0.3245836861416995,2.626427406199038,0.685154975530198,-0.1640527925285573,3.127869494290455,True,64.47745210842936,False,-0.958383873397274,589,0.15547703180212036,True,0.09884213499010697,-0.09584086799276914,False,1.9643207914427085,-0.008313070224663655,False,-0.6877470355731274,False,-0.03491363469312336,True,0.060177523694893154,True,-1.3814616755793319,1.5332676888451306
WMT,70.0,Put,2024-07-22 10:10:00,2024-07-23 12:56:00,26.77,0.47,0.63,2024-07-22 10:10:00-04:00,2024-07-23 12:56:00-04:00,True,0.34042553191489366,2024-07-22,2024-07-26,4,-0.0070561670900248785,-0.04476275738581424,3.6257833482542616,0.19706449573163587,0.23776186213078346,True,48.08890398918326,True,-11.3147803220754,610,0.15547703180212036,True,0.09884213499010697,0.2694575045207981,True,1.9643207914427085,0.2536733379055245,True,0.04114624505928699,True,0.9830944505696548,True,1.0756732360463372,True,-0.08912655971479166,1.2066897184390712
WMT,70.0,Put,2024-07-22 10:11:00,2024-07-23 12:56:00,26.75,0.26,0.35,2024-07-22 10:11:00-04:00,2024-07-23 12:56:00-04:00,True,0.34615384615384603,2024-07-22,2024-07-26,4,-0.0070561670900248785,-0.04476275738581424,3.6257833482542616,0.19706449573163587,0.23776186213078346,True,48.08890398918326,True,-11.3147803220754,611,0.15547703180212036,True,0.09884213499010697,0.2694575045207981,True,1.9643207914427085,0.2536733379055245,True,0.04114624505928699,True,0.9830944505696548,True,1.0756732360463372,True,-0.08912655971479166,1.2066897184390712
SPY,539.0,Put,2024-07-25 10:26:00,2024-07-25 11:13:00,0.78,1.23,0.25,2024-07-25 10:26:00-04:00,2024-07-25 11:13:00-04:00,True,-0.7967479674796748,2024-07-25,2024-07-25,0,-0.22536251962685938,-1.295499882434212,1.5822088728089712,-0.10868592052648562,-0.42849189554080885,False,48.84603806454854,False,10.015235195659223,626,0.022171719971186832,False,2.26624291234786,0.22536251962685938,False,2.8207706395662058,0.862589493659971,False,1.485355648535569,False,-1.1397445873575274,False,-1.2908242612752696,False,1.5793848711554537,0.20920889415511
SPY,537.5,Put,2024-07-25 14:54:00,2024-07-25 15:53:00,0.98,1.12,1.26,2024-07-25 14:54:00-04:00,2024-07-25 15:53:00-04:00,True,0.125,2024-07-25,2024-07-26,1,-0.06650041562760167,-0.4742011967935071,8.515863159083116,0.27819760843004193,-4.151789544992469,False,28.35045231108944,True,30.14439640805454,894,0.022171719971186832,False,2.26624291234786,0.06650041562760167,True,2.8207706395662058,0.4420771155007386,True,0.09205020920501905,False,-1.0527761248684042,True,-1.5396578538102723,True,0.6650041562759723,0.6451135880515368
TSLA,210.0,Put,2024-07-26 13:43:00,2024-07-30 11:12:00,93.48,2.32,0.65,2024-07-26 13:43:00-04:00,2024-07-30 11:12:00-04:00,True,-0.7198275862068966,2024-07-26,2024-08-02,7,-0.5379294755877062,-1.530038483793628,2.9186329527815773,-0.6505471570808163,1.7059048283842924,False,48.39852918087771,True,-2.8099919846449666,823,0.4313280363223537,False,-1.9723135330339314,-0.37618942243859976,False,2.578438823146234,0.030259802014442894,True,1.106432169102467,True,0.4600267976775374,True,-0.09177118384826599,False,-1.257334450963954,4.549836575684477
WMT,69.0,Put,2024-07-26 13:44:00,2024-07-29 11:35:00,69.85,0.58,0.59,2024-07-26 13:44:00-04:00,2024-07-29 11:35:00-04:00,True,0.01724137931034475,2024-07-26,2024-08-02,7,-0.6834686031610526,-5.250410188295838,5.3051019610905366,-0.26389280037419915,1.3091241503241744,False,49.25645732731275,True,7.549615969778884,824,0.29991431019709136,False,0.821529745042493,-0.37618942243859976,False,2.578438823146234,0.030259802014442894,True,1.106432169102467,True,0.4600267976775374,True,-0.09177118384826599,False,-1.257334450963954,1.0752688172043012
WMT,69.0,Put,2024-07-26 13:44:00,2024-07-29 11:35:00,69.85,0.58,0.59,2024-07-26 13:44:00-04:00,2024-07-29 11:35:00-04:00,True,0.01724137931034475,2024-07-26,2024-08-02,7,-0.6834686031610526,-5.250410188295838,5.3051019610905366,-0.26389280037419915,1.3091241503241744,False,49.25645732731275,True,7.549615969778884,824,0.29991431019709136,False,0.821529745042493,-0.37618942243859976,False,2.578438823146234,0.030259802014442894,True,1.106432169102467,True,0.4600267976775374,True,-0.09177118384826599,False,-1.257334450963954,1.0752688172043012
WMT,69.0,Put,2024-07-26 13:51:00,2024-07-29 11:35:00,69.73,0.37,0.34,2024-07-26 13:51:00-04:00,2024-07-29 11:35:00-04:00,True,-0.08108108108108103,2024-07-26,2024-08-02,7,-0.8465043428734331,-6.740362811791312,6.797052154194886,-0.09644971306845829,0.28875283446699157,False,43.5267826266467,True,7.549615969778884,831,0.29991431019709136,False,0.821529745042493,-0.42787858670796375,False,2.578438823146234,-0.10807072148013575,False,0.7967963008834955,True,0.29924073246986316,True,-0.045885591924132996,False,-1.0896898575020852,0.9126092294878235
WMT,68.0,Put,2024-07-29 10:38:00,2024-07-30 09:41:00,23.05,0.38,0.36,2024-07-29 10:38:00-04:00,2024-07-30 09:41:00-04:00,True,-0.052631578947368474,2024-07-29,2024-08-09,11,-0.9735146743020673,-4.001681378730531,4.295922656578434,0.27009085115596854,-3.0658293400588628,False,33.825495616294745,True,20.271239463015903,638,0.10031527658354022,False,0.3427592116538092,0.2710523424050426,True,0.8287946957139414,0.09233213802580797,True,0.16911400758951034,True,1.1525966801655518,True,0.35141329258976395,True,0.5221932114882533,1.6914847477230037
UNH,545.0,Put,2024-07-29 10:53:00,2024-07-30 12:22:00,25.48,1.1,0.24,2024-07-29 10:53:00-04:00,2024-07-30 12:22:00-04:00,True,-0.7818181818181819,2024-07-29,2024-08-02,4,-0.08131374732637253,-0.220858054117098,2.9287698480743396,0.1074019141853122,-2.295162659899123,False,41.09839574872046,False,24.882233578555926,653,-0.7038545250298345,True,-1.7938822184105252,0.26006373392915005,True,0.8287946957139414,0.0987739150973721,True,0.3299785513941611,True,0.9946152819189202,True,0.10695187165776776,True,0.5221932114882533,3.582485625829279
SPY,535.0,Put,2024-07-29 11:37:00,2024-07-30 09:38:00,22.02,1.92,0.93,2024-07-29 11:37:00-04:00,2024-07-30 09:38:00-04:00,True,-0.515625,2024-07-29,2024-08-02,4,-0.5549430423793855,-4.314143047462142,5.766380897173829,0.4024628599808122,-4.1034461156706135,False,32.66246176297875,True,16.556636335279002,697,0.29020645066488715,False,-1.119964339443924,0.5549430423793855,True,0.8287946957139414,0.8234738356487914,True,1.868503547269429,True,1.4730096568911,True,0.42780748663101553,True,1.6100957354221013,1.4714638338576895
SPY,530.0,Put,2024-07-30 12:22:00,2024-07-31 10:07:00,21.75,1.27,0.14,2024-07-30 12:22:00-04:00,2024-07-31 10:07:00-04:00,True,-0.889763779527559,2024-07-30,2024-08-02,3,-0.9903708856588422,-8.113985751781037,9.733783277090446,0.5101165196023993,-5.127568053993314,False,28.76119745119894,False,9.322545840223484,742,0.27535061311403375,False,-0.05877599000807532,0.9903708856588422,True,1.7831064635355554,1.7258774283567702,True,3.5051203063858116,True,0.5208567195006952,True,-0.5837173579109178,True,4.1409691629956,2.006101506887311
SPY,542.5,Put,2024-08-01 10:46:00,2024-08-01 10:49:00,0.05,1.15,1.41,2024-08-01 10:46:00-04:00,2024-08-01 10:49:00-04:00,True,0.22608695652173916,2024-08-01,2024-08-02,1,-0.7003637548183894,-3.4879678627988953,5.559838798975069,0.6171311521115497,-3.6497284561010863,False,21.945266326632222,True,29.161328344576262,646,0.31952942030828435,True,-1.6254612546125369,0.7003637548183894,True,-1.7700423110322605,0.6316771239613383,True,1.6206359613178067,True,2.0679715779595154,True,1.911211437170801,True,4.73684210526315,1.129943502824867
SPY,532.0,Put,2024-08-01 12:35:00,2024-08-01 13:53:00,1.3,0.98,1.73,2024-08-01 12:35:00-04:00,2024-08-01 13:53:00-04:00,True,0.7653061224489797,2024-08-01,2024-08-06,5,-1.4857846064752045,-9.62146958865596,12.315481073479518,0.8233675750405789,-6.140574241181312,False,30.8950270266308,False,-8.783029446094162,755,0.31952942030828435,False,-1.6254612546125369,1.4857846064752045,True,-1.7700423110322605,2.049771070035611,True,4.056712014423869,True,3.0388345175850207,True,2.4680210684725368,True,8.245614035087723,2.270556249540747
SPY,510.0,Put,2024-08-06 16:14:00,2024-08-07 14:23:00,22.15,1.93,1.97,2024-08-06 16:14:00-04:00,2024-08-07 14:23:00-04:00,True,0.020725388601036343,2024-08-06,2024-08-09,3,0.5333192095835937,2.032111293991828,,0.49805844255245146,-3.5723123696101076,False,27.382806835120235,True,28.63102171917844,974,0.35563802234335196,False,2.9123662976168085,-0.5333192095835937,True,5.026066524708128,-0.46192545163503684,True,-0.36482866906808464,True,-0.6157332151125461,True,-1.577591757887964,True,-10.276473656755359,2.2968104123247035
AAPL,200.0,Put,2024-08-07 13:50:00,2024-08-08 15:40:00,25.83,1.45,0.76,2024-08-07 13:50:00-04:00,2024-08-08 15:40:00-04:00,True,-0.4758620689655172,2024-08-07,2024-08-16,9,1.8755677974292118,6.517325337331303,4.733049475262297,0.4625741984760401,-2.255807616191832,True,39.70065313295253,True,10.776065452653313,830,-0.13994112821502647,False,0.9748172217709294,1.1656070239176475,True,3.6623616236162393,1.7435219815905456,True,4.199118785882772,True,2.371902814529714,True,0.36625708884687747,True,10.255570117955436,5.1329253732900835
AAPL,205.0,Put,2024-08-08 15:43:00,2024-08-09 15:49:00,24.1,1.38,0.52,2024-08-08 15:43:00-04:00,2024-08-09 15:49:00-04:00,True,-0.6231884057971013,2024-08-08,2024-08-16,8,-0.36835437098213797,-1.7834829035556519,4.259911393842982,0.021426501715160473,-1.651786890832668,True,38.39286176335369,True,16.199988370415063,943,1.5680106758173773,False,-1.249819041644562,-0.9639244130559499,False,5.83685844483578,-1.1426757657514663,False,-2.5103448275862084,False,-0.8218373936014212,False,-1.6671959352175358,False,-2.6576019777503124,3.449899917579178
META,460.0,Put,2024-08-08 15:48:00,2024-08-09 15:49:00,24.02,1.39,0.61,2024-08-08 15:48:00-04:00,2024-08-09 15:49:00-04:00,True,-0.5611510791366906,2024-08-08,2024-08-16,8,2.275695770119568,7.845359090324352,0.05881421516720275,-1.2479940687394109,3.3005443011668327,True,65.49214220567674,False,0.49919452452778046,948,1.7855681911151056,True,1.0463680705944167,-1.2673983584653659,False,5.83685844483578,-1.5371709705942482,False,-3.3149425287356316,False,-1.027296742001771,False,-1.8577326135281291,False,-2.966625463535233,9.622280072695126
SPY,528.0,Put,2024-08-09 15:51:00,2024-08-12 09:48:00,65.95,1.72,1.57,2024-08-09 15:51:00-04:00,2024-08-12 09:48:00-04:00,True,-0.08720930232558133,2024-08-09,2024-08-13,4,0.6058775787546544,5.034899223590489,2.3370716022273483,-0.2753463975052606,1.5266975139205026,True,56.63426756211155,False,3.7478183750026233,951,-0.1582964289079447,True,-2.311726371804257,-0.6058775787546544,False,2.276201174932324,-0.9043493832963989,False,-0.2180685358255552,False,0.29944457860420215,False,0.5935645110902721,False,-9.348807221147638,0.9418033094442951
META,480.0,Put,2024-08-09 15:55:00,2024-08-13 09:47:00,89.87,1.4,0.36,2024-08-09 15:55:00-04:00,2024-08-13 09:47:00-04:00,True,-0.7428571428571429,2024-08-09,2024-08-16,7,1.5757026649071415,9.926789924308096,1.4145675642138766,-0.5384282411165398,1.8919320014890202,True,59.19639022178988,False,0.13348220006657385,955,-0.376743912250066,True,-4.23586680847583,-0.46997980408070017,False,2.276201174932324,-0.7387012289302053,False,0.18691588785045843,True,0.4781453755131615,True,0.781005935645096,True,-10.12250161186331,6.924434275077084
SPY,520.0,Put,2024-08-12 09:50:00,2024-08-13 09:46:00,23.93,1.68,0.66,2024-08-12 09:50:00-04:00,2024-08-13 09:46:00-04:00,True,-0.6071428571428571,2024-08-12,2024-08-16,4,-0.5203848601699645,-5.560794399199812,6.0808686955278395,0.34601109910713523,-5.29441634519197,False,18.878604764580018,True,12.87268867391613,590,0.230773560479558,True,-0.4409686233864285,0.5203848601699645,True,-0.01688872208669423,0.4851680365094535,True,0.34859452018295434,True,0.7261461005954373,True,0.5342551854179867,True,1.7011834319526686,2.152641878669286
QQQ,457.0,Put,2024-08-14 09:30:00,2024-08-14 15:26:00,5.93,0.44,0.01,2024-08-14 09:30:00-04:00,2024-08-14 15:26:00-04:00,True,-0.9772727272727273,2024-08-14,2024-08-14,0,-0.012943308309609769,-0.07005838198499076,,,0.7414512093411134,True,55.86437222529715,True,2.8885466862287217,570,0.21185524666003097,True,-2.4812796313527397,-0.0,,-3.8092502154553287,0.012943308309609769,,0.09216203761887032,,0.014379523558449847,,,,0.0,1.4023732470334414
QQQ,448.0,Put,2024-08-14 15:43:00,2024-08-15 09:41:00,17.97,0.37,0.08,2024-08-14 15:43:00-04:00,2024-08-15 09:41:00-04:00,True,-0.7837837837837838,2024-08-14,2024-08-16,2,-0.3990853395461236,-3.8370370370370517,7.050400000000022,0.045908783189330116,-1.3988343703703776,False,45.95253028937426,True,9.895983724040484,943,0.21185524666003097,True,-2.4812796313527397,-0.06078803396762922,False,-3.8092502154553287,0.3990853395461236,True,1.4871601524862887,True,0.9682212529358081,True,-0.40561622464898583,False,-3.2733224222585955,2.96939637434753
UNH,560.0,Put,2024-08-15 09:32:00,2024-08-16 10:52:00,25.33,0.36,0.17,2024-08-15 09:32:00-04:00,2024-08-16 10:52:00-04:00,True,-0.5277777777777777,2024-08-15,2024-08-16,1,-0.1776873048458527,-1.2309110619808457,,,-1.2132839375496431,True,42.305258947840606,True,-5.4152115073622795,572,0.0,True,-0.9455976595151849,-0.0018198362147447966,,-4.837465777195082,-0.00853315129276666,,-0.0,,0.0047335037394624635,,-0.19993848046755414,,0.26478375992937675,3.221346605834368
WMT,75.0,Put,2024-08-21 09:30:00,2024-08-21 15:51:00,6.35,0.3,0.31,2024-08-21 09:30:00-04:00,2024-08-21 15:51:00-04:00,True,0.03333333333333344,2024-08-21,2024-08-23,2,-0.06640106241699861,-0.43239236518620255,,,1.3163580208782615,True,50.755839811779474,True,11.400005336274376,570,1.0195867990340668,True,-1.1123168746608902,-0.0,,-3.0735739059848166,0.0103939299449185,,0.03215046417233136,,0.009333582228865378,,,,0.0,0.33222591362126247
WMT,74.0,Put,2024-08-21 09:33:00,2024-08-21 15:50:00,6.28,0.13,0.08,2024-08-21 09:33:00-04:00,2024-08-21 15:50:00-04:00,True,-0.3846153846153846,2024-08-21,2024-08-23,2,-0.06640106241699861,-0.43239236518620255,,,1.3163580208782615,True,50.755839811779474,True,11.400005336274376,573,1.0195867990340668,True,-1.1123168746608902,-0.0,,-3.0735739059848166,0.0103939299449185,,0.03215046417233136,,0.009333582228865378,,,,0.0,1.6611295681063125
SPY,560.0,Put,2024-08-22 09:33:00,2024-08-22 11:41:00,2.13,0.49,1.83,2024-08-22 09:33:00-04:00,2024-08-22 11:41:00-04:00,True,2.734693877551021,2024-08-22,2024-08-22,0,0.0,0.0,,,2.4273269841266645,True,64.69460471450995,False,1.5804849958666978,573,0.3460454496807097,True,-0.3436549131913269,-0.0,,-3.102528735632193,0.00824963392249689,,-0.07130124777183777,,-0.03711263685284294,,,,-0.08703220191470518,0.4550625711035171
QQQ,478.0,Put,2024-08-22 09:45:00,2024-08-22 11:28:00,1.72,0.15,0.49,2024-08-22 09:45:00-04:00,2024-08-22 11:28:00-04:00,True,2.2666666666666666,2024-08-22,2024-08-22,0,-0.07630911378307959,-0.8124598083347745,2.28367081261668,0.06208629522820308,1.0544806060511713,True,52.98369934747377,True,4.721734920418996,585,0.49119170984455174,True,-0.4664140257360616,-0.029330204778177382,True,-3.102528735632193,0.07630911378307959,True,0.29708853238265,True,-0.19020226387085337,False,-0.4232164449818665,False,0.08703220191470518,1.3415892672858616
SPY,545.0,Put,2024-08-22 11:43:00,2024-08-23 12:47:00,25.07,0.35,0.08,2024-08-22 11:43:00-04:00,2024-08-23 12:47:00-04:00,True,-0.7714285714285714,2024-08-22,2024-08-26,4,-0.7163680318543753,-6.289925194260567,7.257605993377592,0.49630435900681613,-4.586875661935915,False,24.033370002893875,True,24.786122160288457,703,0.3460454496807097,True,-0.3436549131913269,0.7163680318543753,True,-3.102528735632193,1.2766308495060552,True,2.5708061002178595,True,0.5752458712191544,True,0.36275695284159193,True,3.0026109660574507,2.4224303081302656
SPY,565.0,Call,2024-08-23 13:15:00,2024-08-26 09:35:00,68.33,0.56,1.13,2024-08-23 13:15:00-04:00,2024-08-26 09:35:00-04:00,False,1.0178571428571423,2024-08-23,2024-08-27,4,-0.013332618447614575,0.09462459115896571,2.746649995923013,-0.18729017581364804,-0.9831520389949898,True,48.68400500599754,True,-1.3349039209980162,795,0.5950882744237829,True,-0.7848453497912966,-0.013332618447614575,False,0.569548158460953,-0.3672558061890929,False,0.30111902339775565,False,2.1888651361650524,True,0.8477141992128345,True,-0.9345794392523366,0.9910709593651156
WMT,75.0,Put,2024-09-04 09:30:00,2024-09-05 15:57:00,30.45,0.25,0.19,2024-09-04 09:30:00-04:00,2024-09-05 15:57:00-04:00,True,-0.24,2024-09-04,2024-09-13,9,-0.0775895512737601,-0.5142017629774966,,,2.2197061704211247,True,63.65752489311555,False,-11.265737755644409,570,0.20733445639495862,True,0.07769001683284316,0.01072337331881057,,1.5531660692950866,0.015261516994791169,,-0.027047739259788983,,-0.0047001316036965335,,,,-0.14738393515106862,2.937750744143906
QQQ,462.0,Put,2024-09-04 12:37:00,2024-09-04 14:55:00,2.3,0.59,1.56,2024-09-04 12:37:00-04:00,2024-09-04 14:55:00-04:00,True,1.6440677966101696,2024-09-04,2024-09-04,0,1.0726666230623128,5.986129699476866,1.0463560043801279,-0.49510609082881185,3.02982844628302,True,62.517444890952135,False,8.503369782617028,757,-0.6799333059050228,False,3.036092972473592,-0.49981824790985563,False,1.5531660692950866,-1.0726666230623128,False,-2.610106838570081,False,-0.7238202669674898,False,-0.5393258426966252,True,-4.495210022107587,0.3429754740179846
WMT,76.0,Put,2024-09-04 12:37:00,2024-09-05 15:58:00,27.35,0.14,0.08,2024-09-04 12:37:00-04:00,2024-09-05 15:58:00-04:00,True,-0.4285714285714286,2024-09-04,2024-09-06,2,-0.27802922539764685,-2.1012216404887036,3.5671902268762037,-0.08625132591639773,0.925808027923202,False,53.841436836298314,False,4.846056382791318,757,0.20733445639495862,True,0.07769001683284316,-0.49981824790985563,False,1.5531660692950866,-1.0726666230623128,False,-2.610106838570081,False,-0.7238202669674898,False,-0.5393258426966252,True,-4.495210022107587,1.445892498216942
AMZN,170.0,Put,2024-09-05 11:26:00,2024-09-05 15:17:00,3.85,0.15,0.09,2024-09-05 11:26:00-04:00,2024-09-05 15:17:00-04:00,True,-0.4,2024-09-05,2024-09-06,1,1.5425926983945626,4.345177198165368,3.4520018852091847,0.1822059363610462,1.988861632545165,True,51.16490990341303,True,23.795983133277247,686,0.9807880920786882,True,1.6567375886524793,0.3775708399135991,True,1.8893795854405426,-0.19434821448025552,True,-0.9141673421597662,True,0.9412756392244925,True,1.1001347103727022,True,-0.7496251874062887,4.34929387272829
QQQ,440.0,Put,2024-09-06 10:48:00,2024-09-09 15:32:00,76.73,2.07,0.29,2024-09-06 10:48:00-04:00,2024-09-09 15:32:00-04:00,True,-0.8599033816425121,2024-09-06,2024-09-11,5,-1.9964372610357994,-5.598416117311726,6.146683201705713,1.0756274826192458,-3.586872919522226,False,22.99608710207069,True,34.5964951980787,648,-0.1561686621551317,False,-0.09335446473155429,1.3292600876475102,True,1.5565108364678393,1.9964372610357994,True,3.519140362659501,True,1.6253833451285615,True,0.5765437718100341,True,8.287292817679571,2.467138075499301
WMT,75.0,Put,2024-09-06 10:49:00,2024-09-12 10:47:00,143.97,0.98,0.39,2024-09-06 10:49:00-04:00,2024-09-12 10:47:00-04:00,True,-0.6020408163265306,2024-09-06,2024-09-20,14,-0.5071521456436967,-2.3942117956588618,4.972593729445247,0.5871672532185568,-2.26693795220342,False,30.587551130521902,True,15.988356759866292,649,-0.07796257796256478,False,0.3625064733298822,1.3292600876475102,True,1.5565108364678393,1.9964372610357994,True,3.519140362659501,True,1.6253833451285615,True,0.5765437718100341,True,8.287292817679571,1.9735982224545878
WMT,70.0,Put,2024-09-06 10:51:00,2024-09-12 10:47:00,143.93,0.52,0.3,2024-09-06 10:51:00-04:00,2024-09-12 10:47:00-04:00,True,-0.42307692307692313,2024-09-06,2024-11-15,70,-0.5331599479844074,-2.700541049164989,5.466948953187504,0.5924122034777102,-2.507340390496368,False,29.905151170388066,True,23.898904549839465,651,-0.07796257796256478,False,0.3625064733298822,1.3147127816267368,True,1.5565108364678393,2.0572645116440635,True,3.5325721961047662,True,1.4673271998112747,True,0.6068881808526605,True,7.65588003157065,8.484769250882461
NVDA,90.0,Put,2024-09-06 10:53:00,2024-09-09 15:32:00,76.65,0.42,0.11,2024-09-06 10:53:00-04:00,2024-09-09 15:32:00-04:00,True,-0.7380952380952381,2024-09-06,2024-09-13,7,-4.765870812511574,-5.360594795539038,5.454275092936811,1.8152876062690337,-3.0559762081784334,False,31.498779918575636,True,36.26497233493224,653,0.792836489133486,False,-0.9415309292910345,1.3147127816267368,True,1.5565108364678393,2.0572645116440635,True,3.5325721961047662,True,1.4673271998112747,True,0.6068881808526605,True,7.65588003157065,12.544942182489551
AAPL,210.0,Put,2024-09-09 15:54:00,2024-09-10 10:21:00,18.45,0.57,0.41,2024-09-09 15:54:00-04:00,2024-09-10 10:21:00-04:00,True,-0.2807017543859649,2024-09-09,2024-09-13,4,-0.3667979894036111,-1.3933771579529348,2.1502733919026715,-0.48018310476349857,1.1738394052958576,False,60.5108972521366,False,-12.418878965934695,954,0.004528575310214222,False,0.7015019336271244,-0.19278435692648976,False,3.2219933733321438,-0.14502030725762616,False,-0.3799322530440241,False,-0.17774788624136395,True,-0.7766103243490363,True,-3.6818851251840923,4.554131442596132
WMT,75.0,Put,2024-09-10 09:44:00,2024-09-11 09:37:00,23.88,0.14,0.12,2024-09-10 09:44:00-04:00,2024-09-11 09:37:00-04:00,True,-0.14285714285714302,2024-09-10,2024-09-20,10,0.439560439560438,2.8122415219189953,0.4962779156327777,-0.10051308671932269,3.157386269644325,True,68.99808914186042,False,-12.166277324390293,584,0.012929919834481218,True,-0.9133611691023003,0.08571011744110679,True,3.06379506102753,0.14466070489216332,True,1.0651799474209023,True,0.3689152932157991,True,0.25660377358490694,True,0.5455962587685104,3.4624790835371315
WMT,75.0,Put,2024-09-10 14:33:00,2024-09-12 10:47:00,44.23,0.52,0.39,2024-09-10 14:33:00-04:00,2024-09-12 10:47:00-04:00,True,-0.25,2024-09-10,2024-09-20,10,1.4285714285714235,16.41901931649363,0.520059435363999,-0.28693218430349,2.2403863298663427,True,61.97667732180077,False,-1.986393581934081,873,0.012929919834481218,True,-0.9133611691023003,0.0875155007659334,False,3.06379506102753,-0.37041907767840776,False,-0.07705557066448598,False,0.3689152932157991,False,0.46792452830188846,False,0.8573655494933607,4.403798355745329
WMT,78.0,Put,2024-09-10 14:34:00,2024-09-11 09:36:00,19.03,0.61,0.72,2024-09-10 14:34:00-04:00,2024-09-11 09:36:00-04:00,True,0.180327868852459,2024-09-10,2024-09-20,10,1.4285714285714235,16.41901931649363,0.520059435363999,-0.28693218430349,2.2403863298663427,True,61.97667732180077,False,-1.986393581934081,874,0.012929919834481218,True,-0.9133611691023003,0.0875155007659334,False,3.06379506102753,-0.37041907767840776,False,-0.07705557066448598,False,0.3689152932157991,False,0.46792452830188846,False,0.8573655494933607,0.5799502899751429
WMT,77.0,Put,2024-09-11 09:39:00,2024-09-12 10:47:00,25.13,0.42,0.2,2024-09-11 09:39:00-04:00,2024-09-12 10:47:00-04:00,True,-0.5238095238095237,2024-09-11,2024-09-20,9,-0.24240877774942549,-1.0450223933369813,2.5300542154475028,0.18297872340424792,-2.9691616248919894,True,33.194277382021795,True,33.93790314473544,579,-0.5456160385737929,True,-1.9006982156710706,0.37907782030254245,True,0.5959281263585137,0.2948723524550889,True,-0.15647353361945004,True,0.491708445815664,True,0.39531701383608286,True,0.8750994431185211,1.521933751119066
WMT,79.0,Put,2024-09-12 10:51:00,2024-09-13 10:09:00,23.3,1.12,0.68,2024-09-12 10:51:00-04:00,2024-09-13 10:09:00-04:00,True,-0.3928571428571429,2024-09-12,2024-10-04,22,0.22787694644892387,1.2365670543207008,0.06869816968451592,-0.3626445898982533,1.6780352323471068,True,62.04401734799136,False,-3.3362340061967757,651,0.19025875190257224,True,-0.03806623524933439,-0.10810616024936603,False,-0.6298212178963425,-0.24539091840218852,False,-0.2404258973037976,False,-0.5713877376018361,False,0.5291805261566251,True,-0.9724473257698429,0.21472780093469965
AAPL,215.0,Put,2024-09-12 10:55:00,2024-09-13 15:54:00,28.98,1.03,0.63,2024-09-12 10:55:00-04:00,2024-09-13 15:54:00-04:00,True,-0.38834951456310685,2024-09-12,2024-09-20,8,-0.21212529773941835,-0.7616764258379498,0.8746369127207363,-0.2701818412278012,-0.51760108810914,True,50.48455118491727,False,1.8284397063523201,655,-0.06736728644570755,False,-1.1585116532642603,-0.07567431217454512,False,-0.6298212178963425,-0.34994878798224605,False,-0.5667181865018023,False,-0.3525320375399099,False,0.4838221953432198,True,-0.6077795786061491,3.169727704266842
SPY,556.0,Put,2024-09-13 10:05:00,2024-09-16 09:31:00,71.43,0.84,0.19,2024-09-13 10:05:00-04:00,2024-09-16 09:31:00-04:00,True,-0.7738095238095238,2024-09-13,2024-09-16,3,0.2394182493880459,2.682260762642765,1.541299094951497,-0.08198692407277441,1.4493095609155695,True,63.83652236078246,False,-10.098168117797016,605,0.10731724767032436,True,-0.8423217055661958,-0.2394182493880459,False,-1.72485944578884,-0.37460317460316084,False,-0.49361702127659335,True,-0.43451852544036385,False,-0.07485029940119681,False,-1.2335526315789491,0.896565246065268
WMT,79.0,Put,2024-09-16 10:14:00,2024-09-17 12:19:00,26.08,0.2,0.49,2024-09-16 10:14:00-04:00,2024-09-17 12:19:00-04:00,True,1.4499999999999997,2024-09-16,2024-09-20,4,-0.3216229589312336,-1.3440661694114624,2.274573517465495,0.0942057895409465,-0.46301011742112375,True,44.88911432671977,True,10.520274975605197,614,0.29776674937966874,True,-1.1800150640220997,-0.11749207818563256,False,-4.006588200458938,0.04015300407870237,False,-0.31920819229616093,False,-0.17010522446354592,False,-0.5239520958083999,True,0.2473206924979321,1.9607843137254881
NVDA,100.0,Put,2024-09-18 10:57:00,2024-09-19 15:59:00,29.03,0.29,0.1,2024-09-18 10:57:00-04:00,2024-09-19 15:59:00-04:00,True,-0.6551724137931034,2024-09-18,2024-09-27,9,-0.6469979296066297,-1.8045267843332637,2.8391221406843172,0.08305649123269143,-0.8592675339852806,False,46.39522997257775,False,14.08080796291727,657,0.2854918245522864,True,1.0190101044699418,0.1293149324156584,False,-2.6020882304706783,0.14746155466610622,False,0.4685237243376772,True,-0.013684258541268868,True,-0.0589622641509413,True,-0.5654281098546043,13.171832942606581
NVDA,110.0,Put,2024-09-18 11:00:00,2024-09-19 15:59:00,28.98,0.71,0.05,2024-09-18 11:00:00-04:00,2024-09-19 15:59:00-04:00,True,-0.9295774647887324,2024-09-18,2024-09-20,2,-0.6469979296066297,-1.9074955491770431,3.001126330705196,0.07927712862738634,-0.877778585183327,False,46.39522997257775,False,14.08080796291727,660,0.2854918245522864,True,1.0190101044699418,0.1667435342533885,True,-2.6020882304706783,0.1980198019801982,True,0.47107930828861333,True,-0.17789536103636205,False,-0.0589622641509413,True,-0.7269789983845087,4.489016236867241
NVDA,100.0,Put,2024-09-18 14:08:00,2024-09-19 15:59:00,25.85,0.22,0.1,2024-09-18 14:08:00-04:00,2024-09-19 15:59:00-04:00,True,-0.5454545454545454,2024-09-18,2024-09-27,9,0.12077294685990392,0.30601092896174914,2.4262295081967142,-0.9031677571045504,2.589403278688549,True,68.75180084644671,False,-5.8594541514039875,848,0.2854918245522864,True,1.0190101044699418,-0.3636428140632031,False,-2.6020882304706783,-0.35812091847482463,False,-0.3450038333759231,False,-1.5691283127309275,False,-1.1939858490566113,False,-2.9079159935379795,13.837670170601415
NVDA,118.0,Put,2024-09-19 13:44:00,2024-09-20 11:20:00,21.6,0.76,2.15,2024-09-19 13:44:00-04:00,2024-09-20 11:20:00-04:00,True,1.8289473684210527,2024-09-19,2024-09-20,1,1.7341286749041451,9.198928029447043,1.2430983823576633,-0.5191312567295103,1.5694862936295624,True,55.15882584971189,True,1.9728367367406676,824,3.510628914174818,True,1.9205813651699932,-0.218910351832724,False,-1.258973341510039,-0.617475808623924,False,-1.3793390840521669,False,0.3026796047360447,False,-0.2608317635125257,False,0.6540084388185763,1.1601122419064414
NVDA,115.0,Put,2024-09-20 14:06:00,2024-09-20 15:03:00,0.95,0.14,0.05,2024-09-20 14:06:00-04:00,2024-09-20 15:03:00-04:00,True,-0.6428571428571428,2024-09-20,2024-09-20,0,-1.085597129677096,-5.092949360203824,11.337302836859086,0.9228837647945465,-2.77960896573446,False,36.186309155824326,True,3.0718394171315424,846,-0.6871977602443402,False,-3.9693040486901365,0.11622992392225084,False,-2.126670124666874,0.34196182462539193,True,1.1221840716857945,True,0.577355113000666,True,1.2935469645744435,True,-0.6307821698906757,0.6815834291971911
NVDA,120.0,Put,2024-09-25 15:14:00,2024-09-26 12:57:00,21.72,0.53,0.36,2024-09-25 15:14:00-04:00,2024-09-26 12:57:00-04:00,True,-0.3207547169811321,2024-09-25,2024-09-27,2,1.2047205376167769,6.560198909821248,6.470944502884922,0.13514694777073677,-0.09672500079693523,True,53.69550578037543,False,1.64841672062893,914,0.9514354264912539,True,-3.9652503010493723,0.20047624050144597,True,-1.4616299927184828,-0.20217023559021552,True,-0.6701475969247417,True,0.9032316630355752,True,0.11672016340824598,True,0.4215851602023646,2.8261397684022955
TSLA,230.0,Put,2024-09-26 13:21:00,2024-09-27 10:38:00,21.28,1.8,1.14,2024-09-26 13:21:00-04:00,2024-09-27 10:38:00-04:00,True,-0.3666666666666667,2024-09-26,2024-10-04,8,-3.0468150422102935,-10.272523126114725,11.76035708014894,1.4655046602793487,-4.3991472216317735,False,31.681529292025374,True,4.870208514873077,801,1.3928877130184647,True,-1.0815275101270228,0.7416434540389982,True,-1.5390096188101055,1.4796197579909576,True,2.5479452054794516,True,0.7846160823620218,True,1.1717054824244233,True,1.3445378151260456,8.968574368716851
NVDA,119.0,Put,2024-09-26 13:25:00,2024-09-27 10:38:00,21.22,0.38,0.25,2024-09-26 13:25:00-04:00,2024-09-27 10:38:00-04:00,True,-0.3421052631578947,2024-09-26,2024-09-27,1,-3.620159318558247,-11.51633541819742,13.711715263714355,2.1152790422354184,-5.75584938798185,False,30.82515480488979,True,10.60433969057469,805,2.6556554125171994,True,-2.1841648051625695,0.7033426183843949,True,-1.5390096188101055,1.4228672193282943,True,2.454011741682982,True,0.7030250805025284,True,1.070446983943285,True,1.17647058823529,2.6186579378068764
SPY,565.0,Put,2024-09-26 13:36:00,2024-09-27 10:38:00,21.03,0.62,0.24,2024-09-26 13:36:00-04:00,2024-09-27 10:38:00-04:00,True,-0.6129032258064516,2024-09-26,2024-09-30,4,-0.5431754874651862,-6.414379488083165,7.0517056551684725,0.16673934732943652,-1.4721905517130416,False,48.745338484799284,False,2.6354459795641247,816,0.7648586064135765,True,0.2205496236653226,0.5431754874651862,True,-1.5390096188101055,1.1755883008695345,True,2.0547945205479423,True,0.6020681210032297,True,0.853464487198019,True,0.588235294117645,1.0992858143117163
ROKU,71.0,Put,2024-09-30 09:35:00,2024-09-30 15:54:00,6.32,0.59,0.36,2024-09-30 09:35:00-04:00,2024-09-30 15:54:00-04:00,True,-0.38983050847457623,2024-09-30,2024-10-04,4,-0.8364312267657881,-2.624062834701865,3.123884327026052,0.31378002832161966,-0.8810686659526555,True,40.34704347488261,True,1.1904630125577853,575,1.2229539040451431,False,-0.9633649932157207,-0.12096350057853034,False,-0.5666520017598042,-0.23879122236403205,False,-0.4013925865246737,False,-0.06380457569958864,True,-0.014543339150652201,True,-0.23885350318472165,4.940420404337927
META,560.0,Put,2024-10-01 09:30:00,2024-10-01 11:19:00,1.82,1.58,3.9,2024-10-01 09:30:00-04:00,2024-10-01 11:19:00-04:00,True,1.4683544303797467,2024-10-01,2024-10-04,3,-0.0037191440779182905,-0.024804489530267478,,,2.446050317678775,True,60.26056716284927,False,-0.8010332441533023,570,0.987003004681708,True,-0.8953750705019914,0.003487966515514085,,-0.7179595204241052,0.014353085913465513,,-0.032569311566188475,,-0.013625834582375873,,-1.5400261513874858,,0.08149959250203231,3.125667632815137
QQQ,480.0,Put,2024-10-01 15:17:00,2024-10-01 15:26:00,0.15,0.11,0.06,2024-10-01 15:17:00-04:00,2024-10-01 15:26:00-04:00,True,-0.4545454545454546,2024-10-01,2024-10-01,0,-1.0662292392864425,-8.41618497109827,8.901734104046266,-0.30346574752868616,3.149174566473998,False,57.782171959105064,True,2.367227326902835,917,-0.07580879791833084,False,-0.2711864406779618,0.6121381234740153,False,-0.7179595204241052,1.0662292392864425,False,2.1821438749338395,False,0.8675114684107754,False,0.8135987214877294,False,5.378973105134466,0.5181347150259068
WMT,80.0,Put,2024-10-02 15:33:00,2024-10-03 10:53:00,19.33,0.41,0.25,2024-10-02 15:33:00-04:00,2024-10-03 10:53:00-04:00,True,-0.3902439024390244,2024-10-02,2024-10-04,2,-0.7717002099024595,-6.6748035700664206,6.6748035700664206,0.14089082184289836,-0.17997406362041585,False,51.65206024196433,False,4.36618246011345,933,-0.3445305770887197,False,-0.6439628482972193,-0.2642194077962401,False,0.4691055487484608,-0.5183612290782014,False,-1.6891750637621827,False,-0.2396423798331604,True,0.8538201089356878,True,-1.7006802721088454,0.4541778137248739
WMT,80.0,Put,2024-10-02 15:33:00,2024-10-03 10:53:00,19.33,0.84,0.69,2024-10-02 15:33:00-04:00,2024-10-03 10:53:00-04:00,True,-0.1785714285714286,2024-10-02,2024-10-04,2,-0.7717002099024595,-6.6748035700664206,6.6748035700664206,0.14089082184289836,-0.17997406362041585,False,51.65206024196433,False,4.36618246011345,933,-0.3445305770887197,False,-0.6439628482972193,-0.2642194077962401,False,0.4691055487484608,-0.5183612290782014,False,-1.6891750637621827,False,-0.2396423798331604,True,0.8538201089356878,True,-1.7006802721088454,0.4541778137248739
TSLA,255.0,Call,2024-10-02 15:50:00,2024-10-03 09:33:00,17.72,1.91,1.75,2024-10-02 15:50:00-04:00,2024-10-03 09:33:00-04:00,False,-0.08376963350785338,2024-10-02,2024-10-04,2,0.4280061374464905,-1.8145580377340185,12.35953682305621,0.6557933047262043,-0.3563689275277344,False,45.118777512653814,False,-2.777744124364652,950,-4.0151926207270705,False,-1.3798111837327598,0.29064134857585966,True,-0.4691055487484608,0.5454242651344865,True,1.7560730860894047,True,0.29264021383472727,True,-0.7507728544089542,False,-1.7762660619803583,2.52492762946285
SPY,565.0,Put,2024-10-03 14:31:00,2024-10-04 12:39:00,22.13,3.1,0.66,2024-10-03 14:31:00-04:00,2024-10-04 12:39:00-04:00,True,-0.7870967741935484,2024-10-03,2024-10-04,1,-0.06168922729836712,-0.5775101064268862,4.6077056348485295,0.07442340552968885,-0.6064186123257229,False,48.83984814808637,False,2.267925473511262,871,-0.2636852652673771,False,-0.04220744961485057,0.06168922729836712,True,0.20700301733210802,-0.20217200983865258,True,-0.935624094390386,True,0.09249410350089526,False,0.5357940169668063,False,1.1261261261261257,0.3544911024496907
SPY,565.0,Put,2024-10-03 15:53:00,2024-10-04 12:39:00,20.77,1.97,0.08,2024-10-03 15:53:00-04:00,2024-10-04 12:39:00-04:00,True,-0.9593908629441624,2024-10-03,2024-10-04,1,-0.037013536379026934,-0.5046950371655382,6.374778981339877,0.024877593298300305,-0.053632259282892905,False,54.82282188101427,False,-1.1646489703454606,953,-0.2636852652673771,False,-0.04220744961485057,0.037013536379026934,True,0.20700301733210802,-0.24179764038854135,True,-1.0805216311322585,True,0.18036350182675243,True,0.7441583568983501,True,1.8393393393393298,0.3790884245790315
SPY,580.0,Call,2024-10-04 15:29:00,2024-10-07 09:30:00,66.02,0.4,0.2,2024-10-04 15:29:00-04:00,2024-10-07 09:30:00-04:00,False,-0.5,2024-10-04,2024-10-09,5,-0.059404210710234384,0.8899025967957309,10.233879863149864,0.26413549578316875,3.817540802782254,True,66.34939615527591,True,13.147607120336907,929,0.7977880314184116,True,-0.1828217839187074,-0.059404210710234384,True,-0.7828062205136987,-0.17437685916503742,True,-0.7550200803212781,True,-0.17784668703542117,True,-0.5325443786982187,False,-1.1303692539562982,1.3968287267705126
SPY,566.0,Put,2024-10-04 16:00:00,2024-10-07 09:30:00,65.5,0.36,0.23,2024-10-04 16:00:00-04:00,2024-10-07 09:30:00-04:00,True,-0.36111111111111105,2024-10-04,2024-10-07,3,0.09784222940507625,1.2282048470225873,0.9869503235004893,-0.34393946149480215,4.099892532075801,True,71.05987891083505,False,-6.488861374926159,960,0.7977880314184116,True,0.1828217839187074,-0.09784222940507625,False,0.7828062205136987,-0.008205969843055883,False,0.4859437751004059,False,0.04560171462446583,False,0.3254437869822491,False,-1.4694800301431776,1.2061231257963674
SPY,563.0,Put,2024-10-07 09:54:00,2024-10-08 09:30:00,23.6,0.45,0.13,2024-10-07 09:54:00-04:00,2024-10-08 09:30:00-04:00,True,-0.711111111111111,2024-10-07,2024-10-08,1,-0.03500787677226391,-0.5589045470875256,1.5369875044910923,0.0167974757242062,1.4609708970417246,False,55.653657612165546,True,1.1072788256203268,594,-0.2932039512723028,True,-0.9087386847944634,0.03500787677226391,True,-0.2642308432638574,0.01854064521445986,True,-0.5496288484160061,False,0.3750457372850291,True,0.07456009543691522,False,0.6766917293232977,1.4183155314305764
QQQ,491.0,Put,2024-10-10 11:10:00,2024-10-10 12:15:00,1.08,0.78,0.2,2024-10-10 11:10:00-04:00,2024-10-10 12:15:00-04:00,True,-0.7435897435897436,2024-10-10,2024-10-10,0,0.24241621676681646,1.4940046456148637,0.42701990080984936,-0.16011742434238752,0.37248038169379655,False,55.79151094223498,False,0.583117512990988,670,-0.4663895366521231,True,-0.7868383404864066,-0.03126248328326753,False,-1.4555426642759217,-0.24241621676681646,False,-0.7762068828957247,False,-0.19916628068550324,False,-0.49955921245961044,False,0.0,0.2113446490823181
QQQ,491.0,Put,2024-10-10 13:14:00,2024-10-10 13:35:00,0.35,0.42,0.18,2024-10-10 13:14:00-04:00,2024-10-10 13:35:00-04:00,True,-0.5714285714285714,2024-10-10,2024-10-10,0,0.29744321075684255,2.4221166265745064,3.5834054201377175,-0.005447608552144878,0.17434594556164643,False,41.61265693397593,True,17.521157236909723,794,-0.4663895366521231,True,-0.7868383404864066,0.04170067909060604,True,-1.4555426642759217,-0.29744321075684255,False,-0.6336382717516242,False,0.011579434923580934,False,-0.2791654422568346,False,1.488095238095255,0.26609250269139406
QQQ,490.0,Put,2024-10-14 09:31:00,2024-10-14 14:40:00,5.15,2.1,1.48,2024-10-14 09:31:00-04:00,2024-10-14 14:40:00-04:00,True,-0.2952380952380953,2024-10-14,2024-10-21,7,0.014119735355810903,0.40162288430798554,,,5.401713044547488,True,69.49992079083265,True,-11.375535195624863,571,0.48646019134099827,True,-0.15631661219270843,0.003441037816998005,,-1.1518726657125944,-0.014119735355810903,,0.007736345350450868,,0.013547076089415189,,-0.0704721634954053,,0.1519756838905817,1.1758062239073843
QQQ,493.0,Put,2024-10-14 09:56:00,2024-10-14 14:38:00,4.7,0.15,0.02,2024-10-14 09:56:00-04:00,2024-10-14 14:38:00-04:00,True,-0.8666666666666667,2024-10-14,2024-10-14,0,0.4155236404711937,5.2530919291087255,0.7905138339920947,-0.19591295386232055,6.7047813336732744,True,86.90199995800445,False,-4.185229629311692,596,0.48646019134099827,True,-0.15631661219270843,-0.2623791335466752,False,-1.1518726657125944,-0.4155236404711937,False,-1.0908246944143496,False,0.20320614134115011,True,0.5919661733615245,True,-0.22796352583586144,0.968221445502389
SPY,590.0,Call,2024-10-15 12:37:00,2024-10-16 09:46:00,21.15,0.46,0.1,2024-10-15 12:37:00-04:00,2024-10-16 09:46:00-04:00,False,-0.782608695652174,2024-10-15,2024-10-18,3,-0.36777912725157735,4.641194066672929,2.568846948530743,-0.07024626763322273,-1.7340364511055544,False,50.43617496915202,True,10.010082601064795,757,0.04620755750273098,True,0.8178336036440248,-0.36777912725157735,False,2.9094751673124586,-1.0987686559668863,False,-4.55938697318008,False,1.2175944646628079,True,0.2519244226731887,True,2.8458498023715473,1.2979877755648555
SPY,570.0,Put,2024-10-15 12:48:00,2024-10-16 09:45:00,20.95,0.84,1.05,2024-10-15 12:48:00-04:00,2024-10-16 09:45:00-04:00,True,0.25,2024-10-15,2024-10-18,3,-0.45673035802871187,-5.59874185576297,6.248783045008726,0.1569256019788301,-2.584836366359751,False,43.259818766973844,False,-6.322816695059942,768,0.04620755750273098,True,-0.8178336036440248,0.45673035802871187,True,-2.9094751673124586,1.1871522407247426,True,4.620689655172416,True,-1.1973761063934996,False,-0.09797060881735487,True,3.122529644268779,2.048391531481984
MSFT,390.0,Put,2024-10-15 12:50:00,2024-10-16 09:35:00,20.75,0.48,0.55,2024-10-15 12:50:00-04:00,2024-10-16 09:35:00-04:00,True,0.14583333333333348,2024-10-15,2024-10-25,10,-1.3074372335385998,-8.571523641566657,9.006311072660665,0.3628932917753347,-2.6475200479154246,False,45.45837276611672,False,-4.533502151072312,770,0.7300663262871598,True,-0.6773635664873101,0.4704151627636488,True,-2.9094751673124586,1.199204547737176,True,4.655172413793107,True,-1.1906815833220952,False,-0.0558432470258996,True,3.4782608695652195,6.402995104156668
SPY,570.0,Put,2024-10-15 12:56:00,2024-10-16 09:45:00,20.82,0.42,0.47,2024-10-15 12:56:00-04:00,2024-10-16 09:45:00-04:00,True,0.11904761904761907,2024-10-15,2024-10-18,3,-0.49607417164165835,-6.54131825285578,7.240562617816108,0.19305730179932645,-3.068306829715958,False,40.329039459788184,True,-3.391950347489832,776,0.04620755750273098,True,-0.8178336036440248,0.49607417164165835,True,-2.9094751673124586,1.2675009541409765,True,4.881226053639853,True,-1.0872983780383816,False,-0.006997900629812648,True,3.438735177865615,2.00966150355001
AAPL,230.0,Put,2024-10-15 14:00:00,2024-10-16 09:45:00,19.75,0.75,1.45,2024-10-15 14:00:00-04:00,2024-10-16 09:45:00-04:00,True,0.9333333333333333,2024-10-15,2024-10-18,3,0.068493150684934,0.46624898528400255,10.869429469433594,0.7375851264779687,-4.314720562829112,True,33.93975624035298,True,9.272718724341708,840,0.99437959360138,True,-1.6479894528675043,0.617526813664282,True,-2.9094751673124586,1.3275415302412497,True,5.015325670498083,True,-0.9300444803881813,False,0.23792862141357451,True,3.913043478260869,1.6084873374401059
COIN,190.0,Put,2024-10-17 09:31:00,2024-10-18 09:59:00,24.47,0.63,0.02,2024-10-17 09:31:00-04:00,2024-10-18 09:59:00-04:00,True,-0.9682539682539683,2024-10-17,2024-10-18,1,0.019124115509661088,0.06914092401905034,,,0.42394448971532817,True,46.845411404008914,True,-2.088647093906758,571,-0.6271379703534752,True,-7.201792808393592,-0.0068269870799442245,,-0.8940638319991701,-0.004028846541226372,,-0.007817080320493552,,0.013221100877003344,,-0.1404099971917816,,0.0,9.17782026768642
COIN,185.0,Put,2024-10-21 09:33:00,2024-10-21 11:27:00,1.9,0.66,0.73,2024-10-21 09:33:00-04:00,2024-10-21 11:27:00-04:00,True,0.10606060606060597,2024-10-21,2024-10-25,4,-0.06499837504061468,-0.2246392591488697,,,-3.5991702100835736,False,30.66719861346799,True,16.391986088150247,573,-2.1888197629535533,True,-7.840352595494626,0.0034254200421246495,,-0.8644190620794356,-0.006082478407187786,,0.19521912350598525,,0.013296104241455886,,-0.49666524762308484,,0.0,14.0534262485482
MSFT,410.0,Put,2024-10-22 09:30:00,2024-10-23 12:35:00,27.08,0.66,0.16,2024-10-22 09:30:00-04:00,2024-10-23 12:35:00-04:00,True,-0.7575757575757576,2024-10-22,2024-10-25,3,-0.02867589074485588,-0.1868535201868609,,,0.5372038705372473,True,47.85451927065478,True,0.39553221402761096,570,-0.07402454749508847,True,-0.14826860531853558,-0.008605111436210677,,0.11808598028478778,0.004059100503339685,,0.05172482393667188,,0.009030568474288625,,0.313390313390316,,-0.15564202334630295,1.9959364168758271
META,550.0,Put,2024-10-23 12:40:00,2024-10-24 14:12:00,25.53,0.66,0.19,2024-10-23 12:40:00-04:00,2024-10-24 14:12:00-04:00,True,-0.7121212121212122,2024-10-23,2024-10-25,2,-1.8439936521079225,-9.05652613297361,13.52972145403069,1.377171723313031,-7.19516686737155,False,21.12577572885506,True,25.51833794368683,760,-0.3934640298276615,False,-1.1909729466583308,0.5212813542992745,True,-0.6105764255407431,0.8549779164471749,True,0.44320223597523745,True,0.3988092532836385,True,0.2279851809632527,True,2.6604068857589924,3.3442876473999563
CVNA,190.0,Put,2024-10-23 13:00:00,2024-10-24 14:08:00,25.13,0.55,0.16,2024-10-23 13:00:00-04:00,2024-10-24 14:08:00-04:00,True,-0.7090909090909091,2024-10-23,2024-10-25,2,-0.25284450063209896,-0.9929078014183857,6.45390070921986,0.37617123230726524,-0.9234042553191156,True,47.81971784449158,False,7.609867584457277,780,0.2026855839878383,True,-3.0548302872062782,0.5350445583731878,True,-0.6105764255407431,0.9015762389075754,True,0.5749650628868008,True,0.47720765350179883,True,0.29923055001426224,True,2.9733959311424085,-381.62230671736376
WMT,80.0,Put,2024-10-23 15:32:00,2024-10-24 14:12:00,22.67,0.15,0.12,2024-10-23 15:32:00-04:00,2024-10-24 14:12:00-04:00,True,-0.19999999999999996,2024-10-23,2024-11-01,9,1.5997069239223283,10.789504647605643,1.1522532062595399,-0.532272937929501,2.829436404282907,True,60.093781284276815,True,6.167013246172402,932,-0.15849792733478862,True,-1.4973394381883276,0.6847194026769476,True,-0.6105764255407431,1.2145954050002072,True,0.9063685366340501,True,0.42721447075398933,True,0.32772869763465495,True,3.6776212832550836,3.8461538461538494
TSLA,250.0,Put,2024-10-25 09:51:00,2024-10-25 12:11:00,2.33,0.14,0.06,2024-10-25 09:51:00-04:00,2024-10-25 12:11:00-04:00,True,-0.5714285714285715,2024-10-25,2024-10-25,0,4.6678254755673665,7.2971980389762905,0.9036847706614083,-1.5850153273807788,6.662891812202395,True,86.74746473547657,False,-20.560184609992703,591,-1.7160626535626666,True,-21.919026445120537,-0.24419184536808025,False,0.534043101227788,-0.595791089388853,False,-0.7525050497049213,False,0.13781573358637722,False,-0.532297511149471,False,-0.9302325581395432,6.702527727075788
MSFT,400.0,Put,2024-10-28 09:30:00,2024-10-28 15:02:00,5.53,1.3,1.48,2024-10-28 09:30:00-04:00,2024-10-28 15:02:00-04:00,True,0.1384615384615384,2024-10-28,2024-11-01,4,-0.04403346543372377,-0.5284488239033475,,,-1.1072782898917937,True,48.52509231151361,True,1.1121619815390886,570,0.7801004320915572,True,-0.8052174322510597,-0.0,,0.9493833284866415,-0.008024716125665243,,0.08688097306689402,,0.004529190633628666,,,,0.0,7.257129608161375
TSLA,242.5,Put,2024-10-28 10:16:00,2024-10-28 15:46:00,5.5,0.61,0.92,2024-10-28 10:16:00-04:00,2024-10-28 15:46:00-04:00,True,0.5081967213114755,2024-10-28,2024-11-01,4,-0.15558436747546978,-0.2686415782235963,0.876283243253129,-0.36765660133530886,-0.47261984932317497,True,48.746951285400044,False,7.112627734494637,616,0.2823284668821202,True,-3.343826781326764,0.11844680193633383,True,0.9493833284866415,0.19660554507883177,False,0.1974567569702268,False,-0.5887947823723927,False,-0.14279594459516431,True,-1.1094108645753553,10.028568248432448
SPY,568.0,Put,2024-10-28 14:45:00,2024-10-29 14:32:00,23.78,0.99,0.66,2024-10-28 14:45:00-04:00,2024-10-29 14:32:00-04:00,True,-0.33333333333333326,2024-10-28,2024-11-04,7,-0.24461839530331986,-4.47570332480792,5.009646879346655,0.08553461515039551,-0.9740261138779992,True,43.86784074308687,True,3.61937686713447,885,0.6044487427466105,False,0.03452800220979935,0.24461839530331986,True,0.9493833284866415,0.5115756530112647,True,0.7108443250928076,True,-0.7246705013814081,False,-0.17135513351420606,True,-1.377199693955622,2.256868261875878
AMD,145.0,Put,2024-10-29 09:30:00,2024-10-29 15:19:00,5.82,1.08,0.56,2024-10-29 09:30:00-04:00,2024-10-29 15:19:00-04:00,True,-0.4814814814814815,2024-10-29,2024-11-01,3,-0.018621973929233704,-0.1032270749870989,,,-0.4387701231351956,True,49.17976264975982,False,-13.796592323557945,570,0.737868934467234,True,-2.3619023234974,-0.0017245244623875777,,0.47975600980072475,0.0040345356249527065,,0.07939658594681154,,-0.004530216544340604,,,,-0.15313935681471325,9.977028621096414
SPY,576.0,Put,2024-10-29 09:31:00,2024-10-29 14:32:00,5.02,1.3,0.29,2024-10-29 09:31:00-04:00,2024-10-29 14:32:00-04:00,True,-0.7769230769230769,2024-10-29,2024-10-30,1,0.0017245244623875777,0.04306234812828728,,,-1.8551948571250336,False,47.7998283354406,False,4.287170005447351,571,-0.16528071897113916,False,-0.30913235700471553,-0.0017245244623875777,,0.47975600980072475,0.0040345356249527065,,0.07939658594681154,,-0.004530216544340604,,,,-0.15313935681471325,0.6691039525419045
SPY,580.0,Put,2024-10-30 11:21:00,2024-10-30 15:27:00,4.1,0.43,0.54,2024-10-30 11:21:00-04:00,2024-10-30 15:27:00-04:00,True,0.2558139534883721,2024-10-30,2024-10-30,0,0.12214213215435699,1.5781034181657208,2.1337736358296784,-0.06467400800524992,0.22567323415947263,False,48.98993284991795,True,5.652036173570728,681,-0.08250683259707348,True,-0.16183737065922355,-0.12214213215435699,False,0.2657203593225077,0.14217345161096073,True,0.07547469611504098,False,-0.9484326231510298,False,-0.90818788136795,True,-0.22970903522205877,0.3436426116838488
WMT,81.0,Put,2024-10-30 15:37:00,2024-10-31 09:43:00,18.1,0.29,0.16,2024-10-30 15:37:00-04:00,2024-10-31 09:43:00-04:00,True,-0.4482758620689654,2024-10-30,2024-11-01,2,-0.08578431372547879,-1.1302041287047766,4.843731980163755,0.11671828920042371,-1.766379886979647,False,44.65604238868023,False,14.030053609439193,937,-0.1223990208078396,False,1.2688821752265822,0.13934524935917958,True,0.2657203593225077,0.46857165742204554,True,0.44887582426312855,True,-0.42520468629845265,True,-1.0642826734780675,True,0.9954058192955584,0.6500674598307385
TSLA,247.5,Put,2024-11-01 14:39:00,2024-11-01 15:27:00,0.8,0.49,0.02,2024-11-01 14:39:00-04:00,2024-11-01 15:27:00-04:00,True,-0.9591836734693877,2024-11-01,2024-11-01,0,-1.3917014095691904,-5.632978234915969,9.088300119386547,0.7802061554309181,-1.9727991551106585,False,51.20746337693549,False,-6.359412781333376,879,0.8004802881729001,False,2.9897107357794717,-0.12077294685990392,True,1.829984117118988,-0.4737188993244379,True,-0.45046889717024197,True,0.26879271070615607,True,-0.14341029685931428,True,0.0,0.34025247136040543
ROKU,68.0,Call,2024-11-04 09:31:00,2024-11-04 09:42:00,0.18,0.79,1.26,2024-11-04 09:31:00-05:00,2024-11-04 09:42:00-05:00,False,0.5949367088607593,2024-11-04,2024-11-08,4,0.2630764469204516,-0.8953427131141533,,,-3.792808667519402,True,34.77331066161818,False,4.083642223670438,571,-1.6438356164383494,False,2.528089887640461,0.0,,-1.381597126277978,0.0,,-0.24458847988259036,,0.004576659038901809,,,,0.14398848092151972,4.954468282142296
AVGO,160.0,Put,2024-11-04 10:00:00,2024-11-05 09:30:00,23.5,0.88,0.64,2024-11-04 10:00:00-05:00,2024-11-05 09:30:00-05:00,True,-0.2727272727272727,2024-11-04,2024-11-08,4,1.2346408317580382,2.4287196513799616,0.7321020958705082,-0.374477579433119,2.4132967005602888,True,65.67677655571583,False,-15.521284610746648,600,0.21311863604074333,False,0.5006773870530834,-0.05952589376378992,False,1.381597126277978,-0.06908097448747874,False,-0.06522359463536631,False,-0.42562929061784605,False,0.02869440459110084,False,-1.295896328293733,6.6347668786835525
CVNA,190.0,Put,2024-11-04 11:36:00,2024-11-04 15:04:00,3.47,0.85,0.98,2024-11-04 11:36:00-05:00,2024-11-04 15:04:00-05:00,True,0.15294117647058814,2024-11-04,2024-11-15,11,0.26490066225166586,0.42639593908631085,1.4923857868020374,-1.2246188653768586,0.6431472081218186,False,54.34440484410644,True,-6.17722137441082,696,-1.1348756001746008,True,7.359482410028306,0.1365594033404527,True,1.381597126277978,-0.13351957602401043,False,-0.40764746647099503,False,-1.116704805491997,False,0.14347202295553751,True,-2.393808495320382,-318.3179216204315
META,550.0,Put,2024-11-05 09:30:00,2024-11-06 13:55:00,28.42,2.8,1.0,2024-11-05 09:30:00-05:00,2024-11-06 13:55:00-05:00,True,-0.6428571428571428,2024-11-05,2024-11-08,3,0.007050570214861551,0.054942898630301946,,,6.9573395863585,True,78.1517360443193,False,-15.967483535074976,570,1.1860597845473553,False,1.1425347344664716,-0.015769277942290216,,1.8972849198560793,0.0020508193023127674,,-0.2201427115188448,,0.004559131941272998,,,,-0.07547169811320531,3.0614942630029796
NFLX,720.0,Put,2024-11-05 10:40:00,2024-11-06 13:54:00,27.23,0.66,0.12,2024-11-05 10:40:00-05:00,2024-11-06 13:54:00-05:00,True,-0.8181818181818182,2024-11-05,2024-11-08,3,0.8319028126237971,2.5128205128204915,0.9572649572649355,-0.4189487998694785,2.3867806267806158,True,64.22047402712744,False,-2.821188506906495,640,0.23825281270681842,True,0.07935458272715357,-0.7008567974348567,False,1.8972849198560793,-0.6460285884210659,False,-1.1172273190621862,False,-1.0486003464940108,False,-1.1669788214954568,False,-2.528301886792461,-842.9020429544264
NFLX,735.0,Put,2024-11-06 09:30:00,2024-11-06 13:54:00,4.4,0.5,0.24,2024-11-06 09:30:00-05:00,2024-11-06 13:54:00-05:00,True,-0.52,2024-11-06,2024-11-08,2,0.05184705119896105,0.3544303797467653,,,2.7007594936708905,True,51.88015784052884,True,25.243572479558843,570,0.9948946197146258,True,-1.1118464592984934,-0.005091649694488609,,0.8714784193065928,-0.007991050023981039,,0.11494708470410897,,0.008452728118002462,,0.1094091903719896,,0.021877050973517775,-852.195880295375
MSTR,200.0,Put,2024-11-06 13:59:00,2024-11-07 12:50:00,22.85,1.44,0.57,2024-11-06 13:59:00-05:00,2024-11-07 12:50:00-05:00,True,-0.6041666666666667,2024-11-06,2024-11-15,9,-1.0250000000000092,-1.6947612753180987,2.4578807989134774,-1.839715683425669,3.0145345198025013,True,62.044477883619294,False,-3.6774359620754495,839,14.135206321334493,True,-2.157047401228751,-0.19008825526136697,False,0.8714784193065928,-0.8090938149272864,False,-0.8561575964168178,False,-0.13524364988799498,False,-1.1077680525164224,False,0.15313935681469104,22.280296112071806
MSTR,245.0,Put,2024-11-07 12:51:00,2024-11-08 13:27:00,24.6,0.51,0.03,2024-11-07 12:51:00-05:00,2024-11-08 13:27:00-05:00,True,-0.9411764705882353,2024-11-07,2024-11-08,1,7.457165109034269,9.453555573578017,0.02468291272475242,-4.518310555917293,6.669291424098291,True,82.97946547741142,False,-12.494261606385038,771,-0.39176137465575245,True,-13.173836698858654,-0.40213799150199403,False,-1.9016913501491262,-0.8713611329661752,False,-0.8204651882812719,False,-0.1984043226814336,False,1.0425073984396072,True,-1.3768598711969893,11.215799963761548
AMD,140.0,Put,2024-11-11 09:35:00,2024-11-12 09:30:00,23.92,0.7,0.41,2024-11-11 09:35:00-05:00,2024-11-12 09:30:00-05:00,True,-0.41428571428571426,2024-11-11,2024-11-15,4,-0.7192292034197356,-3.0647859399846955,3.1515251647012468,0.10695673941242267,-2.9489775097581483,False,27.73093054588169,True,2.8722873103896447,575,-0.38526529232848494,True,1.2481644640234935,0.047514254276292966,True,-4.754483048472968,0.06791369140018988,True,0.8529776674938039,True,-0.2702477964410255,False,-0.48926338678989545,False,-0.22857142857143353,4.319300164024052
CVNA,220.0,Put,2024-11-12 09:32:00,2024-11-13 09:40:00,24.13,0.3,0.18,2024-11-12 09:32:00-05:00,2024-11-13 09:40:00-05:00,True,-0.4,2024-11-12,2024-11-15,3,-0.22267206477732948,-0.7162790697674363,,,-3.9252093023256305,False,40.29699395957915,False,26.595845161186432,572,-1.2197560487902437,True,-2.332719459791277,0.005010856856535462,,-5.080640915392864,1.946472019120904e-05,,-0.0,,-0.0,,,,-0.04517732098486826,-346.3379995942382
META,520.0,Put,2024-11-19 14:18:00,2024-11-20 10:25:00,20.12,0.31,0.27,2024-11-19 14:18:00-05:00,2024-11-20 10:25:00-05:00,True,-0.12903225806451601,2024-11-19,2024-11-22,3,1.0799840539267302,8.83019027663119,1.2000761953138823,-0.6078447474709314,3.832468516519557,True,66.2374325283024,True,0.3387611757951845,858,-0.45815295815294643,False,-0.057753393011839016,-1.0441073352602137,False,1.7719954572783747,-1.2745768163724858,False,-1.2567399419328051,False,-1.7299969107197999,False,-1.107994389901834,False,-4.651331698438876,6.779964863217534
AVGO,157.5,Put,2024-11-21 10:27:00,2024-11-22 10:22:00,23.92,0.53,0.02,2024-11-21 10:27:00-05:00,2024-11-22 10:22:00-05:00,True,-0.9622641509433962,2024-11-21,2024-11-22,1,-2.6917293233082673,-3.4514863703475185,3.5209017386897057,1.1364404888518975,-1.543024967495978,False,38.551298161520386,True,34.115316039068404,627,1.8376722817764257,False,1.270033262775927,0.7195989214694887,True,1.1202464877174911,1.2780499367888831,True,1.5599543825350337,True,-0.24552033080633695,False,-0.35901684617509755,False,4.355400696864109,2.6425591098748296
SPY,585.0,Put,2024-11-22 10:38:00,2024-11-25 12:11:00,73.55,0.28,0.01,2024-11-22 10:38:00-05:00,2024-11-25 12:11:00-05:00,True,-0.9642857142857143,2024-11-22,2024-11-25,3,0.03790048175724703,0.23690801200336367,2.3648684220422065,0.1570907464286675,0.306217819995077,True,46.864001086986896,True,18.868644740565564,638,-0.00168443748209679,True,-0.5368331922099845,-0.03790048175724703,True,-0.05393106935196457,0.20618556701029744,True,0.7887140708216389,True,-0.46681378373791826,False,-0.7696536558548406,False,-0.8352966373955883,1.4960808910816052
QQQ,506.0,Put,2024-11-25 09:47:00,2024-11-25 12:47:00,3.0,0.25,1.94,2024-11-25 09:47:00-05:00,2024-11-25 12:47:00-05:00,True,6.76,2024-11-25,2024-11-25,0,0.20788389880368463,1.6601409553641235,0.7713390759592834,-0.17592197004825394,3.0280187940484846,True,69.64874060698627,False,-0.46467153262678096,587,0.8125902054212153,True,-0.1604023921739417,-0.16012810248198228,False,-1.666239863422958,-0.20788389880368463,False,0.28414856910898845,False,-0.48449211147458815,False,-0.8748317631224856,False,-0.3429355281207136,0.9707217786128033
QQQ,500.0,Put,2024-11-25 12:20:00,2024-11-26 15:41:00,27.35,1.69,0.62,2024-11-25 12:20:00-05:00,2024-11-26 15:41:00-05:00,True,-0.6331360946745562,2024-11-25,2024-11-26,1,-0.7923122180819697,-6.618300959513257,9.161596068336149,0.4422166294265284,-3.8897523987831057,False,33.73533608749267,True,4.152156067504819,740,0.8125902054212153,True,-0.1604023921739417,0.4953963170536424,True,-1.666239863422958,0.7923122180819697,True,0.8849198295108662,False,-0.5797341504824027,True,-1.1574697173620363,True,1.7375400091449444,1.158423279168152
PDD,100.0,Put,2024-11-27 13:07:00,2024-11-29 09:37:00,44.5,1.38,2.87,2024-11-27 13:07:00-05:00,2024-11-29 09:37:00-05:00,True,1.0797101449275366,2024-11-27,2024-11-29,2,-2.419038272816487,-15.086338797814268,15.086338797814268,0.5176198805606047,-3.517240655737794,False,38.66940138452353,True,3.172730683825421,787,2.60799516664989,False,1.3705432515642046,0.3597182207271121,True,-1.7533457563950527,0.8855304327292091,True,1.8317616623550026,True,0.3963059377711575,True,0.4006410256410242,True,1.812688821752273,-0.5682103886961308
UNH,605.0,Put,2024-11-27 13:08:00,2024-11-29 09:31:00,44.38,1.35,0.34,2024-11-27 13:08:00-05:00,2024-11-29 09:31:00-05:00,True,-0.7481481481481482,2024-11-27,2024-11-29,2,-0.3829599201348399,-2.6253576208297185,9.828261862593639,0.8354791756046032,-4.531391936401674,True,30.125080192955906,True,23.999423741712256,788,0.6987590434911706,True,-0.15846029414190443,0.3597182207271121,True,-1.7533457563950527,0.8855304327292091,True,1.8317616623550026,True,0.3963059377711575,True,0.4006410256410242,True,1.812688821752273,0.6062199148992187
NVDA,134.0,Put,2024-11-27 15:40:00,2024-11-29 11:52:00,44.2,0.71,0.01,2024-11-27 15:40:00-05:00,2024-11-29 11:52:00-05:00,True,-0.9859154929577465,2024-11-27,2024-11-29,2,-0.39256351381379284,-1.7426840152191299,9.009347550378154,-0.7948780748740392,2.9349429282727737,False,55.36065165768747,True,2.6432661453087576,940,-1.394975167981305,False,-0.6616674018526503,0.3355704697986517,True,-1.7533457563950527,0.6651317472499363,False,0.9680380539097033,False,0.45865873311019545,True,0.6276709401709435,True,0.06971880083663784,0.3569303985722708
TSLA,320.0,Put,2024-11-27 15:58:00,2024-11-29 09:32:00,41.57,0.28,0.07,2024-11-27 15:58:00-05:00,2024-11-29 09:32:00-05:00,True,-0.75,2024-11-27,2024-11-29,2,-2.625453481568185,-11.094027056621126,12.021228497757077,0.05352803296522213,0.4882964218854673,False,48.51161279001879,True,10.893272440419139,958,1.0554947816574511,False,0.10632328184528861,0.30812530184688436,True,-1.7533457563950527,0.64938898400142,False,0.7927897855295019,False,0.4379984298169548,True,0.5608974358974339,True,-0.0002323960027972305,3.8537230542547354
AMD,127.0,Put,2024-12-02 09:31:00,2024-12-03 14:51:00,29.33,0.17,0.04,2024-12-02 09:31:00-05:00,2024-12-03 14:51:00-05:00,True,-0.7647058823529411,2024-12-02,2024-12-06,4,0.03619351563066697,0.14705201338752116,,,0.10633127749600951,True,42.91486738534889,True,14.411609319322025,571,0.506652086750492,False,-0.6862889019377594,-0.0,,-1.495780484107323,-0.013698362067282588,,-0.11095130470515358,,0.020640686922068774,,,,0.2381519409383248,7.917566645567471
PLTR,66.0,Put,2024-12-02 12:17:00,2024-12-03 14:51:00,26.57,1.15,0.19,2024-12-02 12:17:00-05:00,2024-12-03 14:51:00-05:00,True,-0.8347826086956521,2024-12-02,2024-12-06,4,-0.88048635824437,-3.1218596267227623,5.435127117052848,0.10632239856750436,-1.2560832175448022,False,48.57335663765934,True,0.0002530445003827708,737,0.5366726296958779,True,-1.559424678274035,-0.1509196145745184,False,-1.495780484107323,-0.9745406156435266,False,-2.260119169919861,False,0.2249834874504697,False,0.29407833177382825,False,-0.4286734936889691,1.2658909556564115
TSLA,330.0,Put,2024-12-02 12:18:00,2024-12-03 14:51:00,26.55,1.05,0.87,2024-12-02 12:18:00-05:00,2024-12-03 14:51:00-05:00,True,-0.17142857142857149,2024-12-02,2024-12-06,4,1.0794020027800721,2.6835325706398288,1.7384777363014714,-0.4125923496058004,1.7892074334909975,True,61.27871261196653,False,0.6998362974780292,738,2.1294472128867703,True,-3.685902249992501,-0.1509196145745184,False,-1.495780484107323,-0.9745406156435266,False,-2.260119169919861,False,0.2249834874504697,False,0.29407833177382825,False,-0.4286734936889691,7.385319169835679
QQQ,508.0,Put,2024-12-02 12:25:00,2024-12-03 14:50:00,26.42,0.38,0.08,2024-12-02 12:25:00-05:00,2024-12-03 14:50:00-05:00,True,-0.7894736842105263,2024-12-02,2024-12-04,2,1.0215064284456288,13.479912937617504,0.07747076400922515,-0.4237595648280301,7.3332947209205575,True,72.38766743403694,False,2.7625459826653014,745,0.249146623768981,True,-0.8786859291509908,-0.1567242151350623,False,-1.495780484107323,-1.0215064284456288,False,-2.3628518594616787,False,0.2807133421400265,False,0.30784654457960414,False,-0.4524886877828149,1.5942506247215424
MSFT,435.0,Put,2024-12-04 11:07:00,2024-12-05 13:13:00,26.1,1.47,0.15,2024-12-04 11:07:00-05:00,2024-12-05 13:13:00-05:00,True,-0.8979591836734694,2024-12-04,2024-12-06,2,1.1992010713955947,4.404657333422181,1.1843850902328017,-0.25083580533984406,2.055352965051811,True,56.94488303229722,True,10.414327635089506,667,0.43599257884971987,True,-0.05104645227156368,-0.12549537648611775,False,-1.0677288169631538,-0.31134686346863116,False,0.1784085953296599,False,-0.4203429332445552,False,0.7376109215017079,True,0.16361862960254658,0.7469080380173596
NFLX,885.0,Put,2024-12-04 11:10:00,2024-12-05 15:50:00,28.67,1.09,0.21,2024-12-04 11:10:00-05:00,2024-12-05 15:50:00-05:00,True,-0.8073394495412844,2024-12-04,2024-12-06,2,1.480904130943106,4.848958333333341,1.3854166666666539,-0.3478464518209323,2.2903124999999793,True,57.779637624058196,True,0.0,670,-0.4544446907559285,True,-0.5012810515762522,-0.11063408190223889,False,-1.0677288169631538,-0.305581180811787,False,0.21805494984735718,False,-0.27467954053603805,True,0.7508532423208147,True,0.17069007559131766,-871.0335747202107
TSLA,370.0,Put,2024-12-06 09:30:00,2024-12-06 14:28:00,4.97,1.5,0.04,2024-12-06 09:30:00-05:00,2024-12-06 14:28:00-05:00,True,-0.9733333333333334,2024-12-06,2024-12-06,0,0.007947651468986905,0.0352938210602951,,,3.3458589423618745,True,59.66047647084691,True,26.626754386460206,570,2.1597336869739525,True,-3.229681781353899,0.003292506255780925,,-1.3075497219578125,-0.005742066378289223,,-0.12909472325317584,,0.05421410400766602,,-1.3800717637317161,,0.0,1.9867549668874174
QQQ,508.0,Put,2024-12-09 11:12:00,2024-12-10 12:32:00,25.33,0.48,0.22,2024-12-09 11:12:00-05:00,2024-12-10 12:32:00-05:00,True,-0.5416666666666666,2024-12-09,2024-12-13,4,-0.7706402816097246,-5.35282456007856,6.410146514613827,0.5484511620544974,-4.8913748961560115,False,18.090648164476022,True,28.752091240505017,672,-0.17664488679532964,True,-0.8949617676932364,0.49696391252119776,True,-0.8729566011119294,0.7706402816097246,True,0.11371943790106087,True,1.0512991062149313,True,0.44649086089020296,True,2.7243979567015186,2.588667802237359
RDDT,155.0,Put,2024-12-09 12:46:00,2024-12-10 12:57:00,24.18,1.98,3.5,2024-12-09 12:46:00-05:00,2024-12-10 12:57:00-05:00,True,0.7676767676767677,2024-12-09,2024-12-13,4,-2.2332361516035015,-2.063204392678359,7.040752326972874,0.056253224850755235,0.5079576893034079,True,60.09597761438317,False,-13.118913611662258,766,5.369869746866551,True,-6.3165458227186555,0.30854547548915257,True,-0.8729566011119294,0.49281704880599353,True,-0.2521322394606562,True,0.6318852629391025,True,0.05581135761127953,True,0.7054244709316482,7.556509810938146
RDDT,150.0,Put,2024-12-09 13:40:00,2024-12-10 12:37:00,22.95,0.57,1.5,2024-12-09 13:40:00-05:00,2024-12-10 12:37:00-05:00,True,1.6315789473684212,2024-12-09,2024-12-13,4,0.4110787172011632,0.5315482217100106,6.4351263436806505,-2.519030530634092,4.134864608690044,True,71.50535101657516,False,-10.547924002464804,820,5.369869746866551,True,-6.3165458227186555,0.26658329082261956,True,-0.8729566011119294,0.37294263152886087,True,-0.481276906831285,False,0.6152567033880785,True,0.020929259104229825,True,0.851374361469226,12.894515257977417
QQQ,515.0,Put,2024-12-10 12:40:00,2024-12-11 14:53:00,26.22,1.18,0.2,2024-12-10 12:40:00-05:00,2024-12-11 14:53:00-05:00,True,-0.8305084745762712,2024-12-10,2024-12-16,6,-0.24827164737786234,-2.6198736126903217,6.166779426794248,0.18367685315777704,-1.7405311721773682,False,46.658302437964146,False,2.227851482177904,760,0.237375090929981,True,0.7787570278073308,0.09250540991461165,True,-0.17394761691764682,0.24827164737786234,True,2.401736801525789,True,-0.3998653085276471,False,-0.1952307906847084,False,-0.4316546762589968,1.4014397304334603
META,605.0,Put,2024-12-12 09:31:00,2024-12-13 11:03:00,25.53,0.33,0.11,2024-12-12 09:31:00-05:00,2024-12-13 11:03:00-05:00,True,-0.6666666666666667,2024-12-12,2024-12-13,1,-0.004750593824220939,-0.030469889220160837,,,0.21771548378210132,True,57.655045936330936,False,-9.729902557404259,571,-0.18650818739330832,True,-2.157204676096347,-0.008242935804014806,,0.03291314221767205,-0.007580351728342372,,0.00409819269702183,,0.025299375948728553,,0.014042971492755907,,0.09620009620008307,4.191806419940777
META,615.0,Put,2024-12-12 12:27:00,2024-12-13 11:02:00,22.58,0.35,1.1,2024-12-12 12:27:00-05:00,2024-12-13 11:02:00-05:00,True,2.1428571428571432,2024-12-12,2024-12-13,1,0.4576405384006277,2.494958900392749,1.9596218712808111,-0.22793585795186644,1.737347795790719,True,53.8592788748649,False,4.281056068493712,747,-0.18650818739330832,True,-2.157204676096347,0.019832503544470192,False,0.03291314221767205,-0.06443298969072142,False,0.36883734273184254,True,0.5355034575813877,True,0.11234377194213607,False,0.6974506974506856,3.056479452702594
CVNA,225.0,Put,2024-12-13 11:57:00,2024-12-16 09:32:00,69.58,0.85,0.5,2024-12-13 11:57:00-05:00,2024-12-16 09:32:00-05:00,True,-0.4117647058823529,2024-12-13,2024-12-20,7,-1.0082677959265984,-3.5175879396984886,5.557788944723606,0.07680740203273029,-1.7376884422110026,False,48.751397680244445,False,0.8480567494969193,717,0.08072653884965142,False,1.2751544132297288,0.46833773087071595,True,0.3840701546170666,0.4882554763789959,True,1.0500160307790996,True,0.6720143363058484,True,0.14148273910583598,False,1.306556980401652,-358.341821144836
QQQ,522.0,Put,2024-12-13 15:58:00,2024-12-16 09:30:00,65.53,0.31,0.13,2024-12-13 15:58:00-05:00,2024-12-16 09:30:00-05:00,True,-0.5806451612903225,2024-12-13,2024-12-17,4,-0.01131093767674507,-0.1673606821941806,7.715606383614591,-0.07225575050415767,2.5435141758482867,True,51.684464843094545,True,1.597732035393335,958,0.7521367521367672,True,0.6453804347826053,0.3693931398416894,True,0.3840701546170666,0.01131093767674507,False,0.15233247835845232,False,0.648547169006275,True,0.8488964346349825,True,1.2581659811275125,1.5837104072398147
QQQ,527.0,Put,2024-12-16 09:30:00,2024-12-17 09:39:00,24.15,0.39,0.06,2024-12-16 09:30:00-05:00,2024-12-17 09:39:00-05:00,True,-0.8461538461538461,2024-12-16,2024-12-17,1,-0.009304419599320823,-0.20186046511649944,,,2.2601697674416648,True,56.03937283703418,True,4.689991397598575,570,0.48065142404767336,True,-0.7654320987654284,-0.0,,0.5922903538934765,0.009304419599320823,,-0.10778443113772518,,0.004293503928554099,,0.09278424095355842,,-0.02399232245681171,1.1313426025982734
QQQ,529.0,Put,2024-12-16 09:33:00,2024-12-17 09:39:00,24.1,0.61,0.1,2024-12-16 09:33:00-05:00,2024-12-17 09:39:00-05:00,True,-0.8360655737704918,2024-12-16,2024-12-17,1,-0.009304419599320823,-0.20186046511649944,,,2.2601697674416648,True,56.03937283703418,True,4.689991397598575,573,0.48065142404767336,True,-0.7654320987654284,-0.0,,0.5922903538934765,0.009304419599320823,,-0.10778443113772518,,0.004293503928554099,,0.09278424095355842,,-0.02399232245681171,0.7561294815455153
QQQ,530.0,Put,2024-12-16 15:13:00,2024-12-18 10:48:00,43.58,0.58,0.14,2024-12-16 15:13:00-05:00,2024-12-18 10:48:00-05:00,True,-0.7586206896551724,2024-12-16,2024-12-18,2,1.1255346289487544,19.032082653615717,0.1903208265359841,-0.47950578581210657,4.788091353996811,True,66.66542688478896,False,7.361028383434828,913,0.48065142404767336,True,-0.7654320987654284,-0.2863036303630384,False,0.5922903538934765,-1.1255346289487544,False,-1.499001996007987,False,-1.0046799192821254,False,0.3211762186853262,True,1.1756238003838737,1.6843511167173777
QQQ,530.0,Call,2024-12-20 09:33:00,2024-12-20 14:53:00,5.33,1.11,2.84,2024-12-20 09:33:00-05:00,2024-12-20 14:53:00-05:00,False,1.5585585585585582,2024-12-20,2025-01-02,13,0.039181882297634196,-0.20959652668611758,,,2.7289216258701323,False,66.04291326142359,True,32.42507459492525,573,-0.7254410020032243,False,-0.4453308033380621,0.0034377846915401022,,-3.016563797924976,0.039181882297634196,,0.08003369839932883,,0.0,,,,0.27362276541407216,3.7913206955976846
USO,78.0,Call,2024-12-20 09:46:00,2024-12-23 09:35:00,71.82,0.16,0.13,2024-12-20 09:46:00-05:00,2024-12-23 09:35:00-05:00,False,-0.1875,2024-12-20,2025-01-03,14,-0.32157188321572105,1.797569060773466,0.05878453038671318,-0.14418255713316563,-2.4975071823205175,False,34.27923346145238,False,-3.2546718241777697,586,-0.46825506128632677,False,-0.45242665204277,0.18392148099766192,True,-3.016563797924976,0.2625186113940803,True,0.5181128896377452,True,1.1939615736505038,True,-0.33595722560521013,False,-0.5290040131338936,8.276788788077342
USO,74.0,Call,2024-12-20 15:57:00,2024-12-23 09:34:00,65.62,0.56,0.36,2024-12-20 15:57:00-05:00,2024-12-23 09:34:00-05:00,False,-0.3571428571428572,2024-12-20,2024-12-27,7,1.1138785111387994,-13.260383574537991,18.399811742557603,0.3511122746469031,-0.2124296976114426,True,49.523424516924926,False,7.203011936760511,957,-0.46825506128632677,False,-0.45242665204277,1.5177819413170202,True,-3.016563797924976,1.655434527074684,False,2.1693344566133144,True,1.4318389752973504,False,0.35645328976681157,False,-13.75410434148121,1.2658227848101227
AMZN,225.0,Put,2024-12-26 09:35:00,2024-12-27 09:43:00,24.13,0.55,2.13,2024-12-26 09:35:00-05:00,2024-12-27 09:43:00-05:00,True,2.872727272727272,2024-12-26,2024-12-27,1,0.1251152377189424,0.8514724711907851,1.2697396500213953,-0.011693427562886605,-1.250218523260868,True,43.468047136804245,True,-0.3030749711595462,575,-0.550098231827123,True,-1.772860570514534,-0.07506756080470911,False,0.4947955451852559,-0.09842147102243626,False,-0.22362431115725556,False,0.2472799208704135,True,-0.014695077149151636,False,-0.2131691141638914,1.3482407102926621
QQQ,526.0,Put,2024-12-26 11:10:00,2024-12-26 15:05:00,3.92,0.2,0.01,2024-12-26 11:10:00-05:00,2024-12-26 15:05:00-05:00,True,-0.95,2024-12-26,2024-12-26,0,0.25173183934585897,2.0766185245078304,0.15613673116604634,-0.21254482456880552,1.964868343277777,True,59.91175990469875,False,9.194113784336459,670,-0.3056834478073811,True,-1.355977585250634,-0.2452206986287564,False,0.4947955451852559,-0.25173183934585897,False,-0.4153022921491889,False,-0.9758564877259346,False,-0.7788390889052144,False,-0.1421127427759461,0.6928842486831346
AMZN,215.0,Put,2024-12-30 09:30:00,2024-12-31 12:56:00,27.43,1.26,0.52,2024-12-30 09:30:00-05:00,2024-12-31 12:56:00-05:00,True,-0.5873015873015872,2024-12-30,2025-01-03,4,-0.031806615776086566,-0.16152159939351854,,,-5.106920706080119,False,25.271562500575314,True,1.4864184680025687,570,-1.6402234636871404,False,1.4534243558687598,0.0068031838900695085,,-1.5202183927657265,0.015518612636034046,,-0.0,,0.004531653600392538,,-0.2810235172311826,,-0.02167786689790674,2.277169219580924
PLTR,74.0,Put,2024-12-30 09:37:00,2024-12-31 12:55:00,27.3,1.04,0.77,2024-12-30 09:37:00-05:00,2024-12-31 12:55:00-05:00,True,-0.2596153846153846,2024-12-30,2025-01-03,4,0.3650298778903549,0.6907086171781506,2.037713322564801,0.08104461333529045,-0.25800547791276285,False,56.26694630916518,False,-11.292685849755863,577,-2.65553869499241,False,3.725346968590215,0.16327641336145726,True,-1.5202183927657265,0.2812748540280574,True,0.5721472392637983,True,0.335342366429503,True,0.13311640289898063,True,2.0160416215044386,4.220758209187036
MCD,285.0,Put,2024-12-30 12:58:00,2024-12-31 12:50:00,23.87,0.68,0.46,2024-12-30 12:58:00-05:00,2024-12-31 12:50:00-05:00,True,-0.32352941176470595,2024-12-30,2025-01-03,4,-0.5009091844786928,-3.727818205030147,3.727818205030147,-0.040505853141237225,-0.9151895825355555,False,48.53760687798419,False,-2.2697225797696277,778,-0.7322389483005121,False,0.400271370420624,-0.44125450710932324,False,-1.5202183927657265,-0.5509107485790921,False,-0.9693251533742453,False,-0.14727874201296842,False,-0.3401863629640678,False,-4.617385649252115,1.7275266370125135
USO,76.0,Call,2024-12-30 13:15:00,2024-12-31 09:42:00,20.45,0.42,0.35,2024-12-30 13:15:00-05:00,2024-12-31 09:42:00-05:00,False,-0.16666666666666674,2024-12-30,2025-01-03,4,0.26716537536735085,-2.4561403508771655,6.017543859649082,0.1396439605445554,1.262407017543976,True,53.413093661266934,False,7.540711033909837,795,1.3676371022342648,True,0.9845480650895633,0.5918769984352812,True,1.5202183927657265,0.6828189559853204,True,1.1267893660531714,True,0.42144378483708334,True,0.4437213429965947,True,-4.942553652720571,1.2523314681588031
NVDA,135.0,Put,2024-12-30 13:23:00,2024-12-31 12:55:00,23.53,0.72,1.99,2024-12-30 13:23:00-05:00,2024-12-31 12:55:00-05:00,True,1.7638888888888888,2024-12-30,2025-01-03,4,3.82622561744419,12.679658011621893,0.690893769421202,-1.655783190647031,5.383962360211399,True,67.91337654533118,True,-3.3466476589677256,803,-1.591124735420757,True,2.086757664546568,-0.522144363562127,False,-1.5202183927657265,-0.6091055459641836,False,-0.9795501022494824,False,-0.36706394163230627,False,-0.4141399201301521,False,-4.617385649252115,3.563782557045595
QQQ,517.0,Put,2025-01-06 09:32:00,2025-01-06 11:18:00,1.77,0.23,0.02,2025-01-06 09:32:00-05:00,2025-01-06 11:18:00-05:00,True,-0.9130434782608696,2025-01-06,2025-01-06,0,-0.0038166482195345353,-0.034657754672576195,,,0.7066716177743881,True,53.056150114409824,True,9.506928762582227,572,1.0490184735238328,True,-1.6365168649432604,0.0033541851845564352,,1.5615126218112896,0.0038166482195345353,,-0.05806077027288303,,-0.004428305730241888,,-0.1729605073508278,,0.13934045517880467,1.3358778625954197
NVDA,148.0,Put,2025-01-06 12:18:00,2025-01-07 10:24:00,22.1,1.88,4.46,2025-01-06 12:18:00-05:00,2025-01-07 10:24:00-05:00,True,1.372340425531915,2025-01-06,2025-01-10,4,1.7224577697018795,6.434464058038766,2.5306444951245375,-0.4316263975784995,2.5780444268860734,True,51.106896437815934,True,12.97370281176049,738,2.8518031425209367,True,-4.4537632853734355,-0.4452680832508715,False,1.5615126218112896,-0.48471432388075275,False,-1.5173214631313936,False,-0.41847489150650397,False,-0.4900547708273306,False,-0.32512772875058493,2.0836338086687833
NVDA,143.0,Put,2025-01-06 12:23:00,2025-01-07 10:18:00,21.92,0.68,2.08,2025-01-06 12:23:00-05:00,2025-01-07 10:18:00-05:00,True,2.0588235294117645,2025-01-06,2025-01-10,4,1.588128407026046,5.874637694044879,3.0027917563170123,-0.29478267018165916,1.9125508117431709,True,48.30821783515735,True,17.628910393351426,743,2.8518031425209367,True,-4.4537632853734355,-0.4276586110319336,False,1.5615126218112896,-0.448456165795208,True,-1.583123669440667,False,-0.40740412718094365,False,-0.4939463822427381,False,-0.5573618207152853,5.26651906792855
MCD,280.0,Put,2025-01-06 15:15:00,2025-01-07 10:33:00,19.3,0.13,0.09,2025-01-06 15:15:00-05:00,2025-01-07 10:33:00-05:00,True,-0.3076923076923077,2025-01-06,2025-01-10,4,-0.17560010911074064,-1.4232697698290213,7.834892810612493,0.4469697019490404,-3.7844162817324776,False,34.09882864954328,True,0.416807690615407,915,-0.508854060655406,True,-0.7760418447232409,0.2935079745752689,True,1.5615126218112896,0.17938246631806765,True,-0.7664021676020649,True,0.5535382162784486,True,0.3170942634765028,True,1.718532280538776,4.360152340614482
QQQ,513.0,Put,2025-01-08 13:51:00,2025-01-08 15:06:00,1.25,1.21,0.58,2025-01-08 13:51:00-05:00,2025-01-08 15:06:00-05:00,True,-0.5206611570247934,2025-01-08,2025-01-09,1,-0.06018482565816052,-0.3507665947353395,2.03704871129648,-0.09423867805593567,0.5034767920213151,False,52.688447432653,True,-4.532853843121465,831,-0.01941069140880547,False,1.7844206352232495,0.05095974180399088,False,-0.0697018122471027,0.06018482565816052,False,0.6625650733554256,True,-0.01810774105930335,False,0.23171614771904103,False,0.08658008658009031,0.34384288128678475
NVDA,133.0,Put,2025-01-10 09:31:00,2025-01-10 11:34:00,2.05,0.36,0.12,2025-01-10 09:31:00-05:00,2025-01-10 11:34:00-05:00,True,-0.6666666666666667,2025-01-10,2025-01-10,0,-0.007275372862847185,-0.016432117747845986,,,-1.065054284674714,False,50.7345495347154,False,-7.817816891534534,571,-1.898508314895453,False,0.02140716426428657,0.008534170819951559,,-0.581831831831825,-0.001955110659257464,,0.13231225692633686,,0.022903211030189663,,-0.11631288165163678,,-0.295732995352771,3.230500582072175
NVDA,140.0,Call,2025-01-10 09:33:00,2025-01-10 09:42:00,0.15,0.22,0.11,2025-01-10 09:33:00-05:00,2025-01-10 09:42:00-05:00,False,-0.5,2025-01-10,2025-01-10,0,-0.007275372862847185,0.016432117747845986,,,-1.065054284674714,False,50.7345495347154,True,19.310285719861895,573,-1.898508314895453,False,-0.02140716426428657,-0.008534170819951559,,0.581831831831825,0.001955110659257464,,-0.13231225692633686,,-0.022903211030189663,,0.11631288165163678,,-0.295732995352771,1.8626309662398155
NVDA,138.0,Call,2025-01-13 09:32:00,2025-01-14 09:30:00,23.97,1.01,1.78,2025-01-13 09:32:00-05:00,2025-01-14 09:30:00-05:00,False,0.7623762376237624,2025-01-13,2025-01-17,4,-0.01538579890761893,0.03830369357047102,,,-2.9443934336525412,False,33.96356448066632,False,-23.094516570007862,572,-4.355823706864825,False,-2.997644707729652,0.0,,-0.709838533114393,0.0,,-0.10992885736211822,,0.009324009324007676,,-0.13171374213376552,,0.21894904458599207,6.178348849734555
PDD,90.0,Put,2025-01-13 12:24:00,2025-01-14 12:14:00,23.83,1.14,0.72,2025-01-13 12:24:00-05:00,2025-01-14 12:14:00-05:00,True,-0.36842105263157887,2025-01-13,2025-01-31,18,1.1885978752498305,6.861256885110697,4.918246085787285,-0.10789882881645507,2.3985861126772505,True,51.026988235629815,True,20.68404445037921,744,0.4119138149556223,False,5.622009569377973,-0.40467547805547177,False,0.709838533114393,-0.31923383878691425,False,-0.9727666811855773,False,-0.37296037296037365,False,-0.2926972047416987,False,-2.2292993630573354,6.444906444906448
MCD,290.0,Call,2025-01-13 12:25:00,2025-01-13 15:43:00,3.3,0.59,0.48,2025-01-13 12:25:00-05:00,2025-01-13 15:43:00-05:00,False,-0.18644067796610164,2025-01-13,2025-01-17,4,-0.022973068495091287,0.1334330415401924,5.183360459830685,0.19923055955317626,1.3607665801551905,False,56.76746691004887,True,0.4612927321799134,745,0.2231589387552635,False,-1.5998605785988107,0.42030671969710554,True,-0.709838533114393,0.37909018355946067,True,1.0515835977848331,True,0.3359906759906828,True,0.2926972047416987,True,-2.3686305732484203,2.5187803800265134
AVGO,225.0,Put,2025-01-21 09:30:00,2025-01-21 15:41:00,6.18,0.42,0.19,2025-01-21 09:30:00-05:00,2025-01-21 15:41:00-05:00,True,-0.5476190476190477,2025-01-21,2025-01-24,3,0.012423389100546522,0.06906645179326347,,,-0.5355734982158245,True,43.07155810872546,True,-1.2724133120577505,570,1.7014824797843664,True,-3.5002833355128438,-0.01331846105183665,,-2.9440644972350993,0.0038133735008605285,,0.03826687116564864,,-0.017580872011246917,,-0.2669664184347331,,-0.023651844843897152,6.836155852759716
NVDA,146.0,Put,2025-01-23 13:36:00,2025-01-24 12:46:00,23.17,1.05,1.93,2025-01-23 13:36:00-05:00,2025-01-24 12:46:00-05:00,True,0.838095238095238,2025-01-23,2025-01-24,1,0.7238883143743324,4.598348348348157,0.9634634634634339,-0.46734169258009217,2.1476739239237763,True,61.08057641839833,False,-2.4938320025002625,816,-1.3734956143332977,True,-4.43087410352907,-0.3971772862330969,False,-4.165306858585693,-0.37805039411753505,False,-0.9695080222036356,False,-0.8570924954831804,False,-0.33324076645377954,False,-1.3642891335567287,0.06844626967829864
QQQ,529.0,Put,2025-01-23 15:52:00,2025-01-24 12:47:00,20.92,0.84,0.14,2025-01-23 15:52:00-05:00,2025-01-24 12:47:00-05:00,True,-0.8333333333333333,2025-01-23,2025-01-24,1,0.3837211500292925,6.059701492537308,0.7164179104477973,-0.19534923975406127,1.7857552238804675,True,59.87894245017332,False,-2.1365469853193915,952,-0.46659517224512115,True,-1.2785823170731847,-0.38296467481018226,False,-4.165306858585693,-0.3837211500292925,False,-0.9501178617595807,False,-0.83726259198873,False,-0.13885031935574332,False,-1.4121589277166224,0.38790343840619623
NVDA,135.0,Call,2025-01-27 09:32:00,2025-01-28 09:32:00,24.0,1.87,0.39,2025-01-27 09:32:00-05:00,2025-01-28 09:32:00-05:00,False,-0.7914438502673797,2025-01-27,2025-01-31,4,0.0,-0.0,,,-1.6365796680498172,False,34.772946024570686,False,-8.731059808986082,572,-12.494741270509046,False,-3.124575465290036,0.0,,2.760124399972974,0.017615282235960983,,0.0,,-0.004410921441500015,,,,-0.04347826086956719,8.173076923076925
PLTR,69.0,Put,2025-01-27 13:11:00,2025-01-28 09:32:00,20.35,0.79,0.33,2025-01-27 13:11:00-05:00,2025-01-28 09:32:00-05:00,True,-0.5822784810126582,2025-01-27,2025-01-31,4,-0.46469555825569,-0.8705108750631927,7.57258472432977,1.5928536416223493,-2.7222862923621602,False,40.2332983049444,True,-0.9582761918010263,791,-6.216763737655118,True,-0.0,-0.25889750012608737,True,-2.760124399972974,-0.18593909026853872,True,3.3899703068294262,True,0.1984914648670233,True,-2.4539877300613577,False,-2.260869565217394,6.409967745348312
KRE,64.5,Put,2025-01-30 11:23:00,2025-01-31 14:52:00,27.48,0.99,1.21,2025-01-30 11:23:00-05:00,2025-01-31 14:52:00-05:00,True,0.2222222222222221,2025-01-30,2025-01-31,1,0.46714419184055167,2.089552238805945,2.159203980099513,-0.011502941265595368,2.4758407960198503,True,53.231315650154386,True,10.79998690035766,683,0.9589687156107418,True,0.10992462311557594,0.40734792542800324,True,0.7634720664863925,0.8028107158542075,True,0.8668145591980925,True,0.030631892175747577,True,-0.05697194131890626,True,1.2385762385762389,0.03099814011158714
KRE,64.5,Put,2025-01-30 14:37:00,2025-01-31 13:39:00,23.03,0.23,0.39,2025-01-30 14:37:00-05:00,2025-01-31 13:39:00-05:00,True,0.6956521739130435,2025-01-30,2025-01-31,1,1.1678604796013792,10.552763819095428,0.5628140703518442,-0.4557394233160039,3.33185929648223,True,66.18147947672136,False,-5.031232093726999,877,0.9589687156107418,True,0.10992462311557594,-0.10761945759794056,False,0.7634720664863925,0.22638483129976406,False,-0.2711363076164819,False,-0.45291440574128927,False,-0.6694203104971042,False,0.19240019240018835,0.7234108049869152
META,685.0,Put,2025-01-31 12:55:00,2025-01-31 13:35:00,0.67,0.12,0.36,2025-01-31 12:55:00-05:00,2025-01-31 13:35:00-05:00,True,2.0,2025-01-31,2025-01-31,0,0.9284930399122038,4.159101094524671,4.107290208417057,0.06510998944100344,0.21860571703146572,True,48.33199774900155,True,12.558789074726747,775,0.8034934497816559,True,-1.5536075921299686,-0.30781893004114824,False,0.7724477244772543,-0.6860624003643734,False,-1.6777430231140977,False,-0.6469945355191298,False,-0.04215423657125683,True,-0.4579416726922303,1.9958509192360034
KRE,62.0,Put,2025-02-03 09:34:00,2025-02-04 09:52:00,24.3,1.31,0.77,2025-02-03 09:34:00-05:00,2025-02-04 09:52:00-05:00,True,-0.4122137404580153,2025-02-03,2025-02-14,11,0.27287319422151235,1.9917984768600252,,,-7.529420035149485,False,37.52333845531341,False,-1.5340552947486756,574,-2.89900249376559,False,0.24875621890546595,0.011810957193703064,,1.0115630705462397,-0.003895066897774413,,-0.0889943636902979,,0.022572344363680497,,-0.10195164579085425,,-0.3444564047362819,0.7523611333440033
META,660.0,Put,2025-02-03 09:45:00,2025-02-06 14:38:00,76.88,2.32,0.06,2025-02-03 09:45:00-05:00,2025-02-06 14:38:00-05:00,True,-0.9741379310344828,2025-02-03,2025-02-07,4,3.0300787494819126,7.632750139162193,0.5481261702280712,-1.1817051066502327,7.373825031095015,True,88.72349071607104,False,-30.740542250884694,585,-1.976261644272903,True,-0.31732168850071574,-0.12148413113537426,True,1.0115630705462397,-0.2103336124797739,False,-0.016951307369583724,False,0.08803214301836837,True,0.11651616661811914,True,-1.334768568353073,5.176501012887372
KRE,61.5,Put,2025-02-03 11:06:00,2025-02-04 09:53:00,22.78,0.4,0.27,2025-02-03 11:06:00-05:00,2025-02-04 09:53:00-05:00,True,-0.32499999999999996,2025-02-03,2025-02-07,4,1.4125200642054692,2.5964720015174256,1.0621930915298512,-1.0724693387906825,1.6524360892747993,False,59.7220517971229,False,-1.4302134789937924,666,-2.89900249376559,False,0.24875621890546595,-0.8335161219565679,False,1.0115630705462397,-0.9085243539057819,False,-1.77988727380598,False,-1.2911380976028175,False,-1.6020972909991382,False,-6.049515608180844,2.659069325735992
KRE,62.0,Put,2025-02-03 12:31:00,2025-02-04 09:52:00,21.35,0.95,0.77,2025-02-03 12:31:00-05:00,2025-02-04 09:52:00-05:00,True,-0.18947368421052624,2025-02-03,2025-02-14,11,1.1396468699839568,4.994974874371879,3.7286432160804197,-0.5653695858921948,1.3581266331658648,False,47.53719561454923,True,19.312829319362947,751,-2.89900249376559,False,0.24875621890546595,-0.7980832503754254,False,1.0115630705462397,-0.8423082166436169,False,-1.3561045895664758,False,-1.1873053135298628,False,-1.3399359161083702,False,-3.8751345532831105,1.602920171401362
PLTR,70.0,Put,2025-02-03 12:39:00,2025-02-04 09:36:00,20.95,1.35,0.01,2025-02-03 12:39:00-05:00,2025-02-04 09:36:00-05:00,True,-0.9925925925925926,2025-02-03,2025-02-07,4,2.932734306751539,5.317515475747958,1.6970794071535975,-2.1225411598298827,3.272851578283874,True,58.06849416103853,True,1.1301083499345737,759,-2.860952842768816,True,-1.563654272346704,-0.7170938296185092,False,1.0115630705462397,-0.7556429781681473,False,-1.2247319574522297,False,-1.0202699652386071,False,-1.1453539178561067,False,-3.5306781485468286,15.130940834141615
QQQ,516.0,Put,2025-02-05 09:58:00,2025-02-05 13:46:00,3.8,0.31,0.02,2025-02-05 09:58:00-05:00,2025-02-05 13:46:00-05:00,True,-0.935483870967742,2025-02-05,2025-02-05,0,-0.0019163696293955645,-0.01927365841590731,1.7731765742450667,0.035297494800612395,1.9862854153471878,False,57.72439118874853,True,-9.983118323708283,598,-0.5052719888649415,True,-1.2275385535890138,0.07492008524239147,True,0.4532521670085332,0.0019163696293955645,True,0.2767222864695218,True,0.1008462314201708,True,0.3588345055260511,True,0.48746518105848846,1.1134320921408072
META,665.0,Put,2025-02-05 15:13:00,2025-02-06 14:37:00,23.4,0.34,0.07,2025-02-05 15:13:00-05:00,2025-02-06 14:37:00-05:00,True,-0.7941176470588235,2025-02-05,2025-02-07,2,0.10950254557866579,0.6983991240857819,12.870498143864902,0.4819970173280508,0.10157444299754091,False,47.754742303186895,True,5.541475339459176,913,-0.14342720004545395,True,-0.9649298884523816,-0.44785562067128915,False,0.4532521670085332,-0.7761296998965106,False,-1.9205352717660773,False,-0.44802034463105045,False,0.7463757714941788,True,-2.1123491179201426,5.533063427800276
PLTR,100.0,Put,2025-02-06 14:32:00,2025-02-10 10:29:00,91.95,1.39,0.31,2025-02-06 14:32:00-05:00,2025-02-10 10:29:00-05:00,True,-0.7769784172661871,2025-02-06,2025-02-14,8,6.745129067352407,21.057738961669255,2.3157337567818073,-1.1419004850748093,0.30129239998238233,True,51.1581159426874,True,9.090617730701624,872,-0.24664561957379316,True,2.3788885678512894,0.23433116604509863,True,-0.4004586165068824,-0.08153822815533118,False,0.17389897682695832,True,1.138779228666864,True,-0.758334525683213,False,0.6947771921418378,7.3473547669786035
SPY,580.0,Put,2025-02-06 14:37:00,2025-02-07 15:24:00,24.78,1.99,2.27,2025-02-06 14:37:00-05:00,2025-02-07 15:24:00-05:00,True,0.14070351758793964,2025-02-06,2025-02-28,22,-0.48351430740289914,-6.343560559198546,6.603365087220333,0.351940185714128,-4.650124335024211,False,20.399443477391088,True,10.318461012995812,877,0.29128463142564787,True,-0.40546379075410144,0.48351430740289914,True,-0.4004586165068824,0.2142938410194084,True,0.45699033445222303,True,1.292785562448484,True,-0.5294033481184846,True,1.5093435553425794,3.82223696210927
QQQ,520.0,Put,2025-02-11 10:38:00,2025-02-12 09:32:00,22.9,0.91,1.97,2025-02-11 10:38:00-05:00,2025-02-12 09:32:00-05:00,True,1.1648351648351647,2025-02-11,2025-02-13,2,0.5836945775343994,4.158201273195061,0.48760666395775565,-0.20827003451708848,2.773447108221585,True,74.13717515017704,False,-6.014762184963772,638,-0.621634388285297,True,-1.2105102118870947,-0.24728238320470552,False,-1.1844020275356915,-0.5836945775343994,False,-0.9063383124747748,False,-0.2666074205732061,False,-0.09756097560975618,True,-0.8718190386427849,1.7068975294406694
MCD,305.0,Put,2025-02-11 11:04:00,2025-02-13 10:31:00,47.45,0.6,0.5,2025-02-11 11:04:00-05:00,2025-02-13 10:31:00-05:00,True,-0.16666666666666663,2025-02-11,2025-02-14,3,0.894687184826104,2.9179045655732794,1.5597526223245943,-0.20567109162750175,1.8291993573030652,True,57.549362848610485,True,1.1601523008285142,664,-0.34044484793464,True,-4.797825348284057,-0.3578458219234859,False,-1.1844020275356915,-0.6103125712981772,False,-1.0890593459830455,False,-0.4754499000222179,False,-0.01393728222998103,True,-1.2252591894439169,1.6509738165871288
NVDA,127.0,Put,2025-02-11 11:55:00,2025-02-12 11:54:00,23.98,0.7,0.77,2025-02-11 11:55:00-05:00,2025-02-12 11:54:00-05:00,True,0.10000000000000009,2025-02-11,2025-02-14,3,0.6789108462814664,2.7246270270269513,3.0267243243242956,0.13487183446343476,0.6972817297296713,True,45.67302773099453,True,6.389930128576573,715,-0.7411843976940835,True,-2.872766481823774,-0.2787984399635013,False,-1.1844020275356915,-0.4106776180698102,True,-0.964876867178055,False,-0.2666074205732061,False,-0.13937282229963266,False,-1.0838831291234752,4.854731154681479
META,700.0,Put,2025-02-12 10:11:00,2025-02-13 10:20:00,24.15,2.02,0.32,2025-02-12 10:11:00-05:00,2025-02-13 10:20:00-05:00,True,-0.8415841584158416,2025-02-12,2025-02-14,2,0.3047672305326543,1.0907947218688219,1.3609915795794214,-0.02678017929276244,-0.9817642854079245,False,50.66437457930794,False,-10.869963259319086,611,-0.6251736593498203,True,-0.3345413994981783,-0.18356891343891402,False,-0.5865931071155517,-0.3113212965976997,True,-0.06105006105006083,True,-0.19346711059120558,False,-0.7857294542365612,False,-0.8576726935558554,2.4363048447343503
TSLA,335.0,Put,2025-02-13 09:30:00,2025-02-13 10:20:00,0.83,2.52,0.8,2025-02-13 09:30:00-05:00,2025-02-13 10:20:00-05:00,True,-0.6825396825396826,2025-02-13,2025-02-14,1,0.0,0.0,,,0.044790274111893645,True,43.3740139071564,True,10.904553719701553,570,2.5229562271552153,False,-2.4383561643835483,-0.011580201164629322,,0.1423322630829893,-0.003773727310463215,,-0.3991935483871112,,-0.004443654461439017,,,,0.047744091668655564,2.898550724637681
KRE,63.0,Put,2025-02-13 15:59:00,2025-02-14 10:14:00,18.25,0.09,0.01,2025-02-13 15:59:00-05:00,2025-02-14 10:14:00-05:00,True,-0.8888888888888888,2025-02-13,2025-02-14,1,0.1495121183506365,1.011406844106448,0.8517110266160239,-0.4496329930669063,3.2418676806082924,True,66.3467976545403,False,0.1336104542350398,959,0.2050149818640712,False,2.340982596642549,-0.8106140815246077,False,0.1423322630829893,-1.0415487376882027,False,-1.5241935483870872,False,-0.45325275506578055,False,-0.27773920288847176,False,-1.3010264979708808,0.9978785259684104
PLTR,118.0,Put,2025-02-19 09:30:00,2025-02-19 15:23:00,5.88,0.92,3.31,2025-02-19 09:30:00-05:00,2025-02-19 15:23:00-05:00,True,2.5978260869565215,2025-02-19,2025-02-21,2,0.024220894558379946,0.07852815795378315,,,1.0699042704360384,True,57.614374767087234,False,0.9404084808490438,570,-0.6098539560263294,True,-4.582074521651558,0.004917387883573987,,-1.0977928412002846,-0.0,,0.017585337736192308,,0.004436360409920681,,,,0.09692270414345394,4.754217450964566
KRE,63.5,Put,2025-02-19 09:34:00,2025-02-20 10:55:00,25.35,0.44,1.05,2025-02-19 09:34:00-05:00,2025-02-20 10:55:00-05:00,True,1.3863636363636362,2025-02-19,2025-02-21,2,0.10963194988253822,0.41176470588235786,,,-2.288823529411778,False,38.57021648713771,True,5.52977737995824,574,-0.9463233012720895,False,-0.8921583972452574,0.004917387883573987,,-1.0977928412002846,-0.0,,0.017585337736192308,,0.004436360409920681,,,,0.09692270414345394,0.6570713391739701
NFLX,985.0,Put,2025-02-20 09:58:00,2025-02-20 10:48:00,0.83,0.65,0.65,2025-02-20 09:58:00-05:00,2025-02-20 10:48:00-05:00,True,0.0,2025-02-20,2025-02-21,1,-1.3243761996161285,-4.794044665012439,5.836228287841213,0.7096529577659494,-4.621042183622845,False,25.6637668971033,True,10.224245658946089,598,-0.12460461995590366,False,-0.7143546674389434,0.34502493663639555,True,-1.2588590969916158,0.6283295899615737,True,0.441740613011965,True,0.8185478518649592,True,0.13831258644535493,True,0.8028656126482181,-857.9848278545031
NVDA,137.0,Put,2025-02-20 15:39:00,2025-02-21 13:03:00,21.4,0.44,0.81,2025-02-20 15:39:00-05:00,2025-02-21 13:03:00-05:00,True,0.840909090909091,2025-02-20,2025-02-21,1,-0.1462822891394211,-0.7509746971242707,2.1796582672632923,-0.7144091565951527,1.426756678964908,True,54.701378664273655,True,-0.3560519079051616,939,0.6535947712418277,True,0.12195121951220633,0.26326547297848,False,-1.2588590969916158,0.4612700239452039,False,0.3099546634633965,False,0.7920003539666376,False,0.19363762102351245,False,0.27173913043478937,2.09740236538393
NVDA,137.0,Put,2025-02-21 12:25:00,2025-02-21 14:27:00,2.03,0.13,1.28,2025-02-21 12:25:00-05:00,2025-02-21 14:27:00-05:00,True,8.846153846153847,2025-02-21,2025-02-21,0,-0.8849203514536774,-3.0411727572420224,6.649926351967384,0.6461265671475092,-2.487742161745074,False,40.26155475793361,True,-1.7243575331735457,745,-0.08564699164942402,True,-0.6320476908712402,0.7489715980792178,True,-1.1634844868735117,1.2110405289943893,True,1.7456938262047639,True,2.252212389380537,True,1.9806094182825529,False,2.232033357861174,1.262115210535124
KRE,60.0,Put,2025-02-24 10:07:00,2025-02-24 15:55:00,5.8,0.59,0.37,2025-02-24 10:07:00-05:00,2025-02-24 15:55:00-05:00,True,-0.3728813559322034,2025-02-24,2025-02-28,4,-1.3720742534301889,-5.027673327981739,5.027673327981739,0.6907745705502455,-2.8308639993239892,False,31.886551950659054,True,22.544425693570652,607,0.8629111038749526,False,2.6006977481763394,0.7723995880535517,True,1.6056287209092468,1.202924907175873,True,2.0055710306406738,True,1.4945838475250106,True,1.0654922574229286,True,3.6164255716285565,1.800327332242228
QQQ,519.0,Put,2025-02-24 13:40:00,2025-02-24 15:54:00,2.23,0.6,1.69,2025-02-24 13:40:00-05:00,2025-02-24 15:54:00-05:00,True,1.8166666666666669,2025-02-24,2025-02-25,1,-0.5247404713192405,-4.758340593136014,6.800819641958609,-0.2714705233785919,2.076481429219981,False,54.85300031434298,True,0.52524237791215,820,0.3421532846715314,False,2.075461161885961,0.11461413242084273,False,1.6056287209092468,0.5247404713192405,False,1.046557898925593,False,0.16911193381782264,False,0.7245347350475995,True,-1.3999066728884735,1.1635657290853372
TSLA,327.5,Call,2025-02-25 13:57:00,2025-02-25 15:11:00,1.23,1.49,1.44,2025-02-25 13:57:00-05:00,2025-02-25 15:11:00-05:00,False,-0.033557046979865834,2025-02-25,2025-02-28,3,-7.566699793593767,15.911648394045619,2.250586760119606,-1.7894267666310637,-1.6838234253930644,False,42.170660048317295,False,4.437672918160587,837,-1.0604181163585746,False,-2.1521610420367154,-0.35333913858932586,True,-2.0485484664589104,-0.8473923426546404,True,-1.211072664359858,False,-0.3882238757683565,True,-0.0708321336020723,True,-0.9294944457039156,8.343257906576694
QQQ,501.0,Put,2025-02-28 15:18:00,2025-02-28 15:48:00,0.5,2.42,1.86,2025-02-28 15:18:00-05:00,2025-02-28 15:48:00-05:00,True,-0.23140495867768585,2025-02-28,2025-03-03,3,0.7138144082538433,3.5014466761477077,0.9513734666283973,-0.49551068783231234,2.152850267267285,True,63.20121200556249,False,-8.962927545091233,918,-0.027984888160392796,False,2.7771299751243705,-0.5379465810506412,False,4.149873849077634,-0.7138144082538433,False,-0.9502123746551572,False,-0.7040257040257014,False,-0.8425334108076665,False,-1.3891903624918656,0.5360333531864182
QQQ,500.0,Put,2025-02-28 15:21:00,2025-02-28 15:48:00,0.45,2.34,1.63,2025-02-28 15:21:00-05:00,2025-02-28 15:48:00-05:00,True,-0.30341880341880345,2025-02-28,2025-02-28,0,0.6398336432527518,3.160382349828919,1.3234101089908958,-0.4181842089178378,1.812084229833192,True,60.234074243899954,False,-6.948305433192338,921,-0.027984888160392796,False,2.7771299751243705,-0.48331511715280495,False,4.149873849077634,-0.6398336432527518,False,-0.9238954328501858,False,-0.6993006993007089,False,-0.8134805345729301,False,-1.1070110701106972,0.6615937853893041
QQQ,500.0,Call,2025-03-05 10:20:00,2025-03-05 10:29:00,0.15,2.87,2.43,2025-03-05 10:20:00-05:00,2025-03-05 10:29:00-05:00,False,-0.1533101045296167,2025-03-05,2025-03-06,1,-0.2156590084643195,0.5906723494182368,1.4130101366935852,-0.12774043969944193,-1.1718429384188802,False,44.115144796852,True,0.5866695611818216,620,0.13116738976894915,False,-0.3017805049793765,0.032945501205094985,False,-2.9247442110931554,-0.2156590084643195,False,-1.2422087613027766,False,0.0,False,0.517904705534189,False,0.0,0.9836004652516399
QQQ,490.0,Put,2025-03-05 10:30:00,2025-03-05 10:32:00,0.03,4.56,4.3,2025-03-05 10:30:00-05:00,2025-03-05 10:32:00-05:00,True,-0.05701754385964908,2025-03-05,2025-03-07,2,-0.43726320032244637,-1.1124669931037892,2.0610146896710826,0.3160274454395373,-1.5517173840592338,False,39.65612278633299,True,-6.907002973059669,630,0.13116738976894915,False,0.3017805049793765,0.14192575124414297,True,2.9247442110931554,0.43726320032244637,True,1.0446843999648792,True,0.1065633325260329,True,-0.25155371411660354,True,0.2836304700162051,0.8158001644838406
QQQ,486.0,Put,2025-03-06 11:49:00,2025-03-06 15:49:00,4.0,2.2,3.87,2025-03-06 11:49:00-05:00,2025-03-06 15:49:00-05:00,True,0.759090909090909,2025-03-06,2025-03-07,1,0.1478660698008838,0.4852939779860873,2.765510888249394,0.16332353638845998,-0.519167497649471,False,41.5918254434807,True,10.919823459864524,709,-1.6573375032369886,False,-1.303602058319031,-0.22937374018210388,True,1.9309045648736922,-0.1478660698008838,True,-0.31984863501217653,True,-0.5564194771114916,False,-1.0036900369003732,True,-1.0126542158268914,1.7030055418470156
QQQ,480.0,Put,2025-03-07 12:20:00,2025-03-07 14:03:00,1.72,4.47,0.95,2025-03-07 12:20:00-05:00,2025-03-07 14:03:00-05:00,True,-0.7874720357941835,2025-03-07,2025-03-10,3,-1.2316282124969158,-4.60935699469923,8.465852346930905,0.967279430443424,-4.366946300991016,False,31.33403459413779,True,12.922709826887882,740,-0.21302744776729998,False,2.750941216310432,0.8302679978980598,True,2.109221434065456,1.2316282124969158,True,1.4913871260199385,True,1.488022637459141,True,0.5772646536412074,True,2.722772277227725,0.2410840468866957
QQQ,480.0,Put,2025-03-07 14:42:00,2025-03-07 15:41:00,0.98,0.79,1.08,2025-03-07 14:42:00-05:00,2025-03-07 15:41:00-05:00,True,0.36708860759493667,2025-03-07,2025-03-10,3,1.0817801133097937,4.003233840293833,0.4101985339200681,-1.1597089170972907,4.51594402634814,True,66.49580461787473,False,-2.20007666080933,882,-0.21302744776729998,False,2.750941216310432,-1.015939744263461,False,2.109221434065456,-1.0817801133097937,False,-1.8631006346328194,False,-0.9172073962043115,False,-1.3173475429248072,False,-3.0274181264280386,2.524216639928519
TSLA,275.0,Call,2025-03-10 12:54:00,2025-03-10 13:07:00,0.22,2.79,2.45,2025-03-10 12:54:00-04:00,2025-03-10 13:07:00-04:00,False,-0.12186379928315405,2025-03-10,2025-03-21,11,-8.518851485148515,9.943812470488007,0.4067652215834571,-3.9908925704327247,-5.176267042659065,False,25.51118241268034,False,-6.220303570763718,774,-3.8717782769254305,False,-0.29607136078951823,-0.7840166317236164,False,-3.073142818674479,-1.6712515771402647,False,-1.7261010156214396,False,-0.4620526936688907,False,-0.7704845162246232,False,1.1109019017134347,19.0528243875598
BABA,130.0,Put,2025-03-10 14:11:00,2025-03-10 15:46:00,1.58,2.36,2.58,2025-03-10 14:11:00-04:00,2025-03-10 15:46:00-04:00,True,0.09322033898305104,2025-03-10,2025-03-14,4,-2.8420162505974567,-9.870485224370794,14.863188617293098,2.0381877699894524,-5.491667274717346,False,25.085289893752957,True,20.556370945290936,851,-3.289005831318448,False,-0.4787424080028746,1.3143290050917078,True,3.073142818674479,2.291765776573529,True,2.605091770278267,True,1.5336217066456936,True,1.7484071714327976,True,3.765580869892693,1.6120487398773902
COIN,185.0,Put,2025-03-11 14:54:00,2025-03-11 15:59:00,1.08,4.05,4.6,2025-03-11 14:54:00-04:00,2025-03-11 15:59:00-04:00,True,0.1358024691358024,2025-03-11,2025-03-14,3,4.091617828915517,4.817958585634756,0.09699228059385512,-2.6158674685629046,2.6196931230808884,True,69.41689797523341,False,-5.048078018950491,894,3.771690007253259,False,17.576454357323524,-0.3324991061852023,False,3.972454905185252,-1.0394834338943504,False,-1.2024141132776167,False,-0.6165166807537537,False,1.835966892400298,False,-1.320014270424552,4.442148760330576
QQQ,480.0,Put,2025-03-12 09:33:00,2025-03-12 09:49:00,0.27,5.8,7.18,2025-03-12 09:33:00-04:00,2025-03-12 09:49:00-04:00,True,0.23793103448275854,2025-03-12,2025-03-14,2,-0.016696232912449815,-0.07045221515601889,,,2.1551403068445025,True,62.17519836683739,True,3.2726840901192986,573,1.6009329940627648,False,0.23903708247836608,-0.0,,3.6299968796588478,0.016696232912449815,,0.03177196804647897,,-0.004924895345959079,,2.088772845953002,,-0.1678165206041471,-0.19412611935625418
COIN,200.0,Call,2025-03-13 14:03:00,2025-03-13 14:56:00,0.88,2.35,2.15,2025-03-13 14:03:00-04:00,2025-03-13 14:56:00-04:00,False,-0.08510638297872353,2025-03-13,2025-03-21,8,-5.476998991881987,10.703308423258957,0.8787652108221785,-2.7692993469108695,-4.414254882646131,False,33.0849045519975,False,-1.3406151819217484,843,-1.7003077244041043,False,0.02086702488393044,-1.5040555784347043,False,-4.148801152540038,-1.952796909121457,False,-1.1504665277651926,False,-2.0892333681124864,False,-1.711529484985208,False,5.78295155839279,12.266520720189725
SPY,564.0,Call,2025-03-14 11:07:00,2025-03-14 11:42:00,0.58,1.83,2.45,2025-03-14 11:07:00-04:00,2025-03-14 11:42:00-04:00,False,0.3387978142076504,2025-03-14,2025-03-17,3,0.7930085774397133,-3.453425737922179,3.9311104771812704,0.4793635965075316,2.5928837279546193,True,70.14320276789825,True,9.581705403180898,667,0.8505313554096894,False,-1.3330470413513096,0.7930085774397133,True,-3.7174136997782603,0.8717862118461595,True,1.0790239534363089,True,0.8338326343119595,True,0.5953313488954892,True,-2.1535580524344566,0.6208520659387744
QQQ,486.0,Call,2025-03-17 15:19:00,2025-03-17 15:27:00,0.13,0.19,0.12,2025-03-17 15:19:00-04:00,2025-03-17 15:27:00-04:00,False,-0.368421052631579,2025-03-17,2025-03-17,0,1.10508757297747,-8.10928961748634,10.863387978142118,0.647681004482048,5.442750163934495,True,67.93488160564058,False,13.402740588147573,919,-0.01250886044281696,True,2.4170474441645107,1.0519395134779952,True,-2.2763578274760388,1.10508757297747,True,1.874198824205453,True,1.489813033397458,True,1.625135427952329,True,-2.8840376527138,0.22685089709218864
SPY,574.0,Call,2025-03-17 15:31:00,2025-03-17 15:51:00,0.33,0.5,0.34,2025-03-17 15:31:00-04:00,2025-03-17 15:51:00-04:00,False,-0.31999999999999995,2025-03-17,2025-03-18,1,1.1150203457895635,-12.275039123630474,13.09663536776184,0.530111149800061,5.50002738654133,True,68.74715303481067,False,2.3129353556013754,931,-0.007107194257383043,True,2.065576148852055,1.1150203457895635,True,-2.2763578274760388,1.093223519599662,True,1.7725323785528158,True,1.4256820087810151,True,1.7025228292833816,True,-3.2044862807931174,0.8707571457441927
USO,72.0,Put,2025-03-18 11:16:00,2025-03-18 12:29:00,1.22,1.07,1.15,2025-03-18 11:16:00-04:00,2025-03-18 12:29:00-04:00,True,0.0747663551401867,2025-03-18,2025-03-28,10,-0.7357950674478864,-4.942468619247005,5.857740585774165,0.4315796486777268,-5.411710251046114,False,29.303077537008534,True,6.0801003353228324,676,0.9352221152523876,True,-0.5949086884338595,0.7932011331444611,True,-1.172000428127995,1.195219123505975,True,0.6177469884834363,True,0.431689968113802,True,1.047443006777582,True,3.8780588967233687,1.1667810569663615
RDDT,70.0,Put,2025-03-18 15:15:00,2025-03-19 15:07:00,23.87,0.71,0.4,2025-03-18 15:15:00-04:00,2025-03-19 15:07:00-04:00,True,-0.43661971830985913,2025-03-18,2025-04-17,30,-8.517873434519363,-14.03101304733928,15.902725596010644,1.45411784514774,-0.4146294145775196,False,54.581834856303054,False,-8.515304411756297,915,-3.9741956036954518,False,2.0669214569846384,0.6533286118980075,False,-1.172000428127995,0.8552178719676284,False,0.18973657503420505,False,0.2550895266126951,False,0.5237215033887965,False,2.82040647034425,36.53671804170444
AAPL,210.0,Put,2025-03-20 09:33:00,2025-03-20 14:27:00,4.9,0.66,0.58,2025-03-20 09:33:00-04:00,2025-03-20 14:27:00-04:00,True,-0.12121212121212133,2025-03-20,2025-03-21,1,-0.04908491690623906,-0.2950326141494936,,,-2.413361164074202,False,34.02321798808589,True,1.803765514588136,573,-0.6155918974168451,False,-1.1989280173021921,0.0053254752986897635,,-1.477982357256602,0.014678437375492681,,-0.02669450119925365,,0.03915426781518905,,-0.046497210167384395,,-0.020370747606446304,1.7819559421916666
AAPL,210.0,Put,2025-03-20 14:39:00,2025-03-20 15:46:00,1.12,0.75,0.39,2025-03-20 14:39:00-04:00,2025-03-20 15:46:00-04:00,True,-0.48,2025-03-20,2025-03-21,1,-0.6755019517097893,-3.821812479927446,13.276897209680211,1.1291881400462112,-6.06842461224571,False,27.32973591369536,True,-2.047546780595532,879,-0.6155918974168451,False,-1.1989280173021921,-0.11361013970496714,True,-1.477982357256602,-0.10274906162845987,True,-0.36865950075508636,True,-0.3132341425215346,True,-0.34097954122751517,True,-1.1747810144632331,1.1625170612321734
AMD,110.0,Put,2025-03-24 15:00:00,2025-03-25 14:55:00,23.92,0.56,0.5,2025-03-24 15:00:00-04:00,2025-03-25 14:55:00-04:00,True,-0.1071428571428572,2025-03-24,2025-03-28,4,4.429053130410998,18.17793213999475,0.7854662035799967,-1.704212649145287,3.283757413839204,True,63.707684948724655,True,-0.7262264523727708,900,3.0909432544156346,True,0.6533507560201657,-0.496671338472332,False,-0.20788543202858722,-0.5412719891745521,False,-0.9336823734729549,False,-0.7416892153073062,False,-0.3797660641045031,True,-1.9045534150612942,4.005585129592463
AMD,114.0,Put,2025-03-24 15:00:00,2025-03-25 14:51:00,23.85,1.78,2.06,2025-03-24 15:00:00-04:00,2025-03-25 14:51:00-04:00,True,0.1573033707865168,2025-03-24,2025-03-28,4,4.429053130410998,18.17793213999475,0.7854662035799967,-1.704212649145287,3.283757413839204,True,63.707684948724655,True,-0.7262264523727708,900,3.0909432544156346,True,0.6533507560201657,-0.496671338472332,False,-0.20788543202858722,-0.5412719891745521,False,-0.9336823734729549,False,-0.7416892153073062,False,-0.3797660641045031,True,-1.9045534150612942,0.514879134304916
AMD,108.0,Put,2025-03-24 15:03:00,2025-03-25 14:51:00,23.8,0.97,1.04,2025-03-24 15:03:00-04:00,2025-03-25 14:51:00-04:00,True,0.07216494845360821,2025-03-24,2025-04-04,11,4.429053130410998,18.17793213999475,0.7854662035799967,-1.704212649145287,3.283757413839204,True,63.707684948724655,True,-0.7262264523727708,903,3.0909432544156346,True,0.6533507560201657,-0.496671338472332,False,-0.20788543202858722,-0.5412719891745521,False,-0.9336823734729549,False,-0.7416892153073062,False,-0.3797660641045031,True,-1.9045534150612942,5.750938127236236
CVNA,210.0,Put,2025-03-26 09:33:00,2025-03-26 11:31:00,1.97,2.6,6.3,2025-03-26 09:33:00-04:00,2025-03-26 11:31:00-04:00,True,1.423076923076923,2025-03-26,2025-03-28,2,-0.2711251694532235,-0.9385474860334962,,,-1.6033519553072435,True,41.80611717321515,True,4.636419163204913,573,-0.1579066095195092,True,-3.7444418441376026,0.003477111910865638,,-2.5738832840183967,0.0020312817387790894,,0.08756567425569628,,-0.01923446816696206,,,,-0.022660321776579728,-375.75894879927506
META,600.0,Put,2025-03-27 10:06:00,2025-03-27 14:02:00,3.93,2.86,3.15,2025-03-27 10:06:00-04:00,2025-03-27 14:02:00-04:00,True,0.10139860139860146,2025-03-27,2025-03-28,1,1.0863787375415157,2.451136555291112,0.539699791990727,-0.6613275901114823,0.7533504488128824,False,60.16095767843983,False,-6.698617078473255,606,-1.4697698779010837,True,2.4476696843416135,-0.23448519040900617,False,-0.2574365665720446,-0.26326154101283805,False,0.04108650992924456,False,0.014608492403589413,False,-0.03057636447028056,False,-0.10768899418478473,1.4033588589082007
QQQ,483.0,Put,2025-03-27 10:34:00,2025-03-27 11:59:00,1.42,0.96,1.46,2025-03-27 10:34:00-04:00,2025-03-27 11:59:00-04:00,True,0.5208333333333333,2025-03-27,2025-03-27,0,0.4726270185112291,1.8907712356355588,0.0,-0.4522509067465874,1.0947217154366224,True,61.67242862580029,False,-6.27534776151915,634,-0.4067054791692448,True,1.8400680906253797,-0.4090267983074547,False,-0.2574365665720446,-0.4726270185112291,False,-0.06847751654872614,False,-0.22886638098948975,False,-0.2598990979972404,False,-0.538444970923968,0.3486764736223148
META,595.0,Put,2025-03-28 09:32:00,2025-03-28 09:58:00,0.43,3.35,4.05,2025-03-28 09:32:00-04:00,2025-03-28 09:58:00-04:00,True,0.20895522388059695,2025-03-28,2025-03-28,0,-0.07162965801001953,-0.31977562587310265,,,-0.5218529988261493,False,47.69965863613059,False,14.774076639004079,572,-0.37671346543198814,False,1.3748404203083542,0.001768284057146463,,-0.2811720808502338,0.03959900794063831,,-0.16605166051659737,,0.014667057788209092,,,,-0.06382978723404875,0.8134960325398406
META,595.0,Put,2025-03-28 09:32:00,2025-03-28 09:58:00,0.43,3.35,4.05,2025-03-28 09:32:00-04:00,2025-03-28 09:58:00-04:00,True,0.20895522388059695,2025-03-28,2025-03-28,0,-0.07162965801001953,-0.31977562587310265,,,-0.5218529988261493,False,47.69965863613059,False,14.774076639004079,572,-0.37671346543198814,False,1.3748404203083542,0.001768284057146463,,-0.2811720808502338,0.03959900794063831,,-0.16605166051659737,,0.014667057788209092,,,,-0.06382978723404875,0.8134960325398406
AAPL,210.0,Put,2025-03-28 09:34:00,2025-03-31 15:53:00,78.32,1.39,1.21,2025-03-28 09:34:00-04:00,2025-03-31 15:53:00-04:00,True,-0.1294964028776978,2025-03-28,2025-04-11,14,-0.03156992738916342,-0.2137451198499185,,,-1.4612898863660415,False,40.99734155255831,True,-9.73519918576968,574,-0.9470627652445884,True,-1.047262221820966,0.001768284057146463,,-0.2811720808502338,0.03959900794063831,,-0.16605166051659737,,0.014667057788209092,,,,-0.06382978723404875,5.260308580709193
AAPL,210.0,Put,2025-03-31 09:32:00,2025-03-31 15:53:00,6.35,2.37,1.21,2025-03-31 09:32:00-04:00,2025-03-31 15:53:00-04:00,True,-0.48945147679324896,2025-03-31,2025-04-04,4,0.0,0.0,,,1.6946208401527367,False,59.8535501746496,False,4.31304073711479,572,-0.3212482790270865,False,2.6580299307571997,-0.01273143938014254,,1.4752296180715718,0.023813647384829384,,-0.12540394540103694,,0.0050638039295058945,,0.06367398917541678,,-0.18751171948246936,3.3149171270718183
META,587.5,Call,2025-03-31 09:36:00,2025-03-31 09:45:00,0.15,3.2,2.7,2025-03-31 09:36:00-04:00,2025-03-31 09:45:00-04:00,False,-0.15625,2025-03-31,2025-04-04,4,-1.40195208518189,4.317698268626406,0.4153735043235492,-0.5963740458015288,-4.979202436025036,False,20.30294202354402,False,-1.5888748363742593,576,-2.2956618233519466,False,-4.288227289322588,-0.20552180713687696,False,-1.4752296180715718,-0.7014201593349534,False,-0.9791154198620533,False,-0.20761596110998592,False,0.06367398917541678,False,0.956309769360586,5.741540676745855
META,565.0,Put,2025-04-01 09:32:00,2025-04-01 15:50:00,6.3,7.43,3.9,2025-04-01 09:32:00-04:00,2025-04-01 15:50:00-04:00,True,-0.4751009421265141,2025-04-01,2025-04-04,3,-0.022773057720937295,-0.09351652981738186,,,-4.107145279470465,False,34.5084368607633,True,-9.628376831822536,572,-0.9559997223957284,False,0.06588757499046416,0.003587765718915392,,2.558876811594213,0.017119623368277992,,-0.04835039817974174,,0.025126890798543577,,,,-0.17622870569806715,1.0022427810485048
BABA,130.0,Put,2025-04-02 09:31:00,2025-04-03 09:31:00,24.0,2.94,5.25,2025-04-02 09:31:00-04:00,2025-04-03 09:31:00-04:00,True,0.7857142857142858,2025-04-02,2025-04-11,9,0.1288269172476486,0.8798196000147356,,,-3.552742597316213,False,35.897768547024725,True,-0.8301469843764409,571,-0.5576488319517514,False,-0.3554412765635728,-0.0,,2.517985611510798,0.012872221745474643,,0.2775650842266497,,-0.010163634515714115,,0.07907638779059978,,0.07630675314764801,1.6120487398773902
META,580.0,Put,2025-04-02 09:55:00,2025-04-03 09:33:00,23.63,13.0,36.0,2025-04-02 09:55:00-04:00,2025-04-03 09:33:00-04:00,True,1.7692307692307692,2025-04-02,2025-04-11,9,2.3061398769584684,5.161834651746659,1.0288639168995846,-0.6679117442871085,2.7434657319353186,True,68.20728315878347,False,-30.839011503150566,595,-2.0836177474402806,False,-1.6725657575126673,-0.6251689037023667,False,2.517985611510798,-1.0383592208015102,False,-1.0073698315467006,False,-0.9858725480231811,False,-1.0596235963941103,False,-2.518122853872573,1.1962746225697602
BABA,120.0,Put,2025-04-02 11:00:00,2025-04-03 14:55:00,27.92,1.29,1.35,2025-04-02 11:00:00-04:00,2025-04-03 14:55:00-04:00,True,0.04651162790697683,2025-04-02,2025-04-17,15,-1.3488936041224586,-3.7801104301923463,5.627692494387491,0.5775979240862927,-3.7310964140525034,False,29.10967799130107,False,16.14633917454765,660,-0.5576488319517514,False,-0.3554412765635728,-1.2683542023241179,False,2.517985611510798,-1.5636531365313733,False,-1.3997894333843686,False,-1.976826913304186,False,-1.8662027518582924,False,-4.502098435711554,7.8199416192963636
MSFT,390.0,Call,2025-04-04 11:03:00,2025-04-04 13:19:00,2.27,3.95,2.24,2025-04-04 11:03:00-04:00,2025-04-04 13:19:00-04:00,False,-0.43291139240506327,2025-04-04,2025-04-17,13,1.0476347408170383,-1.727297719503085,1.788425774692982,-0.2763129693513111,1.9484227991474274,False,51.349311845442436,False,-6.043757824290047,663,-2.4081370105330957,False,-2.363008321557536,-1.5666469363985303,False,-5.357268815687377,-1.6455927329164122,False,-3.8561433266193212,False,-1.7140353759378057,False,-2.762861597089894,False,1.78232286340394,5.995629175106678
QQQ,418.0,Put,2025-04-04 14:44:00,2025-04-07 09:30:00,66.77,5.35,12.09,2025-04-04 14:44:00-04:00,2025-04-07 09:30:00-04:00,True,1.2598130841121495,2025-04-04,2025-04-07,3,-2.985347149313,-7.832737351788786,9.168135233630466,1.7002968378934114,-3.0792227145961024,False,34.46033922444333,True,7.672041896008118,884,-2.778147605733816,False,5.353355035177976,3.1714814885532627,True,5.357268815687377,2.985347149313,True,3.9436022474292343,True,1.3361809320409757,True,1.6109475142906615,False,6.983199415631858,1.6609419846609896
QQQ,386.0,Put,2025-04-07 09:54:00,2025-04-07 10:12:00,0.3,2.16,0.64,2025-04-07 09:54:00-04:00,2025-04-07 10:12:00-04:00,True,-0.7037037037037037,2025-04-07,2025-04-08,1,-0.0831987471247575,-0.12041487477866082,0.5949911459650943,-0.40202918093994455,-1.2782492284340756,False,42.84759722816903,True,12.043365355349707,594,-3.314642629001341,False,6.2108906936493185,0.2861873709601559,False,9.066695461253282,0.0831987471247575,False,-0.45535765750186474,False,0.2122533272143179,False,1.0690342453342883,True,0.08119925046845555,5.46630094043887
QQQ,410.0,Put,2025-04-07 12:36:00,2025-04-07 15:44:00,3.13,5.5,3.72,2025-04-07 12:36:00-04:00,2025-04-07 15:44:00-04:00,True,-0.3236363636363636,2025-04-07,2025-04-08,1,3.1688934566632465,4.272748911780589,7.103651279585796,-0.41082134401209114,1.4349309596363338,True,54.74492579747587,False,7.43642541995488,756,-3.314642629001341,False,6.2108906936493185,-2.3835319609967653,False,9.066695461253282,-3.1688934566632465,False,-5.703556400945287,False,-2.8740247820101095,False,-1.5582533067584725,False,-7.295440349781391,2.753729750243119
META,530.0,Put,2025-04-08 09:30:00,2025-04-08 12:19:00,2.82,12.0,17.93,2025-04-08 09:30:00-04:00,2025-04-08 12:19:00-04:00,True,0.49416666666666664,2025-04-08,2025-04-11,3,-0.0809940174873569,-0.16534160757137809,,,5.638569687729809,True,77.24413068658987,False,4.916502651449292,570,5.230024213075057,False,-2.282408416381032,-0.01532948818672164,,9.833926241084034,-0.027390381411063203,,-0.09845069692731023,,-0.04846787656846985,,0.8234688625836317,,0.43800030206917473,2.359941784418111
QQQ,443.0,Put,2025-04-09 13:39:00,2025-04-09 15:00:00,1.35,2.57,0.87,2025-04-09 13:39:00-04:00,2025-04-09 15:00:00-04:00,True,-0.6614785992217899,2025-04-09,2025-04-09,0,8.761943729090937,7.413716109380922,0.3288875571116678,-5.613201077002494,6.004124811446036,True,86.6123161913116,False,-24.048379242699077,819,-0.1369994712301148,True,1.8008449573980956,-7.78818093385214,False,11.496158439845273,-8.761943729090937,False,-10.621919014084513,False,-8.88142658638258,False,-8.794015690567413,False,-22.964264792032797,1.9683776098429906
QQQ,430.0,Put,2025-04-10 15:27:00,2025-04-10 15:50:00,0.38,2.05,2.64,2025-04-10 15:27:00-04:00,2025-04-10 15:50:00-04:00,True,0.28780487804878074,2025-04-10,2025-04-11,1,-1.5232342826911105,-2.1229158163153286,2.722002045232099,-0.3328801298937645,0.9738954649392076,False,51.7184017468308,True,5.953217844741964,927,-2.652360515021457,False,-12.003076479353947,1.200586201713505,False,2.8165521150712025,1.5232342826911105,False,3.0042208759559097,True,1.387082791504124,False,2.3232658479920287,True,11.714529428490184,3.7449913818189997
META,500.0,Put,2025-04-11 09:34:00,2025-04-11 12:31:00,2.95,9.0,6.59,2025-04-11 09:34:00-04:00,2025-04-11 12:31:00-04:00,True,-0.2677777777777778,2025-04-11,2025-04-17,6,-0.054167133624705155,-0.09979500238425203,,,-4.221919111971921,False,28.0341236906807,True,14.646924704064524,574,-1.997107763275907,False,6.739846697509266,-0.03824749956973239,,2.2582448295137003,0.0022489598560659907,,-0.025549310168626604,,-0.038644142652111135,,,,0.0500000000000167,6.557775327515003
QQQ,449.0,Put,2025-04-11 12:54:00,2025-04-11 15:16:00,2.37,1.75,0.17,2025-04-11 12:54:00-04:00,2025-04-11 15:16:00-04:00,True,-0.9028571428571428,2025-04-11,2025-04-11,0,1.9903294726189236,5.663974107546973,0.05119976594391712,-1.4588723387928493,4.210705871058916,True,71.62802543227363,False,-10.458214576235456,774,-0.34291093280739426,True,4.2532188841201695,-1.8550037291312105,False,2.2582448295137003,-1.9903294726189236,False,-2.406745017884515,False,-0.8336093629237151,False,-0.18835616438355185,False,-4.149999999999987,0.9922822491730982
QQQ,458.0,Put,2025-04-14 14:37:00,2025-04-14 15:07:00,0.5,0.87,0.27,2025-04-14 14:37:00-04:00,2025-04-14 15:07:00-04:00,True,-0.6896551724137931,2025-04-14,2025-04-14,0,-1.1755587133445267,-5.337392470115119,5.914143671098288,-0.06679991897458049,1.4543436487544037,True,62.45058598007971,False,-6.553037951406743,877,2.213908450704216,True,-1.8423057958671274,0.6295724421896187,False,-5.672102596580131,1.1755587133445267,False,1.8094731240021367,False,0.8146531068633167,False,0.1664724488097291,False,-0.7553747821034462,0.2178649237472767
QQQ,458.0,Put,2025-04-14 15:08:00,2025-04-14 15:24:00,0.27,0.28,0.2,2025-04-14 15:08:00-04:00,2025-04-14 15:24:00-04:00,True,-0.2857142857142857,2025-04-14,2025-04-14,0,-0.9839383369934951,-6.066812694981099,6.850055471794895,-0.2523400478959159,3.655922396381494,True,64.91941781552808,False,-4.667350944909366,908,2.213908450704216,True,-1.8423057958671274,0.48159994117863425,False,-5.672102596580131,0.9839383369934951,False,1.7562533262373559,False,0.5457643362973275,False,0.28300316297652506,False,-0.8570598489250458,0.4109678401356817
PLTR,95.0,Put,2025-04-15 12:14:00,2025-04-15 15:01:00,2.78,1.63,1.34,2025-04-15 12:14:00-04:00,2025-04-15 15:01:00-04:00,True,-0.1779141104294477,2025-04-15,2025-04-17,2,4.064171122994642,6.936024302160378,0.7757395601100378,-1.3413873946318322,3.908759990091443,True,64.01102332121971,False,9.269768534330467,734,0.9501187648456089,True,-4.596273291925468,-0.20197153868959372,True,-6.887664062809784,-0.3576569110655514,False,-0.9588770264926882,False,-0.46688848341740474,True,-0.2171371304493075,True,-3.350208457415127,2.3638232271325768
QQQ,435.0,Put,2025-04-17 15:08:00,2025-04-17 15:59:00,0.85,1.21,1.39,2025-04-17 15:08:00-04:00,2025-04-17 15:59:00-04:00,True,0.14876033057851235,2025-04-17,2025-04-21,4,-0.4450209092738855,-2.1540459880313567,2.7818583865530386,-0.04416363162051962,-0.053595695000682377,False,44.137767255130406,True,2.236948863328891,908,0.6731505245621161,False,3.0153496801240243,-0.16870712201040305,False,4.185046115708513,0.4450209092738855,False,1.526912470636288,True,-0.8973458024758019,False,-1.7875383043922222,False,0.15650319829425552,2.286715485870885
BABA,105.0,Put,2025-04-21 09:33:00,2025-04-22 15:57:00,30.4,2.75,0.8,2025-04-21 09:33:00-04:00,2025-04-22 15:57:00-04:00,True,-0.709090909090909,2025-04-21,2025-05-02,11,-0.21153315552285834,-1.0819892473118418,,,-3.7685779569891498,False,34.33646964411548,True,8.39041653307121,573,-0.12859373564801935,True,-1.9859484777517533,-0.001918796530819833,,-0.34885050897859315,0.01825525409032691,,0.0794070937003788,,-0.0,,,,0.7620660457239747,3.225806451612903
BABA,108.0,Put,2025-04-21 09:36:00,2025-04-22 15:29:00,29.88,2.55,0.5,2025-04-21 09:36:00-04:00,2025-04-22 15:29:00-04:00,True,-0.803921568627451,2025-04-21,2025-04-25,4,-0.22532879610043244,-0.9433443344334583,1.9829482948294799,0.07062038472757104,-3.0440836083608427,False,34.06742846026853,True,9.025168721770825,576,-0.12859373564801935,True,-1.9859484777517533,0.1074526057256775,True,-0.34885050897859315,-0.11409533806447936,False,-0.010587612493373477,False,0.329729729729733,True,0.05094243504839557,True,0.5503810330228731,0.44706641471171077
BABA,108.0,Put,2025-04-21 09:36:00,2025-04-22 15:29:00,29.88,2.55,0.5,2025-04-21 09:36:00-04:00,2025-04-22 15:29:00-04:00,True,-0.803921568627451,2025-04-21,2025-04-25,4,-0.22532879610043244,-0.9433443344334583,1.9829482948294799,0.07062038472757104,-3.0440836083608427,False,34.06742846026853,True,9.025168721770825,576,-0.12859373564801935,True,-1.9859484777517533,0.1074526057256775,True,-0.34885050897859315,-0.11409533806447936,False,-0.010587612493373477,False,0.329729729729733,True,0.05094243504839557,True,0.5503810330228731,0.44706641471171077
AVGO,140.0,Put,2025-04-21 10:47:00,2025-04-22 15:57:00,29.17,1.83,0.97,2025-04-21 10:47:00-04:00,2025-04-22 15:57:00-04:00,True,-0.4699453551912569,2025-04-21,2025-05-09,18,-1.0231845756502045,-1.8433867177838446,3.477383749690834,0.3602577333847501,-1.9101360375958494,False,41.41459036686885,False,12.010825443306736,647,-2.6317328498742576,False,2.073191684325071,1.1129019878731938,True,-0.34885050897859315,1.0702142710448892,True,1.3499205929063063,True,0.8378378378378404,True,1.1248089658685623,True,2.5966694891335074,15.041584110348841
QQQ,458.0,Put,2025-04-23 09:30:00,2025-04-23 11:49:00,2.32,2.69,3.96,2025-04-23 09:30:00-04:00,2025-04-23 11:49:00-04:00,True,0.47211895910780677,2025-04-23,2025-04-23,0,0.015278171857602274,0.13224121877824185,,,2.6206355674902087,True,60.342456090088646,True,-1.7770932827120731,570,3.0800035997120334,True,-2.625199141095802,-0.0018503784024126446,,2.2017361626354037,-0.015278171857602274,,0.02480404802064351,,-0.015549681231541435,,0.04077970801729114,,0.060624431645939225,0.05237430167597964
QQQ,458.0,Put,2025-04-23 09:30:00,2025-04-23 11:49:00,2.32,2.69,3.96,2025-04-23 09:30:00-04:00,2025-04-23 11:49:00-04:00,True,0.47211895910780677,2025-04-23,2025-04-23,0,0.015278171857602274,0.13224121877824185,,,2.6206355674902087,True,60.342456090088646,True,-1.7770932827120731,570,3.0800035997120334,True,-2.625199141095802,-0.0018503784024126446,,2.2017361626354037,-0.015278171857602274,,0.02480404802064351,,-0.015549681231541435,,0.04077970801729114,,0.060624431645939225,0.05237430167597964
QQQ,458.0,Put,2025-04-23 09:32:00,2025-04-23 12:21:00,2.82,2.5,4.95,2025-04-23 09:32:00-04:00,2025-04-23 12:21:00-04:00,True,0.98,2025-04-23,2025-04-23,0,0.015278171857602274,0.13224121877824185,,,2.6206355674902087,True,60.342456090088646,True,-1.7770932827120731,572,3.0800035997120334,True,-2.625199141095802,-0.0018503784024126446,,2.2017361626354037,-0.015278171857602274,,0.02480404802064351,,-0.015549681231541435,,0.04077970801729114,,0.060624431645939225,0.05237430167597964
QQQ,458.0,Put,2025-04-23 09:34:00,2025-04-23 12:21:00,2.78,2.52,4.95,2025-04-23 09:34:00-04:00,2025-04-23 12:21:00-04:00,True,0.9642857142857144,2025-04-23,2025-04-23,0,0.015278171857602274,0.13224121877824185,,,2.6206355674902087,True,60.342456090088646,True,-1.7770932827120731,574,3.0800035997120334,True,-2.625199141095802,-0.0018503784024126446,,2.2017361626354037,-0.015278171857602274,,0.02480404802064351,,-0.015549681231541435,,0.04077970801729114,,0.060624431645939225,0.05237430167597964
META,540.0,Put,2025-04-25 13:31:00,2025-04-25 13:58:00,0.45,0.21,1.11,2025-04-25 13:31:00-04:00,2025-04-25 13:58:00-04:00,True,4.2857142857142865,2025-04-25,2025-04-25,0,0.34381858083394334,1.603773010060139,1.0066234850378037,-1.092015591551454,4.677074698530863,True,67.34561830865854,False,-7.992517979279405,811,2.5602550876863805,True,-2.4756376496819055,-0.7910728985639714,False,-4.000684853327252,-1.2763132535280608,False,-2.939472922096731,False,-0.6849315068493178,False,0.4645760743321792,True,-2.4060850667494638,1.58197856674199
META,540.0,Put,2025-04-25 13:31:00,2025-04-25 15:04:00,1.55,0.21,0.07,2025-04-25 13:31:00-04:00,2025-04-25 15:04:00-04:00,True,-0.6666666666666666,2025-04-25,2025-04-25,0,0.34381858083394334,1.603773010060139,1.0066234850378037,-1.092015591551454,4.677074698530863,True,67.34561830865854,False,-7.992517979279405,811,2.5602550876863805,True,-2.4756376496819055,-0.7910728985639714,False,-4.000684853327252,-1.2763132535280608,False,-2.939472922096731,False,-0.6849315068493178,False,0.4645760743321792,True,-2.4060850667494638,1.58197856674199
AVGO,180.0,Put,2025-04-25 15:18:00,2025-04-25 15:21:00,0.05,1.44,1.36,2025-04-25 15:18:00-04:00,2025-04-25 15:21:00-04:00,True,-0.05555555555555547,2025-04-25,2025-05-02,7,2.73987263873281,12.40975744879749,3.344817437371185,-0.8859316236926151,2.8683506171984505,True,55.62981047759496,True,17.748581664575767,918,-0.6803082646824388,True,-6.353513085749829,-0.5981889691758946,False,-4.000684853327252,-1.0171959654795781,False,-2.176851047398398,False,-0.4151100041511091,False,1.0452961672473893,True,-2.7087860912760053,6.245116933173607
AMZN,182.5,Put,2025-04-29 09:36:00,2025-04-29 15:56:00,6.33,5.3,4.07,2025-04-29 09:36:00-04:00,2025-04-29 15:56:00-04:00,True,-0.23207547169811316,2025-04-29,2025-05-02,3,0.5815849548864049,1.0428704696398172,0.7597360103590701,-0.1064809096228636,-2.337392406120774,False,40.65463532190285,False,18.401494540324343,576,-1.981885988279164,True,0.6825757976612667,-0.1402780055018038,False,-7.194286603876399,-0.11487162032801645,False,0.1194286533225064,True,-0.020570840833133985,True,-0.4857621440536031,False,0.11123470522802492,1.3780059443393737
QQQ,464.0,Put,2025-04-30 11:17:00,2025-04-30 14:07:00,2.83,0.59,0.11,2025-04-30 11:17:00-04:00,2025-04-30 14:07:00-04:00,True,-0.8135593220338984,2025-04-30,2025-04-30,0,0.4688202427589827,1.8164045143517136,0.33176338161678,-0.7047724277107204,0.5299422376255108,False,61.619357918104484,False,-8.226192044547169,677,-1.7664500662418758,True,-0.6604432590334497,-0.19174930148468938,False,-5.134186818397346,-0.4688202427589827,False,-1.0478093474340922,False,-0.06730868799835754,False,-0.6217442446647681,False,0.7358697354000299,1.133554930537798
NFLX,1100.0,Put,2025-05-01 09:31:00,2025-05-01 14:13:00,4.7,4.8,1.0,2025-05-01 09:31:00-04:00,2025-05-01 14:13:00-04:00,True,-0.7916666666666666,2025-05-01,2025-05-02,1,0.0,0.0,,,-2.5052075471697726,True,40.542795120993524,False,11.317128327680969,571,-0.8129362905363591,True,-0.5419331911869163,-0.0017845352177969787,,-3.5710283515744567,0.014480461719879045,,0.03722488483550723,,0.010219201880334872,,0.2949852507374673,,0.24441909727881406,-879.9554565701559
NFLX,1080.0,Put,2025-05-01 09:50:00,2025-05-01 14:13:00,4.38,1.38,0.54,2025-05-01 09:50:00-04:00,2025-05-01 14:13:00-04:00,True,-0.608695652173913,2025-05-01,2025-05-02,1,0.12472160356347128,0.3967611336032395,0.4817813765182223,-0.3165537134006913,-0.7906882591092995,True,48.69865817118801,False,8.184692193969795,590,-0.8129362905363591,True,-0.5419331911869163,-0.06245873262309409,False,-3.5710283515744567,-0.006205912165646588,False,0.1907775347820051,False,0.2605896479485059,False,0.27859718125204935,False,0.8473195372331821,-860.939585372364
AVGO,175.0,Put,2025-05-02 15:36:00,2025-05-05 13:34:00,69.97,0.68,0.56,2025-05-02 15:36:00-04:00,2025-05-05 13:34:00-04:00,True,-0.17647058823529405,2025-05-02,2025-05-16,14,0.12746444335458573,0.6190306061688421,3.620578778135091,-0.11663091954363658,-1.192168631654216,True,42.66723883092362,True,11.521742905755993,936,3.329448132569812,True,-2.5250688418974487,-0.49230551275920575,False,-2.1547860762040516,-0.5837135692851492,False,-0.6743428597641987,False,-1.119346543639388,False,-2.4168694241686994,False,-1.529605263157896,14.28287337523186
AMD,93.0,Put,2025-05-05 09:30:00,2025-05-05 13:34:00,4.07,1.89,1.25,2025-05-05 09:30:00-04:00,2025-05-05 13:34:00-04:00,True,-0.3386243386243386,2025-05-05,2025-05-09,4,0.010101010101015717,0.04724622030239975,,,3.5878496220302214,True,68.60248804648336,False,-9.841159947420529,570,0.2024291497975783,True,-2.224521469218832,-0.012443338369938495,,-2.9275025424960077,-0.01238134543952718,,0.023038289637378195,,-0.0,,-0.09621552277101486,,0.032910975810418464,6.070093929906075
QQQ,481.0,Put,2025-05-05 10:19:00,2025-05-05 13:34:00,3.25,1.07,0.58,2025-05-05 10:19:00-04:00,2025-05-05 13:34:00-04:00,True,-0.4579439252336449,2025-05-05,2025-05-06,1,0.23526619892693112,1.389385538078503,1.6450587999756359,-0.05315090133362066,1.4110653632889967,False,63.479944468356365,False,-6.329259082135096,619,-0.865331505840472,True,-1.4843879754193656,-0.11199004532931323,False,-2.9275025424960077,-0.23526619892693112,False,-0.4561581348200727,True,-0.07050410434608079,True,-1.69980756895447,False,-0.5430311008721489,0.9758510775618451
MSFT,425.0,Put,2025-05-06 09:30:00,2025-05-07 15:42:00,30.2,1.79,0.39,2025-05-06 09:30:00-04:00,2025-05-07 15:42:00-04:00,True,-0.782122905027933,2025-05-06,2025-05-09,3,0.060174041844107684,0.5330209401083554,,,-0.8197288036317275,False,42.11522996055906,True,-2.098998653824829,570,-0.9377077744916029,True,-0.20446609079214362,0.012546376785604885,,-2.29826631569392,0.006255734423232795,,-0.22934706295341112,,0.010173457449524914,,0.4019938896928754,,-0.03199488081906399,1.697737891474297
QQQ,475.0,Put,2025-05-06 09:35:00,2025-05-06 11:36:00,2.02,0.46,0.05,2025-05-06 09:35:00-04:00,2025-05-06 11:36:00-04:00,True,-0.8913043478260869,2025-05-06,2025-05-06,0,0.2041037617816377,2.121238390092839,0.39269349845211476,-0.08314248606029473,-0.6258303405573669,False,51.49749857139317,False,-2.959206464374944,575,-1.3108883995637255,True,0.5932532782357836,-0.23300414030436034,False,-2.29826631569392,-0.2041037617816377,False,-0.38614556517668763,False,-0.39167811180629286,False,-0.5627914455700322,False,-0.7518796992481147,1.152622847520321
AMD,93.0,Put,2025-05-07 13:37:00,2025-05-07 15:42:00,2.08,0.53,0.26,2025-05-07 13:37:00-04:00,2025-05-07 15:42:00-04:00,True,-0.5094339622641509,2025-05-07,2025-05-09,2,-2.4020843672456604,-6.153094580851402,12.941558913264616,1.2107451807057634,-1.9433924160976743,False,41.29575945625453,True,-3.9304642197591733,817,2.1598053133238704,True,1.9584451734764863,-0.1312148531643409,False,-0.8081974310867102,0.05808164619979239,False,-0.5516410161320318,False,-0.0201918223119657,False,-0.6451612903225712,False,-1.3924455825864213,5.420426543706436
QQQ,481.0,Put,2025-05-08 09:32:00,2025-05-08 14:54:00,5.37,1.27,0.33,2025-05-08 09:32:00-04:00,2025-05-08 14:54:00-04:00,True,-0.7401574803149606,2025-05-08,2025-05-09,1,-0.01228174318873565,-0.1105350422400738,,,-2.44355764928812,True,39.075403560814394,True,10.228538510454413,572,1.0821435961100745,True,-0.39259674705551806,-0.007076890414348114,,-1.1919789374977396,0.01228174318873565,,0.056092799928197934,,0.015017269860340132,,,,0.18214936247722413,1.529264847380602
META,595.0,Put,2025-05-09 09:30:00,2025-05-09 10:39:00,1.15,1.36,4.4,2025-05-09 09:30:00-04:00,2025-05-09 10:39:00-04:00,True,2.235294117647059,2025-05-09,2025-05-09,0,-0.0049677098857392465,-0.043706293706254985,,,1.9034324009325938,True,54.55942098776535,True,8.552772214212155,570,0.984933362318352,True,-0.20106901694008084,0.012357011721519928,,-1.1800096692749618,0.008159768262572253,,-0.057934845581364414,,-0.0,,,,-0.4249532551419355,1.4688591915478504
PLTR,100.0,Put,2025-05-12 09:38:00,2025-05-19 09:31:00,167.88,1.01,0.31,2025-05-12 09:38:00-04:00,2025-05-19 09:31:00-04:00,True,-0.693069306930693,2025-05-12,2025-05-30,18,-2.9324055666003934,-5.4229721301250535,5.752333431813446,0.9565131643822222,-7.369135891628082,False,15.825273266248857,True,15.553543333043493,578,2.915601023017911,False,1.552664708350826,0.3886567266848995,True,0.42698849601241484,0.5461143984220929,True,0.1436296045961516,True,-0.1968971461405955,False,-1.3016497654003478,False,-0.10179529890801398,14.661204983785634
MSFT,400.0,Put,2025-05-12 09:39:00,2025-05-15 11:08:00,73.48,1.99,1.11,2025-05-12 09:39:00-04:00,2025-05-15 11:08:00-04:00,True,-0.4422110552763818,2025-05-12,2025-06-20,39,-0.7671945802862346,-4.1048326946322815,4.416895998902633,0.2562965523979832,-6.114933257889434,True,23.092784200332133,True,12.21536723694387,579,1.6069108563353307,True,-0.1278042768788401,0.3886567266848995,True,0.42698849601241484,0.5461143984220929,True,0.1436296045961516,True,-0.1968971461405955,False,-1.3016497654003478,False,-0.10179529890801398,9.57591102269645
AVGO,210.0,Put,2025-05-13 10:04:00,2025-05-15 10:44:00,48.67,0.27,0.06,2025-05-13 10:04:00-04:00,2025-05-15 10:44:00-04:00,True,-0.7777777777777778,2025-05-13,2025-05-16,3,1.8879770393291029,4.665447666088809,0.18285008667571323,-0.9482685999469442,5.582014200565152,True,82.67635683291883,False,-8.761102120342983,604,0.6363390197671182,True,-6.426512968299725,-0.31193226613648317,False,-3.456904047842979,-0.5749327363066659,False,-1.3344488600711246,False,0.24410089503662524,True,-0.4509832914387113,False,-1.4746911119968176,7.570422535211263
QQQ,512.0,Put,2025-05-14 10:58:00,2025-05-14 14:04:00,3.1,0.2,0.05,2025-05-14 10:58:00-04:00,2025-05-14 14:04:00-04:00,True,-0.75,2025-05-14,2025-05-14,0,0.20320452038624648,1.093341662762305,1.1451923577489171,-0.09950650438732556,0.5424603050653996,True,57.18039268303369,False,11.617079796581976,658,0.22886401986073057,True,-1.5240720685241627,0.028919925828907456,False,-5.017895490336444,-0.20320452038624648,False,0.08883504946497478,False,0.22111132474522677,True,0.07359434795407571,False,0.9080142123963686,1.1239617774590103
CVNA,287.5,Put,2025-05-15 09:35:00,2025-05-15 10:34:00,0.98,1.12,2.2,2025-05-15 09:35:00-04:00,2025-05-15 10:34:00-04:00,True,0.9642857142857142,2025-05-15,2025-05-16,1,-0.016520733520564157,-0.046052631578938,1.289473684210493,0.06605019815059121,-1.1015789473684012,True,48.897596322106814,False,-8.666347504593567,575,-0.932896890343704,True,-4.248421771028843,-0.13844866452628057,False,-4.711752650806389,-0.13552234182607759,False,-0.3234994913529965,False,-0.1210243500992414,False,-0.3410438908659552,False,-0.22957719533194254,-375.04957038995366
QQQ,519.0,Put,2025-05-16 09:30:00,2025-05-19 09:30:00,72.0,2.58,4.76,2025-05-16 09:30:00-04:00,2025-05-19 09:30:00-04:00,True,0.8449612403100775,2025-05-16,2025-05-19,3,0.001920528529453236,0.020777987206677652,,,0.3648697665445181,True,52.599765999417656,False,13.167026471185224,570,0.2773230621088141,True,-0.10989434718902125,0.0050739957716650075,,-4.495097865713382,-0.001920528529453236,,-0.04847701381596181,,-0.0,,,,0.07930214115781098,0.3264835797964366
QQQ,508.0,Put,2025-05-16 09:34:00,2025-05-19 09:30:00,71.93,0.79,0.97,2025-05-16 09:34:00-04:00,2025-05-19 09:30:00-04:00,True,0.22784810126582267,2025-05-16,2025-05-20,4,0.001920528529453236,0.020777987206677652,,,0.3648697665445181,True,52.599765999417656,False,13.167026471185224,574,0.2773230621088141,True,-0.10989434718902125,0.0050739957716650075,,-4.495097865713382,-0.001920528529453236,,-0.04847701381596181,,-0.0,,,,0.07930214115781098,2.439024390243911
MSTR,357.5,Put,2025-05-30 09:33:00,2025-05-30 11:17:00,1.73,1.16,0.68,2025-05-30 09:33:00-04:00,2025-05-30 11:17:00-04:00,True,-0.4137931034482758,2025-05-30,2025-05-30,0,0.05420054200542257,0.16490279569131525,,,0.1787876110885264,False,49.103848085177454,True,13.672992197538832,573,-0.439791706014081,False,-1.7515442690459793,-0.0,,-1.2335723844490776,0.0019251501617301159,,0.04522468445503636,,-0.024373598518101502,,,,-0.13197586726998445,3.1690140845070394
MSFT,430.0,Put,2025-06-02 09:53:00,2025-06-02 12:51:00,2.97,1.32,1.15,2025-06-02 09:53:00-04:00,2025-06-02 12:51:00-04:00,True,-0.1287878787878789,2025-06-02,2025-06-20,18,0.7831298945618403,3.930086490131733,0.4610715994008794,-0.17995853551986407,2.4581351692556472,True,63.60188376582054,False,-3.0921366222619255,593,-0.6994526023112457,True,-0.366268422429572,-0.11569348033211302,True,-1.0804507022929455,-0.4291762522473874,True,-0.6835998745688299,True,0.657510227936875,True,0.6600153491941763,True,-1.0536218250235097,6.6678242750477565
QQQ,523.0,Call,2025-06-02 12:57:00,2025-06-02 13:09:00,0.2,0.29,0.38,2025-06-02 12:57:00-04:00,2025-06-02 13:09:00-04:00,False,0.3103448275862071,2025-06-02,2025-06-02,0,0.7684574786861909,-6.790808917741405,9.011702400273094,0.3579299883712528,3.5195831553771106,True,62.448814299011254,True,1.2098993344784077,777,-0.3544528134692082,True,-0.15771353836092628,0.4083299305839061,True,1.0804507022929455,0.7684574786861909,True,1.2982126058325383,True,0.0511396843950962,True,-0.3069838833461236,True,-1.0159924741298232,0.3366938771594923
META,650.0,Put,2025-06-03 09:30:00,2025-06-04 15:16:00,29.77,1.99,0.37,2025-06-03 09:30:00-04:00,2025-06-04 15:16:00-04:00,True,-0.8140703517587939,2025-06-03,2025-06-06,3,-0.017871237732136613,-0.13256320424203044,,,1.3058160527727796,True,52.26530099281949,True,-3.362141118778979,570,0.08496050081980844,True,-3.61549985327958,0.003376439207214421,,-2.348431213413682,0.003819855609477063,,-0.008214227041247746,,0.014530659691947001,,,,0.0,3.180159380353023
QQQ,512.0,Put,2025-06-03 09:38:00,2025-06-03 10:54:00,1.27,0.32,0.1,2025-06-03 09:38:00-04:00,2025-06-03 10:54:00-04:00,True,-0.6875,2025-06-03,2025-06-04,1,-0.0649566446388361,-0.7736955850571067,3.48083391560075,0.07894536327758273,1.8273911701140995,True,53.984117078484246,True,7.512731852191621,578,0.07071730280383548,True,-0.789813334360745,-0.02699463146165204,True,-2.348431213413682,0.0649566446388361,True,0.27106949236076483,True,0.19858568245665342,True,0.4606879606879777,True,0.05797101449276365,2.1481351097269212
CVNA,317.5,Put,2025-06-04 09:42:00,2025-06-04 15:16:00,5.57,0.82,0.4,2025-06-04 09:42:00-04:00,2025-06-04 15:16:00-04:00,True,-0.5121951219512195,2025-06-04,2025-06-06,2,0.14751438265230288,0.5035971223021217,2.266187050359691,0.09683439688042972,-0.22762589928061397,True,47.71354058180802,True,13.31208767146456,582,-0.33813584239927863,True,-2.6097450595866434,-0.13736493843703457,False,-0.8356593081282337,-0.2499905306617256,False,-0.5347807000039895,False,-0.337030308824926,False,-0.3201219512195319,False,-0.157449320999814,-367.6682869347474
CRWV,133.0,Put,2025-06-04 14:59:00,2025-06-05 09:31:00,18.53,1.16,1.2,2025-06-04 14:59:00-04:00,2025-06-05 09:31:00-04:00,True,0.034482758620689724,2025-06-04,2025-06-06,2,5.244587008821178,3.9560188865768446,1.2485050431031415,-5.756357802211665,3.4746563154583776,True,65.70469694050661,True,-1.983343195095074,899,3.5851940457203746,True,-25.19134775374374,-0.03350364352121549,False,-0.8356593081282337,-0.28644748304988976,False,-0.5786806082132889,False,0.17688115498614154,True,-0.2134146341463472,False,0.3239519779570932,18.927156354769892
META,667.5,Put,2025-06-05 09:30:00,2025-06-05 15:45:00,6.25,1.09,0.75,2025-06-05 09:30:00-04:00,2025-06-05 15:45:00-04:00,True,-0.3119266055045872,2025-06-05,2025-06-06,1,0.09253101234709682,0.46458089203677483,,,1.1674395163380882,True,60.19702865371828,False,1.2594234918382696,570,0.5392833781524775,True,-3.164129864287335,-0.0,,-1.3951984754904334,-0.0,,0.0748797982186522,,-0.00958359288898425,,0.2434941409222291,,0.0,3.5822620251336064
META,690.0,Put,2025-06-06 09:30:00,2025-06-06 14:00:00,4.5,1.78,0.11,2025-06-06 09:30:00-04:00,2025-06-06 14:00:00-04:00,True,-0.9382022471910112,2025-06-06,2025-06-06,0,-0.035906642728900096,-0.23907430429377577,,,5.546586975231837,True,74.85423560219597,False,7.374317529785131,570,1.6987525926791536,True,0.4840468057271674,-0.001670425123201369,,-0.5084314888568864,-0.0,,0.021693257341193206,,-0.0,,,,-0.15838447832111635,0.8620689655172413
QQQ,530.0,Put,2025-06-06 14:32:00,2025-06-06 15:18:00,0.77,0.28,0.35,2025-06-06 14:32:00-04:00,2025-06-06 15:18:00-04:00,True,0.24999999999999978,2025-06-06,2025-06-06,0,0.21698113207546665,3.2821641897539435,1.598271257619512,-0.1532438070529274,2.6014262124640473,True,61.734301296312026,False,-11.069093255254408,872,0.9927780636064032,True,0.7526902055714269,-0.15534953645703897,False,-0.5084314888568864,-0.21698113207546665,False,-0.1794624016407953,True,0.16784869976358419,True,-0.3778147196614734,False,-1.5640467234211086,0.21651134331167793
QQQ,525.0,Put,2025-06-09 09:34:00,2025-06-09 10:12:00,0.63,0.35,0.1,2025-06-09 09:34:00-04:00,2025-06-09 10:12:00-04:00,True,-0.7142857142857142,2025-06-09,2025-06-09,0,0.00754517674574906,0.1711753018491577,,,0.484563044474717,False,48.392769732640986,True,8.828369052130299,574,0.04151570048309683,True,-0.9775338706911274,-0.00833694600992363,,-1.6542527019460795,-0.00754517674574906,,-0.03529411764706669,,-0.0,,0.6892418339826123,,0.18255578093306912,0.9770266701874742
QQQ,528.0,Put,2025-06-09 11:31:00,2025-06-09 12:39:00,1.13,0.28,0.14,2025-06-09 11:31:00-04:00,2025-06-09 12:39:00-04:00,True,-0.5,2025-06-09,2025-06-09,0,0.12274116271173696,1.314014539580018,3.148828756058154,0.007426371596208625,0.31251211631667886,True,47.18975342438545,True,7.488110530685574,691,0.04151570048309683,True,-0.9775338706911274,0.08753793310434244,True,-1.6542527019460795,-0.12274116271173696,True,-0.9372941176470695,True,0.4465329405713758,True,-0.2846868444710937,True,-0.24340770791074773,0.5257627912470989
QQQ,524.0,Put,2025-06-10 09:32:00,2025-06-10 13:13:00,3.68,0.8,0.31,2025-06-10 09:32:00-04:00,2025-06-10 13:13:00-04:00,True,-0.6125,2025-06-10,2025-06-11,1,-0.0018826364440727161,-0.03922887245008375,,,-0.6575700515580631,True,41.35677706241263,True,6.692396533469058,572,0.08856227623892376,True,-0.14719202898552108,-0.0016660557795367126,,-1.1759545140118899,0.0018826364440727161,,0.058058522991188966,,-0.00932574839129785,,,,0.0,1.3479930717674464
COIN,237.5,Put,2025-06-11 13:57:00,2025-06-12 15:06:00,25.15,0.36,1.29,2025-06-11 13:57:00-04:00,2025-06-12 15:06:00-04:00,True,2.5833333333333335,2025-06-11,2025-06-13,2,-1.2091287274989204,-4.6851461283518985,8.73757155769809,0.8909694405589086,-2.7329828261525058,False,37.954919589405726,True,1.911800637037956,837,0.8904055856279847,True,0.6585356349608329,0.18040682566742294,True,-1.1726417151772361,0.3537889961353846,True,0.5766312594840839,True,0.19946191668985813,True,1.417554168196844,True,-0.5823627287853572,6.532861078315621
META,667.5,Put,2025-06-12 09:55:00,2025-06-12 13:04:00,3.15,0.66,0.34,2025-06-12 09:55:00-04:00,2025-06-12 13:04:00-04:00,True,-0.48484848484848486,2025-06-12,2025-06-13,1,-0.49614907548967135,-1.8503008275639896,2.20530040494543,0.0065154014198709476,-0.22565386772802984,False,47.18748873126425,True,-1.36160219011483,595,-0.11525052583051254,True,1.1759681093394092,-0.16832772240924498,False,-0.91118084338766,-0.2184269493663571,False,-0.5998615704068344,False,-0.01885280671161116,False,-0.20375820692779545,False,-0.6207448938726379,3.246847369183937
IBM,277.5,Put,2025-06-13 09:31:00,2025-06-13 15:30:00,5.98,1.1,0.6,2025-06-13 09:31:00-04:00,2025-06-13 15:30:00-04:00,True,-0.4545454545454546,2025-06-13,2025-06-13,0,0.0161751226613438,0.06350806451615286,,,-2.26327782258072,False,44.4649714983971,True,2.630259140148901,571,-1.0052307582820275,True,0.17405512929810074,-0.005012531328318914,,-1.804232358148572,-0.003790247692703197,,-0.0,,0.03335874952343776,,0.1989592898683945,,-0.13366431162880055,0.2695417789757413
KRE,55.0,Put,2025-06-13 10:30:00,2025-06-16 10:17:00,71.78,0.45,0.17,2025-06-13 10:30:00-04:00,2025-06-16 10:17:00-04:00,True,-0.6222222222222222,2025-06-13,2025-06-20,7,-1.061776061776054,-2.680294927375702,3.123318882313843,0.3006993998264318,-4.0261219581658905,False,34.15417761879908,False,21.74440685250852,630,-1.3845621322256862,False,0.6020987441940462,0.28905597326650545,True,-1.804232358148572,0.24636610002463089,True,0.2698505144632102,True,0.2668699961875687,True,-0.13774104683195176,True,1.088409394691614,2.4390243902439024
NFLX,1150.0,Put,2025-06-16 10:53:00,2025-06-17 11:37:00,24.73,0.89,0.43,2025-06-16 10:53:00-04:00,2025-06-17 11:37:00-04:00,True,-0.5168539325842697,2025-06-16,2025-06-20,4,0.3217290876093015,1.161702127659572,3.038297872340403,0.4022432292441036,0.05242553191489824,True,43.66853586369722,True,11.755231032350103,653,0.0,False,0.23045267489711918,-0.5879413724183769,False,0.3571786226925222,-0.7656783095511877,False,-1.4328851960840883,False,-0.6057582668187012,False,-1.0196317151118572,False,-3.2850241545893777,-845.6459172765399
CRWV,140.0,Put,2025-06-18 09:35:00,2025-06-18 11:31:00,1.93,0.58,0.26,2025-06-18 09:35:00-04:00,2025-06-18 11:31:00-04:00,True,-0.5517241379310345,2025-06-18,2025-06-20,2,-2.6942825823573657,-3.911012209201498,5.728334798916096,1.1654345064248783,-4.12112987455808,False,30.516524286894906,True,-1.363768845379461,575,0.8142848833827765,True,-8.473186119873821,0.15453512465744002,True,0.9202759169596231,0.28485191473306415,True,0.37103280310524234,True,0.08635578583765513,False,0.06129328838493375,True,0.679117147707986,16.992766512510375
COIN,265.0,Put,2025-06-18 12:37:00,2025-06-18 14:12:00,1.58,1.06,0.52,2025-06-18 12:37:00-04:00,2025-06-18 14:12:00-04:00,True,-0.5094339622641509,2025-06-18,2025-06-20,2,11.279527559055103,7.72286263855808,0.6280722494883301,-3.4479370481768967,5.700802091777092,True,78.54669796888534,True,1.033272396195187,757,0.05909001378767709,True,2.951408800703448,-0.2006884566539524,True,0.9202759169596231,-0.19807583474815704,False,-0.4186011111956933,False,-1.1490117060065197,False,-0.045969966288694764,True,-2.1222410865874397,6.244471961790192
CVNA,307.5,Put,2025-06-20 09:33:00,2025-06-20 13:45:00,4.2,1.22,0.09,2025-06-20 09:33:00-04:00,2025-06-20 13:45:00-04:00,True,-0.9262295081967213,2025-06-20,2025-06-20,0,0.09593859929646342,0.4375000000000162,,,6.886249999999954,True,69.04370042804861,False,1.6739874185030885,573,1.558947710295544,False,-4.727891156462594,-0.006684715398241892,,0.6518557935346503,-0.003757562093720246,,0.12082310741931002,,-0.00947418285173196,,0.38150465435677905,,-0.07827788649705791,-391.2140575079872
QQQ,522.0,Put,2025-06-23 10:09:00,2025-06-23 12:26:00,2.28,0.58,1.02,2025-06-23 10:09:00-04:00,2025-06-23 12:26:00-04:00,True,0.7586206896551726,2025-06-23,2025-06-24,1,0.39387266998214265,2.454293535196403,0.08870940488667367,-0.3813120027243766,2.7864641276062794,True,67.66022805024488,False,-1.967363977997067,609,-0.0018981455118360913,False,0.40832529915498794,-0.379806399569782,False,1.5685300207039399,-0.39387266998214265,False,-0.8620357898787567,False,-0.7266884113584116,False,-0.5552128315854388,False,-1.3690567484662464,1.303661407273652
QQQ,525.0,Put,2025-06-23 15:59:00,2025-06-24 09:37:00,17.63,0.95,0.19,2025-06-23 15:59:00-04:00,2025-06-24 09:37:00-04:00,True,-0.8,2025-06-23,2025-06-25,2,0.9244144109942676,9.58917596095682,0.7088507897214564,-0.5314858489093854,3.9155381780846437,True,62.14318494977671,False,5.421214812205434,959,-0.0018981455118360913,True,0.40832529915498794,-0.8167518150040465,False,1.5685300207039399,-0.9244144109942676,False,-0.7966134308254658,False,-1.3430544896392949,False,-2.1745835903763,False,-0.8052147239263729,1.2582519889409343
TSLA,325.0,Put,2025-06-24 09:30:00,2025-06-24 09:43:00,0.22,1.07,1.91,2025-06-24 09:30:00-04:00,2025-06-24 09:43:00-04:00,True,0.7850467289719625,2025-06-24,2025-06-27,3,0.011230592132949191,0.047353689782552805,,,-0.29526919727046147,True,53.40497170193443,False,-3.2543845018790734,570,2.1481014110359187,True,-8.231934442513023,-0.0016547250674348035,,-0.5276381909547601,-0.0,,-0.04512465686459244,,-0.023442261709405443,,-0.3717472118959009,,-0.10231225700838564,8.761685522584987
QQQ,558.0,Put,2025-07-22 12:45:00,2025-07-22 14:01:00,1.27,0.22,0.03,2025-07-22 12:45:00-04:00,2025-07-22 14:01:00-04:00,True,-0.8636363636363636,2025-07-22,2025-07-22,0,-0.73363931172582,-8.495046022161066,8.597643196341895,0.10404434676923868,-2.8663023978426256,False,38.496688064649476,True,2.529641576474809,765,0.02481521527200048,True,-0.5184762855004799,0.25751891651299985,True,-0.6337926729725885,0.73363931172582,True,1.7205377327558002,True,-0.2752459164335308,False,-0.6255331248222973,False,0.9878244888582577,0.38738240177088373
AMD,152.5,Put,2025-07-23 12:54:00,2025-07-23 15:57:00,3.05,0.58,0.57,2025-07-23 12:54:00-04:00,2025-07-23 15:57:00-04:00,True,-0.017241379310344862,2025-07-23,2025-07-25,2,1.1746275337297885,4.305132411530382,1.7881415514413026,-0.4880929619312857,1.920379657839211,True,57.84758737430588,True,12.907758981365724,774,1.079369183040324,True,1.4522292993630614,-0.04987728604228803,False,-1.0801427331468938,0.14048440445283417,False,0.05608131791098314,False,-0.32470420781069986,False,0.11185682326622093,False,-1.1893656716418066,3.6194834004310286
AMD,149.0,Put,2025-07-23 12:56:00,2025-07-23 15:05:00,2.15,0.23,0.24,2025-07-23 12:56:00-04:00,2025-07-23 15:05:00-04:00,True,0.04347826086956519,2025-07-23,2025-07-25,2,1.3234861564038747,4.810372018127805,1.2322249705340522,-0.6269704715153868,2.3710918175932387,True,61.33104394221468,False,9.424302413456928,776,1.079369183040324,True,1.4522292993630614,-0.0316681181220968,False,-1.0801427331468938,0.15293238965750078,False,0.11917280056082946,False,-0.2757761764967448,False,0.1677852348993203,False,-1.2709888059701524,5.9698421934143555
AMD,155.0,Put,2025-07-24 09:30:00,2025-07-24 13:11:00,3.68,0.7,0.11,2025-07-24 09:30:00-04:00,2025-07-24 13:11:00-04:00,True,-0.8428571428571429,2025-07-24,2025-07-25,1,0.0,0.0,,,-3.215743162901239,False,31.85569493894006,True,13.266487867124361,570,0.2710368736211777,True,-2.540072388831449,-0.0,,-1.6003972958251955,0.001769504361825991,,-0.08879293834984647,,-0.0022171474181487127,,,,-0.02411963338156964,2.5647472969575134
PLTR,157.5,Put,2025-07-25 09:57:00,2025-07-25 14:35:00,4.63,0.57,0.06,2025-07-25 09:57:00-04:00,2025-07-25 14:35:00-04:00,True,-0.8947368421052632,2025-07-25,2025-07-25,0,2.4834543468482906,4.849261542873542,0.7088829939776283,-0.6928948137950419,5.427185618009763,True,83.44019419975932,False,-20.34137870882587,597,0.497223298463112,True,-0.14874215870142038,-0.0566875570812142,False,-1.0158588624928244,-0.1469208574513825,False,-0.0908360409460851,False,0.5837269405578716,True,0.40850824059726065,True,-0.14398848092153083,1.2508229098090877
NVDA,170.0,Put,2025-07-28 09:35:00,2025-07-28 13:22:00,3.78,0.96,0.81,2025-07-28 09:35:00-04:00,2025-07-28 13:22:00-04:00,True,-0.1562499999999999,2025-07-28,2025-08-01,4,0.6033789219629826,4.948162111215711,1.4137606032045655,-0.15255239221216854,2.255438265787061,True,63.59796035917114,False,-3.333504360468517,575,0.2997118155619649,True,0.1381374467595342,-0.010196078431379263,True,-1.5169380796073773,-0.08981223799626736,False,-0.16909379529297386,False,0.28404047576778835,True,-0.02808199943835632,True,0.12376237623763497,2.8959844633575105
AMD,157.5,Put,2025-07-28 09:37:00,2025-07-28 13:22:00,3.75,0.32,0.23,2025-07-28 09:37:00-04:00,2025-07-28 13:22:00-04:00,True,-0.28125,2025-07-28,2025-08-01,4,1.3664596273291973,4.767450431193379,0.4953195253187523,-0.47886167738406815,4.1403800398025306,True,73.5401671080214,False,1.9908595485337202,577,1.5498287979816228,True,-2.68319763138416,-0.010196078431379263,True,-1.5169380796073773,-0.08981223799626736,False,-0.16909379529297386,False,0.28404047576778835,True,-0.02808199943835632,True,0.12376237623763497,8.088235294117654
AMD,162.5,Put,2025-08-04 09:40:00,2025-08-05 11:27:00,25.78,2.32,2.49,2025-08-04 09:40:00-04:00,2025-08-05 11:27:00-04:00,True,0.07327586206896575,2025-08-04,2025-08-08,4,0.12932046619513748,0.46982937994178137,1.9126092384519067,-0.13710767404919721,-0.7078984602580045,True,43.08712314781104,True,16.229444912089512,580,1.691904484566109,True,2.614712721910284,-0.270110441606608,False,2.4140637262596076,-0.284411054467415,False,-0.38073282336092973,False,-0.10159316555067299,False,-0.4774694121157941,False,-0.5161734342739144,7.052990662972435
QQQ,559.0,Put,2025-08-04 09:48:00,2025-08-04 15:14:00,5.43,0.58,0.03,2025-08-04 09:48:00-04:00,2025-08-04 15:14:00-04:00,True,-0.9482758620689655,2025-08-04,2025-08-04,0,0.41676057597712646,5.440967472894228,0.37387823185975,-0.18654916216849227,6.745010842368744,True,87.17897826126048,False,-23.102853718794336,588,0.9334151801834167,False,1.96987663935152,-0.33643933703071394,False,2.4140637262596076,-0.41676057597712646,False,-0.5274372140137595,False,0.009235742322788454,True,-0.46254849298716927,False,-1.0323468685478399,0.4239375153973308
QQQ,559.0,Put,2025-08-04 12:52:00,2025-08-04 15:14:00,2.37,0.12,0.03,2025-08-04 12:52:00-04:00,2025-08-04 15:14:00-04:00,True,-0.75,2025-08-04,2025-08-04,0,0.7548519810392618,11.022182421969834,0.6268539766049392,-0.21731370899966684,4.2010186377117575,True,65.2297631011222,False,1.553334577960669,772,0.9334151801834167,False,1.96987663935152,-0.7176306998897264,False,2.4140637262596076,-0.7548519810392618,False,-1.1299731041950256,False,-0.9766797506349567,False,-1.0593852581319174,False,-3.05276439550356,0.7580733928666504
QQQ,550.0,Put,2025-08-05 10:22:00,2025-08-05 11:01:00,0.65,0.4,0.77,2025-08-05 10:22:00-04:00,2025-08-05 11:01:00-04:00,True,0.925,2025-08-05,2025-08-07,2,-0.1697943012787695,-1.2293395044225512,2.728493418826134,0.14941370623896555,-1.8485219570647522,False,37.92119499183125,True,-7.718022442944729,622,0.2286828576493427,False,-1.845165017693362,0.24216140928443597,True,0.9058938047539988,0.1697943012787695,True,0.6775813441562972,True,0.13375045339137914,True,-0.08817046289493202,True,2.247417727600287,2.5565614868096933
AAPL,207.5,Put,2025-08-06 11:38:00,2025-08-07 09:33:00,21.92,0.53,0.07,2025-08-06 11:38:00-04:00,2025-08-07 09:33:00-04:00,True,-0.8679245283018868,2025-08-06,2025-08-08,2,4.255215678646107,11.503211508845727,0.4206888780377776,-1.699314938714136,8.228708635390463,True,82.12740316196954,False,1.5924003553633668,698,1.335501675537154,True,0.21145807720679421,-0.5079087512916303,False,1.147561628309668,-0.7235657892391778,False,0.007021732261347502,False,0.08599230595157659,False,0.11673719538888294,False,-1.913932477413216,3.209254594645021
AAPL,215.0,Put,2025-08-07 09:40:00,2025-08-08 09:56:00,24.27,0.57,0.03,2025-08-07 09:40:00-04:00,2025-08-08 09:56:00-04:00,True,-0.9473684210526315,2025-08-07,2025-08-08,1,0.019187719859292685,0.06128191766545309,1.3394476289734332,-0.28693890654378773,-0.7406211568525177,True,47.81690090539656,False,5.186770921229076,580,2.6447831184056136,True,-5.0906761285235635,-0.07231434184675756,False,0.264792106673406,-0.1259467874823006,False,-0.38588942389783387,False,0.14365236128568437,True,-0.10103926096995952,True,0.0,1.7959914493998081
AAPL,210.0,Put,2025-08-07 09:43:00,2025-08-07 14:09:00,4.43,0.15,0.05,2025-08-07 09:43:00-04:00,2025-08-07 14:09:00-04:00,True,-0.6666666666666666,2025-08-07,2025-08-08,1,0.019187719859292685,0.06128191766545309,1.3394476289734332,-0.28693890654378773,-0.7406211568525177,True,47.81690090539656,False,5.186770921229076,583,2.6447831184056136,True,-5.0906761285235635,-0.07231434184675756,False,0.264792106673406,-0.1259467874823006,False,-0.38588942389783387,False,0.14365236128568437,True,-0.10103926096995952,True,0.0,4.079805601739348
AAPL,210.0,Put,2025-08-07 12:48:00,2025-08-07 14:09:00,1.35,0.08,0.05,2025-08-07 12:48:00-04:00,2025-08-07 14:09:00-04:00,True,-0.375,2025-08-07,2025-08-08,1,0.13477088948787852,0.7767538085386905,3.041188640210644,-0.06443674139289257,0.029190144818522237,True,43.94443890226551,True,0.6849209825132547,768,2.6447831184056136,True,-5.0906761285235635,0.8941925343811441,True,0.264792106673406,0.8029107701995719,True,1.0586347027285337,True,1.6654695636559413,True,1.6454965357967644,True,3.277060575968216,4.190523986586674
RDDT,240.0,Put,2025-08-15 11:19:00,2025-08-15 13:53:00,2.57,0.39,0.18,2025-08-15 11:19:00-04:00,2025-08-15 13:53:00-04:00,True,-0.5384615384615385,2025-08-15,2025-08-15,0,1.4826342368339684,1.9511807606160025,0.319274260426102,-2.0520311514527156,2.02568315158842,True,65.90805105049813,False,-2.7502067899485425,679,-0.36760175791679117,True,-3.7057545683008897,0.33282248951221893,True,-2.008699090549637,0.4139358399448012,True,1.2629468760441132,True,0.791637508747367,True,-0.3552650277106828,True,-0.07913479293061298,2.5069920766620055
RDDT,200.0,Put,2025-08-19 09:37:00,2025-08-20 09:31:00,23.9,1.31,2.2,2025-08-19 09:37:00-04:00,2025-08-20 09:31:00-04:00,True,0.6793893129770994,2025-08-19,2025-08-29,10,-1.6161531357568593,-4.954681668597052,5.752578456786714,0.553025374105387,-7.203576930855067,False,15.240609318975487,True,2.9746901633347136,577,-1.4642620780939697,True,1.9229208924949281,0.14927229754945204,True,-1.160523336268704,0.39903537535348477,True,0.42781108940243007,True,-0.026313481273576578,False,-0.8484162895927572,False,0.4359673024523003,14.664846183385247
META,735.0,Put,2025-08-19 09:39:00,2025-08-19 10:40:00,1.02,1.67,2.93,2025-08-19 09:39:00-04:00,2025-08-19 10:40:00-04:00,True,0.754491017964072,2025-08-19,2025-08-22,3,-0.8408071748879031,-5.419354838709745,5.461365341335364,0.2799969848159334,-4.03405011252816,False,32.92412509623745,True,-13.573715101735623,579,-0.03257880813688496,False,2.274492823758645,0.14927229754945204,True,-1.160523336268704,0.39903537535348477,True,0.42781108940243007,True,-0.026313481273576578,False,-0.8484162895927572,False,0.4359673024523003,3.374656552775837
SPY,640.0,Call,2025-08-20 09:39:00,2025-08-20 09:42:00,0.05,1.35,1.24,2025-08-20 09:39:00-04:00,2025-08-20 09:42:00-04:00,False,-0.0814814814814816,2025-08-20,2025-08-21,1,-0.09931185486393712,1.8277889715860733,1.065010896829709,-0.027389113218756478,-0.9408478967063303,False,42.15824688576082,False,2.7345846365718955,579,-0.06408152420249724,False,-0.5425151562257091,-0.09931185486393712,False,-0.4481165102926954,-0.24106137387387427,False,-0.5793103448275883,False,0.14163679015624098,True,0.08417508417508657,True,0.26350461133068936,0.19334183933058538
SNAP,7.0,Put,2025-08-20 10:38:00,2025-08-21 15:30:00,28.87,0.12,0.06,2025-08-20 10:38:00-04:00,2025-08-21 15:30:00-04:00,True,-0.5,2025-08-20,2025-08-22,2,-1.6844319775596084,-3.5600254075799267,3.856447173406725,0.6223653170284948,-3.6247046368833455,False,29.34305158301615,False,13.51822605160742,638,-0.696378830083566,False,2.1798365122615793,0.8270253362527402,True,0.4481165102926954,1.3979800112612684,True,2.2965517241379407,True,0.7126101004735985,True,1.024130190796868,True,1.8972332015810167,0.14122883350689766
SPY,630.0,Put,2025-08-21 09:35:00,2025-08-22 12:07:00,26.53,1.61,0.1,2025-08-21 09:35:00-04:00,2025-08-22 12:07:00-04:00,True,-0.937888198757764,2025-08-21,2025-08-25,4,-0.06016219274532775,-0.8560885608855725,1.3704573409370622,-0.0018032589922389874,-1.4445801185284606,False,46.299652135409076,False,-7.281542408387871,575,-0.2867844102114159,False,0.2657038808396184,0.06016219274532775,False,1.0513420893485614,0.06644812616284357,False,-0.1355201890333113,False,-0.09135065282297461,False,0.22017045454545414,True,0.20947892118357014,0.9273826020935455
SPY,629.0,Put,2025-08-21 09:39:00,2025-08-21 13:37:00,3.97,1.3,1.51,2025-08-21 09:39:00-04:00,2025-08-21 13:37:00-04:00,True,0.1615384615384614,2025-08-21,2025-08-25,4,-0.06016219274532775,-0.8560885608855725,1.3704573409370622,-0.0018032589922389874,-1.4445801185284606,False,46.299652135409076,False,-7.281542408387871,579,-0.2867844102114159,False,0.2657038808396184,0.06016219274532775,False,1.0513420893485614,0.06644812616284357,False,-0.1355201890333113,False,-0.09135065282297461,False,0.22017045454545414,True,0.20947892118357014,1.0846407249473655
SPY,620.0,Put,2025-08-22 09:31:00,2025-08-27 10:44:00,121.22,1.73,0.21,2025-08-22 09:31:00-04:00,2025-08-27 10:44:00-04:00,True,-0.8786127167630058,2025-08-22,2025-09-03,12,0.0,0.0,,,2.167283456269632,True,66.031181642153,False,-3.83069210856371,571,0.34773031232790963,False,0.4011847487110476,-0.0,,1.4574773238235639,-0.0035420171787814425,,0.02433682161109285,,-0.013194352816991994,,,,0.18435607058204795,2.7847466131460097
QQQ,560.0,Put,2025-08-27 10:50:00,2025-08-27 11:57:00,1.12,0.44,0.37,2025-08-27 10:50:00-04:00,2025-08-27 11:57:00-04:00,True,-0.15909090909090906,2025-08-27,2025-08-28,1,0.24668031281163127,2.351287609881614,0.6670319460656832,-0.16897354226512729,0.5353898563499101,True,57.79655955177983,False,-12.247082826911928,650,-0.1781317126840265,True,-0.4015289661944088,-0.23736754735714793,False,-0.836185742642348,-0.24668031281163127,False,-0.05408146019940663,False,-0.5176692050996801,True,-0.01396063102052647,True,0.12849800114218546,2.2687609075043627
QQQ,569.0,Put,2025-08-28 09:30:00,2025-08-28 13:30:00,4.0,0.25,0.03,2025-08-28 09:30:00-04:00,2025-08-28 13:30:00-04:00,True,-0.88,2025-08-28,2025-08-28,0,-0.0052254794377315505,-0.0883763992929006,,,1.6741318070868918,True,57.81441749719482,True,-0.39352640331119915,570,0.1081099931995233,True,-0.15368226192347123,0.004634850989537753,,-1.335192991803913,0.0052254794377315505,,0.13586044951359177,,0.008439886905520222,,-0.04173042147725958,,0.05780346820807303,0.8848940914158375
QQQ,572.0,Put,2025-08-28 09:30:00,2025-08-29 09:40:00,24.17,1.49,0.89,2025-08-28 09:30:00-04:00,2025-08-29 09:40:00-04:00,True,-0.40268456375838924,2025-08-28,2025-08-29,1,-0.0052254794377315505,-0.0883763992929006,,,1.6741318070868918,True,57.81441749719482,True,-0.39352640331119915,570,0.1081099931995233,True,-0.15368226192347123,0.004634850989537753,,-1.335192991803913,0.0052254794377315505,,0.13586044951359177,,0.008439886905520222,,-0.04173042147725958,,0.05780346820807303,0.36231884057971725
QQQ,574.0,Put,2025-08-29 09:30:00,2025-08-29 11:02:00,1.53,2.22,5.2,2025-08-29 09:30:00-04:00,2025-08-29 11:02:00-04:00,True,1.3423423423423424,2025-08-29,2025-09-02,4,0.0,0.0,,,0.40015288592507114,False,51.657341179528686,True,2.073351902267106,570,-0.41761974076386377,True,-0.6259917348166555,-0.0015444969573286116,,-2.1036897175674696,-0.0,,-0.047377326565145594,,-0.008447729672655946,,,,0.028977108084626835,0.11658865087788803
QQQ,561.0,Put,2025-08-29 11:41:00,2025-08-29 15:45:00,4.07,0.58,0.32,2025-08-29 11:41:00-04:00,2025-08-29 15:45:00-04:00,True,-0.4482758620689654,2025-08-29,2025-09-02,4,-0.7900186193815495,-6.407258064516178,6.915322580645237,0.17317666339025095,-3.4967145161290643,False,38.87870479639176,False,-7.471112852500717,701,-0.41761974076386377,False,-0.6259917348166555,0.48035399870262063,True,-2.1036897175674696,0.7900186193815495,True,1.5397631133671763,True,0.7919746568109787,True,0.881612090680095,True,1.709649376992184,1.601389156858961
QQQ,560.0,Put,2025-09-02 10:39:00,2025-09-02 10:56:00,0.28,0.39,0.56,2025-09-02 10:39:00-04:00,2025-09-02 10:56:00-04:00,True,0.4358974358974359,2025-09-02,2025-09-02,0,0.6538276531685039,2.828531948978547,0.5549163496633762,-0.3138700225326696,1.0580682525089522,False,61.70991511864248,False,3.342070506059912,639,-1.593618513323991,False,1.157551812573654,-0.31733333333334723,False,0.04029071299065379,-0.6538276531685039,False,-0.7347486665018277,False,-0.7327902064744096,False,-0.3133903133903049,True,-1.3462574044157294,0.8814471308718924
SPY,641.0,Call,2025-09-02 11:01:00,2025-09-02 11:14:00,0.22,0.23,0.14,2025-09-02 11:01:00-04:00,2025-09-02 11:14:00-04:00,False,-0.3913043478260869,2025-09-02,2025-09-02,0,0.023529411764711128,-0.17075391920897987,1.8213751382294203,-0.045674689014818526,-1.2532905093345479,False,42.21679413607477,False,24.756594122908936,661,-1.1704519029532512,False,-0.5963755162423756,0.023529411764711128,False,-0.04029071299065379,0.27435819778733883,False,0.36737433325091384,False,0.5000215526531404,True,0.12108262108261325,False,-0.3231017770597644,0.5253665804124555
QQQ,565.0,Put,2025-09-04 13:14:00,2025-09-05 10:51:00,21.62,1.71,1.38,2025-09-04 13:14:00-04:00,2025-09-05 10:51:00-04:00,True,-0.19298245614035092,2025-09-04,2025-09-08,4,0.3714651154641313,5.05026202953791,0.47617913292034353,-0.26608317373466583,3.256126727013025,True,60.88035001938118,False,0.6398952450728146,794,0.11752942621081619,True,-0.786747286163858,-0.3382834442841043,False,0.2201004402008766,-0.3714651154641313,False,-1.1814612256345614,False,-0.29883879781420486,False,0.1133947554925574,False,-1.4463981849120788,1.3720801989874996
QQQ,560.0,Put,2025-09-04 13:48:00,2025-09-05 10:52:00,21.07,0.89,0.69,2025-09-04 13:48:00-04:00,2025-09-05 10:52:00-04:00,True,-0.2247191011235956,2025-09-04,2025-09-09,5,0.39422504117461177,5.719369598373013,0.3812913065581431,-0.2701217754424112,3.055465175393791,True,59.805032383656076,False,1.4996878774780384,828,0.11752942621081619,True,-0.786747286163858,-0.37097900470184353,False,0.2201004402008766,-0.39422504117461177,False,-1.2130136025802818,False,-0.4098360655737654,False,0.19844082211197822,False,-1.418037436188313,2.2670552714707077
QQQ,565.0,Put,2025-09-04 13:55:00,2025-09-05 10:44:00,20.82,1.07,0.69,2025-09-04 13:55:00-04:00,2025-09-05 10:44:00-04:00,True,-0.3551401869158879,2025-09-04,2025-09-08,4,0.4993517188211838,6.835117773019087,0.29978586723767686,-0.3658707622085977,4.090566167023573,True,66.78584636517374,False,-4.289263430378092,835,0.11752942621081619,True,-0.786747286163858,-0.4531136042704498,False,0.2201004402008766,-0.4993517188211838,False,-1.3216940120600151,False,-0.47387295081966485,False,0.08504606661942082,False,-1.8009075439591515,1.4975853832877197
NVDA,165.0,Put,2025-09-04 14:08:00,2025-09-05 10:25:00,20.28,0.21,1.3,2025-09-04 14:08:00-04:00,2025-09-05 10:25:00-04:00,True,5.190476190476191,2025-09-04,2025-09-05,1,0.043977952386553554,0.3371002953641447,5.59586490304355,-0.015683564620116996,-0.07037755233081645,False,48.75112116393272,False,4.82322490769576,848,-0.046887820888530385,False,0.09368778545496559,-0.4375960150831082,False,0.2201004402008766,-0.48183060588009585,False,-1.258589258168552,False,-0.48877219945353545,False,0.1275690999291368,False,-1.7441860465116088,3.291035372036462
EBAY,85.0,Put,2025-09-08 10:17:00,2025-09-11 11:33:00,73.27,0.2,0.07,2025-09-08 10:17:00-04:00,2025-09-11 11:33:00-04:00,True,-0.6499999999999999,2025-09-08,2025-09-19,11,-0.9373589771140001,-2.8573166452216388,4.560439817522513,0.8604464439252224,0.026359106328232778,False,41.85080920976778,True,-1.7048336773160742,617,0.4424778761061843,True,0.3977211652155255,0.06475285991797142,True,0.25889169697342895,-0.23687259021041296,False,-0.5844782895962908,False,0.8049976940170178,True,0.6942476622272542,True,0.0,7.806710803751936
EBAY,89.0,Put,2025-09-09 10:00:00,2025-09-11 11:18:00,49.3,0.44,0.01,2025-09-09 10:00:00-04:00,2025-09-11 11:18:00-04:00,True,-0.9772727272727273,2025-09-09,2025-09-12,3,-1.0226165999350667,-1.832283082888987,2.5496849248666993,-0.34948101576293134,-1.9577120698012485,False,39.69637299430289,True,29.927712217089763,600,-0.655772952053324,False,-0.3885171595078729,-0.009245562130177909,True,-0.5860010851872044,0.08108061483256268,True,0.08074826727676454,True,0.21437578814629266,True,0.21942242355605934,False,0.11733646230565054,2.695019952987485
HOOD,110.0,Put,2025-09-10 09:30:00,2025-09-11 11:53:00,26.38,1.2,0.83,2025-09-10 09:30:00-04:00,2025-09-11 11:53:00-04:00,True,-0.30833333333333335,2025-09-10,2025-09-19,9,0.09931308449888654,0.27955271565496176,,,3.734651890308801,True,71.61860803024665,False,-7.128090162632162,570,1.9662447257383864,True,-1.0402455661664423,-0.0045897526123273025,,-1.5712121448763883,-0.0068523657792862736,,0.09281745899730742,,0.008427794867482685,,,,-0.11997600479906056,9.05332782141381
GLD,325.0,Put,2025-09-10 09:30:00,2025-09-17 09:31:00,168.02,0.86,0.23,2025-09-10 09:30:00-04:00,2025-09-17 09:31:00-04:00,True,-0.7325581395348837,2025-09-10,2025-09-24,14,0.0,0.0,,,-0.6770482365964723,True,47.74764942536215,False,11.413080986477993,570,0.49991019577322326,True,0.22698763514723552,-0.0045897526123273025,,-1.5712121448763883,-0.0068523657792862736,,0.09281745899730742,,0.008427794867482685,,,,-0.11997600479906056,3.196020611801155
ARM,135.0,Put,2025-09-10 09:31:00,2025-09-11 11:18:00,25.78,1.13,0.19,2025-09-10 09:31:00-04:00,2025-09-11 11:18:00-04:00,True,-0.831858407079646,2025-09-10,2025-09-19,9,-0.013940196556783135,-0.06208563382783143,,,4.2719199982260205,True,63.07373645299976,True,-2.7206105834330288,571,1.8963068181818032,True,-1.1930429782952556,-0.0045897526123273025,,-1.5712121448763883,-0.0068523657792862736,,0.09281745899730742,,0.008427794867482685,,,,-0.11997600479906056,5.890554200069703
NVDA,177.5,Put,2025-09-12 09:30:00,2025-09-12 14:46:00,5.27,0.58,0.1,2025-09-12 09:30:00-04:00,2025-09-12 14:46:00-04:00,True,-0.8275862068965517,2025-09-12,2025-09-12,0,0.022494657518845607,0.20038645960076276,,,1.6952594288988092,True,60.54795795283872,False,6.323231773299447,570,0.3668792684991873,True,0.0902272599109133,-0.0,,-1.311005669213694,0.005127854505670992,,0.09506638256023825,,-0.004163197335560476,,,,-0.030525030525019314,0.2024063870459989
NVDA,175.0,Put,2025-09-12 09:35:00,2025-09-12 14:45:00,5.17,0.22,0.01,2025-09-12 09:35:00-04:00,2025-09-12 14:45:00-04:00,True,-0.9545454545454546,2025-09-12,2025-09-12,0,-0.24744123270723506,-1.4512557131413986,3.496206945295213,0.11262529564141088,-0.4413202657494331,False,47.02462035778586,True,6.323231773299447,575,0.3668792684991873,True,0.0902272599109133,-0.010644930731906754,False,-1.311005669213694,0.028989470805407258,True,0.1966890673660182,True,0.15820149875104272,True,-0.26545556963806227,False,-0.24420024420024333,1.3417521704814497
HOOD,108.0,Put,2025-09-15 10:08:00,2025-09-15 11:11:00,1.05,0.89,1.25,2025-09-15 10:08:00-04:00,2025-09-15 11:11:00-04:00,True,0.4044943820224718,2025-09-15,2025-09-19,4,-0.26028110359188616,-0.5350454788657237,2.8000713393971948,0.22908125291416503,-0.8169787765293554,False,42.96804725982854,True,16.465129704792965,608,0.19994783969399244,True,2.309978768577492,-0.09399066157298464,False,-1.5712873122798232,-0.30759295765072636,False,-0.4394121422576225,False,0.13794256573171904,True,-0.28196813760044126,False,0.18529956763433386,6.054279749478074
NVDA,165.0,Put,2025-09-15 10:08:00,2025-09-16 10:11:00,24.05,0.38,0.29,2025-09-15 10:08:00-04:00,2025-09-16 10:11:00-04:00,True,-0.23684210526315796,2025-09-15,2025-09-19,4,-0.07086748633879925,-0.2041700831674062,1.6800983952208144,0.03605781617191939,1.0742954199366899,False,52.01472610327151,True,5.186730651849992,608,-1.2034641772578958,True,-0.3668792684991873,-0.09399066157298464,False,-1.5712873122798232,-0.30759295765072636,False,-0.4394121422576225,False,0.13794256573171904,True,-0.28196813760044126,False,0.18529956763433386,6.012628485009012
GOOG,245.0,Put,2025-09-16 09:31:00,2025-09-17 14:50:00,29.32,1.23,1.46,2025-09-16 09:31:00-04:00,2025-09-17 14:50:00-04:00,True,0.1869918699186992,2025-09-16,2025-09-19,3,0.003962907188714837,0.030331260697158455,,,-4.837745087419222,True,30.814214018169253,True,0.201916845672109,571,0.2303781379091152,True,-4.300273427790202,0.0030236144286877042,,-1.8618128015042368,0.0033749008622852017,,-0.014590256950630653,,-0.0,,,,-0.3319251659625766,2.912621359223299
HOOD,110.0,Put,2025-09-17 09:33:00,2025-09-17 14:50:00,5.28,0.64,0.71,2025-09-17 09:33:00-04:00,2025-09-17 14:50:00-04:00,True,0.109375,2025-09-17,2025-09-19,2,0.017080877957131868,0.141643059490058,,,3.184178470255005,True,67.18820332744278,False,-4.882078920185393,573,-0.24706082807973706,True,-2.22067403988504,-0.00757564279327827,,-1.4869374010117786,-0.003383522246647175,,0.16313213703099683,,-0.0,,-0.014132278123213382,,0.03002101471030194,6.0712150969174274
BABA,160.0,Put,2025-09-18 10:07:00,2025-09-18 14:02:00,3.92,0.67,0.78,2025-09-18 10:07:00-04:00,2025-09-18 14:02:00-04:00,True,0.16417910447761197,2025-09-18,2025-09-19,1,0.3261538461538427,0.7549396658730708,0.5127892070081014,-0.5013334710779027,0.22102069470725566,False,55.49804881519458,False,3.485612017382813,607,-2.208581573087798,True,-2.441279822452369,-0.12842013023313115,False,-1.0686742000275862,-0.16725218940680797,False,-0.5070961569127563,False,-0.6893687707641094,False,-0.42547156431711475,False,0.03142677561280838,1.8585536404342768
GOOG,250.0,Put,2025-09-18 14:59:00,2025-09-19 13:37:00,22.63,0.96,0.02,2025-09-18 14:59:00-04:00,2025-09-19 13:37:00-04:00,True,-0.9791666666666666,2025-09-18,2025-09-19,1,0.1112081976328616,0.8710336858945881,6.470535952359721,-0.10419500006206839,2.9774171184784217,True,63.52942666702403,False,0.061164154978229135,899,0.77246347808686,True,0.6244531063558934,-0.21906963392710477,False,-1.0686742000275862,-0.3260997461800974,False,-1.2725243182905466,False,-1.5801495016611211,False,-0.326194865976448,True,0.6285355122564562,0.8172657303816561
HOOD,120.0,Put,2025-09-18 15:01:00,2025-09-19 14:06:00,23.08,0.94,0.12,2025-09-18 15:01:00-04:00,2025-09-19 14:06:00-04:00,True,-0.8723404255319149,2025-09-18,2025-09-19,1,1.4823451032644819,5.199465865464898,7.302620597563054,0.6676712091806092,-2.9720146886997387,True,31.615989611724032,True,24.44590691565425,901,1.2137559002022957,True,-1.0734367013119916,-0.203961383311424,False,-1.0686742000275862,-0.3042477013329936,False,-1.2820921703077692,False,-1.6237541528239197,False,-0.29073890228337174,True,0.691389063482073,1.5263417035942881
TSLA,415.0,Put,2025-09-19 11:06:00,2025-09-19 14:04:00,2.97,0.41,0.07,2025-09-19 11:06:00-04:00,2025-09-19 14:04:00-04:00,True,-0.8292682926829268,2025-09-19,2025-09-19,0,0.4426373313734189,1.1633123559099938,3.6220325253909937,0.5514030036854689,0.5645510623714826,True,42.2077039937076,True,18.48051519264365,666,1.185078565431219,True,2.115718780819986,0.16608035269427557,True,-0.704043307026736,0.09793745396102782,True,0.6573957016434817,True,0.9082763115021208,True,0.16884761502742318,True,1.623477989384936,2.043398315146447
GOOG,250.0,Put,2025-09-22 09:30:00,2025-09-24 14:40:00,53.17,1.77,3.27,2025-09-22 09:30:00-04:00,2025-09-24 14:40:00-04:00,True,0.847457627118644,2025-09-22,2025-09-26,4,0.003924954863010477,0.026186824286384892,,,2.2536380980883473,True,68.06655788596504,False,-22.086693735753087,570,-0.18022253565271873,True,-1.1532516942099669,0.0015101177891829742,,-0.9567849591579192,-0.0033459363602883485,,-0.03794226452082938,,-0.0,,0.0841042893187538,,0.15370427297878297,1.879979591035752
TSLA,390.0,Put,2025-09-22 09:34:00,2025-09-23 09:47:00,24.22,0.89,0.46,2025-09-22 09:34:00-04:00,2025-09-23 09:47:00-04:00,True,-0.4831460674157303,2025-09-22,2025-09-26,4,-0.02551552967919868,-0.13286055680653072,,,1.3385556159467409,True,56.40751431428669,True,4.663944227372106,574,1.1829042176168203,True,-2.2118267962096594,0.0015101177891829742,,-0.9567849591579192,-0.0033459363602883485,,-0.03794226452082938,,-0.0,,0.0841042893187538,,0.15370427297878297,9.51276102088167
GDX,73.0,Put,2025-09-24 09:30:00,2025-09-24 12:53:00,3.38,0.6,1.2,2025-09-24 09:30:00-04:00,2025-09-24 12:53:00-04:00,True,1.0,2025-09-24,2025-09-26,2,-0.12168739859381716,-1.0092110532637668,,,-3.8260088105726417,False,31.282287257308198,True,0.9856702037485761,570,-0.36373433921595977,True,0.13453518094981298,0.0015048908954096163,,-0.48636363636365143,0.0083393098387341,,0.0762301840414481,,0.008200082000819897,,-0.013867702121772574,,-0.060514372163378294,1.177744686611621
QQQ,597.0,Call,2025-09-24 14:53:00,2025-09-24 14:59:00,0.1,0.14,0.18,2025-09-24 14:53:00-04:00,2025-09-24 14:59:00-04:00,False,0.2857142857142856,2025-09-24,2025-09-24,0,-0.6921793952332611,11.21605343423098,5.567082352032891,-0.14455425644319675,-0.8232547005907718,False,48.93828012194912,True,7.913564589708841,893,0.22902039451688783,True,-0.6642311524410527,-0.5861550037622232,False,0.48636363636365143,-0.6921793952332611,False,-0.1166788531246632,True,-0.7749077490774914,False,-0.8043267230619877,False,0.3933434190620311,0.26537574575522516
AAPL,255.0,Put,2025-09-25 15:44:00,2025-09-26 15:24:00,23.67,0.92,0.12,2025-09-25 15:44:00-04:00,2025-09-26 15:24:00-04:00,True,-0.8695652173913043,2025-09-25,2025-09-26,1,1.0894020130254756,4.705710423440888,1.8072655974084482,-0.8003903372826526,3.4828804208834754,True,61.24285844076253,True,0.5062465096083031,944,0.4121913519083531,True,0.8332350744802097,0.12006443964861502,True,-0.29127097302710236,-0.08780817291456078,False,-1.277308798887078,False,0.014645577035732327,True,-0.02811357885859067,True,-0.5954153021732744,0.43340752020616674
RDDT,225.0,Put,2025-09-25 15:45:00,2025-09-26 11:48:00,20.05,0.89,0.06,2025-09-25 15:45:00-04:00,2025-09-26 11:48:00-04:00,True,-0.9325842696629214,2025-09-25,2025-09-26,1,2.798597413982029,7.6663807890222895,2.383361921097787,-1.4938760157669817,0.4397392795883421,False,48.67608587098155,True,1.8244752237808228,945,-3.1991174848317705,False,0.7412086755106295,0.07826985622663152,False,-0.29127097302710236,-0.1342451874366768,False,-1.3626734958424258,False,0.002092225290817318,True,-0.042170368287886006,True,-0.6698422149449268,4.0654912912784855
NVDA,175.0,Put,2025-09-25 15:46:00,2025-09-26 10:33:00,18.78,0.63,0.58,2025-09-25 15:46:00-04:00,2025-09-26 10:33:00-04:00,True,-0.07936507936507942,2025-09-25,2025-09-26,1,1.556141456984017,7.856065146849104,8.897753343116344,0.05532626017850095,-2.1205415125147247,True,49.43953830579653,False,2.0252049141729387,946,-1.412668813923268,True,0.8182480524575486,0.07826985622663152,False,-0.29127097302710236,-0.1342451874366768,False,-1.3626734958424258,False,0.002092225290817318,True,-0.042170368287886006,True,-0.6698422149449268,1.2331743657758851
SPY,632.0,Put,2025-09-26 15:36:00,2025-09-29 15:59:00,72.38,0.2,0.13,2025-09-26 15:36:00-04:00,2025-09-29 15:59:00-04:00,True,-0.35,2025-09-26,2025-10-03,7,0.2956740610453368,5.9934138309552,2.7969264544455967,-0.15261915632578393,1.6601879253568599,True,50.3297237388606,True,5.619281768001876,936,0.22186763923714992,False,0.4613522916351642,-0.2956740610453368,False,0.6357019901549243,-0.24899470009251967,False,0.023317995274219072,False,-0.6343377013604767,False,-0.35004200504060723,False,-1.6378525932666088,4.453784053457508
SPY,659.0,Put,2025-09-29 14:38:00,2025-09-29 15:58:00,1.33,0.47,0.42,2025-09-29 14:38:00-04:00,2025-09-29 15:58:00-04:00,True,-0.10638297872340419,2025-09-29,2025-09-30,1,-0.1392317418267286,-3.3497154681843306,6.6813243662699735,0.046433992158423365,0.027840662182419974,False,57.35407981873122,False,-8.433105365294324,878,0.3837901544226474,True,-0.5729047944685206,0.1392317418267286,True,0.2832605092662366,-0.016691425614667743,True,0.1986724368945425,True,0.48797562180860066,False,-0.16627407510045877,False,1.4770584538026377,0.6684905077362433
AVGO,300.0,Put,2025-09-30 09:30:00,2025-09-30 14:17:00,4.78,1.28,1.41,2025-09-30 09:30:00-04:00,2025-09-30 14:17:00-04:00,True,0.1015625,2025-09-30,2025-10-10,10,-0.14839491217444323,-0.9919458623133116,,,-0.38725161588854384,False,50.27338530162231,True,-0.5015575791533564,570,0.7014333638304393,False,1.9818850327324888,0.0030169552887149287,,0.47387679203407806,-0.0016709833737138524,,-0.07405112316032358,,0.008294969101241279,,,,0.1228124040528078,9.01094901580176
NVDA,170.0,Put,2025-09-30 09:31:00,2025-09-30 11:13:00,1.7,0.82,0.52,2025-09-30 09:31:00-04:00,2025-09-30 11:13:00-04:00,True,-0.36585365853658536,2025-09-30,2025-10-10,10,0.0,0.0,,,0.07536451135836146,True,44.05208294116267,True,3.4844551304381923,571,0.13747594171020783,True,-2.053987316908912,0.0030169552887149287,,0.47387679203407806,-0.0016709833737138524,,-0.07405112316032358,,0.008294969101241279,,,,0.1228124040528078,6.644700713893462
GDX,73.5,Put,2025-09-30 09:35:00,2025-10-01 09:33:00,23.97,0.44,0.18,2025-09-30 09:35:00-04:00,2025-10-01 09:33:00-04:00,True,-0.5909090909090909,2025-09-30,2025-10-03,3,1.0871740145401265,4.307936268217203,0.21143245488178444,-0.44181320137846036,5.163127690100451,True,71.91608508002648,False,-12.975247048199336,575,-0.9970945589012126,True,-1.3926084627744917,0.07089844928497291,True,0.47387679203407806,0.23560865569388634,True,0.009295120061958428,True,-0.21981668118284947,False,0.06937699458858804,True,0.3684372121584234,3.008709422011086
NVDA,180.0,Put,2025-10-01 09:32:00,2025-10-01 13:26:00,3.9,0.71,0.35,2025-10-01 09:32:00-04:00,2025-10-01 13:26:00-04:00,True,-0.5070422535211268,2025-10-01,2025-10-03,2,0.0,0.0,,,-0.5580045584410958,False,50.293547065444436,False,7.048834498673536,572,-0.7342694822596196,True,-2.6010448171570166,-0.0015079317208455123,,-0.4478219568462283,-0.0033490739810515535,,-0.027728995286091518,,-0.0,,,,0.0923645320197064,2.813023054910646
HOOD,135.0,Put,2025-10-01 09:34:00,2025-10-01 14:58:00,5.4,1.01,1.15,2025-10-01 09:34:00-04:00,2025-10-01 14:58:00-04:00,True,0.13861386138613851,2025-10-01,2025-10-03,2,0.20529520033980564,1.06313336301037,,,-0.5998491712271915,True,45.64824440002384,False,15.888441202348574,574,-1.340969409135362,True,-4.724985371562318,-0.0015079317208455123,,-0.4478219568462283,-0.0033490739810515535,,-0.027728995286091518,,-0.0,,,,0.0923645320197064,4.627340162486761
QQQ,600.0,Put,2025-10-02 09:30:00,2025-10-02 09:43:00,0.22,0.15,0.29,2025-10-02 09:30:00-04:00,2025-10-02 09:43:00-04:00,True,0.9333333333333333,2025-10-02,2025-10-02,0,-0.0032945672585826813,-0.10575615651901955,,,4.309563378153654,True,62.0279583041924,True,6.38607007646182,570,0.6315789473684053,True,-0.4797041824208481,-0.0,,-1.1117833913175001,0.0032945672585826813,,-0.0,,-0.01234567901233774,,,,-0.09395552771688243,1.1597258829731096
QQQ,600.0,Put,2025-10-02 09:30:00,2025-10-02 15:27:00,5.95,1.05,0.97,2025-10-02 09:30:00-04:00,2025-10-02 15:27:00-04:00,True,-0.07619047619047625,2025-10-02,2025-10-02,0,-0.0032945672585826813,-0.10575615651901955,,,4.309563378153654,True,62.0279583041924,True,6.38607007646182,570,0.6315789473684053,True,-0.4797041824208481,-0.0,,-1.1117833913175001,0.0032945672585826813,,-0.0,,-0.01234567901233774,,,,-0.09395552771688243,1.1597258829731096
QQQ,600.0,Put,2025-10-02 09:30:00,2025-10-02 09:43:00,0.22,0.15,0.29,2025-10-02 09:30:00-04:00,2025-10-02 09:43:00-04:00,True,0.9333333333333333,2025-10-02,2025-10-02,0,-0.0032945672585826813,-0.10575615651901955,,,4.309563378153654,True,62.0279583041924,True,6.38607007646182,570,0.6315789473684053,True,-0.4797041824208481,-0.0,,-1.1117833913175001,0.0032945672585826813,,-0.0,,-0.01234567901233774,,,,-0.09395552771688243,1.1597258829731096
AMD,167.5,Put,2025-10-03 09:34:00,2025-10-03 10:11:00,0.62,0.46,0.39,2025-10-03 09:34:00-04:00,2025-10-03 10:11:00-04:00,True,-0.15217391304347827,2025-10-03,2025-10-03,0,0.0,0.0,,,-0.41133457125177275,True,54.314532750369125,False,0.114953767016587,574,0.5243622223531474,True,-3.4875922199865794,0.0014925595904435873,,-1.6974394043006047,-0.0,,0.07365722872042513,,0.00815162013448889,,,,-0.061862047633765016,1.8286250146524468
BABA,182.5,Put,2025-10-06 15:49:00,2025-10-07 10:51:00,19.03,1.56,2.22,2025-10-06 15:49:00-04:00,2025-10-07 10:51:00-04:00,True,0.42307692307692313,2025-10-06,2025-10-10,4,0.8847184986595202,8.339350180505498,7.379061371841243,0.025145422316463772,-3.121565342960198,True,37.84551346276091,True,7.264834209252655,949,-0.8136999414987023,True,0.6918770465828672,-0.03424504563525055,False,-1.1166178114895287,0.016435744457032886,False,0.2575976845151873,True,0.37137205828926545,True,-1.2018234562785057,False,0.4517133956386088,3.00292319957481
META,660.0,Put,2025-10-06 15:54:00,2025-10-07 09:36:00,17.7,2.51,2.18,2025-10-06 15:54:00-04:00,2025-10-07 09:36:00-04:00,True,-0.13147410358565725,2025-10-06,2025-10-17,11,1.0624264173960007,5.967006765946029,3.5053177263234128,-1.1523518110529762,1.4207339543512136,True,48.96219305377171,True,26.508435137138612,954,-0.783888763791929,False,2.268069596313871,-0.03424504563525055,False,-1.1166178114895287,0.07889157339380226,False,0.29522431259044746,True,0.34715214144430684,True,-1.2570797071418616,False,0.35825545171339623,7.365820794969685
BABA,175.0,Put,2025-10-06 15:59:00,2025-10-07 10:51:00,18.87,0.44,0.47,2025-10-06 15:59:00-04:00,2025-10-07 10:51:00-04:00,True,0.06818181818181812,2025-10-06,2025-10-10,4,0.5576407506702408,4.491331976062709,8.939478067740362,0.3369845249679093,-5.043783083472334,False,25.856294566107948,True,8.6019634928332,959,-0.8136999414987023,True,0.6918770465828672,-0.04466745082858381,False,-1.1166178114895287,0.06081225449107164,False,0.46743849493487977,True,0.3027489605619049,True,-1.2916148639314784,False,0.3426791277258534,6.686573530980054
QQQ,600.0,Put,2025-10-08 13:38:00,2025-10-10 11:06:00,45.47,0.9,1.6,2025-10-08 13:38:00-04:00,2025-10-10 11:06:00-04:00,True,0.7777777777777779,2025-10-08,2025-10-13,5,0.7399943839711876,18.160233951994048,0.6891160204996054,-0.2619951852361302,4.7555896574685725,True,68.0152394983445,False,7.4139615473117,818,0.14888091181286534,True,0.5265669480508883,-0.3953689612985922,False,-0.4413221651805799,-0.7399943839711876,False,-2.2183945594393073,False,-0.5361219830397834,False,-1.055262427103587,False,-0.858106037388906,1.6216038957844836
QQQ,599.0,Put,2025-10-08 13:44:00,2025-10-08 15:15:00,1.52,0.19,0.14,2025-10-08 13:44:00-04:00,2025-10-08 15:15:00-04:00,True,-0.26315789473684204,2025-10-08,2025-10-09,1,0.7201731058291028,18.365075066943984,1.2215302223424473,-0.23988561035381828,4.067990492523101,True,63.69622572358534,False,7.4139615473117,824,0.14888091181286534,True,0.5265669480508883,-0.375973502819793,False,-0.4413221651805799,-0.7201731058291028,False,-2.1679090072164398,False,-0.48108284409653645,False,-1.0413773951680083,False,-0.8887526815813618,1.7662397297341592
AMD,207.5,Put,2025-10-08 14:40:00,2025-10-09 14:20:00,23.67,0.47,0.08,2025-10-08 14:40:00-04:00,2025-10-09 14:20:00-04:00,True,-0.8297872340425532,2025-10-08,2025-10-10,2,9.056257337403139,13.378169331622232,1.8068745447608554,-3.102248664323426,3.8952599632340132,True,64.35029025729666,True,-0.3921560214779447,880,0.6808188738121057,True,-3.828972559029986,-0.35956196103004157,False,-0.4413221651805799,-0.8168018367717744,False,-2.3223354022510634,False,-0.34654272667971053,False,-1.0969175229103012,False,-0.8121360711002112,10.650964775811428
ARM,157.5,Put,2025-10-09 09:31:00,2025-10-09 14:22:00,4.85,1.6,0.19,2025-10-09 09:31:00-04:00,2025-10-09 14:22:00-04:00,True,-0.88125,2025-10-09,2025-10-10,1,0.24922497112638275,1.2612335479334664,,,-1.8464274570983001,True,43.75730520366709,True,-0.24137835072476577,571,-1.3551598009234445,True,-4.6597006495340265,-0.0014847369046222525,,-0.6971351634377898,-0.009812258781960459,,-0.002889505316683305,,0.008119848970811194,,,,0.0,4.4991511035653575
AMD,212.5,Put,2025-10-09 09:33:00,2025-10-10 11:06:00,25.55,0.34,0.11,2025-10-09 09:33:00-04:00,2025-10-10 11:06:00-04:00,True,-0.6764705882352942,2025-10-09,2025-10-10,1,0.046550994498506526,0.16693947901872203,,,-2.3119964444058905,True,33.42200271595004,True,5.356493221065506,573,0.3141450161317838,True,-11.370620774431472,-0.0014847369046222525,,-0.6971351634377898,-0.009812258781960459,,-0.002889505316683305,,0.008119848970811194,,,,0.0,10.113785372869167
AMD,220.0,Put,2025-10-09 11:26:00,2025-10-10 11:03:00,23.62,0.57,1.06,2025-10-09 11:26:00-04:00,2025-10-10 11:03:00-04:00,True,0.8596491228070178,2025-10-09,2025-10-10,1,-1.1870503597122384,-1.9284030642310028,4.540856413278332,1.0276656911536897,-2.28747515222944,False,39.680126158240604,True,8.319986660995276,686,0.3141450161317838,True,-11.370620774431472,0.36079106782277437,True,-0.6971351634377898,0.3679597043239391,True,0.4594313453536669,True,0.3044943364053476,True,1.6197087246495157,True,0.9334163036714305,5.779567014282963
QQQ,607.0,Call,2025-10-10 11:37:00,2025-10-10 11:40:00,0.05,0.23,0.2,2025-10-10 11:37:00-04:00,2025-10-10 11:40:00-04:00,False,-0.13043478260869568,2025-10-10,2025-10-10,0,-2.3176480209355477,6.088026883122828,0.5584876708966041,-1.468515535617687,-5.602521980635561,False,14.257502425218917,False,-10.934471129395646,697,0.11462256427050566,False,-0.12102577521915237,-1.7139286458178304,False,0.28988972236334565,-2.3176480209355477,False,-4.2214642888111715,False,-2.246185147507629,False,-2.3789649415692726,False,10.65801668211308,1.6359026900695957
AMD,220.0,Put,2025-10-16 14:47:00,2025-10-16 15:49:00,1.03,0.25,0.2,2025-10-16 14:47:00-04:00,2025-10-16 15:49:00-04:00,True,-0.19999999999999996,2025-10-16,2025-10-17,1,0.38093625666639763,0.7949677280958014,3.5685218016744567,0.23910227559528208,-0.28218174476489327,False,51.546823719684454,False,9.577346816017489,887,-0.9807208717518834,True,-9.404374340868449,1.0332623496595916,True,1.1795991739834588,1.1056023797719527,True,1.1872779270300726,True,2.2911104912937796,True,1.4666852912417871,True,8.66477272727273,7.235621521335806
META,695.0,Put,2025-10-17 09:30:00,2025-10-17 13:54:00,4.4,1.3,0.05,2025-10-17 09:30:00-04:00,2025-10-17 13:54:00-04:00,True,-0.9615384615384616,2025-10-17,2025-10-17,0,-0.03747834388150295,-0.17983780665746027,,,0.45957042516370133,False,43.96537783143951,True,12.504259592132115,570,-0.7014759784852664,False,0.7637098460037461,0.0030325084910187705,,1.5674354848322247,0.005017141901508815,,0.06447453255964408,,-0.0,,,,-0.026164311878595914,1.6708875086656874
META,700.0,Put,2025-10-17 12:42:00,2025-10-17 13:54:00,1.2,0.22,0.1,2025-10-17 12:42:00-04:00,2025-10-17 13:54:00-04:00,True,-0.5454545454545454,2025-10-17,2025-10-17,0,0.7516882933210622,3.364228230400516,2.1204448865177667,-0.24381225605440981,1.2308214124242647,True,57.05730720663182,False,-3.935820977905621,762,-0.7014759784852664,False,0.7637098460037461,-0.48065259582728004,False,1.5674354848322247,-0.7709674721966486,False,-0.29892737823105087,False,0.15617935966462104,True,-0.35340684195646066,False,-1.7791732077446332,1.7392158789427121
META,710.0,Put,2025-10-22 09:31:00,2025-10-22 12:35:00,3.07,1.48,2.15,2025-10-22 09:31:00-04:00,2025-10-22 12:35:00-04:00,True,0.45270270270270263,2025-10-22,2025-10-24,2,-0.03951868961477034,-0.4026140161245043,,,1.227917216211498,True,56.75235685423233,False,-12.579564927972804,571,0.07637023197459847,True,-0.1502383326276613,0.00446441858388269,,-1.3681047370248889,-0.0,,-0.10499912500729902,,-0.0,,,,-0.09088155104514106,3.209095618507507
QQQ,618.0,Put,2025-10-27 09:45:00,2025-10-27 14:43:00,4.97,0.21,0.02,2025-10-27 09:45:00-04:00,2025-10-27 14:43:00-04:00,True,-0.9047619047619048,2025-10-27,2025-10-27,0,0.08646779074794608,1.3907028936184322,1.236180349883181,-0.03152898520879521,0.21887603244960352,True,56.06731691922461,False,6.327902823502114,585,1.2007778317938644,True,-1.067837138458505,-0.002929415728036844,False,-1.9356101085205912,-0.08646779074794608,False,-0.06150921240248852,False,0.003971721344031565,False,-0.09868884816015555,True,0.032475884244376196,1.1279097672186151
QQQ,623.0,Put,2025-10-27 12:59:00,2025-10-27 14:41:00,1.7,0.12,0.04,2025-10-27 12:59:00-04:00,2025-10-27 14:41:00-04:00,True,-0.6666666666666666,2025-10-27,2025-10-27,0,0.3923075691341982,10.208941008394042,0.06250372045949736,-0.18598605765858256,4.6143996666470875,True,64.61074974064778,False,2.063333277219215,779,1.2007778317938644,True,-1.067837138458505,-0.16111786504182657,False,-1.9356101085205912,-0.3923075691341982,False,-0.45391002879748843,False,0.6513623004210101,True,-0.31016495136049205,False,0.6752411575562611,0.6316192420569153
QQQ,626.0,Put,2025-10-28 09:31:00,2025-10-28 15:31:00,6.0,0.41,0.01,2025-10-28 09:31:00-04:00,2025-10-28 15:31:00-04:00,True,-0.975609756097561,2025-10-28,2025-10-28,0,0.0,0.0,,,3.981340684231828,True,67.58290716448278,False,-2.884480553557623,571,0.36141317327134104,True,-1.780910711391992,-0.0,,-2.0765678534187426,-0.0,,-0.09454687022050212,,-0.0,,0.2493420141293723,,0.0,0.6916682530617446
QQQ,629.0,Put,2025-10-28 13:51:00,2025-10-28 15:31:00,1.67,0.09,0.02,2025-10-28 13:51:00-04:00,2025-10-28 15:31:00-04:00,True,-0.7777777777777778,2025-10-28,2025-10-28,0,0.35535249698586124,5.585040071237883,0.2243989314337434,-0.25175453317241026,4.221846482635886,True,69.25901350388618,False,1.3571829448859347,831,0.36141317327134104,True,-1.780910711391992,-0.0538518637111185,False,-2.0765678534187426,-0.35535249698586124,False,-0.8008676065737852,False,-0.20837507513522535,False,0.5125363623770696,False,1.2206874397687306,0.5690799873537816
QQQ,631.0,Put,2025-10-29 09:38:00,2025-10-29 14:08:00,4.5,1.22,1.47,2025-10-29 09:38:00-04:00,2025-10-29 14:08:00-04:00,True,0.20491803278688514,2025-10-29,2025-10-29,0,0.04641429875074099,1.014742014741805,1.1867321867321998,0.0010484130957277848,1.202899262899127,True,56.540240917589934,False,12.936805599629785,578,0.42027428426973934,True,-0.768998073524485,-0.015971657567659392,False,-2.3492082408496984,-0.04641429875074099,True,-0.4782225834857323,False,0.2351002692601356,True,0.15451608371962466,True,0.18897637795274314,0.7666601140161196
QQQ,632.0,Put,2025-11-03 09:31:00,2025-11-03 09:42:00,0.18,0.76,1.38,2025-11-03 09:31:00-05:00,2025-11-03 09:42:00-05:00,True,0.8157894736842104,2025-11-03,2025-11-03,0,-0.011021539236688582,-0.1478107419195394,,,3.3506583611106646,True,71.07317332070983,False,-14.016388508106076,571,0.9617371675648023,True,-0.4823895854963789,-0.0,,-0.7102251753414501,0.011021539236688582,,0.10334792896189438,,0.0243734004955809,,,,0.1225865767698453,0.48027714353199824
GLD,372.0,Call,2025-11-03 10:29:00,2025-11-03 10:43:00,0.23,0.1,0.15,2025-11-03 10:29:00-05:00,2025-11-03 10:43:00-05:00,False,0.4999999999999998,2025-11-03,2025-11-03,0,0.19110352118403284,-1.144732721726701,2.466452488372914,-0.020184667052958183,0.743624870971176,True,49.74113595168366,False,6.786123750593092,629,0.2146039334999461,False,-0.5430524410342308,-0.5965055566898969,False,0.7102251753414501,-0.5558004786497039,False,-0.49770186842176267,False,-1.1577365235406423,False,-0.6919457514530825,False,2.1146184492798037,0.6452660200478852
QQQ,628.0,Call,2025-11-04 09:30:00,2025-11-04 09:51:00,0.35,0.62,0.89,2025-11-04 09:30:00-05:00,2025-11-04 09:51:00-05:00,False,0.435483870967742,2025-11-04,2025-11-04,0,-0.006417661404178876,0.06400146289052178,,,-0.2588859173923498,False,51.71173087999302,True,5.97388525040212,570,-1.3922288317934517,False,0.47848411146613756,0.005916197068511764,,-0.27727511528806703,-0.006417661404178876,,-0.030727973629818273,,0.004135820339978835,,0.4524247136999726,,-0.08823529411765563,0.7637507220332441
QQQ,632.0,Call,2025-11-04 09:36:00,2025-11-04 09:51:00,0.25,0.08,0.14,2025-11-04 09:36:00-05:00,2025-11-04 09:51:00-05:00,False,0.7500000000000002,2025-11-04,2025-11-04,0,-0.25510204081631294,2.208092370872089,0.44620130739709546,-0.08617444909906347,-2.3544652865261773,False,36.909129890821845,False,5.97388525040212,576,-1.3922288317934517,False,0.47848411146613756,-0.17009066572006848,False,-0.27727511528806703,-0.25510204081631294,False,-0.48885412592882815,False,-0.2316059390380043,False,-0.11324756114803325,False,0.4411764705882337,1.6583827952838142
QQQ,617.0,Put,2025-11-05 12:41:00,2025-11-05 14:52:00,2.18,0.07,0.02,2025-11-05 12:41:00-05:00,2025-11-05 14:52:00-05:00,True,-0.7142857142857143,2025-11-05,2025-11-05,0,1.078415521422782,12.55343747479365,0.22584895007126002,-0.5615550700157623,6.555822869894908,True,73.253400006996,False,-1.6874828969911988,761,-0.12111425111021035,False,2.029806353626129,-0.8489140418975305,False,1.720373766483263,-1.078415521422782,False,-2.2708610584137867,False,-1.37218433560653,False,-0.9165966974531203,False,-4.758397171479068,1.3068445382855798
QQQ,611.0,Put,2025-11-06 09:30:00,2025-11-06 09:55:00,0.42,0.25,0.37,2025-11-06 09:30:00-05:00,2025-11-06 09:55:00-05:00,True,0.48,2025-11-06,2025-11-06,0,0.0,0.0,,,-4.050411646457766,False,25.552408399898354,True,31.185031870951754,570,-0.2390578873058713,False,-0.6507872426322114,0.0014782621550080144,,1.427137432898351,-0.0,,0.12792346839455293,,-0.00818799639727974,,-0.014013452914807267,,0.06077180188392983,1.7353125653355579
QQQ,610.0,Put,2025-11-06 09:30:00,2025-11-06 10:41:00,1.18,1.27,3.36,2025-11-06 09:30:00-05:00,2025-11-06 10:41:00-05:00,True,1.6456692913385824,2025-11-06,2025-11-07,1,0.0,0.0,,,-4.050411646457766,False,25.552408399898354,True,31.185031870951754,570,-0.2390578873058713,False,-0.6507872426322114,0.0014782621550080144,,1.427137432898351,-0.0,,0.12792346839455293,,-0.00818799639727974,,-0.014013452914807267,,0.06077180188392983,1.8961385676836175
PLTR,185.0,Put,2025-11-11 09:30:00,2025-11-12 09:58:00,24.47,2.03,3.3,2025-11-11 09:30:00-05:00,2025-11-12 09:58:00-05:00,True,0.625615763546798,2025-11-11,2025-11-14,3,0.0,0.0,,,-2.8600969820277893,False,37.6719262368289,True,-8.156344064121114,570,-1.7354475491968446,False,-8.812454335974817,-0.0014707180045370194,,0.2780460678432406,-0.00161139579102354,,-0.07037297677692234,,-0.0,,,,-0.1563477173233241,2.759526938239159
QQQ,615.0,Put,2025-11-13 09:30:00,2025-11-13 09:40:00,0.17,2.48,3.79,2025-11-13 09:30:00-05:00,2025-11-13 09:40:00-05:00,True,0.528225806451613,2025-11-13,2025-11-14,1,0.004857984907880031,0.04065827686362129,,,-2.9206737657308497,False,35.47243461156273,False,24.401419996879483,570,-0.5699748824628204,False,0.07883263349260927,0.0014694861206976384,,-0.8559874848726334,-0.004857984907880031,,-0.03697173084580285,,0.004135136252747529,,-0.0,,0.21638330757340896,0.41614715740726554
PLTR,170.0,Put,2025-11-13 09:31:00,2025-11-13 09:36:00,0.08,0.38,0.54,2025-11-13 09:31:00-05:00,2025-11-13 09:36:00-05:00,True,0.42105263157894735,2025-11-13,2025-11-14,1,-0.02421574023113715,-0.06907533248107808,,,-0.9253739711587604,False,53.89287566640153,False,-2.542729327640103,571,-1.341152196340334,False,3.5557184750733217,0.0014694861206976384,,-0.8559874848726334,-0.004857984907880031,,-0.03697173084580285,,0.004135136252747529,,-0.0,,0.21638330757340896,6.416523538996788
QQQ,614.0,Call,2025-11-20 12:03:00,2025-11-20 12:16:00,0.22,0.69,0.5,2025-11-20 12:03:00-05:00,2025-11-20 12:16:00-05:00,False,-0.2753623188405796,2025-11-20,2025-11-21,1,-2.592295869984629,7.529511533242939,0.48677069199456524,-1.9273195273386112,-6.5639987788331595,False,10.436871731410122,False,-10.857967305544136,723,1.958757730841687,False,0.5970049135516797,-1.8888112823408632,False,-3.0363780034534216,-2.592295869984629,False,-4.248122455999537,False,-1.8925982127803054,False,-2.376029537063351,False,10.914542728635679,3.060770605859695
QQQ,598.0,Put,2025-11-24 15:52:00,2025-11-25 09:49:00,17.95,0.75,2.47,2025-11-24 15:52:00-05:00,2025-11-25 09:49:00-05:00,True,2.2933333333333334,2025-11-24,2025-11-25,1,1.7621959414057198,19.954075462981127,0.5706599274447754,-0.5396989252984596,1.685227244935361,True,60.61403952194095,False,6.2949054335051855,952,0.8829460911417231,True,-0.7512763160141489,-0.9325627367245515,False,1.9198428407721013,-1.7621959414057198,False,-3.319148936170224,False,-1.6443464994066792,False,0.06403870784118526,False,-5.348641837020452,1.2826650378856632
AVGO,375.0,Put,2025-11-26 09:34:00,2025-11-26 15:08:00,5.57,1.63,0.12,2025-11-26 09:34:00-05:00,2025-11-26 15:08:00-05:00,True,-0.9263803680981595,2025-11-26,2025-11-28,2,-0.0025941683096331047,-0.004026760701112906,,,-0.30509557804148374,True,55.70774762630115,False,5.90249623677807,574,0.1168740098174359,True,-1.8705683141073015,-0.0014757969303502705,,-2.2633620167252344,-0.0,,0.04938271604938427,,-0.0,,,,0.03094059405939209,2.7161646820764327
TSLA,410.0,Put,2025-12-01 09:30:00,2025-12-03 10:34:00,49.07,3.6,0.49,2025-12-01 09:30:00-05:00,2025-12-03 10:34:00-05:00,True,-0.8638888888888889,2025-12-01,2025-12-05,4,0.0,0.0,,,1.3669499459847838,False,62.158984354105506,False,-16.291949272083123,570,-1.1111885998558724,True,-0.8415771953678153,0.0014731879787843738,,-4.729284477342044,-0.003259399292709908,,0.010033109260565443,,-0.0,,-0.5243549054781305,,-0.1571338780641085,3.6178565551611435
QQQ,613.0,Put,2025-12-03 09:30:00,2025-12-03 14:32:00,5.03,1.48,0.27,2025-12-03 09:30:00-05:00,2025-12-03 14:32:00-05:00,True,-0.8175675675675675,2025-12-03,2025-12-04,1,-0.006455569542618278,-0.038287980309003336,,,-2.9988869137152356,False,31.387467887128366,True,23.814659604899354,570,-0.3826366559485539,True,-0.7826044687849532,-0.0,,-1.9140759349812297,0.006455569542618278,,0.07228245760355634,,-0.012196609342596254,,0.32471925314571104,,0.032278889606196515,1.0620097485393396
TSLA,440.0,Put,2025-12-04 09:30:00,2025-12-04 15:47:00,6.28,2.47,0.92,2025-12-04 09:30:00-05:00,2025-12-04 15:47:00-05:00,True,-0.6275303643724697,2025-12-04,2025-12-05,1,-0.031115259812419804,-0.18689449996183852,,,0.6750842932337271,True,61.37290616082221,False,-11.293724711292612,570,0.716300308904505,True,-4.076973255055449,-0.0,,-1.3140351396995653,-0.0,,0.011010487489337972,,-0.0,,-0.17271157167531026,,0.09927200529451508,2.17874610938195
TSLA,430.0,Put,2025-12-04 09:30:00,2025-12-04 14:48:00,5.3,0.94,0.25,2025-12-04 09:30:00-05:00,2025-12-04 14:48:00-05:00,True,-0.7340425531914894,2025-12-04,2025-12-05,1,-0.031115259812419804,-0.18689449996183852,,,0.6750842932337271,True,61.37290616082221,False,-11.293724711292612,570,0.716300308904505,True,-4.076973255055449,-0.0,,-1.3140351396995653,-0.0,,0.011010487489337972,,-0.0,,-0.17271157167531026,,0.09927200529451508,4.401956425077815
TSLA,450.0,Put,2025-12-05 10:32:00,2025-12-05 14:42:00,4.17,0.77,0.05,2025-12-05 10:32:00-05:00,2025-12-05 14:42:00-05:00,True,-0.935064935064935,2025-12-05,2025-12-05,0,0.6048385316645755,1.4338298230204505,1.4284924031471296,-0.03600000445198592,0.7340051206339203,True,56.63055703942247,True,2.7619127869491678,632,-0.33001122038148756,True,-1.7437435644894084,-0.35524108250053477,False,-0.6929731638418035,-0.6086037349050111,False,-0.6173516984031124,False,-0.26840567031829465,False,-0.8362091850278697,False,-0.6329113924050667,1.2660110876075488
TSLA,450.0,Put,2025-12-05 13:46:00,2025-12-05 14:42:00,0.93,0.18,0.05,2025-12-05 13:46:00-05:00,2025-12-05 14:42:00-05:00,True,-0.7222222222222222,2025-12-05,2025-12-05,0,0.40396883208617673,2.5986246906568593,5.693800965556467,0.08925507487466122,-0.20981824820478243,True,52.73163125338505,False,-6.148184466314106,826,-0.33001122038148756,True,-1.7437435644894084,-0.13881391786418895,True,-0.6929731638418035,-0.21781607354496302,True,-0.4444932228502507,False,0.029822852257599397,False,-1.0220334483673987,False,-0.6329113924050667,1.0684823751302848
TSLA,450.0,Put,2025-12-05 13:50:00,2025-12-05 14:42:00,0.87,0.14,0.05,2025-12-05 13:50:00-05:00,2025-12-05 14:42:00-05:00,True,-0.6428571428571428,2025-12-05,2025-12-05,0,0.4348497891971892,2.912477823772969,5.7214665878178925,0.05774346255007501,0.009068598462494708,True,54.14288027085761,False,-6.148184466314106,830,-0.33001122038148756,True,-1.7437435644894084,-0.15537238310598944,False,-0.6929731638418035,-0.22582401742528013,True,-0.42940240355595627,False,0.013917331053547866,False,-1.1414919033713833,False,-0.6828780812791369,1.098901098901099
QQQ,626.0,Put,2025-12-08 09:30:00,2025-12-08 10:00:00,0.5,0.96,1.35,2025-12-08 09:30:00-05:00,2025-12-08 10:00:00-05:00,True,0.4062500000000002,2025-12-08,2025-12-08,0,0.006377754392694612,0.113486675448594,,,-0.16450461039597725,True,43.85833610688363,True,4.853746111169528,570,0.271791264309007,True,-0.40774392397340264,-0.004369356248168366,,-0.3365574562109508,-0.006377754392694612,,0.04074979625102726,,-0.003957418180378092,,-0.0,,-0.06718172657037558,0.19450910366379057
QQQ,622.0,Put,2025-12-08 13:40:00,2025-12-08 15:15:00,1.58,0.43,0.17,2025-12-08 13:40:00-05:00,2025-12-08 15:15:00-05:00,True,-0.6046511627906976,2025-12-08,2025-12-08,0,-0.6058866673044339,-5.772131023034239,8.293640890991457,0.242801629728151,-1.558724489242354,False,44.69333867739741,True,-0.7530780881679178,820,0.271791264309007,True,-0.40774392397340264,0.5155840372851883,True,-0.3365574562109508,0.6058866673044339,True,-0.02716653083401077,False,0.7162926906486233,True,0.14487027525353913,True,1.7635203224722895,0.22137380089191108
GOOG,305.0,Put,2025-12-10 09:30:00,2025-12-10 15:46:00,6.27,0.61,0.24,2025-12-10 09:30:00-05:00,2025-12-10 15:46:00-05:00,True,-0.6065573770491803,2025-12-10,2025-12-12,2,-0.015791302150780506,-0.14045225626520244,,,-0.01310138646439016,True,52.77517423769513,False,12.681073731847185,570,-0.35247836349331374,False,-1.0494514231197405,0.004395218002806178,,-0.22156031282556388,0.0016029751218282762,,-0.0,,0.003985810514561816,,0.25326579578778263,,0.032873109796183186,3.6578431991913525
QQQ,607.0,Put,2025-12-10 09:32:00,2025-12-10 15:24:00,5.87,0.49,0.12,2025-12-10 09:32:00-05:00,2025-12-10 15:24:00-05:00,True,-0.7551020408163265,2025-12-10,2025-12-11,1,-0.0016029751218282762,-0.023255813953467732,,,-0.6753488372092634,False,41.41561639921726,True,20.040052452127227,572,-0.19358451323893133,True,-0.12334209008777464,0.004395218002806178,,-0.22156031282556388,0.0016029751218282762,,-0.0,,0.003985810514561816,,0.25326579578778263,,0.032873109796183186,2.697850375903698
AAPL,277.5,Put,2025-12-12 09:33:00,2025-12-12 13:34:00,4.02,0.65,0.1,2025-12-12 09:33:00-05:00,2025-12-12 13:34:00-05:00,True,-0.8461538461538461,2025-12-12,2025-12-12,0,0.0,0.0,,,0.8159905004927359,False,58.52445433088903,False,0.06487770833280138,573,-0.04316080998451044,False,0.26902934213358654,-0.0014531293139663504,,-0.6984321804818894,-0.0,,0.13351862448568452,,-0.007753440589275407,,0.03256268316510491,,0.10537407797681642,0.14752977582671548
META,600.0,Put,2025-12-12 09:34:00,2025-12-15 15:50:00,78.27,1.05,0.78,2025-12-12 09:34:00-05:00,2025-12-15 15:50:00-05:00,True,-0.2571428571428571,2025-12-12,2025-12-26,14,0.06773816121683485,0.4667656775680245,,,0.002488709726293511,False,47.46869186421586,True,-10.550771473746671,574,-0.48260330008734753,False,-0.3968437081814491,-0.0014531293139663504,,-0.6984321804818894,-0.0,,0.13351862448568452,,-0.007753440589275407,,0.03256268316510491,,0.10537407797681642,7.6923076923076925
QQQ,615.0,Put,2025-12-15 09:31:00,2025-12-15 09:53:00,0.37,0.82,2.06,2025-12-15 09:31:00-05:00,2025-12-15 09:53:00-05:00,True,1.5121951219512195,2025-12-15,2025-12-15,0,-0.009702614854689706,-0.1816255486603454,,,3.8549598910247953,True,70.9557131980393,False,-1.7965292901778298,571,0.7773540627750153,False,1.9118258256338172,0.0014583211806584728,,0.5731452988960162,0.009702614854689706,,0.005584564264371483,,0.009783012776609645,,-0.02613354240166288,,-0.17618040873854657,0.5385473776139021
QQQ,603.0,Put,2025-12-16 09:31:00,2025-12-16 13:41:00,4.17,1.26,0.63,2025-12-16 09:31:00-05:00,2025-12-16 13:41:00-05:00,True,-0.5,2025-12-16,2025-12-17,1,0.0,0.0,,,-0.9467338199014688,False,39.383938938475715,True,23.015626097500594,571,-0.37343990565728014,False,0.5019393109742198,-0.0,,0.42420607638634644,-0.0,,-0.2474613874904108,,0.0039947269604212465,,,,0.03475842891902392,0.864761779502185
TSLA,467.5,Put,2025-12-17 09:30:00,2025-12-17 10:54:00,1.4,2.43,3.85,2025-12-17 09:30:00-05:00,2025-12-17 10:54:00-05:00,True,0.5843621399176955,2025-12-17,2025-12-19,2,0.030723854000247464,0.14330167048802386,,,-1.2500300251118903,True,50.20437844343684,False,-1.1996767975505591,570,-0.33885849595818307,True,-3.065367865182722,0.0014708261630524966,,0.6105059732958495,-0.0016311617133890621,,-0.039672419167446904,,0.007988177497308957,,-0.23898035050451405,,-0.24578651685392972,4.273399266949241
SLV,59.5,Put,2025-12-17 12:04:00,2025-12-17 14:29:00,2.42,0.11,0.01,2025-12-17 12:04:00-05:00,2025-12-17 14:29:00-05:00,True,-0.9090909090909091,2025-12-17,2025-12-17,0,1.6703222540914275,4.455588774230866,0.3600475777156517,-0.9744705716990598,2.565555019770442,True,68.60015818406156,False,-6.969821054001358,724,2.667590507535089,True,0.6539321975563617,0.8324876082895671,True,0.6105059732958495,1.479463674028636,True,3.284309558219267,True,0.6150896672924011,True,0.3741370154009438,True,1.15870786516854,1.2612014603385298
TSLA,465.0,Put,2025-12-18 09:30:00,2025-12-18 11:13:00,1.72,2.22,0.72,2025-12-18 09:30:00-05:00,2025-12-18 11:13:00-05:00,True,-0.6756756756756757,2025-12-18,2025-12-19,1,-0.03137025263511006,-0.14332514332517549,,,3.063523341523311,True,67.63916127955105,True,13.996510324899234,570,2.332748362795889,True,4.617457336490571,-0.0029515938606783365,,2.3517605480169346,-0.0016400164001728612,,0.00285030213201809,,-0.011991366216324018,,,,-0.03527336860670305,2.7217003828371773
QQQ,607.0,Put,2025-12-19 09:36:00,2025-12-19 13:15:00,3.65,1.46,0.38,2025-12-19 09:36:00-05:00,2025-12-19 13:15:00-05:00,True,-0.7397260273972603,2025-12-19,2025-12-22,3,0.3586835740897909,3.329000108330489,0.2654100314159816,-0.11465179272476256,4.062299209186344,True,79.40581877183152,False,-25.359870571747145,576,0.4678957823710084,False,-1.449009843273763,-0.23941767661839197,False,1.8427964072725067,-0.3586835740897909,False,-1.313122662784405,False,-0.513499418301433,False,0.45381740523224856,True,-0.4307250538406304,1.165015346288799
SLV,60.0,Put,2025-12-22 09:30:00,2025-12-23 13:08:00,27.63,0.25,0.03,2025-12-22 09:30:00-05:00,2025-12-23 13:08:00-05:00,True,-0.88,2025-12-22,2025-12-24,2,0.01597444089456168,0.07609522774213089,,,0.02655723448200384,True,53.234102670388936,False,5.618117624922633,570,2.74085015591663,True,-2.7140930546190045,0.0014621379380908017,,0.17161464444965802,-0.0,,0.07724990343761506,,-0.0,,,,0.0,4.168663152850981
QQQ,620.0,Put,2025-12-22 09:30:00,2025-12-22 15:23:00,5.88,1.18,0.82,2025-12-22 09:30:00-05:00,2025-12-22 15:23:00-05:00,True,-0.30508474576271183,2025-12-22,2025-12-22,0,0.0,0.0,,,3.0525591014442526,True,71.21027609236067,False,1.0641655820030707,570,0.6984847257110571,True,-1.3035412322897288,0.0014621379380908017,,0.17161464444965802,-0.0,,0.07724990343761506,,-0.0,,,,0.0,0.2188747264065942
SLV,62.0,Put,2025-12-22 09:31:00,2025-12-22 14:14:00,4.72,0.18,0.19,2025-12-22 09:31:00-05:00,2025-12-22 14:14:00-05:00,True,0.05555555555555558,2025-12-22,2025-12-22,0,0.01597444089456168,0.07609522774213089,,,0.02655723448200384,True,53.234102670388936,False,5.618117624922633,571,2.74085015591663,True,-2.7140930546190045,0.0014621379380908017,,0.17161464444965802,-0.0,,0.07724990343761506,,-0.0,,,,0.0,0.9742852579460141
SLV,62.5,Put,2025-12-23 09:30:00,2025-12-23 13:08:00,3.63,0.38,0.18,2025-12-23 09:30:00-05:00,2025-12-23 13:08:00-05:00,True,-0.5263157894736843,2025-12-23,2025-12-24,1,0.0,0.0,,,1.2793797422950905,True,53.52324008550618,True,17.80658861221066,570,1.9369297262686214,True,-2.5274905629410815,0.0014621379380908017,,-0.6022945955077574,-0.0,,-0.0,,-0.0,,-0.13201320132012473,,-0.189753320683117,1.8530150753768841
QQQ,613.0,Put,2025-12-23 09:33:00,2025-12-23 13:08:00,3.58,0.41,0.1,2025-12-23 09:33:00-05:00,2025-12-23 13:08:00-05:00,True,-0.7560975609756098,2025-12-23,2025-12-24,1,0.0,0.0,,,-1.5139252615844823,False,46.55956885374716,False,2.4146683897578356,573,-0.16311106086788207,True,-0.3500526699619311,0.0014621379380908017,,-0.6022945955077574,-0.0,,-0.0,,-0.0,,-0.13201320132012473,,-0.189753320683117,0.8411517308314533
SLV,64.0,Put,2025-12-24 10:05:00,2025-12-24 11:24:00,1.32,0.24,0.06,2025-12-24 10:05:00-05:00,2025-12-24 11:24:00-05:00,True,-0.75,2025-12-24,2025-12-24,0,-1.1601106330669908,-2.283430546554308,3.629293583927408,0.6997592048090806,-2.7125945128537436,False,31.541497867711755,True,-3.8543552086398947,605,0.37014188772361845,True,-3.7938210340963785,-0.10465876880585423,False,-1.3389897918600013,-0.0739549839228415,False,-0.27157430383237813,False,0.08731198158511422,False,0.17227670288894048,False,0.03822629969418845,0.5052467936261218
SLV,66.0,Put,2025-12-26 09:33:00,2025-12-29 09:30:00,71.95,1.15,2.1,2025-12-26 09:33:00-05:00,2025-12-29 09:30:00-05:00,True,0.8260869565217392,2025-12-26,2025-12-26,0,0.0,0.0,,,1.021029118019412,True,57.42512952990744,False,-3.346958739546878,573,4.00183992640295,True,-0.5860579888957274,-0.0028958647051879893,,-2.826928805481077,0.003201690492582454,,0.03687869640637276,,-0.0,,,,-0.07677543186179747,2.6979212737726646
SLV,66.0,Put,2025-12-26 09:54:00,2025-12-26 13:27:00,3.55,0.12,0.01,2025-12-26 09:54:00-05:00,2025-12-26 13:27:00-05:00,True,-0.9166666666666666,2025-12-26,2025-12-26,0,-0.40542532802593234,-0.8681925808997447,1.878453038674048,0.3092190901640812,0.09661247040253225,True,48.13585160693731,True,-3.2735625331265794,594,4.00183992640295,True,-0.5860579888957274,-0.08542800880342316,False,-2.826928805481077,-0.05852690220438106,False,0.0396104516957374,False,0.48695514470089574,True,-0.013397002254933454,False,1.0533589251439546,2.301828140034056
SLV,68.0,Put,2025-12-26 15:24:00,2025-12-26 15:55:00,0.52,0.67,0.6,2025-12-26 15:24:00-05:00,2025-12-26 15:55:00-05:00,True,-0.10447761194029859,2025-12-26,2025-12-29,3,4.069290874244436,10.675691355637381,1.3529298008122526,-2.261365296447826,3.9733591181590118,True,69.67437362087804,False,5.447557052452723,924,4.00183992640295,True,-0.5860579888957274,0.0695007529248226,True,-2.826928805481077,0.10565578625513217,True,-0.08058678103615158,False,0.49883209944969753,False,-0.026528717336504748,False,0.6142034548944242,3.6693478698176176
NVDA,180.0,Put,2025-12-29 09:37:00,2025-12-31 13:53:00,52.27,1.87,1.06,2025-12-29 09:37:00-05:00,2025-12-31 13:53:00-05:00,True,-0.4331550802139037,2025-12-29,2026-01-09,11,-0.5647309536494394,-2.74550432916451,2.9527122030637503,0.07317116699087078,-3.8389195589432688,False,25.480985638554003,True,6.77473992785071,577,-1.485330394163653,True,-1.0179735963098402,-0.0741764235328235,False,-2.0459148225346224,-0.05160208343413242,False,-0.19164219437206587,False,-0.3316418268270116,False,-0.35923363491219273,False,-0.8330177962892815,3.55765109301328
SLV,67.5,Put,2025-12-30 09:32:00,2025-12-30 13:04:00,3.53,1.49,0.79,2025-12-30 09:32:00-05:00,2025-12-30 13:04:00-05:00,True,-0.4697986577181208,2025-12-30,2026-01-02,3,0.0,0.0,,,2.451753104624065,True,60.604292909422654,False,19.004717159835707,572,4.696258142705645,True,7.185039370078739,0.004363953742103632,,-1.0667215210332204,0.0016133195663403654,,-0.016431153466966997,,0.016001920230424016,,,,0.014368932038832938,2.3296194472579934
SLV,64.0,Put,2025-12-30 11:39:00,2025-12-30 12:26:00,0.78,0.1,0.06,2025-12-30 11:39:00-05:00,2025-12-30 12:26:00-05:00,True,-0.4,2025-12-30,2025-12-31,1,-0.04340905802344697,-0.10593487527429984,0.9534138774686484,-0.5332240495997453,0.8728186243599643,True,56.20496912711666,False,0.5178563129780329,699,4.696258142705645,True,7.185039370078739,-0.08327878391156673,False,-1.0667215210332204,-0.2742643262777289,False,-0.09447913243509909,False,0.24602952354282337,False,-0.29329422743633593,False,-1.4174757281553374,7.353792704111173
QQQ,617.0,Put,2025-12-31 13:06:00,2025-12-31 13:53:00,0.78,0.63,0.17,2025-12-31 13:06:00-05:00,2025-12-31 13:53:00-05:00,True,-0.7301587301587301,2025-12-31,2025-12-31,0,-0.36552892762042877,-6.861557103907536,7.800666464707428,0.054849049704808195,-1.6471978188425658,False,46.78110609811555,True,1.713177954018235,786,0.035516523255263444,False,0.23193261069145432,0.3216276396024065,True,-0.31832717608748506,0.36552892762042877,True,0.5180495025080112,True,0.4533182898819321,True,0.26056761268781203,True,-0.05884660651234164,0.0623597917020969
NVDA,180.0,Put,2026-01-02 09:46:00,2026-01-05 09:34:00,71.8,0.59,0.41,2026-01-02 09:46:00-05:00,2026-01-05 09:34:00-05:00,True,-0.30508474576271183,2026-01-02,2026-01-09,7,1.0351094371427783,4.120730976632747,0.23277411623724828,-0.4197201781985793,4.66101437986825,True,81.70273371601878,False,-35.84499531283115,586,1.788203753351203,True,0.5545483630158832,0.11372154409298174,False,0.8779580208151727,-0.014497895466769606,False,-1.3416452093779618,False,0.5128826427590716,True,0.42752171008683115,False,0.5945303210463715,6.152241918665282
QQQ,610.0,Put,2026-01-02 13:16:00,2026-01-02 15:05:00,1.82,0.49,0.03,2026-01-02 13:16:00-05:00,2026-01-02 15:05:00-05:00,True,-0.9387755102040817,2026-01-02,2026-01-02,0,-1.4094728184618321,-11.2345520318784,14.782305305103142,0.7203998800751288,-4.950776576014124,False,36.60061901087264,True,2.3089924543684646,796,0.9408930344614319,False,0.8265663593949313,0.7116711146111343,True,0.8779580208151727,1.4094728184618321,True,-0.6721778018701663,True,0.1716339552540247,True,-0.13360053440214514,True,1.189060642092743,0.22082276928110292
SLV,60.0,Put,2026-01-05 09:39:00,2026-01-06 09:51:00,24.2,1.98,1.5,2026-01-05 09:39:00-05:00,2026-01-06 09:51:00-05:00,True,-0.24242424242424243,2026-01-05,2026-02-20,46,-0.41756659467243606,-0.9418205437505971,1.0392502551730742,0.10111223458039165,2.2957297949336217,True,61.577667835763,True,-16.929282924474826,579,5.627376425855513,True,-2.0645762185656613,-0.07574212718850504,False,1.0443523856426995,0.2131438721136636,True,-0.3523940525316016,False,-0.1421222251135834,False,-0.0,True,-0.03984063745020583,13.244650086755346
NVDA,180.0,Put,2026-01-06 11:08:00,2026-01-07 11:57:00,24.82,2.03,1.12,2026-01-06 11:08:00-05:00,2026-01-07 11:57:00-05:00,True,-0.4482758620689654,2026-01-06,2026-01-16,10,-1.279040470316517,-3.2194067740626253,5.417910025197461,1.3475953671055363,-2.4884493644007653,False,27.673569327148712,True,24.974541076420614,668,1.2704656602168685,False,0.3865501720942466,-0.103600657043601,True,0.37519375353101125,-0.09770198472296432,True,-0.8840761665620311,True,-0.2854424357754626,False,-1.6839889488225346,False,-0.3133568350959681,4.2926348397140845
META,605.0,Put,2026-01-06 11:54:00,2026-01-08 09:42:00,45.8,1.86,3.2,2026-01-06 11:54:00-05:00,2026-01-08 09:42:00-05:00,True,0.7204301075268817,2026-01-06,2026-01-23,17,-0.9475719029064411,-4.7842200229646465,6.44525124391712,0.4322653861112635,-3.1097621521131975,False,37.575932943945354,True,14.657906141174678,714,0.11839888280029687,False,-1.2884180747528395,-0.20496271422965062,True,0.37519375353101125,-0.2067083313146867,True,-1.3025737602008869,False,-0.26958452267680233,False,-1.776082094461251,False,-0.7050528789659172,7.396083481895019
QQQ,627.0,Put,2026-01-07 12:13:00,2026-01-07 15:15:00,3.03,1.63,3.07,2026-01-07 12:13:00-05:00,2026-01-07 15:15:00-05:00,True,0.8834355828220859,2026-01-07,2026-01-08,1,0.7391178736517734,10.648981681835783,0.24281065724059642,-0.4064475864984374,7.3560529228128155,True,77.65162961821156,False,-5.43796191278291,733,-0.0609540919444318,True,-0.8786549944173716,-0.23548107483386538,False,-0.5757069128443648,-0.7391178736517734,False,-0.27907580477672944,False,0.07605304212168207,False,0.20523345305284435,False,0.6321612011062738,0.1027650981048175
NVDA,180.0,Put,2026-01-07 15:38:00,2026-01-08 10:00:00,18.37,2.18,3.1,2026-01-07 15:38:00-05:00,2026-01-08 10:00:00-05:00,True,0.4220183486238531,2026-01-07,2026-01-23,16,0.23858514079653226,1.4368227752812162,7.505394985970837,0.3308702491058524,-2.2694071218377423,True,40.249417784997426,True,10.593674857237822,938,0.7103183080538367,True,0.4677865192430297,0.35105460849466086,True,-0.5757069128443648,-0.18377632254751308,True,0.26739356178607787,True,0.5070202808112212,True,1.2827090815803022,True,1.6594231529039938,4.7719314209773716
AMD,190.0,Put,2026-01-12 09:31:00,2026-01-12 09:50:00,0.32,1.09,0.46,2026-01-12 09:31:00-05:00,2026-01-12 09:50:00-05:00,True,-0.5779816513761469,2026-01-12,2026-01-16,4,0.014911277896523245,0.06264355815410554,,,0.4745917728127009,False,47.739988257615046,True,8.087787880297668,571,-0.9745533297238707,False,0.7377369552472257,-0.004343545491414247,,-1.5955033154266385,-0.0016069419893849357,,0.0051837644497343405,,0.011570502931179671,,,,-0.15698587127158659,5.575986482457012
SLV,76.5,Put,2026-01-12 09:32:00,2026-01-12 11:34:00,2.03,0.72,0.08,2026-01-12 09:32:00-05:00,2026-01-12 11:34:00-05:00,True,-0.8888888888888888,2026-01-12,2026-01-12,0,0.0,0.0,,,-0.9277714285714225,True,38.25938091100815,True,12.660126685434435,572,5.167173252279644,True,-3.8301534930426095,-0.004343545491414247,,-1.5955033154266385,-0.0016069419893849357,,0.0051837644497343405,,0.011570502931179671,,,,-0.15698587127158659,-0.49921177088806545
AMD,195.0,Put,2026-01-12 15:59:00,2026-01-13 11:47:00,19.8,0.71,0.11,2026-01-12 15:59:00-05:00,2026-01-13 11:47:00-05:00,True,-0.8450704225352113,2026-01-12,2026-01-16,4,3.6333813807843285,23.418764302059483,4.421052631578928,-0.4397437224655798,-1.0674791762013396,True,45.82604989457437,True,8.914878466308991,959,-0.9745533297238707,False,0.7377369552472257,-0.7181328545781129,False,-1.5955033154266385,-0.8741764422304454,False,-1.4281271059042977,False,-0.871644554149964,False,-0.38089089735313664,False,-1.883830455259028,6.474820143884892
AMD,202.5,Put,2026-01-13 09:30:00,2026-01-14 10:03:00,24.55,0.6,0.48,2026-01-13 09:30:00-05:00,2026-01-14 10:03:00-05:00,True,-0.19999999999999996,2026-01-13,2026-01-16,3,0.0,0.0,,,3.3830655748799217,True,65.534822275773,True,11.646083963137002,570,3.5726322885069273,True,-2.2247379042181548,-0.0014377731768933089,,-1.0818356307799704,0.003188419659794217,,0.08538403700825148,,0.011432055483584502,,,,-0.20064205457464013,5.86211705638976
QQQ,618.0,Put,2026-01-13 09:49:00,2026-01-13 11:47:00,1.97,0.08,0.02,2026-01-13 09:49:00-05:00,2026-01-13 11:47:00-05:00,True,-0.75,2026-01-13,2026-01-13,0,0.15449487461540734,1.1984700457573105,1.5222338038619934,-0.018658007687522016,2.057495185767531,True,58.441407140369286,True,13.284341044910306,589,0.015944640209197836,True,-0.08298093034388998,0.053197607545429904,True,-1.0818356307799704,-0.15449487461540734,False,-0.25615211102474333,False,0.23245179483271095,True,-0.2974650801862433,True,0.32102728731941976,1.6298094149186204
NVDA,176.0,Put,2026-01-14 09:30:00,2026-01-14 10:02:00,0.53,0.44,0.81,2026-01-14 09:30:00-05:00,2026-01-14 10:02:00-05:00,True,0.840909090909091,2026-01-14,2026-01-16,2,0.0,0.0,,,-0.608879809681352,False,40.511032974253396,True,14.447515459472555,570,-0.7965125666002826,False,-0.4704228398399568,-0.008683068017356632,,-0.28331478296064194,0.0016070969400816537,,-0.0,,0.0038295102056440378,,0.02585315408479838,,0.038037276530999975,4.51906906092335
PLTR,172.5,Put,2026-01-15 09:38:00,2026-01-15 14:38:00,5.0,0.51,0.37,2026-01-15 09:38:00-05:00,2026-01-15 14:38:00-05:00,True,-0.27450980392156865,2026-01-15,2026-01-16,1,0.19030832074309334,0.8331991740453758,3.7970461624610907,0.2228661237361984,0.025155216463016102,True,50.35026828022576,True,3.861221250477172,578,0.17376681614349465,True,0.3129190880643784,0.040312711461776285,True,-0.11311232924389181,0.13485261965178186,True,0.14710649013887078,True,-0.10603650685450106,False,-0.4768041237113385,False,0.019638648860964558,3.658249841804046
MU,327.5,Put,2026-01-20 09:36:00,2026-01-20 12:06:00,2.5,0.78,0.98,2026-01-20 09:36:00-05:00,2026-01-20 12:06:00-05:00,True,0.2564102564102564,2026-01-20,2026-01-23,3,2.3006471427004405,3.970912877238421,0.4496266070770513,-0.7784325996227137,6.514265063336493,True,81.02509397725976,False,-12.09852889320618,576,0.5320468642315612,True,-7.7592609096040155,-0.1702152636135379,False,0.3472272249196884,-0.4144008386293585,False,-0.6816563231254236,False,-0.4174006280156295,False,0.07842112142203428,True,-2.4407753050969094,12.21486584287131
SLV,85.0,Put,2026-01-20 15:59:00,2026-01-22 10:52:00,42.88,7.17,5.89,2026-01-20 15:59:00-05:00,2026-01-22 10:52:00-05:00,True,-0.1785216178521618,2026-01-20,2026-02-20,31,-0.886645782573392,-2.8727780462918218,3.3990655711293716,0.04436290411938826,-0.3057429783577796,True,49.789028716093945,False,5.2592300565686045,959,6.381140459145884,True,2.760441670667302,0.6896652922273372,True,0.3472272249196884,0.5274192491646512,True,0.7401566792145764,True,-0.46526767251284795,True,0.7450006535093534,True,3.086862885857866,0.49844426391089725
SLV,80.0,Put,2026-01-20 15:59:00,2026-01-22 10:52:00,42.88,3.97,2.96,2026-01-20 15:59:00-05:00,2026-01-22 10:52:00-05:00,True,-0.2544080604534006,2026-01-20,2026-01-26,6,-0.886645782573392,-2.8727780462918218,3.3990655711293716,0.04436290411938826,-0.3057429783577796,True,49.789028716093945,False,5.2592300565686045,959,6.381140459145884,True,2.760441670667302,0.6896652922273372,True,0.3472272249196884,0.5274192491646512,True,0.7401566792145764,True,-0.46526767251284795,True,0.7450006535093534,True,3.086862885857866,6.35147695426908
QQQ,624.0,Call,2026-01-21 15:46:00,2026-01-21 15:50:00,0.07,0.3,0.23,2026-01-21 15:46:00-05:00,2026-01-21 15:50:00-05:00,False,-0.23333333333333328,2026-01-21,2026-01-22,1,1.1419758150524206,-5.647615238823825,6.951191945888549,0.46330839051316186,2.9861100195325156,True,55.143433658119235,False,8.591198990293641,946,0.23188501134758788,False,-2.1247142903132454,0.8533804163908032,True,-2.5289142068013026,1.1419758150524206,True,2.0544648511716224,True,1.1033857315598583,True,1.7565626224369968,True,-5.0934408208134885,1.2280388689713433
QQQ,623.0,Put,2026-01-23 10:51:00,2026-01-23 11:48:00,0.95,0.61,0.44,2026-01-23 10:51:00-05:00,2026-01-23 11:48:00-05:00,True,-0.2786885245901639,2026-01-23,2026-01-23,0,0.7858514466444033,4.850735649847782,0.08964398531538048,-0.5133551507316092,4.2787133953726855,True,77.77953478171928,False,-6.841720321969959,651,-0.1691474966170392,True,-0.7269422989550245,-0.31388505413063594,False,0.19989570658787148,-0.7858514466444033,False,-0.5992509363295762,False,0.657894736842124,True,0.18022657054582725,True,-1.6255385820603263,0.25296999583720914
SLV,99.0,Put,2026-01-26 10:51:00,2026-01-26 12:56:00,2.08,0.42,0.14,2026-01-26 10:51:00-05:00,2026-01-26 12:56:00-05:00,True,-0.6666666666666666,2026-01-26,2026-01-26,0,1.9070141893931636,2.6003685407355195,0.8576413392927192,-0.718332190461668,1.990751587861682,True,60.17748512785735,True,2.9196637132452565,651,6.952965235173836,True,-6.633765637553091,-0.3562790562949836,False,0.434820293539806,-0.46533271288971,False,-0.09786646586344983,False,0.2716263628475435,True,-0.013007284079091797,False,-0.7794232268121593,2.2367056732335957
AMD,245.0,Put,2026-01-26 13:51:00,2026-01-26 15:42:00,1.85,3.15,4.0,2026-01-26 13:51:00-05:00,2026-01-26 15:42:00-05:00,True,0.26984126984126977,2026-01-26,2026-01-30,4,-1.1030128230112624,-5.216864614331236,8.387354172701666,-0.27059955170918304,1.5835082822005513,False,55.26541991233875,False,-4.490854389140722,831,-1.1976278496611314,True,-2.345012414771608,-0.4417280982519145,False,0.434820293539806,-0.5583992554676565,False,-0.5170682730923692,False,0.2942618930848351,True,0.02601456815816139,True,-0.3624318004676552,3.444470718057858
BA,235.0,Put,2026-01-27 09:33:00,2026-01-27 10:45:00,1.2,1.8,3.0,2026-01-27 09:33:00-05:00,2026-01-27 10:45:00-05:00,True,0.6666666666666665,2026-01-27,2026-02-06,10,-0.004123711340198177,-0.006432907076651416,,,-2.5573494584870615,False,37.33990452554748,True,8.391120605636338,573,-2.3869902990782177,False,1.4753123140987534,-0.0,,-0.15470028626782817,0.0015900526307399687,,0.0990344144590205,,0.011361484567329327,,-0.09125277017338895,,0.0,3.0887871664810955
BA,235.0,Put,2026-01-27 09:37:00,2026-01-28 09:38:00,24.02,1.7,3.72,2026-01-27 09:37:00-05:00,2026-01-28 09:38:00-05:00,True,1.1882352941176473,2026-01-27,2026-02-06,10,0.6515463917525777,0.8194717148890511,0.5549586929944761,-0.4788884420050099,-1.1908365872633655,False,45.84505014508747,False,5.323742734485307,577,-2.3869902990782177,False,1.4753123140987534,-0.007202742804479634,False,-0.15470028626782817,0.08557663258653703,True,0.2438722456053366,True,0.047339519030487054,False,0.3519749706687447,True,0.19484576337369663,3.7200917731891234
QQQ,611.0,Put,2026-01-27 10:18:00,2026-01-27 15:34:00,5.27,1.12,0.98,2026-01-27 10:18:00-05:00,2026-01-27 15:34:00-05:00,True,-0.1250000000000001,2026-01-27,2026-02-02,6,0.29097963142581396,2.4958597174866917,0.4364344861177949,-0.2167541355817315,1.6930275694106482,True,65.54110847229822,False,-11.824117575584687,618,0.551594026796276,True,-0.4400051387461579,-0.13973321040652298,False,-0.15470028626782817,-0.29097963142581396,False,-0.7477098291656548,False,0.07953039197122758,False,-0.48885412592882815,False,-0.5076142131979711,3.1296572280178854
RDDT,185.0,Put,2026-01-28 09:37:00,2026-01-28 14:17:00,4.67,2.45,1.35,2026-01-28 09:37:00-05:00,2026-01-28 14:17:00-05:00,True,-0.44897959183673475,2026-01-28,2026-01-30,2,-1.1666666666666714,-3.217301709159986,3.606206311366145,0.05617977528091789,-3.9550127277870093,False,33.74382978235059,True,-1.1035245122295194,577,-0.6622516556291425,False,8.112156532322235,-0.04160330531088885,True,-2.643230319667045,0.01573663173134454,True,0.03972648914142285,True,0.1090307541920521,True,0.03912873353332236,False,0.3853564547206201,4.008301984693213
AMD,250.0,Put,2026-01-29 09:51:00,2026-01-29 10:16:00,0.42,2.38,4.5,2026-01-29 09:51:00-05:00,2026-01-29 10:16:00-05:00,True,0.8907563025210086,2026-01-29,2026-01-30,1,0.7716322082818028,1.2000680518415447,2.387799526254496,0.041832739731062496,1.3510995170936608,True,58.78038881866244,False,-30.398576620099995,591,0.7576956556144543,True,-0.28171249454429503,0.38486393336685243,True,-1.4619200466880589,0.5563722003572136,True,-0.28746646224606653,False,-0.060589995077076075,False,-0.4862662636351489,True,2.3627080181543025,2.5796898137323687
AMD,262.5,Call,2026-01-29 09:52:00,2026-01-29 10:09:00,0.28,1.3,0.64,2026-01-29 09:52:00-05:00,2026-01-29 10:09:00-05:00,False,-0.5076923076923077,2026-01-29,2026-01-30,1,0.7716322082818028,-1.2000680518415447,2.027595894205554,-0.041832739731062496,1.3510995170936608,True,58.78038881866244,True,17.429055998175635,592,0.7576956556144543,True,0.28171249454429503,-0.38486393336685243,False,1.4619200466880589,-0.5563722003572136,False,0.28746646224606653,True,0.060589995077076075,True,0.4862662636351489,False,2.3627080181543025,2.291325695581013
NFLX,87.0,Call,2026-02-02 12:11:00,2026-02-02 13:35:00,1.4,0.25,0.17,2026-02-02 12:11:00-05:00,2026-02-02 13:35:00-05:00,False,-0.31999999999999995,2026-02-02,2026-02-06,4,0.46689812043576584,-2.18846446751373,3.7035552527155184,-0.211861980692718,1.0041460579582133,True,51.062246292442154,False,9.505745192741244,731,0.04790992933285665,False,0.3968253968253954,0.9773920357318833,True,0.3975450865458585,1.4627519436228198,True,2.9146295599849603,True,1.7408797245541452,True,2.0615866388308923,True,-4.612476370510388,3.670162059103906
AMD,235.0,Put,2026-02-02 12:49:00,2026-02-03 14:02:00,25.22,4.69,9.0,2026-02-02 12:49:00-05:00,2026-02-03 14:02:00-05:00,True,0.9189765458422172,2026-02-02,2026-02-06,4,5.482037578996479,22.868011323425456,2.255838641188985,-1.1009319753428226,7.015714791224395,True,64.28715906384565,True,7.684330299978569,769,-0.40552528196678983,False,6.126576255055916,-0.9730560631108665,False,-0.3975450865458585,-1.4409478090804617,False,-2.9547448915632435,False,-1.8143835351464244,False,-2.126826722338193,False,-4.404536862003782,5.506745209996177
AMD,235.0,Put,2026-02-02 15:00:00,2026-02-03 14:12:00,23.2,5.51,8.4,2026-02-02 15:00:00-05:00,2026-02-03 14:12:00-05:00,True,0.5245009074410165,2026-02-02,2026-02-06,4,4.481062051999829,14.362285769772269,4.941496334417613,0.08392147859554999,-2.504527067048616,True,31.63914435893237,True,5.4183510234561965,900,-0.40552528196678983,False,6.126576255055916,-0.8613938919342035,False,-0.3975450865458585,-1.1879939872957213,False,-2.3492541055534666,True,-1.6519014275213628,False,-2.2834029227557506,False,-3.8941398865784405,4.601457364970471
QQQ,614.0,Put,2026-02-02 15:48:00,2026-02-03 09:43:00,17.92,0.22,0.26,2026-02-02 15:48:00-05:00,2026-02-03 09:43:00-05:00,True,0.18181818181818188,2026-02-02,2026-02-03,1,1.1944754238794708,11.256938928722988,3.670870099772614,-0.017472615116043144,-2.0789015221577785,True,37.31777343610142,True,17.77426921170101,948,-0.511360895363977,True,1.2010866974881962,-0.8309405725223984,False,-0.3975450865458585,-1.1944754238794708,False,-2.1035476996364544,True,-1.2998568610004257,True,-2.661795407098122,False,-3.818525519848759,1.9294815471694462
WMT,124.0,Put,2026-02-03 09:37:00,2026-02-03 12:09:00,2.53,0.85,0.37,2026-02-03 09:37:00-05:00,2026-02-03 12:09:00-05:00,True,-0.5647058823529412,2026-02-03,2026-02-06,3,1.051354630004031,6.17870722433453,0.14258555133080256,-0.33995395899140135,5.4319581749049375,True,72.70634634618405,False,-14.43596196627248,577,-0.33048524907303145,True,-4.129595433943267,0.017236178739177266,True,-0.3868751172895646,0.2291971732348519,True,0.5887648103544696,True,-0.21287919105907882,True,-0.5452700989094783,False,0.0,0.7603041216486617
QQQ,595.0,Put,2026-02-04 10:20:00,2026-02-04 12:47:00,2.45,6.1,10.26,2026-02-04 10:20:00-05:00,2026-02-04 12:47:00-05:00,True,0.6819672131147541,2026-02-04,2026-02-20,16,-0.7511584424030548,-2.418269374570018,2.4444411210480843,0.2352136703509533,-2.3919594412706586,False,35.617612674227345,True,3.9100335080587314,620,-0.23843508726399953,False,1.536397610757978,0.23828492793510625,True,0.8569497764166378,0.7511584424030548,True,1.5101223807231445,True,0.4542185548279565,True,-0.6450400801603307,False,1.8695154521175095,2.5277263568304233
QQQ,610.0,Call,2026-02-05 11:39:00,2026-02-05 12:04:00,0.42,0.26,0.21,2026-02-05 11:39:00-05:00,2026-02-05 12:04:00-05:00,False,-0.1923076923076924,2026-02-05,2026-02-05,0,0.18660135619199547,-0.5695604794769324,3.3410824555030887,0.42926627067254586,0.8459966581910552,False,59.67903777127348,True,9.437355581236453,699,-0.914568716467179,False,-1.74690196587296,-0.08517637383617105,True,-1.3272554715135998,0.18660135619199547,True,1.3926254154138284,True,0.007736943907143967,False,0.1360712518555074,True,-0.43134435657800063,1.4418040011308197
TSLA,410.0,Put,2026-02-09 10:51:00,2026-02-10 13:05:00,26.23,3.6,0.49,2026-02-09 10:51:00-05:00,2026-02-10 13:05:00-05:00,True,-0.8638888888888889,2026-02-09,2026-02-11,2,1.3727317073170653,2.9151947907802636,0.0164711976025918,-0.8591566346243917,2.306261866883676,True,66.2874413568372,False,-0.6588697119995572,651,-0.27000072973170086,False,-3.4994083734045,-0.6324156537379277,False,0.19509516308511277,-0.9151660795997163,False,-2.0631220074703416,False,-0.6079142123546433,False,0.255941499085921,False,-2.7286413248024166,1.354142957576024
QQQ,613.0,Put,2026-02-10 13:06:00,2026-02-10 13:49:00,0.72,1.92,2.85,2026-02-10 13:06:00-05:00,2026-02-10 13:49:00-05:00,True,0.484375,2026-02-10,2026-02-11,1,-0.017876877072098285,-0.20643431635391513,3.396782841822989,-0.02682519293684127,0.09864932975884522,True,51.646903391820885,False,-1.6960820340474498,786,0.16278161218907794,True,-0.7660132863118285,-0.04029066839339457,False,0.20994808817819122,0.017876877072098285,False,0.10289578127297139,False,-0.3656775062679918,False,-0.8924205378973094,False,0.07733952049497894,0.3592269306415754
AMD,210.0,Put,2026-02-10 13:08:00,2026-02-10 15:18:00,2.17,5.0,5.75,2026-02-10 13:08:00-05:00,2026-02-10 15:18:00-05:00,True,0.1499999999999999,2026-02-10,2026-02-20,10,0.28353630194293267,1.1906255663836722,7.10471649448599,0.2670768336205165,-0.9152045952012124,False,46.68323849294414,False,8.838158401219921,788,-0.3981481481481586,False,-3.626943005181338,-0.04029066839339457,False,0.20994808817819122,0.017876877072098285,False,0.10289578127297139,False,-0.3656775062679918,False,-0.8924205378973094,False,0.07733952049497894,2.6651216685979144
QQQ,615.0,Put,2026-02-11 09:50:00,2026-02-11 14:23:00,4.55,2.82,2.8,2026-02-11 09:50:00-05:00,2026-02-11 14:23:00-05:00,True,-0.007092198581560294,2026-02-11,2026-02-11,0,-0.06813867843410426,-0.4317814657071122,1.5934792186811177,-0.03597332461520164,2.816056102217718,True,59.8411281163525,True,7.935506185752189,590,0.8046183786612593,True,0.4639275947388999,0.11199977025687646,True,-0.37561817469871084,0.06813867843410426,False,-0.8203752703372258,False,0.6481171080567671,True,-0.03631082062454105,True,-0.13602798289934492,0.15747520171437362
QQQ,605.0,Put,2026-02-13 13:15:00,2026-02-13 15:10:00,1.92,1.27,1.86,2026-02-13 13:15:00-05:00,2026-02-13 15:10:00-05:00,True,0.46456692913385833,2026-02-13,2026-02-13,0,0.7994403917258142,5.553764907148259,1.400011570343514,-0.5065571618472875,2.8411719105118625,True,56.28136177982369,True,1.057739124408215,795,-0.0366275972296215,False,2.03389277617394,-0.5266400657199855,False,-0.538649980815209,-0.7994403917258142,False,-0.4870758299644784,False,-1.5521872601688358,False,-0.869346100541768,False,-2.943287867910982,0.03635041802981185
QQQ,602.0,Put,2026-02-13 13:15:00,2026-02-13 15:15:00,2.0,2.72,3.92,2026-02-13 13:15:00-05:00,2026-02-13 15:15:00-05:00,True,0.44117647058823506,2026-02-13,2026-02-17,4,0.7994403917258142,5.553764907148259,1.400011570343514,-0.5065571618472875,2.8411719105118625,True,56.28136177982369,True,1.057739124408215,795,-0.0366275972296215,False,2.03389277617394,-0.5266400657199855,False,-0.538649980815209,-0.7994403917258142,False,-0.4870758299644784,False,-1.5521872601688358,False,-0.869346100541768,False,-2.943287867910982,0.5320379366180938
QQQ,586.0,Put,2026-02-17 12:27:00,2026-02-17 15:59:00,3.53,1.5,0.99,2026-02-17 12:27:00-05:00,2026-02-17 15:59:00-05:00,True,-0.33999999999999997,2026-02-17,2026-02-19,2,0.1654411764705932,0.9035319886830305,2.5645705941407533,-0.21320568780918148,1.2427215478688722,False,51.72429278868181,True,5.005397419063883,747,-0.5847953216374213,False,-0.21310602024506853,-0.1470328765512008,False,1.284353189887344,-0.1654411764705932,False,-1.0789535764393454,False,0.13721080916263562,False,-0.37383177570093906,False,-1.777699859747539,2.233937836800745
AAPL,265.0,Put,2026-02-18 11:40:00,2026-02-18 14:06:00,2.43,0.35,0.53,2026-02-18 11:40:00-05:00,2026-02-18 14:06:00-05:00,True,0.5142857142857145,2026-02-18,2026-02-18,0,1.0017455318180213,5.069905895909445,1.248511618974492,-0.5728664436977393,3.12894565008642,True,64.29606595988857,False,-2.2035159365905344,700,-0.13263604668789508,False,-3.166783954961283,-0.6586161021037595,False,1.5995388716766423,-1.1991164405175114,False,-1.305172078553385,False,-1.1101395278105164,False,-1.730793176441292,False,-1.9153593578985717,0.43953129185530904
QQQ,602.0,Put,2026-02-19 12:45:00,2026-02-19 14:32:00,1.78,1.11,0.75,2026-02-19 12:45:00-05:00,2026-02-19 14:32:00-05:00,True,-0.32432432432432434,2026-02-19,2026-02-19,0,0.028201257444315786,0.17456487138683663,2.911125943420449,0.11145870385294021,-0.7727001078194256,False,45.25841882400054,True,6.305338862137809,765,-0.4919196421202088,False,-0.7467154498586481,0.013160588424532271,True,0.8423394787031246,-0.028201257444315786,True,0.2373320936605361,True,-0.3122976730014937,False,0.5887403409787884,True,0.035650623885907784,0.162526120269332
QQQ,602.0,Put,2026-02-19 12:45:00,2026-02-19 14:32:00,1.78,1.11,0.75,2026-02-19 12:45:00-05:00,2026-02-19 14:32:00-05:00,True,-0.32432432432432434,2026-02-19,2026-02-19,0,0.028201257444315786,0.17456487138683663,2.911125943420449,0.11145870385294021,-0.7727001078194256,False,45.25841882400054,True,6.305338862137809,765,-0.4919196421202088,False,-0.7467154498586481,0.013160588424532271,True,0.8423394787031246,-0.028201257444315786,True,0.2373320936605361,True,-0.3122976730014937,False,0.5887403409787884,True,0.035650623885907784,0.162526120269332
QQQ,600.0,Put,2026-02-19 14:49:00,2026-02-19 15:02:00,0.22,0.5,0.17,2026-02-19 14:49:00-05:00,2026-02-19 15:02:00-05:00,True,-0.6599999999999999,2026-02-19,2026-02-19,0,-0.24302848327000248,-1.9946705049404032,6.086127752275874,0.30352198518068807,-2.267794678285171,False,41.83499185952728,True,-0.10266706879099274,889,-0.4919196421202088,False,-0.7467154498586481,0.20324335390284887,True,0.8423394787031246,0.24302848327000248,True,0.2617993198111068,True,-0.11996800853106837,True,0.7236600024530859,True,1.3547237076648733,0.22366528365580945
QQQ,605.0,Put,2026-02-20 09:45:00,2026-02-20 10:43:00,0.97,2.34,0.92,2026-02-20 09:45:00-05:00,2026-02-20 10:43:00-05:00,True,-0.6068376068376068,2026-02-20,2026-02-20,0,0.8265013663933951,4.348288925764853,0.5768496195873628,-0.41091795891825544,1.989252763079745,True,68.92073822220968,False,-13.179469554343896,585,-0.5551228727194379,False,0.38297099654994726,-0.3546722945245495,False,1.0809873403086923,-0.8265013663933951,False,-1.3479535391446307,False,-0.23208035306649943,False,-0.17324588541021146,False,-1.2073684210526348,0.01322139221260675
QQQ,609.0,Put,2026-02-20 11:07:00,2026-02-20 11:18:00,0.18,1.25,2.42,2026-02-20 11:07:00-05:00,2026-02-20 11:18:00-05:00,True,0.9359999999999999,2026-02-20,2026-02-20,0,1.638005732186909,4.476174987802929,0.18214343795738172,-0.6940737905142935,2.853733224914652,True,72.07440292400501,False,-1.726580052831892,667,-0.5551228727194379,True,0.38297099654994726,-0.9658224879821597,False,1.0809873403086923,-1.638005732186909,False,-2.0912291030405594,False,-0.8179881296606517,False,-1.3240935527781161,False,-4.140350877192978,0.1557504713501181
QQQ,585.0,Put,2026-02-23 15:13:00,2026-02-23 15:22:00,0.15,1.27,1.24,2026-02-23 15:13:00-05:00,2026-02-23 15:22:00-05:00,True,-0.023622047244094557,2026-02-23,2026-02-25,2,-1.1621581524157931,-13.08237789117897,15.64318377626082,0.42184048108967476,-2.184790509642797,False,35.54400876989669,True,24.323030283603494,913,-0.35807559008557144,False,-0.8848824299467983,1.0060771713529815,True,-1.197763001453156,1.1621581524157931,True,0.8172739802210005,True,1.3781321184510253,True,1.982378854625555,True,3.798618684114863,2.4317021915340806
QQQ,602.0,Put,2026-02-24 14:05:00,2026-02-24 14:32:00,0.45,1.22,1.29,2026-02-24 14:05:00-05:00,2026-02-24 14:32:00-05:00,True,0.05737704918032782,2026-02-24,2026-02-25,1,0.9205917022230281,12.417223839533891,2.496880898301263,-0.28924098269043075,1.145797370357307,True,51.05250995572698,True,10.43086114727187,845,0.15297384479806553,True,1.2154859479969082,-0.8065698782812714,False,-0.09387605427209067,-0.9205917022230281,False,-0.43742434955600373,True,-1.236559139784954,False,-1.4153306613226446,False,-3.182697379989441,0.9664815957228049
AMD,195.0,Put,2026-02-26 11:54:00,2026-02-26 13:37:00,1.72,0.74,0.41,2026-02-26 11:54:00-05:00,2026-02-26 13:37:00-05:00,True,-0.44594594594594594,2026-02-26,2026-02-27,1,-2.777777777777779,-6.551451485372212,7.669716480289169,0.7821184732971997,-3.124748672766281,False,42.12589288925817,False,5.735076125626769,714,-0.9769515318220678,False,1.3935652824541678,0.8596959381490854,True,-0.9995774381092559,1.2735749443623212,True,3.1199848956858345,True,0.4754537564620187,True,-1.310583580613267,False,3.5890619065704454,3.9408866995073892
QQQ,602.0,Put,2026-02-26 12:17:00,2026-02-26 13:08:00,0.85,0.36,0.39,2026-02-26 12:17:00-05:00,2026-02-26 13:08:00-05:00,True,0.08333333333333348,2026-02-26,2026-02-26,0,-1.4758199450933263,-9.985162389405001,9.985162389405001,0.39475686003881405,-5.273229653239654,False,36.35309622361723,True,4.5746063719105905,737,-0.17675293507165568,True,-1.4493230460460138,1.0125778906069693,True,-0.9995774381092559,1.4758199450933263,True,3.3654300009440252,True,0.7433681747858412,True,-1.2363996043521341,True,4.272692745917195,0.7427803563037395
META,635.0,Put,2026-02-27 12:56:00,2026-02-27 13:28:00,0.53,2.98,4.0,2026-02-27 12:56:00-05:00,2026-02-27 13:28:00-05:00,True,0.34228187919463093,2026-02-27,2026-03-02,3,-0.30771621726629617,-1.531957224571042,6.166514686783401,0.5364950252992329,-2.907625411036489,False,35.75413354129772,True,7.001172327669181,776,-2.063895526704307,False,-0.5078860010096387,-0.13908002225280214,True,-0.7041841982234676,-0.487578360807972,True,-0.6075635461872286,True,0.6371735439439918,True,-0.510769230769248,False,-1.1516654854712982,1.0086208240447763
QQQ,598.0,Put,2026-03-03 11:47:00,2026-03-03 15:22:00,3.58,2.82,2.22,2026-03-03 11:47:00-05:00,2026-03-03 15:22:00-05:00,True,-0.21276595744680837,2026-03-03,2026-03-04,1,0.44941559203794945,1.8179351512684354,0.25776692443358584,-0.5614499277530882,2.09624202957535,False,65.87447999234288,False,-5.993683875530486,707,-1.9339242546333568,False,-0.13173278005567113,-0.24146359528922634,False,-0.5847096235290783,-0.44941559203794945,False,-0.3296197874079976,False,-0.3543613707164939,False,-0.4553393213573065,False,0.11473528929684118,0.16861154237825593
QQQ,605.0,Put,2026-03-04 13:16:00,2026-03-05 12:39:00,23.38,5.97,8.85,2026-03-04 13:16:00-05:00,2026-03-05 12:39:00-05:00,True,0.48241206030150763,2026-03-04,2026-03-13,9,1.2281514830508655,12.36681389064184,0.783342658841043,-0.42139431603713806,3.864962678127126,True,59.34145012929981,True,3.56218798817536,796,0.428870640646295,True,1.0705652123863207,-0.6315743145107966,False,1.0213137411798856,-1.2281514830508655,False,-0.7015772870662351,False,-0.12633996937212455,False,0.5358012664393508,True,-3.181662675333563,1.0759017626475753
QQQ,595.0,Put,2026-03-04 15:08:00,2026-03-05 12:25:00,21.28,2.24,3.01,2026-03-04 15:08:00-05:00,2026-03-05 12:25:00-05:00,True,0.3437499999999998,2026-03-04,2026-03-10,6,1.3431872351694851,20.50759038971871,1.528908464051778,-0.44890791461662527,1.7420458853048677,True,54.35454150596957,True,6.853694405000589,908,0.428870640646295,True,1.0705652123863207,-0.7746137934069752,False,1.0213137411798856,-1.3431872351694851,False,-1.0548895899053612,False,-0.5321592649310869,False,0.6697515830492051,True,-3.4474854601436844,2.821444612306558
QQQ,599.0,Put,2026-03-05 11:11:00,2026-03-05 12:20:00,1.15,0.21,0.13,2026-03-05 11:11:00-05:00,2026-03-05 12:20:00-05:00,True,-0.38095238095238093,2026-03-05,2026-03-05,0,0.05103804804162948,0.2172987858305575,3.546876955814192,0.3179989320264087,-1.0442216047064572,False,42.263876664041724,True,17.237613098702944,671,-0.5501432664756445,False,-1.5243192925296745,0.2873605348424735,True,1.1570367164394413,-0.05103804804162948,True,-0.30803413624198583,True,0.7490636704119868,True,1.454838110567691,True,2.638855780691318,1.4316274477538333
QQQ,595.0,Put,2026-03-06 09:32:00,2026-03-09 15:39:00,78.12,8.12,3.12,2026-03-06 09:32:00-05:00,2026-03-09 15:39:00-04:00,True,-0.6157635467980296,2026-03-06,2026-03-13,7,0.0,0.0,,,-2.907025383864441,False,35.90982577149671,False,13.197533185476594,572,-1.4123597904452279,False,0.30126893164142965,-0.0029700470752347385,,1.1591469606847538,-0.0,,0.07013533522093329,,-0.019881506222896306,,0.21049922799794007,,0.0916870415647919,0.884542986123827
QQQ,600.0,Put,2026-03-06 12:30:00,2026-03-06 12:38:00,0.13,3.54,4.13,2026-03-06 12:30:00-05:00,2026-03-06 12:38:00-05:00,True,0.16666666666666652,2026-03-06,2026-03-09,3,0.5147340540720746,2.4489102745542337,2.0605717520521027,-0.11479201818158646,0.6283111236908823,False,47.43499124077555,True,6.485364207354891,750,-1.4123597904452279,False,0.30126893164142965,-0.06237098858017376,False,1.1591469606847538,-0.5147340540720746,False,-1.2026911187884792,True,0.2584595808978518,True,1.8785383427689095,True,-0.0916870415647919,0.5634736493205134
QQQ,602.0,Put,2026-03-06 14:09:00,2026-03-06 14:31:00,0.37,0.68,0.49,2026-03-06 14:09:00-05:00,2026-03-06 14:31:00-05:00,True,-0.27941176470588247,2026-03-06,2026-03-06,0,0.44143859006182673,2.635879218472551,3.0238010657193146,-0.006902002628694781,-0.73257150976908,False,44.33327820315322,True,7.4221754949954715,849,-1.4123597904452279,False,0.30126893164142965,-0.07573620041878559,False,1.1591469606847538,-0.44143859006182673,False,-0.628620411980152,True,0.12326533858205702,True,1.775604734945957,True,0.045843520782407055,0.15921454159480503
QQQ,589.0,Put,2026-03-09 11:29:00,2026-03-09 12:18:00,0.82,2.32,2.15,2026-03-09 11:29:00-04:00,2026-03-09 12:18:00-04:00,True,-0.07327586206896552,2026-03-09,2026-03-11,2,0.7657354426119145,3.3194372068785203,0.1386138613861772,-0.6907126086834747,3.245289004689892,True,66.77469868311243,False,-2.4143638916104635,689,-0.9253855773238784,False,1.5043274047067623,-0.44268371374120985,False,1.9839939357716552,-0.7657354426119145,False,-1.9307536725569507,False,-0.3392705682782049,False,0.6638343069569785,False,-3.23689487252935,1.62839248434238
QQQ,607.0,Put,2026-03-10 10:58:00,2026-03-10 14:21:00,3.38,1.95,3.21,2026-03-10 10:58:00-04:00,2026-03-10 14:21:00-04:00,True,0.6461538461538461,2026-03-10,2026-03-10,0,0.5462502879331366,2.5786836951516516,0.05436983694591829,-0.449948296872682,2.485361753593706,True,68.64125670116479,False,-6.069211461616412,658,0.0032907726734254794,True,-1.3355564818674504,-0.451520561892238,False,1.181561234301698,-0.5462502879331366,False,-1.7055837563451748,False,-1.1938646426312483,False,-0.2348949497585906,False,-3.702521544845183,0.6709212894779942
QQQ,610.0,Call,2026-03-11 10:34:00,2026-03-11 11:00:00,0.43,1.09,1.8,2026-03-11 10:34:00-04:00,2026-03-11 11:00:00-04:00,False,0.6513761467889907,2026-03-11,2026-03-11,0,-0.034485023646879664,0.14864249962083742,0.8281510693159218,-0.2060768988817796,0.4128609130895994,False,49.15773101433358,False,5.573216894635962,634,0.1957977524392529,True,0.0016453863367127397,-0.2066298668713218,False,-0.46301059779814135,-0.034485023646879664,False,0.7224819379515468,True,0.10897994768963581,True,-1.2235232206288749,False,0.5757858699035001,0.20533880903490762
QQQ,597.0,Put,2026-03-11 11:15:00,2026-03-11 14:55:00,3.67,1.02,0.78,2026-03-11 11:15:00-04:00,2026-03-11 14:55:00-04:00,True,-0.23529411764705876,2026-03-11,2026-03-12,1,-0.16421439831844076,-0.7005884943352492,3.1316305696785034,0.27273579384144986,-0.2276464229953043,False,43.92624796257979,True,17.00739766952644,675,0.1957977524392529,True,-0.0016453863367127397,0.2568114059686488,True,0.46301059779814135,0.16421439831844076,True,-0.6362340941476585,False,0.003962907188714837,True,0.7206946454413998,True,-0.031123560535339934,1.8027501809329618
TSLA,392.5,Put,2026-03-12 13:18:00,2026-03-12 13:50:00,0.53,1.78,2.24,2026-03-12 13:18:00-04:00,2026-03-12 13:50:00-04:00,True,0.258426966292135,2026-03-12,2026-03-13,1,-1.2674523354106237,-4.124251393956092,5.188361900828345,-0.14059136869204458,0.00950391225535804,False,53.66704527182676,False,1.2138961597112115,798,-0.6485704477465548,False,-2.1503625684120786,0.3622845052374313,True,1.2844277728314313,0.46204768304215493,True,1.2415920699944238,False,0.06025548324898322,False,1.2565165084881702,True,-0.48929663608563434,1.884713413372078
TSLA,395.0,Put,2026-03-13 13:31:00,2026-03-13 14:05:00,0.57,1.65,2.81,2026-03-13 13:31:00-04:00,2026-03-13 14:05:00-04:00,True,0.7030303030303031,2026-03-13,2026-03-13,0,-1.0111514847763514,-3.8009689140089433,4.884268604494736,0.12418757017076398,-0.30241582559552777,False,50.96752197515131,False,2.910461870108705,811,1.0227589174957696,False,3.1410916580844495,0.7336241931627963,True,2.2383349723327117,0.7969854608510074,True,0.9915375203915167,True,1.0912300409211206,True,0.5569895394647473,True,2.985534010464752,0.003797324152243929
TSLA,392.5,Put,2026-03-13 13:42:00,2026-03-13 14:28:00,0.77,0.94,1.07,2026-03-13 13:42:00-04:00,2026-03-13 14:28:00-04:00,True,0.13829787234042556,2026-03-13,2026-03-13,0,-1.1339431148978951,-4.116282545272682,5.1624096009773135,0.2418671986710974,-0.5565050259583021,False,47.73932999705299,True,2.910461870108705,822,1.0227589174957696,False,3.1410916580844495,0.7694836241931569,True,2.2383349723327117,0.8503401360544283,True,1.0132035073409429,True,1.0992537912220102,True,0.7064257573699217,True,3.077870113881187,0.5132754578290292
QQQ,603.0,Put,2026-03-17 12:42:00,2026-03-17 15:46:00,3.07,2.84,2.54,2026-03-17 12:42:00-04:00,2026-03-17 15:46:00-04:00,True,-0.10563380281690138,2026-03-17,2026-03-17,0,-0.014921908677922868,-0.11190053285972108,3.5435168738899425,0.16617987982354698,-0.6378380106572299,True,46.55222087120452,False,11.213621334122529,762,0.45970885106099146,True,-1.1217408879606428,0.21714880642522694,True,1.3622893537971636,0.014921908677922868,True,0.6345129735241817,True,0.2821015565603546,True,-0.4212919620168565,True,0.12965964343598646,0.008291186468776142
QQQ,593.0,Put,2026-03-17 12:45:00,2026-03-17 15:46:00,3.02,1.26,1.16,2026-03-17 12:45:00-04:00,2026-03-17 15:46:00-04:00,True,-0.07936507936507942,2026-03-17,2026-03-19,2,0.09782140133303141,0.747511312217238,2.7493212669682854,0.052601641765381846,0.1581125791855974,True,53.70611246177602,False,10.47202487049811,765,0.45970885106099146,True,-1.1217408879606428,0.11972930765227208,True,1.3622893537971636,-0.09782140133303141,True,0.46707204995529716,True,0.1280460965947694,True,-0.5617226160224753,True,-0.2917341977309529,1.7772845477282921
QQQ,592.0,Put,2026-03-18 15:22:00,2026-03-18 15:51:00,0.48,2.88,3.23,2026-03-18 15:22:00-04:00,2026-03-18 15:51:00-04:00,True,0.1215277777777779,2026-03-18,2026-03-20,2,-0.7606111489800393,-4.709558823529529,6.428676470588337,0.5421144842385761,-2.7841388235295033,False,34.55575534036596,True,18.36138886749474,922,-0.3016691253252768,False,-0.48802425130749505,0.7473852737420184,True,0.9436191263770377,0.7606111489800393,True,0.4181781539701612,True,0.6481220562779222,True,0.6493941219789745,True,4.740973312401886,0.8234003166279896
QQQ,590.0,Put,2026-03-19 15:16:00,2026-03-19 15:24:00,0.13,0.09,0.11,2026-03-19 15:16:00-04:00,2026-03-19 15:24:00-04:00,True,0.22222222222222232,2026-03-19,2026-03-19,0,0.9380841716001509,4.67967021675277,0.6430410657510593,-0.7431986957484815,3.864692883306616,True,74.33835312083616,False,-14.489440120118743,916,-0.9060346276685172,False,1.3939765626294842,-0.742804085422466,False,2.2030665503526503,-0.9380841716001509,False,-3.3411458333333366,False,-2.6190182282022745,False,-0.7204023379094648,False,-8.169655565044131,0.8470185454728264
QQQ,582.0,Call,2026-03-20 14:37:00,2026-03-20 14:57:00,0.33,1.13,0.78,2026-03-20 14:37:00-04:00,2026-03-20 14:57:00-04:00,False,-0.3097345132743362,2026-03-20,2026-03-20,0,-1.4819827440365363,10.681996341781963,0.28046337427055346,-0.6541507944866631,-3.9245849664662824,False,29.879095617514935,False,-2.57249400607526,877,-0.3237664834238263,False,-0.31601949907547056,-1.1515437693256692,False,-0.939855268294143,-1.4819827440365363,False,-2.6515439851818035,False,-2.0063165566668095,False,-1.7250673854447451,False,4.496265813138245,-0.058385135831306764
QQQ,580.0,Put,2026-03-24 09:39:00,2026-03-25 15:19:00,29.67,8.66,6.2,2026-03-24 09:39:00-04:00,2026-03-25 15:19:00-04:00,True,-0.2840646651270208,2026-03-24,2026-03-24,0,0.19852601699699157,1.162137234293624,0.30930267476027207,-0.08608512520773548,-1.273668375481735,False,48.821791204666965,False,3.48594174467636,579,-0.5425170068027341,False,-1.0205133491392626,-0.22569551065527715,False,2.040267252589567,-0.19852601699699157,False,-0.7785110332027223,False,-0.37474541751527646,False,0.19034670292318312,True,-0.8784773060029227,1.0189924074740906
QQQ,580.0,Put,2026-03-24 09:42:00,2026-03-24 09:53:00,0.18,1.41,1.06,2026-03-24 09:42:00-04:00,2026-03-24 09:53:00-04:00,True,-0.24822695035460984,2026-03-24,2026-03-24,0,-0.18980523588856268,-0.9819098589056603,2.282276969348433,0.23715150429297616,-3.0690627626166753,False,35.63193195859961,True,3.48594174467636,582,-0.5425170068027341,False,-1.0205133491392626,0.0030706872198194013,True,2.040267252589567,0.18980523588856268,True,-0.536193029490617,True,-0.14663951120164054,True,0.1767505098572375,False,-0.2928257686676483,0.6338872708583253
QQQ,573.0,Put,2026-03-26 14:29:00,2026-03-26 15:26:00,0.95,0.32,0.15,2026-03-26 14:29:00-04:00,2026-03-26 15:26:00-04:00,True,-0.53125,2026-03-26,2026-03-26,0,-1.1209770164266497,-9.740667348504157,12.783367425210796,0.7932775640603906,-5.206059831245206,False,32.90589349764464,False,4.067477284558564,869,-0.8897281480725439,False,-0.6575567656426751,0.7622114868491514,True,0.6969747365556334,1.1209770164266497,True,2.35252092263728,True,0.25714170918879065,True,0.23661438615467656,True,4.162976085031023,0.5310737974371749
QQQ,571.0,Put,2026-03-26 15:11:00,2026-03-26 15:56:00,0.75,1.88,2.14,2026-03-26 15:11:00-04:00,2026-03-26 15:56:00-04:00,True,0.13829787234042556,2026-03-26,2026-03-27,1,-1.309668892359983,-11.145892026127687,14.125920824725338,0.8845401413094756,-4.93083745487192,False,32.60090853043424,True,-4.684492300478524,911,-0.8897281480725439,False,-0.6575567656426751,0.8925695882217477,True,0.6969747365556334,1.309668892359983,True,2.500510308226167,True,0.40178392060750134,True,0.40562466197944236,True,4.162976085031023,0.6887435647697294
AMD,200.0,Put,2026-03-27 09:54:00,2026-03-27 10:29:00,0.58,6.1,6.3,2026-03-27 09:54:00-04:00,2026-03-27 10:29:00-04:00,True,0.032786885245901676,2026-03-27,2026-04-02,6,-0.0867324180998219,-0.16368580343006295,1.4123746467393,0.1348612047730624,-0.38105306760556457,False,47.619732997554074,False,-8.969883873092506,594,-0.9814987485890936,False,7.490806737186184,0.1019415586942074,False,2.2294634737799246,0.1620532585844381,False,-0.6220386987479731,False,-0.05284338035038694,False,0.05465227490093483,True,1.067369004713048,0.7911902576948827
QQQ,560.0,Put,2026-03-27 14:06:00,2026-03-27 15:36:00,1.5,0.26,0.08,2026-03-27 14:06:00-04:00,2026-03-27 15:36:00-04:00,True,-0.6923076923076923,2026-03-27,2026-03-27,0,-1.267519271198303,-10.07880753845799,10.385281299129872,0.6516801268598216,-4.2974948755195985,False,31.159900606355578,True,12.724292845974446,846,-0.5210965684309565,False,2.3867850702596227,1.034979183689344,True,2.2294634737799246,1.267519271198303,True,0.9184996955980962,True,1.1422299906507893,True,1.1203716354693194,True,4.546714721375111,0.6325800928020822
QQQ,560.0,Put,2026-03-31 12:47:00,2026-03-31 15:48:00,3.02,1.46,0.55,2026-03-31 12:47:00-04:00,2026-03-31 15:48:00-04:00,True,-0.6232876712328766,2026-03-31,2026-04-02,2,1.69062007123999,6.93177217949124,1.3660096118913412,-1.0554862227127204,5.049498126407876,True,77.10526175937989,False,-17.355988353127252,767,1.0765207422798628,False,0.7643357389171435,-1.2755501299026584,False,3.5719735115505413,-1.69062007123999,False,-2.781130079867644,False,-1.7630842659644541,False,-1.4397367338543798,False,-3.8153165606856554,2.4101214645452553
QQQ,580.0,Call,2026-03-31 12:51:00,2026-03-31 13:06:00,0.25,0.27,0.28,2026-03-31 12:51:00-04:00,2026-03-31 13:06:00-04:00,False,0.03703703703703698,2026-03-31,2026-03-31,0,1.6099877722447697,-5.897217147785169,5.949146412707831,0.9291001785597608,4.105125232986271,True,74.01884680417945,True,15.183739688315057,771,1.0765207422798628,False,-0.7643357389171435,1.1534729395561216,True,-3.5719735115505413,1.6099877722447697,True,2.4529811382157707,True,1.4791803818301474,True,0.8089949266419705,True,-3.621786010505945,1.1554392849356878
AMD,210.0,Put,2026-04-07 09:30:00,2026-04-07 15:19:00,5.82,2.24,2.1,2026-04-07 09:30:00-04:00,2026-04-07 15:19:00-04:00,True,-0.0625,2026-04-07,2026-04-10,3,0.004582951420717407,0.018105165145005524,,,0.9173814758296082,False,64.72524913980737,False,-22.212032485798098,570,-0.8992642383504501,True,-1.2321839080459807,0.0015229044834308425,,-3.917424971218586,-0.003415125591232915,,0.13934280864430493,,-0.00796146650212659,,-0.09309748636787685,,0.0,3.76243068603639
AMD,200.0,Put,2026-04-07 09:32:00,2026-04-07 15:19:00,5.78,0.76,0.74,2026-04-07 09:32:00-04:00,2026-04-07 15:19:00-04:00,True,-0.02631578947368418,2026-04-07,2026-04-10,3,0.004582951420717407,0.018105165145005524,,,0.9173814758296082,False,64.72524913980737,False,-22.212032485798098,572,-0.8992642383504501,True,-1.2321839080459807,0.0015229044834308425,,-3.917424971218586,-0.003415125591232915,,0.13934280864430493,,-0.00796146650212659,,-0.09309748636787685,,0.0,8.34517208193942
QQQ,603.0,Put,2026-04-08 09:45:00,2026-04-08 10:07:00,0.37,1.0,0.96,2026-04-08 09:45:00-04:00,2026-04-08 10:07:00-04:00,True,-0.040000000000000036,2026-04-08,2026-04-08,0,-0.40659755877183734,-3.031018737206749,4.488357039136373,0.202665910525901,-3.1832285379380156,True,27.076765348307035,True,7.4379374749217675,585,3.4183387417387356,True,-0.015293118096870728,0.19367524652935675,True,-4.3119135401996855,0.40659755877183734,True,0.4620001890537906,True,0.06118078923217363,True,-0.740551583248239,True,0.4555591997376318,0.5336214504276418
QQQ,603.0,Put,2026-04-08 10:43:00,2026-04-08 10:56:00,0.22,0.91,2.09,2026-04-08 10:43:00-04:00,2026-04-08 10:56:00-04:00,True,1.2967032967032965,2026-04-08,2026-04-08,0,-0.6218067716975417,-3.159922239316851,4.153398451942158,0.2474232238308227,-2.6861559745727144,True,30.58475916412901,True,23.4845469811914,643,3.4183387417387356,True,-0.015293118096870728,0.4538801578970575,True,-4.3119135401996855,0.6218067716975417,True,0.9169108611400079,True,0.6787243805445042,True,0.44688457609805,True,1.3447031813709431,0.3182212670992197
QQQ,604.0,Put,2026-04-09 09:40:00,2026-04-09 11:16:00,1.6,1.19,0.5,2026-04-09 09:40:00-04:00,2026-04-09 11:16:00-04:00,True,-0.5798319327731092,2026-04-09,2026-04-09,0,-0.0709652930206417,-0.6557734204792383,1.4030501089324245,-0.048610140408511526,1.5007603485838654,True,58.24009525382675,False,-3.939337210772152,580,-0.026398719662112935,True,-2.9732071560848894,-0.04593681465234756,False,-3.94716609773349,0.0709652930206417,False,-0.5647981850836592,False,-0.5545250792178713,False,-0.28376112472590087,False,-0.40571243102888177,0.2477291494632535
GLD,434.0,Put,2026-04-13 12:44:00,2026-04-13 15:21:00,2.62,0.5,0.17,2026-04-13 12:44:00-04:00,2026-04-13 15:21:00-04:00,True,-0.6599999999999999,2026-04-13,2026-04-13,0,0.06095106664367744,0.43455344070285157,1.1314787701317648,-0.32174755584064574,2.458286852123005,False,69.05744888007337,False,-18.752506990180315,764,-0.5387413355294801,True,0.1781187915325111,-0.6023029229406562,False,-3.6030678681975514,-0.666152558780575,False,-1.122497095998809,False,-1.1699838622915681,False,-0.8082388215356673,False,-3.2990716180371416,0.2390584773813949
QQQ,622.0,Put,2026-04-14 12:27:00,2026-04-14 15:06:00,2.65,0.88,0.81,2026-04-14 12:27:00-04:00,2026-04-14 15:06:00-04:00,True,-0.07954545454545447,2026-04-14,2026-04-15,1,1.0044660851619591,11.583155154783318,0.07437017755873354,-0.46703127308520553,6.615216138328957,True,74.68282959582912,False,-1.9329783561318692,747,0.4600009718330522,True,-1.0342513950938326,-0.8419491340574847,False,-4.1233514940889116,-1.0044660851619591,False,-0.11607142857141817,False,-0.6776741922198459,False,-0.536193029490617,False,0.9322337755467869,0.7119369153657116
AVGO,385.0,Put,2026-04-16 09:33:00,2026-04-16 12:23:00,2.83,2.1,0.53,2026-04-16 09:33:00-04:00,2026-04-16 12:23:00-04:00,True,-0.7476190476190476,2026-04-16,2026-04-17,1,0.0,0.0,,,2.5009803154489587,True,67.25749772056726,False,-12.951324465469895,573,-0.43355515224844376,True,-4.186144230264199,-0.007132057170577966,,-3.539888463188423,0.003128715349476341,,-0.002219410968318236,,0.033401373167551984,,,,-0.14114326040931546,2.5316455696202533
QQQ,632.0,Put,2026-04-16 09:52:00,2026-04-16 12:22:00,2.5,0.58,0.07,2026-04-16 09:52:00-04:00,2026-04-16 12:22:00-04:00,True,-0.8793103448275862,2026-04-16,2026-04-16,0,-0.2127526437644689,-1.8174702417884745,2.271837802235631,0.02363284361223128,-1.0779416004046836,True,43.78089912436046,True,-1.0517163427968157,592,0.2886727329777239,True,-1.3999363665287978,0.06418851453512397,True,-3.539888463188423,0.2127526437644689,True,-0.14648112390971413,False,-0.10020411950271146,True,-1.125869702719795,True,1.0409315455186974,0.9218034740076496
QQQ,644.0,Put,2026-04-17 09:30:00,2026-04-17 12:45:00,3.25,1.38,0.1,2026-04-17 09:30:00-04:00,2026-04-17 12:45:00-04:00,True,-0.927536231884058,2026-04-17,2026-04-17,0,-0.001549114680954311,-0.00964851826325802,,,2.4822607856650567,True,56.28800599966135,True,-1.3802566117955166,570,0.7900448108420388,True,-0.48164417947913485,0.0014161297174797305,,-3.1989528025768044,0.001549114680954311,,0.0023768366465004576,,-0.010959304449476015,,0.07327796775770112,,0.07241129616220032,0.23546907919196644
LITE,840.0,Put,2026-04-17 09:31:00,2026-04-17 12:45:00,3.23,1.6,0.55,2026-04-17 09:31:00-04:00,2026-04-17 12:45:00-04:00,True,-0.65625,2026-04-17,2026-04-17,0,0.11306629197449514,0.21046025409937175,,,0.6518240131939101,True,53.96648916298674,False,-6.15530307934128,571,2.2160633738022018,True,-8.156454411961022,0.0014161297174797305,,-3.1989528025768044,0.001549114680954311,,0.0023768366465004576,,-0.010959304449476015,,0.07327796775770112,,0.07241129616220032,7.894736842105263
QQQ,646.0,Put,2026-04-20 09:31:00,2026-04-20 14:50:00,5.32,1.24,0.3,2026-04-20 09:31:00-04:00,2026-04-20 14:50:00-04:00,True,-0.7580645161290323,2026-04-20,2026-04-20,0,-0.00925868773531402,-0.11890606420916881,,,3.7399445105033498,True,75.32273412123197,False,-7.21756352774652,571,-0.12483624874779498,True,-1.3084141333707944,0.01128684095429433,,-4.51535042533775,0.00925868773531402,,0.045196280991732785,,-0.0,,0.024576062914716257,,-0.10589481115425015,0.3055649865736625
QQQ,641.0,Put,2026-04-21 09:34:00,2026-04-21 12:57:00,3.38,0.42,0.21,2026-04-21 09:34:00-04:00,2026-04-21 12:57:00-04:00,True,-0.5,2026-04-21,2026-04-21,0,-0.010795638562011156,-0.15169104558456586,,,-2.1591876789722226,True,36.7881057146032,True,33.80660379720717,574,0.2504676943057227,True,0.3174847807659753,-0.0,,-3.2968954962833363,0.010795638562011156,,-0.0,,-0.0,,,,-0.1413427561837377,1.1321220347348662
AMD,257.5,Put,2026-04-21 15:59:00,2026-04-22 09:35:00,17.6,0.78,0.36,2026-04-21 15:59:00-04:00,2026-04-22 09:35:00-04:00,True,-0.5384615384615385,2026-04-21,2026-04-24,3,1.94774774774773,4.909205327658773,2.9927532941046837,-0.40918051975626923,-0.36418401572605397,True,44.072732739097155,True,-0.10732742420128716,959,0.9274413529732684,True,1.23567656884227,0.9262403559159749,True,-3.2968954962833363,0.7911660831881107,True,0.7161234991423626,True,1.4720155289550174,True,0.6661821705426285,True,2.9681978798586472,8.980046305296822
QQQ,654.0,Call,2026-04-22 09:36:00,2026-04-22 10:17:00,0.68,0.3,0.57,2026-04-22 09:36:00-04:00,2026-04-22 10:17:00-04:00,False,0.8999999999999999,2026-04-22,2026-04-22,0,-0.2076443897562119,1.881814108627567,0.35336287150883294,-0.07220943148100734,-0.5170026385224747,True,44.183289112754764,False,2.0324956453174323,576,0.903263855477765,True,-0.3803398320938678,-0.09024507177303187,False,1.3852489704230697,-0.2076443897562119,False,-0.18893960301453738,False,-0.09365656856741289,False,-0.3025535519787015,False,0.10653409090910504,0.8014796547472327
AMD,275.0,Put,2026-04-22 11:35:00,2026-04-23 13:35:00,26.0,0.98,0.2,2026-04-22 11:35:00-04:00,2026-04-23 13:35:00-04:00,True,-0.7959183673469388,2026-04-22,2026-04-24,2,2.13244510069881,4.3309753910531015,0.5265517584935673,-1.713012030827854,3.829493075620187,True,73.32947279504587,False,-4.217634356871358,695,2.363879222468257,True,-3.469721767594125,-0.12690713218084237,False,-1.3852489704230697,-0.4160578328078257,False,-0.3693875384778611,False,0.4934980728359961,True,1.754810601476453,True,1.3849431818181879,7.53971589476339
AFRM,60.0,Put,2026-04-23 09:36:00,2026-04-23 13:36:00,4.0,0.85,1.6,2026-04-23 09:36:00-04:00,2026-04-23 13:36:00-04:00,True,0.8823529411764708,2026-04-23,2026-05-01,8,-0.7630896046405322,-1.0208290790279961,1.1229324075965013,-0.23652143880277254,-2.6651337553604435,False,37.03284152356568,True,7.667687667986705,576,-1.6070892159807615,True,-3.0650154798761653,0.0028188865398126595,True,-1.6101380118295872,0.030604905966435947,False,-0.14883585382863274,False,-0.0036136306146739017,True,-0.5793885601577786,False,-0.10467550593161734,7.70664865920833
QQQ,657.0,Put,2026-04-24 09:34:00,2026-04-24 09:36:00,0.03,1.36,1.59,2026-04-24 09:34:00-04:00,2026-04-24 09:36:00-04:00,True,0.1691176470588236,2026-04-24,2026-04-24,0,0.001518579824155708,0.014721345951615785,,,-0.23423427970563584,True,40.926619255920635,True,33.87808185750482,574,1.0883915139234368,True,0.5632641846407549,-0.0,,-0.9677051563435457,-0.001518579824155708,,0.04904855807249531,,0.010843242852509594,,,,0.03524850193865614,0.2308206280750747
SPY,704.0,Put,2026-04-24 09:56:00,2026-04-24 10:12:00,0.27,0.37,0.2,2026-04-24 09:56:00-04:00,2026-04-24 10:12:00-04:00,True,-0.45945945945945943,2026-04-24,2026-04-24,0,-0.17798100597959943,-1.838567350116806,2.4344666493641105,0.09154448598586162,-1.6701167921098743,True,37.74810066967427,True,14.165465732485742,596,0.3246524101912618,True,0.3880710338718507,0.17798100597959943,True,-0.9677051563435457,0.14578366311825963,True,0.4314271128417091,True,0.7915205840893558,True,0.5145167217934565,True,0.6697215368346665,0.773095978068601
SPY,702.0,Put,2026-04-29 14:13:00,2026-04-29 15:07:00,0.9,0.34,0.09,2026-04-29 14:13:00-04:00,2026-04-29 15:07:00-04:00,True,-0.7352941176470589,2026-04-29,2026-04-29,0,-0.30379746835442756,-3.973718791064383,6.181340341655823,0.20913988183645094,-2.8669718791064693,False,35.006594166757765,True,-10.169146048446493,853,-0.09695232474814519,False,0.48659759218087073,0.30379746835442756,True,-1.0808430860129503,0.11387446479002028,True,0.3233637892997798,True,1.2083820093457986,True,0.9433962264151052,True,2.367079388201021,0.9649568308786229
TSLA,392.5,Call,2026-04-30 09:35:00,2026-04-30 11:31:00,1.93,0.45,0.76,2026-04-30 09:35:00-04:00,2026-04-30 11:31:00-04:00,False,0.6888888888888889,2026-04-30,2026-05-01,1,-0.5595062390983396,2.7514115240689,0.9831182663939392,-0.1562731546969509,-2.7660461302090185,False,28.389387269681762,False,-25.506167991916982,575,-0.04023605150215159,False,-0.8563374288601544,-0.2448819668919633,False,0.05202401541035684,-0.5124814018846013,False,-0.9401531587759249,False,0.1537729286420486,True,0.5753595997498362,True,0.43336944745393513,5.919339387152052
