Date,Time (ET),Account,Symbol,Expiry,Type,Strike,Side,Qty,Price,Time Source,put,occ,has_time,true_t,role,status,n,first,last,guess,span_min
2026-02-27,,Robinhood-main,TSLA,2026-03-02,Put,400.0,BUY,1,3.6,Date only -- no execution-time data exists for this account/period,True,TSLA  260302P00400000,False,,recover,ok,155,2026-02-27 09:30:00,2026-02-27 15:50:00,2026-02-27 15:24:00,380.0
2026-02-27,,Robinhood-main,TSLA,2026-03-13,Put,400.0,BUY,1,11.0,Date only -- no execution-time data exists for this account/period,True,TSLA  260313P00400000,False,,recover,ok,18,2026-02-27 09:30:00,2026-02-27 15:59:00,2026-02-27 09:52:00,389.0
2026-02-27,,Robinhood-main,TSLA,2026-03-02,Put,400.0,BUY,2,4.0,Date only -- no execution-time data exists for this account/period,True,TSLA  260302P00400000,False,,recover,ok,130,2026-02-27 09:30:00,2026-02-27 15:47:00,2026-02-27 13:14:00,377.0
2026-02-27,,Webull,QQQ,2026-03-05,Put,596.0,SELL,1,3.04,Date only -- no execution-time data exists for this account/period,True,QQQ   260305P00596000,False,,recover,ok,1,2026-02-27 15:24:00,2026-02-27 15:24:00,2026-02-27 15:24:00,0.0
2026-02-27,,Webull,QQQ,2026-03-05,Put,596.0,BUY,1,4.05,Date only -- no execution-time data exists for this account/period,True,QQQ   260305P00596000,False,,recover,ok,1,2026-02-27 14:48:00,2026-02-27 14:48:00,2026-02-27 14:48:00,0.0
2026-02-27,,Robinhood-main,META,2026-03-02,Put,640.0,BUY,1,3.69,Date only -- no execution-time data exists for this account/period,True,META  260302P00640000,False,,recover,ok,52,2026-02-27 09:31:00,2026-02-27 10:57:00,2026-02-27 09:31:00,86.0
2026-02-27,,Robinhood-main,TSLA,2026-03-02,Put,400.0,BUY,1,3.8,Date only -- no execution-time data exists for this account/period,True,TSLA  260302P00400000,False,,recover,ok,121,2026-02-27 09:30:00,2026-02-27 15:50:00,2026-02-27 15:17:00,380.0
2026-02-27,,Webull,TSLA,2026-03-09,Put,390.0,BUY,1,6.1,Date only -- no execution-time data exists for this account/period,True,TSLA  260309P00390000,False,,recover,ok,2,2026-02-27 13:56:00,2026-02-27 13:59:00,2026-02-27 13:56:00,3.0
2026-02-27,,Webull,TSLA,2026-03-06,Put,395.0,SELL,1,6.27,Date only -- no execution-time data exists for this account/period,True,TSLA  260306P00395000,False,,recover,ok,8,2026-02-27 09:31:00,2026-02-27 15:37:00,2026-02-27 14:15:00,366.0
2026-02-27,,Webull,TSLA,2026-03-06,Put,395.0,BUY,1,4.9,Date only -- no execution-time data exists for this account/period,True,TSLA  260306P00395000,False,,recover,ok,16,2026-02-27 10:05:00,2026-02-27 10:51:00,2026-02-27 10:06:00,46.0
2026-02-27,,Webull,AMD,2026-03-13,Put,200.0,BUY,1,8.95,Date only -- no execution-time data exists for this account/period,True,AMD   260313P00200000,False,,recover,ok,4,2026-02-27 09:37:00,2026-02-27 13:17:00,2026-02-27 09:37:00,220.0
2026-02-27,,Webull,META,2026-03-27,Put,600.0,BUY,1,8.7,Date only -- no execution-time data exists for this account/period,True,META  260327P00600000,False,,recover,ok,3,2026-02-27 13:53:00,2026-02-27 14:01:00,2026-02-27 13:53:00,8.0
2026-02-27,,Webull,NFLX,2026-03-27,Call,100.0,BUY,2,2.25,Date only -- no execution-time data exists for this account/period,False,NFLX  260327C00100000,False,,recover,ok,12,2026-02-27 13:21:00,2026-02-27 14:58:00,2026-02-27 13:21:00,97.0
2026-02-27,,Robinhood-main,TSLA,2026-03-02,Put,400.0,SELL,1,4.56,Date only -- no execution-time data exists for this account/period,True,TSLA  260302P00400000,False,,recover,ok,42,2026-02-27 09:31:00,2026-02-27 15:07:00,2026-02-27 14:58:00,336.0
2026-02-27,,Robinhood-main,TSLA,2026-03-02,Put,400.0,BUY,1,3.15,Date only -- no execution-time data exists for this account/period,True,TSLA  260302P00400000,False,,recover,ok,153,2026-02-27 09:35:00,2026-02-27 15:59:00,2026-02-27 12:10:00,384.0
2026-02-27,,Robinhood-main,META,2026-03-02,Put,640.0,SELL,1,5.0,Date only -- no execution-time data exists for this account/period,True,META  260302P00640000,False,,recover,ok,33,2026-02-27 09:30:00,2026-02-27 15:32:00,2026-02-27 12:47:00,362.0
2026-02-27,,Robinhood-main,QQQ,2026-03-06,Put,595.0,BUY,1,5.5,Date only -- no execution-time data exists for this account/period,True,QQQ   260306P00595000,False,,recover,ok,2,2026-02-27 09:42:00,2026-02-27 09:42:00,2026-02-27 09:42:00,0.0
2026-02-27,,Robinhood-main,QQQ,2026-03-06,Put,595.0,BUY,1,3.71,Date only -- no execution-time data exists for this account/period,True,QQQ   260306P00595000,False,,recover,ok,4,2026-02-27 10:45:00,2026-02-27 11:04:00,2026-02-27 10:45:00,19.0
2026-02-27,,Robinhood-main,QQQ,2026-02-27,Put,606.0,BUY,1,1.08,Date only -- no execution-time data exists for this account/period,True,QQQ   260227P00606000,False,,recover,ok,399,2026-02-27 10:45:00,2026-02-27 15:10:00,2026-02-27 11:24:00,265.0
2026-02-27,,Robinhood-main,QQQ,2026-02-27,Put,606.0,SELL,1,1.44,Date only -- no execution-time data exists for this account/period,True,QQQ   260227P00606000,False,,recover,ok,540,2026-02-27 10:24:00,2026-02-27 14:59:00,2026-02-27 10:50:00,275.0
2026-02-27,,Robinhood-main,TSLA,2026-03-02,Put,400.0,SELL,1,4.56,Date only -- no execution-time data exists for this account/period,True,TSLA  260302P00400000,False,,recover,ok,42,2026-02-27 09:31:00,2026-02-27 15:07:00,2026-02-27 14:58:00,336.0
2026-02-27,,Robinhood-main,TSLA,2026-03-02,Put,400.0,BUY,1,3.4,Date only -- no execution-time data exists for this account/period,True,TSLA  260302P00400000,False,,recover,ok,171,2026-02-27 09:30:00,2026-02-27 15:51:00,2026-02-27 09:33:00,381.0
2026-02-27,,Robinhood-main,TSLA,2026-03-02,Put,400.0,SELL,1,4.56,Date only -- no execution-time data exists for this account/period,True,TSLA  260302P00400000,False,,recover,ok,42,2026-02-27 09:31:00,2026-02-27 15:07:00,2026-02-27 14:58:00,336.0
2026-02-27,12:56,Robinhood-main,META,2026-03-02,Put,635.0,BUY,1,2.98,Exact (Robinhood email confirmation),True,META  260302P00635000,True,2026-02-27 12:56:00,validate,ok,9,2026-02-27 09:31:00,2026-02-27 15:28:00,2026-02-27 12:59:00,357.0
2026-02-27,13:24,Robinhood-main,TSLA,2026-03-02,Put,400.0,SELL,1,4.77,Exact (Robinhood email confirmation),True,TSLA  260302P00400000,True,2026-02-27 13:24:00,validate,ok,38,2026-02-27 12:22:00,2026-02-27 14:58:00,2026-02-27 13:26:00,156.0
2026-02-27,13:28,Robinhood-main,META,2026-03-02,Put,635.0,SELL,1,4.0,Exact (Robinhood email confirmation),True,META  260302P00635000,True,2026-02-27 13:28:00,validate,ok,16,2026-02-27 09:30:00,2026-02-27 15:07:00,2026-02-27 09:38:00,337.0
2026-02-27,13:28,Robinhood-main,TSLA,2026-03-02,Put,400.0,SELL,2,4.5,Exact (Robinhood email confirmation),True,TSLA  260302P00400000,True,2026-02-27 13:28:00,validate,ok,102,2026-02-27 09:31:00,2026-02-27 15:09:00,2026-02-27 12:41:00,338.0
2026-02-27,15:59,Robinhood-main,QQQ,2026-03-06,Put,595.0,SELL,2,3.72,Exact (Robinhood email confirmation),True,QQQ   260306P00595000,True,2026-02-27 15:59:00,validate,ok,6,2026-02-27 10:45:00,2026-02-27 15:59:00,2026-02-27 15:23:00,314.0
2026-03-02,,Webull,QQQ,2026-03-06,Put,600.0,BUY,1,5.99,Date only -- no execution-time data exists for this account/period,True,QQQ   260306P00600000,False,,recover,ok,29,2026-03-02 09:36:00,2026-03-02 10:00:00,2026-03-02 09:47:00,24.0
2026-03-02,,Webull,TSLA,2026-03-09,Put,390.0,SELL,1,9.45,Date only -- no execution-time data exists for this account/period,True,TSLA  260309P00390000,False,,recover,ok,4,2026-03-02 09:30:00,2026-03-02 09:32:00,2026-03-02 09:32:00,2.0
2026-03-02,,Webull,QQQ,2026-03-13,Put,595.0,BUY,1,8.72,Date only -- no execution-time data exists for this account/period,True,QQQ   260313P00595000,False,,recover,ok,1,2026-03-02 09:31:00,2026-03-02 09:31:00,2026-03-02 09:31:00,0.0
2026-03-02,,Webull,NFLX,2026-03-27,Call,100.0,BUY,1,2.75,Date only -- no execution-time data exists for this account/period,False,NFLX  260327C00100000,False,,recover,ok,20,2026-03-02 09:30:00,2026-03-02 15:59:00,2026-03-02 15:59:00,389.0
2026-03-02,,Webull,TSLA,2026-03-13,Put,370.0,BUY,1,4.05,Date only -- no execution-time data exists for this account/period,True,TSLA  260313P00370000,False,,recover,ok,2,2026-03-02 09:55:00,2026-03-02 09:57:00,2026-03-02 09:55:00,2.0
2026-03-02,,Webull,QQQ,2026-03-02,Put,605.0,SELL,1,0.07,Date only -- no execution-time data exists for this account/period,True,QQQ   260302P00605000,False,,recover,ok,105,2026-03-02 14:14:00,2026-03-02 15:42:00,2026-03-02 14:25:00,88.0
2026-03-02,,Webull,QQQ,2026-03-03,Put,606.0,SELL,1,2.75,Date only -- no execution-time data exists for this account/period,True,QQQ   260303P00606000,False,,recover,ok,53,2026-03-02 11:40:00,2026-03-02 15:32:00,2026-03-02 15:10:00,232.0
2026-03-02,,Webull,QQQ,2026-03-03,Put,606.0,SELL,1,2.68,Date only -- no execution-time data exists for this account/period,True,QQQ   260303P00606000,False,,recover,ok,56,2026-03-02 11:41:00,2026-03-02 15:32:00,2026-03-02 15:13:00,231.0
2026-03-02,,Webull,QQQ,2026-03-03,Put,606.0,BUY,2,1.91,Date only -- no execution-time data exists for this account/period,True,QQQ   260303P00606000,False,,recover,ok,27,2026-03-02 12:19:00,2026-03-02 15:58:00,2026-03-02 12:19:00,219.0
2026-03-02,,Webull,TSLA,2026-03-02,Put,397.5,SELL,1,0.27,Date only -- no execution-time data exists for this account/period,True,TSLA  260302P00397500,False,,recover,ok,141,2026-03-02 12:07:00,2026-03-02 15:28:00,2026-03-02 13:53:00,201.0
2026-03-02,,Webull,QQQ,2026-03-02,Put,605.0,BUY,1,0.39,Date only -- no execution-time data exists for this account/period,True,QQQ   260302P00605000,False,,recover,ok,100,2026-03-02 11:58:00,2026-03-02 15:16:00,2026-03-02 11:58:00,198.0
2026-03-02,,Webull,QQQ,2026-03-06,Put,600.0,BUY,1,4.02,Date only -- no execution-time data exists for this account/period,True,QQQ   260306P00600000,False,,recover,ok,45,2026-03-02 11:44:00,2026-03-02 16:06:00,2026-03-02 14:07:00,262.0
2026-03-02,,Webull,TSLA,2026-03-02,Put,397.5,BUY,1,0.84,Date only -- no execution-time data exists for this account/period,True,TSLA  260302P00397500,False,,recover,ok,90,2026-03-02 10:46:00,2026-03-02 11:35:00,2026-03-02 11:01:00,49.0
2026-03-02,09:30,Robinhood-main,TSLA,2026-03-13,Put,400.0,SELL,1,17.54,Exact (Robinhood email confirmation),True,TSLA  260313P00400000,True,2026-03-02 09:30:00,validate,ok,2,2026-03-02 09:30:00,2026-03-02 09:30:00,2026-03-02 09:30:00,0.0
2026-03-03,,Webull,AMD,2026-03-06,Put,180.0,SELL,1,2.27,Date only -- no execution-time data exists for this account/period,True,AMD   260306P00180000,False,,recover,ok,16,2026-03-03 10:23:00,2026-03-03 10:54:00,2026-03-03 10:27:00,31.0
2026-03-03,,Webull,TSLA,2026-03-13,Put,390.0,SELL,1,13.75,Date only -- no execution-time data exists for this account/period,True,TSLA  260313P00390000,False,,recover,ok,3,2026-03-03 10:25:00,2026-03-03 10:48:00,2026-03-03 10:25:00,23.0
2026-03-03,,Webull,QQQ,2026-03-04,Put,595.0,SELL,1,4.36,Date only -- no execution-time data exists for this account/period,True,QQQ   260304P00595000,False,,recover,ok,70,2026-03-03 09:30:00,2026-03-03 11:04:00,2026-03-03 09:57:00,94.0
2026-03-03,,Webull,QQQ,2026-03-06,Put,600.0,SELL,1,9.21,Date only -- no execution-time data exists for this account/period,True,QQQ   260306P00600000,False,,recover,ok,41,2026-03-03 09:30:00,2026-03-03 10:15:00,2026-03-03 10:15:00,45.0
2026-03-03,,Webull,AMD,2026-03-06,Put,180.0,BUY,1,1.94,Date only -- no execution-time data exists for this account/period,True,AMD   260306P00180000,False,,recover,ok,52,2026-03-03 09:30:00,2026-03-03 10:42:00,2026-03-03 09:41:00,72.0
2026-03-03,,Webull,QQQ,2026-03-04,Put,595.0,BUY,1,3.29,Date only -- no execution-time data exists for this account/period,True,QQQ   260304P00595000,False,,recover,ok,24,2026-03-03 09:38:00,2026-03-03 11:13:00,2026-03-03 09:38:00,95.0
2026-03-03,,Webull,QQQ,2026-03-06,Put,600.0,SELL,1,9.14,Date only -- no execution-time data exists for this account/period,True,QQQ   260306P00600000,False,,recover,ok,42,2026-03-03 09:30:00,2026-03-03 10:12:00,2026-03-03 09:35:00,42.0
2026-03-03,,Webull,TSLA,2026-03-13,Put,390.0,BUY,1,9.77,Date only -- no execution-time data exists for this account/period,True,TSLA  260313P00390000,False,,recover,ok,2,2026-03-03 09:32:00,2026-03-03 09:34:00,2026-03-03 09:32:00,2.0
2026-03-03,,Robinhood-main,VIX,2026-03-18,Call,27.0,SELL,3,2.0,Date only -- no execution-time data exists for this account/period,False,VIX   260318C00027000,False,,recover,ok,9,2026-03-03 10:08:00,2026-03-03 10:40:00,2026-03-03 10:40:00,32.0
2026-03-03,,Webull,AMD,2026-03-13,Put,200.0,SELL,1,12.95,Date only -- no execution-time data exists for this account/period,True,AMD   260313P00200000,False,,recover,ok,3,2026-03-03 10:09:00,2026-03-03 12:12:00,2026-03-03 12:11:00,123.0
2026-03-03,15:22,Robinhood-main,QQQ,2026-03-04,Put,598.0,SELL,1,2.22,Exact (Robinhood email confirmation),True,QQQ   260304P00598000,True,2026-03-03 15:22:00,validate,ok,30,2026-03-03 13:28:00,2026-03-03 16:00:00,2026-03-03 15:59:00,152.0
2026-03-03,11:47,Robinhood-main,QQQ,2026-03-04,Put,598.0,BUY,1,2.82,Exact (Robinhood email confirmation),True,QQQ   260304P00598000,True,2026-03-03 11:47:00,validate,ok,8,2026-03-03 11:46:00,2026-03-03 13:17:00,2026-03-03 11:47:00,91.0
2026-03-04,,Webull,QQQ,2026-03-04,Put,611.0,SELL,2,0.39,Date only -- no execution-time data exists for this account/period,True,QQQ   260304P00611000,False,,recover,ok,253,2026-03-04 13:43:00,2026-03-04 16:14:00,2026-03-04 13:53:00,151.0
2026-03-04,,Webull,QQQ,2026-03-04,Put,611.0,BUY,2,1.04,Date only -- no execution-time data exists for this account/period,True,QQQ   260304P00611000,False,,recover,ok,240,2026-03-04 11:53:00,2026-03-04 16:04:00,2026-03-04 12:08:00,251.0
2026-03-04,,Webull,QQQ,2026-03-04,Put,607.0,SELL,6,0.1,Date only -- no execution-time data exists for this account/period,True,QQQ   260304P00607000,False,,recover,ok,85,2026-03-04 13:50:00,2026-03-04 15:22:00,2026-03-04 14:12:00,92.0
2026-03-04,,Webull,QQQ,2026-03-04,Put,609.0,SELL,12,0.16,Date only -- no execution-time data exists for this account/period,True,QQQ   260304P00609000,False,,recover,ok,171,2026-03-04 14:01:00,2026-03-04 16:04:00,2026-03-04 14:22:00,123.0
2026-03-04,,Webull,QQQ,2026-03-04,Put,609.0,BUY,2,0.49,Date only -- no execution-time data exists for this account/period,True,QQQ   260304P00609000,False,,recover,ok,125,2026-03-04 12:03:00,2026-03-04 12:44:00,2026-03-04 12:04:00,41.0
2026-03-04,,Webull,QQQ,2026-03-04,Put,609.0,BUY,5,0.59,Date only -- no execution-time data exists for this account/period,True,QQQ   260304P00609000,False,,recover,ok,133,2026-03-04 11:43:00,2026-03-04 12:38:00,2026-03-04 11:48:00,55.0
2026-03-04,,Webull,QQQ,2026-03-04,Put,609.0,BUY,2,1.18,Date only -- no execution-time data exists for this account/period,True,QQQ   260304P00609000,False,,recover,ok,132,2026-03-04 10:27:00,2026-03-04 11:28:00,2026-03-04 11:11:00,61.0
2026-03-04,,Webull,QQQ,2026-03-13,Put,595.0,BUY,1,5.63,Date only -- no execution-time data exists for this account/period,True,QQQ   260313P00595000,False,,recover,ok,1,2026-03-04 09:31:00,2026-03-04 09:31:00,2026-03-04 09:31:00,0.0
2026-03-04,,Webull,NFLX,2026-03-27,Call,100.0,SELL,3,3.6,Date only -- no execution-time data exists for this account/period,False,NFLX  260327C00100000,False,,recover,ok,6,2026-03-04 09:41:00,2026-03-04 10:38:00,2026-03-04 09:41:00,57.0
2026-03-04,,Webull,TSLA,2026-03-13,Put,370.0,SELL,1,2.92,Date only -- no execution-time data exists for this account/period,True,TSLA  260313P00370000,False,,recover,ok,6,2026-03-04 09:31:00,2026-03-04 10:00:00,2026-03-04 09:31:00,29.0
2026-03-04,,Webull,QQQ,2026-03-09,Put,600.0,BUY,3,4.86,Date only -- no execution-time data exists for this account/period,True,QQQ   260309P00600000,False,,recover,ok,2,2026-03-04 09:48:00,2026-03-04 09:48:00,2026-03-04 09:48:00,0.0
2026-03-04,,Webull,QQQ,2026-03-04,Put,607.0,BUY,3,1.92,Date only -- no execution-time data exists for this account/period,True,QQQ   260304P00607000,False,,recover,ok,69,2026-03-04 10:09:00,2026-03-04 10:16:00,2026-03-04 10:10:00,7.0
2026-03-04,,Webull,QQQ,2026-03-04,Put,607.0,BUY,1,1.81,Date only -- no execution-time data exists for this account/period,True,QQQ   260304P00607000,False,,recover,ok,47,2026-03-04 10:10:00,2026-03-04 10:17:00,2026-03-04 10:16:00,7.0
2026-03-04,,Webull,QQQ,2026-03-04,Put,607.0,BUY,1,1.73,Date only -- no execution-time data exists for this account/period,True,QQQ   260304P00607000,False,,recover,ok,33,2026-03-04 10:13:00,2026-03-04 10:17:00,2026-03-04 10:13:00,4.0
2026-03-04,,Webull,QQQ,2026-03-09,Put,600.0,BUY,1,4.69,Date only -- no execution-time data exists for this account/period,True,QQQ   260309P00600000,False,,recover,ok,3,2026-03-04 09:35:00,2026-03-04 09:49:00,2026-03-04 09:49:00,14.0
2026-03-04,,Webull,QQQ,2026-03-09,Put,600.0,BUY,1,2.89,Date only -- no execution-time data exists for this account/period,True,QQQ   260309P00600000,False,,recover,ok,15,2026-03-04 10:21:00,2026-03-04 10:24:00,2026-03-04 10:24:00,3.0
2026-03-04,,Webull,QQQ,2026-03-04,Put,609.0,BUY,3,1.61,Date only -- no execution-time data exists for this account/period,True,QQQ   260304P00609000,False,,recover,ok,204,2026-03-04 10:23:00,2026-03-04 11:24:00,2026-03-04 10:43:00,61.0
2026-03-04,,Webull,QQQ,2026-03-04,Put,607.0,BUY,1,1.56,Date only -- no execution-time data exists for this account/period,True,QQQ   260304P00607000,False,,recover,ok,17,2026-03-04 10:19:00,2026-03-04 10:19:00,2026-03-04 10:19:00,0.0
2026-03-04,15:08,Robinhood-main,QQQ,2026-03-10,Put,595.0,BUY,1,2.24,Exact (Robinhood email confirmation),True,QQQ   260310P00595000,True,2026-03-04 15:08:00,validate,ok,4,2026-03-04 13:14:00,2026-03-04 15:08:00,2026-03-04 13:26:00,114.0
2026-03-04,13:16,Robinhood-main,QQQ,2026-03-13,Put,605.0,BUY,1,5.97,Exact (Robinhood email confirmation),True,QQQ   260313P00605000,True,2026-03-04 13:16:00,validate,ok,4,2026-03-04 12:16:00,2026-03-04 15:43:00,2026-03-04 12:16:00,207.0
2026-03-05,,Webull,QQQ,2026-03-09,Put,605.0,SELL,4,4.8,Date only -- no execution-time data exists for this account/period,True,QQQ   260309P00605000,False,,recover,ok,11,2026-03-05 09:30:00,2026-03-05 15:30:00,2026-03-05 12:27:00,360.0
2026-03-05,,Robinhood-main,QQQ,2026-03-05,Put,608.0,BUY,1,0.94,Date only -- no execution-time data exists for this account/period,True,QQQ   260305P00608000,False,,recover,ok,127,2026-03-05 09:57:00,2026-03-05 15:49:00,2026-03-05 10:16:00,352.0
2026-03-05,,Webull,QQQ,2026-03-09,Put,605.0,BUY,1,4.34,Date only -- no execution-time data exists for this account/period,True,QQQ   260309P00605000,False,,recover,ok,10,2026-03-05 09:30:00,2026-03-05 15:49:00,2026-03-05 09:30:00,379.0
2026-03-05,,Webull,QQQ,2026-03-09,Put,605.0,BUY,1,4.0,Date only -- no execution-time data exists for this account/period,True,QQQ   260309P00605000,False,,recover,ok,21,2026-03-05 09:32:00,2026-03-05 12:01:00,2026-03-05 10:57:00,149.0
2026-03-05,,Webull,QQQ,2026-03-09,Put,605.0,BUY,1,3.59,Date only -- no execution-time data exists for this account/period,True,QQQ   260309P00605000,False,,recover,ok,2,2026-03-05 09:36:00,2026-03-05 09:50:00,2026-03-05 09:36:00,14.0
2026-03-05,,Webull,QQQ,2026-03-09,Put,605.0,BUY,1,3.73,Date only -- no execution-time data exists for this account/period,True,QQQ   260309P00605000,False,,recover,ok,8,2026-03-05 09:34:00,2026-03-05 11:00:00,2026-03-05 10:50:00,86.0
2026-03-05,,Webull,QQQ,2026-03-05,Put,609.0,BUY,1,1.43,Date only -- no execution-time data exists for this account/period,True,QQQ   260305P00609000,False,,recover,ok,163,2026-03-05 09:51:00,2026-03-05 12:09:00,2026-03-05 10:53:00,138.0
2026-03-05,,Webull,QQQ,2026-03-05,Put,609.0,SELL,1,2.7,Date only -- no execution-time data exists for this account/period,True,QQQ   260305P00609000,False,,recover,ok,164,2026-03-05 09:30:00,2026-03-05 15:22:00,2026-03-05 10:27:00,352.0
2026-03-05,,Webull,QQQ,2026-03-09,Put,600.0,SELL,2,4.98,Date only -- no execution-time data exists for this account/period,True,QQQ   260309P00600000,False,,recover,ok,9,2026-03-05 12:57:00,2026-03-05 13:57:00,2026-03-05 13:35:00,60.0
2026-03-05,12:39,Robinhood-main,QQQ,2026-03-13,Put,605.0,SELL,1,8.85,Exact (Robinhood email confirmation),True,QQQ   260313P00605000,True,2026-03-05 12:39:00,validate,ok,6,2026-03-05 12:31:00,2026-03-05 15:09:00,2026-03-05 15:09:00,158.0
2026-03-05,12:25,Robinhood-main,QQQ,2026-03-10,Put,595.0,SELL,1,3.01,Exact (Robinhood email confirmation),True,QQQ   260310P00595000,True,2026-03-05 12:25:00,validate,ok,2,2026-03-05 10:34:00,2026-03-05 12:25:00,2026-03-05 10:34:00,111.0
2026-03-05,12:20,Robinhood-main,QQQ,2026-03-05,Put,599.0,SELL,1,0.13,Exact (Robinhood email confirmation),True,QQQ   260305P00599000,True,2026-03-05 12:20:00,validate,ok,76,2026-03-05 09:48:00,2026-03-05 14:39:00,2026-03-05 12:26:00,291.0
2026-03-05,11:11,Robinhood-main,QQQ,2026-03-05,Put,599.0,BUY,1,0.21,Exact (Robinhood email confirmation),True,QQQ   260305P00599000,True,2026-03-05 11:11:00,validate,ok,98,2026-03-05 09:36:00,2026-03-05 14:00:00,2026-03-05 09:38:00,264.0
2026-03-05,10:24,Robinhood-main,QQQ,2026-03-05,Put,608.0,SELL,1,1.69,Exact (Robinhood email confirmation),True,QQQ   260305P00608000,True,2026-03-05 10:24:00,validate,ok,332,2026-03-05 09:34:00,2026-03-05 15:30:00,2026-03-05 11:37:00,356.0
2026-03-06,,Webull,QQQ,2026-03-13,Put,595.0,SELL,2,8.73,Date only -- no execution-time data exists for this account/period,True,QQQ   260313P00595000,False,,recover,ok,6,2026-03-06 09:35:00,2026-03-06 16:06:00,2026-03-06 15:33:00,391.0
2026-03-06,,Webull,QQQ,2026-03-20,Put,590.0,BUY,2,9.91,Date only -- no execution-time data exists for this account/period,True,QQQ   260320P00590000,False,,recover,ok,11,2026-03-06 09:31:00,2026-03-06 15:23:00,2026-03-06 09:31:00,352.0
2026-03-06,,Webull,QQQ,2026-03-09,Put,600.0,SELL,3,5.64,Date only -- no execution-time data exists for this account/period,True,QQQ   260309P00600000,False,,recover,ok,126,2026-03-06 09:30:00,2026-03-06 16:05:00,2026-03-06 09:42:00,395.0
2026-03-06,12:30,Robinhood-main,QQQ,2026-03-09,Put,600.0,BUY,1,3.54,Exact (Robinhood email confirmation),True,QQQ   260309P00600000,True,2026-03-06 12:30:00,validate,ok,83,2026-03-06 10:23:00,2026-03-06 15:08:00,2026-03-06 14:02:00,285.0
2026-03-06,12:38,Robinhood-main,QQQ,2026-03-09,Put,600.0,SELL,1,4.13,Exact (Robinhood email confirmation),True,QQQ   260309P00600000,True,2026-03-06 12:38:00,validate,ok,52,2026-03-06 10:13:00,2026-03-06 15:17:00,2026-03-06 12:44:00,304.0
2026-03-06,14:09,Robinhood-main,QQQ,2026-03-06,Put,602.0,BUY,1,0.68,Exact (Robinhood email confirmation),True,QQQ   260306P00602000,True,2026-03-06 14:09:00,validate,ok,327,2026-03-06 11:50:00,2026-03-06 15:10:00,2026-03-06 11:51:00,200.0
2026-03-06,14:31,Robinhood-main,QQQ,2026-03-06,Put,602.0,SELL,1,0.49,Exact (Robinhood email confirmation),True,QQQ   260306P00602000,True,2026-03-06 14:31:00,validate,ok,124,2026-03-06 14:11:00,2026-03-06 15:10:00,2026-03-06 14:17:00,59.0
2026-03-06,09:32,Robinhood-main,QQQ,2026-03-13,Put,595.0,BUY,1,8.12,Exact (Robinhood email confirmation),True,QQQ   260313P00595000,True,2026-03-06 09:32:00,validate,ok,8,2026-03-06 09:30:00,2026-03-06 15:56:00,2026-03-06 15:56:00,386.0
2026-03-09,,Webull,QQQ,2026-03-13,Put,595.0,BUY,2,8.62,Date only -- no execution-time data exists for this account/period,True,QQQ   260313P00595000,False,,recover,ok,15,2026-03-09 09:30:00,2026-03-09 10:36:00,2026-03-09 10:04:00,66.0
2026-03-09,,Webull,NFLX,2026-03-13,Put,98.0,BUY,2,1.76,Date only -- no execution-time data exists for this account/period,True,NFLX  260313P00098000,False,,recover,ok,20,2026-03-09 09:30:00,2026-03-09 15:20:00,2026-03-09 12:20:00,350.0
2026-03-09,,Webull,QQQ,2026-03-10,Put,590.0,BUY,1,3.52,Date only -- no execution-time data exists for this account/period,True,QQQ   260310P00590000,False,,recover,ok,41,2026-03-09 09:30:00,2026-03-09 10:27:00,2026-03-09 10:02:00,57.0
2026-03-09,,Webull,QQQ,2026-03-10,Put,590.0,BUY,1,3.55,Date only -- no execution-time data exists for this account/period,True,QQQ   260310P00590000,False,,recover,ok,29,2026-03-09 09:30:00,2026-03-09 10:22:00,2026-03-09 10:02:00,52.0
2026-03-09,,Webull,QQQ,2026-03-10,Put,590.0,SELL,2,3.64,Date only -- no execution-time data exists for this account/period,True,QQQ   260310P00590000,False,,recover,ok,43,2026-03-09 09:30:00,2026-03-09 10:22:00,2026-03-09 10:06:00,52.0
2026-03-09,,Webull,QQQ,2026-03-10,Put,590.0,BUY,1,4.1,Date only -- no execution-time data exists for this account/period,True,QQQ   260310P00590000,False,,recover,ok,61,2026-03-09 09:41:00,2026-03-09 10:12:00,2026-03-09 09:43:00,31.0
2026-03-09,,Webull,QQQ,2026-03-10,Put,590.0,BUY,1,2.04,Date only -- no execution-time data exists for this account/period,True,QQQ   260310P00590000,False,,recover,ok,6,2026-03-09 10:45:00,2026-03-09 10:56:00,2026-03-09 10:45:00,11.0
2026-03-09,,Webull,QQQ,2026-03-09,Put,590.0,BUY,1,0.43,Date only -- no execution-time data exists for this account/period,True,QQQ   260309P00590000,False,,recover,ok,37,2026-03-09 10:45:00,2026-03-09 10:56:00,2026-03-09 10:45:00,11.0
2026-03-09,,Webull,QQQ,2026-03-09,Put,590.0,SELL,1,0.13,Date only -- no execution-time data exists for this account/period,True,QQQ   260309P00590000,False,,recover,ok,44,2026-03-09 12:08:00,2026-03-09 12:26:00,2026-03-09 12:15:00,18.0
2026-03-09,,Webull,QQQ,2026-03-12,Put,592.0,BUY,1,3.96,Date only -- no execution-time data exists for this account/period,True,QQQ   260312P00592000,False,,recover,ok,1,2026-03-09 12:21:00,2026-03-09 12:21:00,2026-03-09 12:21:00,0.0
2026-03-09,,Webull,QQQ,2026-03-10,Put,590.0,SELL,2,1.09,Date only -- no execution-time data exists for this account/period,True,QQQ   260310P00590000,False,,recover,ok,45,2026-03-09 12:24:00,2026-03-09 15:16:00,2026-03-09 13:04:00,172.0
2026-03-09,,Webull,QQQ,2026-03-13,Put,595.0,SELL,1,10.51,Date only -- no execution-time data exists for this account/period,True,QQQ   260313P00595000,False,,recover,ok,3,2026-03-09 09:50:00,2026-03-09 09:55:00,2026-03-09 09:50:00,5.0
2026-03-09,,Webull,QQQ,2026-03-13,Put,595.0,SELL,1,9.86,Date only -- no execution-time data exists for this account/period,True,QQQ   260313P00595000,False,,recover,ok,9,2026-03-09 09:40:00,2026-03-09 10:10:00,2026-03-09 10:07:00,30.0
2026-03-09,,Robinhood-main,NFLX,2026-03-13,Put,98.0,BUY,1,1.84,Date only -- no execution-time data exists for this account/period,True,NFLX  260313P00098000,False,,recover,ok,18,2026-03-09 09:30:00,2026-03-09 14:38:00,2026-03-09 09:36:00,308.0
2026-03-09,,Robinhood-main,QQQ,2026-03-09,Put,595.0,BUY,1,1.6,Date only -- no execution-time data exists for this account/period,True,QQQ   260309P00595000,False,,recover,ok,15,2026-03-09 10:44:00,2026-03-09 10:44:00,2026-03-09 10:44:00,0.0
2026-03-09,11:29,Robinhood-main,QQQ,2026-03-11,Put,589.0,BUY,1,2.32,Exact (Robinhood email confirmation),True,QQQ   260311P00589000,True,2026-03-09 11:29:00,validate,ok,1,2026-03-09 11:29:00,2026-03-09 11:29:00,2026-03-09 11:29:00,0.0
2026-03-09,15:39,Robinhood-main,QQQ,2026-03-13,Put,595.0,SELL,1,3.12,Exact (Robinhood email confirmation),True,QQQ   260313P00595000,True,2026-03-09 15:39:00,validate,ok,1,2026-03-09 15:39:00,2026-03-09 15:39:00,2026-03-09 15:39:00,0.0
2026-03-09,12:19,Robinhood-main,NFLX,2026-03-13,Put,98.0,SELL,1,1.74,Exact (Robinhood email confirmation),True,NFLX  260313P00098000,True,2026-03-09 12:19:00,validate,ok,14,2026-03-09 09:30:00,2026-03-09 15:25:00,2026-03-09 15:25:00,355.0
2026-03-09,12:18,Robinhood-main,QQQ,2026-03-11,Put,589.0,SELL,1,2.15,Exact (Robinhood email confirmation),True,QQQ   260311P00589000,True,2026-03-09 12:18:00,validate,ok,5,2026-03-09 12:13:00,2026-03-09 14:13:00,2026-03-09 12:13:00,120.0
2026-03-09,12:17,Robinhood-main,QQQ,2026-03-09,Put,595.0,SELL,1,0.41,Exact (Robinhood email confirmation),True,QQQ   260309P00595000,True,2026-03-09 12:17:00,validate,ok,92,2026-03-09 12:03:00,2026-03-09 12:23:00,2026-03-09 12:15:00,20.0
2026-03-10,,Robinhood-main,SPXW,2026-03-10,Put,6730.0,SELL,1,0.25,Date only -- no execution-time data exists for this account/period,True,SPXW  260310P06730000,False,,recover,ok,9,2026-03-10 14:01:00,2026-03-10 15:38:00,2026-03-10 15:24:00,97.0
2026-03-10,,Robinhood-main,SPXW,2026-03-10,Put,6730.0,BUY,1,0.65,Date only -- no execution-time data exists for this account/period,True,SPXW  260310P06730000,False,,recover,ok,39,2026-03-10 12:32:00,2026-03-10 15:31:00,2026-03-10 13:37:00,179.0
2026-03-10,,Webull,NFLX,2026-03-13,Put,98.0,SELL,7,1.96,Date only -- no execution-time data exists for this account/period,True,NFLX  260313P00098000,False,,recover,ok,4,2026-03-10 10:00:00,2026-03-10 15:51:00,2026-03-10 15:51:00,351.0
2026-03-10,,Webull,QQQ,2026-03-10,Put,608.0,BUY,2,2.04,Date only -- no execution-time data exists for this account/period,True,QQQ   260310P00608000,False,,recover,ok,235,2026-03-10 09:30:00,2026-03-10 10:29:00,2026-03-10 09:44:00,59.0
2026-03-10,,Webull,QQQ,2026-03-10,Put,608.0,BUY,1,2.11,Date only -- no execution-time data exists for this account/period,True,QQQ   260310P00608000,False,,recover,ok,257,2026-03-10 09:30:00,2026-03-10 10:29:00,2026-03-10 09:52:00,59.0
2026-03-10,,Webull,QQQ,2026-03-12,Put,592.0,SELL,1,1.01,Date only -- no execution-time data exists for this account/period,True,QQQ   260312P00592000,False,,recover,ok,7,2026-03-10 09:32:00,2026-03-10 15:23:00,2026-03-10 15:20:00,351.0
2026-03-10,,Webull,NFLX,2026-03-13,Put,98.0,BUY,2,1.72,Date only -- no execution-time data exists for this account/period,True,NFLX  260313P00098000,False,,recover,ok,13,2026-03-10 09:30:00,2026-03-10 12:57:00,2026-03-10 11:01:00,207.0
2026-03-10,,Webull,QQQ,2026-03-10,Put,607.0,SELL,1,0.54,Date only -- no execution-time data exists for this account/period,True,QQQ   260310P00607000,False,,recover,ok,362,2026-03-10 10:53:00,2026-03-10 15:57:00,2026-03-10 15:38:00,304.0
2026-03-10,,Webull,QQQ,2026-03-10,Put,608.0,BUY,2,2.4,Date only -- no execution-time data exists for this account/period,True,QQQ   260310P00608000,False,,recover,ok,162,2026-03-10 09:30:00,2026-03-10 10:24:00,2026-03-10 09:47:00,54.0
2026-03-10,,Webull,QQQ,2026-03-10,Put,608.0,SELL,6,1.23,Date only -- no execution-time data exists for this account/period,True,QQQ   260310P00608000,False,,recover,ok,192,2026-03-10 10:38:00,2026-03-10 15:57:00,2026-03-10 14:18:00,319.0
2026-03-10,,Webull,QQQ,2026-03-10,Put,607.0,BUY,1,0.58,Date only -- no execution-time data exists for this account/period,True,QQQ   260310P00607000,False,,recover,ok,309,2026-03-10 10:51:00,2026-03-10 15:57:00,2026-03-10 15:37:00,306.0
2026-03-10,,Webull,QQQ,2026-03-10,Put,608.0,BUY,2,0.83,Date only -- no execution-time data exists for this account/period,True,QQQ   260310P00608000,False,,recover,ok,455,2026-03-10 10:49:00,2026-03-10 15:59:00,2026-03-10 15:21:00,310.0
2026-03-10,,Webull,QQQ,2026-03-10,Put,608.0,SELL,6,0.82,Date only -- no execution-time data exists for this account/period,True,QQQ   260310P00608000,False,,recover,ok,449,2026-03-10 10:50:00,2026-03-10 15:59:00,2026-03-10 15:21:00,309.0
2026-03-10,,Webull,QQQ,2026-03-10,Put,608.0,BUY,1,1.23,Date only -- no execution-time data exists for this account/period,True,QQQ   260310P00608000,False,,recover,ok,192,2026-03-10 10:38:00,2026-03-10 15:57:00,2026-03-10 14:18:00,319.0
2026-03-10,,Webull,QQQ,2026-03-10,Put,608.0,BUY,3,1.26,Date only -- no execution-time data exists for this account/period,True,QQQ   260310P00608000,False,,recover,ok,205,2026-03-10 10:37:00,2026-03-10 15:57:00,2026-03-10 14:17:00,320.0
2026-03-10,,Webull,QQQ,2026-03-10,Put,608.0,SELL,2,3.66,Date only -- no execution-time data exists for this account/period,True,QQQ   260310P00608000,False,,recover,ok,10,2026-03-10 10:09:00,2026-03-10 10:16:00,2026-03-10 10:09:00,7.0
2026-03-10,,Webull,NFLX,2026-03-13,Put,98.0,BUY,3,1.77,Date only -- no execution-time data exists for this account/period,True,NFLX  260313P00098000,False,,recover,ok,14,2026-03-10 09:30:00,2026-03-10 13:06:00,2026-03-10 09:38:00,216.0
2026-03-10,,Webull,QQQ,2026-03-10,Put,608.0,BUY,1,1.08,Date only -- no execution-time data exists for this account/period,True,QQQ   260310P00608000,False,,recover,ok,241,2026-03-10 10:39:00,2026-03-10 15:57:00,2026-03-10 15:29:00,318.0
2026-03-10,,Webull,QQQ,2026-03-10,Put,608.0,BUY,2,0.92,Date only -- no execution-time data exists for this account/period,True,QQQ   260310P00608000,False,,recover,ok,333,2026-03-10 10:42:00,2026-03-10 15:59:00,2026-03-10 14:24:00,317.0
2026-03-10,14:21,Robinhood-main,QQQ,2026-03-11,Put,607.0,SELL,1,3.21,Exact (Robinhood email confirmation),True,QQQ   260311P00607000,True,2026-03-10 14:21:00,validate,ok,55,2026-03-10 09:31:00,2026-03-10 16:10:00,2026-03-10 09:47:00,399.0
2026-03-10,10:58,Robinhood-main,QQQ,2026-03-11,Put,607.0,BUY,1,1.95,Exact (Robinhood email confirmation),True,QQQ   260311P00607000,True,2026-03-10 10:58:00,validate,ok,25,2026-03-10 10:58:00,2026-03-10 14:13:00,2026-03-10 10:58:00,195.0
2026-03-11,,Robinhood-main,QQQ,2026-03-12,Call,612.0,BUY,1,3.06,Date only -- no execution-time data exists for this account/period,False,QQQ   260312C00612000,False,,recover,ok,70,2026-03-11 09:32:00,2026-03-11 10:14:00,2026-03-11 09:32:00,42.0
2026-03-11,,Robinhood-main,QQQ,2026-03-11,Call,615.0,BUY,1,0.5,Date only -- no execution-time data exists for this account/period,False,QQQ   260311C00615000,False,,recover,ok,329,2026-03-11 09:30:00,2026-03-11 10:19:00,2026-03-11 09:32:00,49.0
2026-03-11,,Robinhood-main,QQQ,2026-03-12,Call,612.0,SELL,1,3.54,Date only -- no execution-time data exists for this account/period,False,QQQ   260312C00612000,False,,recover,ok,20,2026-03-11 10:00:00,2026-03-11 10:01:00,2026-03-11 10:00:00,1.0
2026-03-11,,Webull,TSLA,2026-03-11,Put,405.0,SELL,2,0.99,Date only -- no execution-time data exists for this account/period,True,TSLA  260311P00405000,False,,recover,ok,406,2026-03-11 09:55:00,2026-03-11 14:43:00,2026-03-11 12:22:00,288.0
2026-03-11,,Webull,QQQ,2026-03-11,Put,604.0,SELL,1,0.2,Date only -- no execution-time data exists for this account/period,True,QQQ   260311P00604000,False,,recover,ok,106,2026-03-11 13:27:00,2026-03-11 15:16:00,2026-03-11 14:34:00,109.0
2026-03-11,,Webull,QQQ,2026-03-11,Put,604.0,BUY,1,0.61,Date only -- no execution-time data exists for this account/period,True,QQQ   260311P00604000,False,,recover,ok,241,2026-03-11 09:33:00,2026-03-11 14:13:00,2026-03-11 13:45:00,280.0
2026-03-11,,Webull,TSLA,2026-03-11,Put,407.5,SELL,1,1.54,Date only -- no execution-time data exists for this account/period,True,TSLA  260311P00407500,False,,recover,ok,294,2026-03-11 09:55:00,2026-03-11 15:29:00,2026-03-11 12:46:00,334.0
2026-03-11,,Webull,TSLA,2026-03-11,Put,407.5,BUY,1,1.32,Date only -- no execution-time data exists for this account/period,True,TSLA  260311P00407500,False,,recover,ok,260,2026-03-11 10:00:00,2026-03-11 15:30:00,2026-03-11 13:25:00,330.0
2026-03-11,,Webull,TSLA,2026-03-11,Put,405.0,BUY,2,0.84,Date only -- no execution-time data exists for this account/period,True,TSLA  260311P00405000,False,,recover,ok,379,2026-03-11 10:00:00,2026-03-11 14:50:00,2026-03-11 12:32:00,290.0
2026-03-11,,Webull,PFE,2026-03-13,Call,27.5,SELL,14,0.11,Date only -- no execution-time data exists for this account/period,False,PFE   260313C00027500,False,,recover,ok,24,2026-03-11 10:11:00,2026-03-11 15:26:00,2026-03-11 12:15:00,315.0
2026-03-11,,Webull,QQQ,2026-03-12,Call,613.0,BUY,1,2.97,Date only -- no execution-time data exists for this account/period,False,QQQ   260312C00613000,False,,recover,ok,15,2026-03-11 10:00:00,2026-03-11 10:05:00,2026-03-11 10:05:00,5.0
2026-03-11,,Webull,QQQ,2026-03-13,Call,610.0,SELL,4,6.13,Date only -- no execution-time data exists for this account/period,False,QQQ   260313C00610000,False,,recover,ok,9,2026-03-11 10:00:00,2026-03-11 10:01:00,2026-03-11 10:01:00,1.0
2026-03-11,,Webull,QQQ,2026-03-12,Call,613.0,SELL,1,2.4,Date only -- no execution-time data exists for this account/period,False,QQQ   260312C00613000,False,,recover,ok,22,2026-03-11 09:30:00,2026-03-11 10:19:00,2026-03-11 10:08:00,49.0
2026-03-11,,Webull,QQQ,2026-03-13,Call,610.0,BUY,2,5.05,Date only -- no execution-time data exists for this account/period,False,QQQ   260313C00610000,False,,recover,ok,12,2026-03-11 09:47:00,2026-03-11 10:21:00,2026-03-11 10:21:00,34.0
2026-03-11,,Webull,PFE,2026-03-13,Call,27.5,BUY,10,0.19,Date only -- no execution-time data exists for this account/period,False,PFE   260313C00027500,False,,recover,ok,21,2026-03-11 09:32:00,2026-03-11 11:11:00,2026-03-11 09:42:00,99.0
2026-03-11,,Webull,QQQ,2026-03-20,Put,590.0,SELL,2,4.29,Date only -- no execution-time data exists for this account/period,True,QQQ   260320P00590000,False,,recover,ok,8,2026-03-11 09:31:00,2026-03-11 13:32:00,2026-03-11 13:32:00,241.0
2026-03-11,,Webull,META,2026-03-27,Put,600.0,SELL,1,4.31,Date only -- no execution-time data exists for this account/period,True,META  260327P00600000,False,,recover,ok,1,2026-03-11 09:31:00,2026-03-11 09:31:00,2026-03-11 09:31:00,0.0
2026-03-11,,Webull,QQQ,2026-03-13,Call,610.0,BUY,2,5.35,Date only -- no execution-time data exists for this account/period,False,QQQ   260313C00610000,False,,recover,ok,37,2026-03-11 09:30:00,2026-03-11 10:15:00,2026-03-11 10:09:00,45.0
2026-03-11,,Webull,PFE,2026-03-13,Call,27.5,BUY,4,0.14,Date only -- no execution-time data exists for this account/period,False,PFE   260313C00027500,False,,recover,ok,43,2026-03-11 09:30:00,2026-03-11 15:59:00,2026-03-11 10:21:00,389.0
2026-03-11,10:01,Robinhood-main,QQQ,2026-03-11,Call,615.0,SELL,1,0.91,Exact (Robinhood email confirmation),False,QQQ   260311C00615000,True,2026-03-11 10:01:00,validate,ok,34,2026-03-11 10:00:00,2026-03-11 10:01:00,2026-03-11 10:00:00,1.0
2026-03-11,10:34,Robinhood-main,QQQ,2026-03-11,Call,610.0,BUY,1,1.09,Exact (Robinhood email confirmation),False,QQQ   260311C00610000,True,2026-03-11 10:34:00,validate,ok,48,2026-03-11 10:34:00,2026-03-11 11:25:00,2026-03-11 10:34:00,51.0
2026-03-11,11:00,Robinhood-main,QQQ,2026-03-11,Call,610.0,SELL,1,1.8,Exact (Robinhood email confirmation),False,QQQ   260311C00610000,True,2026-03-11 11:00:00,validate,ok,121,2026-03-11 09:50:00,2026-03-11 11:01:00,2026-03-11 09:55:00,71.0
2026-03-11,11:15,Robinhood-main,QQQ,2026-03-12,Put,597.0,BUY,1,1.02,Exact (Robinhood email confirmation),True,QQQ   260312P00597000,True,2026-03-11 11:15:00,validate,ok,26,2026-03-11 09:51:00,2026-03-11 14:25:00,2026-03-11 10:25:00,274.0
2026-03-11,14:55,Robinhood-main,QQQ,2026-03-12,Put,597.0,SELL,1,0.78,Exact (Robinhood email confirmation),True,QQQ   260312P00597000,True,2026-03-11 14:55:00,validate,ok,9,2026-03-11 09:42:00,2026-03-11 14:55:00,2026-03-11 09:42:00,313.0
2026-03-12,,Robinhood-main,AMZN,2026-03-13,Call,215.0,BUY,1,0.56,Date only -- no execution-time data exists for this account/period,False,AMZN  260313C00215000,False,,recover,ok,76,2026-03-12 09:30:00,2026-03-12 10:46:00,2026-03-12 09:37:00,76.0
2026-03-12,,Robinhood-main,AMZN,2026-03-13,Call,215.0,SELL,1,0.64,Date only -- no execution-time data exists for this account/period,False,AMZN  260313C00215000,False,,recover,ok,32,2026-03-12 09:34:00,2026-03-12 09:51:00,2026-03-12 09:39:00,17.0
2026-03-12,,Robinhood-main,TSLA,2026-03-16,Put,390.0,BUY,1,2.38,Date only -- no execution-time data exists for this account/period,True,TSLA  260316P00390000,False,,recover,ok,5,2026-03-12 09:31:00,2026-03-12 09:49:00,2026-03-12 09:31:00,18.0
2026-03-12,,Robinhood-main,AMZN,2026-03-16,Put,205.0,BUY,1,1.56,Date only -- no execution-time data exists for this account/period,True,AMZN  260316P00205000,False,,recover,ok,2,2026-03-12 09:30:00,2026-03-12 09:30:00,2026-03-12 09:30:00,0.0
2026-03-12,,Robinhood-main,AAPL,2026-03-16,Put,250.0,BUY,1,1.26,Date only -- no execution-time data exists for this account/period,True,AAPL  260316P00250000,False,,recover,ok,9,2026-03-12 10:20:00,2026-03-12 11:16:00,2026-03-12 11:16:00,56.0
2026-03-12,,Robinhood-main,AAPL,2026-03-13,Put,250.0,BUY,1,0.59,Date only -- no execution-time data exists for this account/period,True,AAPL  260313P00250000,False,,recover,ok,81,2026-03-12 09:56:00,2026-03-12 11:39:00,2026-03-12 10:21:00,103.0
2026-03-12,,Webull,QQQ,2026-03-20,Put,590.0,BUY,1,5.96,Date only -- no execution-time data exists for this account/period,True,QQQ   260320P00590000,False,,recover,ok,11,2026-03-12 09:45:00,2026-03-12 10:47:00,2026-03-12 10:03:00,62.0
2026-03-12,,Webull,AMZN,2026-03-18,Put,200.0,BUY,4,1.34,Date only -- no execution-time data exists for this account/period,True,AMZN  260318P00200000,False,,recover,ok,1,2026-03-12 09:30:00,2026-03-12 09:30:00,2026-03-12 09:30:00,0.0
2026-03-12,,Webull,TSLA,2026-03-20,Put,400.0,BUY,1,8.44,Date only -- no execution-time data exists for this account/period,True,TSLA  260320P00400000,False,,recover,ok,4,2026-03-12 09:30:00,2026-03-12 09:34:00,2026-03-12 09:30:00,4.0
2026-03-12,,Webull,TSLA,2026-03-20,Put,400.0,BUY,1,8.65,Date only -- no execution-time data exists for this account/period,True,TSLA  260320P00400000,False,,recover,ok,28,2026-03-12 09:30:00,2026-03-12 09:51:00,2026-03-12 09:30:00,21.0
2026-03-12,,Webull,TSLA,2026-03-16,Put,400.0,SELL,1,8.88,Date only -- no execution-time data exists for this account/period,True,TSLA  260316P00400000,False,,recover,ok,9,2026-03-12 10:49:00,2026-03-12 15:59:00,2026-03-12 11:07:00,310.0
2026-03-12,,Webull,TSLA,2026-03-13,Put,405.0,BUY,1,4.6,Date only -- no execution-time data exists for this account/period,True,TSLA  260313P00405000,False,,recover,ok,72,2026-03-12 09:30:00,2026-03-12 09:41:00,2026-03-12 09:38:00,11.0
2026-03-12,,Robinhood-main,AMZN,2026-03-18,Put,205.0,BUY,1,2.0,Date only -- no execution-time data exists for this account/period,True,AMZN  260318P00205000,False,,recover,ok,10,2026-03-12 09:30:00,2026-03-12 12:43:00,2026-03-12 09:47:00,193.0
2026-03-12,,Webull,TSLA,2026-03-13,Put,405.0,SELL,1,6.9,Date only -- no execution-time data exists for this account/period,True,TSLA  260313P00405000,False,,recover,ok,88,2026-03-12 09:55:00,2026-03-12 13:28:00,2026-03-12 09:55:00,213.0
2026-03-12,,Webull,TSLA,2026-03-16,Put,400.0,BUY,1,5.35,Date only -- no execution-time data exists for this account/period,True,TSLA  260316P00400000,False,,recover,ok,8,2026-03-12 09:31:00,2026-03-12 09:48:00,2026-03-12 09:31:00,17.0
2026-03-12,12:27,Robinhood-main,AAPL,2026-03-13,Put,252.5,BUY,1,0.82,Exact (Robinhood email confirmation),True,AAPL  260313P00252500,True,2026-03-12 12:27:00,validate,ok,73,2026-03-12 09:47:00,2026-03-12 15:54:00,2026-03-12 09:47:00,367.0
2026-03-12,10:51,Robinhood-main,TSLA,2026-03-16,Put,390.0,SELL,1,4.75,Exact (Robinhood email confirmation),True,TSLA  260316P00390000,True,2026-03-12 10:51:00,validate,ok,6,2026-03-12 10:50:00,2026-03-12 10:51:00,2026-03-12 10:51:00,1.0
2026-03-12,12:28,Robinhood-main,AAPL,2026-03-13,Put,250.0,BUY,1,0.41,Exact (Robinhood email confirmation),True,AAPL  260313P00250000,True,2026-03-12 12:28:00,validate,ok,51,2026-03-12 09:30:00,2026-03-12 15:04:00,2026-03-12 09:45:00,334.0
2026-03-12,13:50,Robinhood-main,TSLA,2026-03-13,Put,392.5,SELL,1,2.24,Exact (Robinhood email confirmation),True,TSLA  260313P00392500,True,2026-03-12 13:50:00,validate,ok,71,2026-03-12 10:07:00,2026-03-12 15:36:00,2026-03-12 15:36:00,329.0
2026-03-12,13:18,Robinhood-main,TSLA,2026-03-13,Put,392.5,BUY,1,1.78,Exact (Robinhood email confirmation),True,TSLA  260313P00392500,True,2026-03-12 13:18:00,validate,ok,70,2026-03-12 09:47:00,2026-03-12 13:41:00,2026-03-12 09:47:00,234.0
2026-03-13,,Webull,ULTA,2026-03-13,Put,570.0,SELL,2,14.4,Date only -- no execution-time data exists for this account/period,True,ULTA  260313P00570000,False,,recover,ok,1,2026-03-13 10:59:00,2026-03-13 10:59:00,2026-03-13 10:59:00,0.0
2026-03-13,,Robinhood-main,AAPL,2026-03-13,Put,250.0,SELL,2,0.09,Date only -- no execution-time data exists for this account/period,True,AAPL  260313P00250000,False,,recover,ok,163,2026-03-13 09:33:00,2026-03-13 15:59:00,2026-03-13 15:59:00,386.0
2026-03-13,,Robinhood-main,AAPL,2026-03-13,Put,252.5,SELL,1,0.4,Date only -- no execution-time data exists for this account/period,True,AAPL  260313P00252500,False,,recover,ok,59,2026-03-13 09:32:00,2026-03-13 11:23:00,2026-03-13 10:41:00,111.0
2026-03-13,,Robinhood-main,ULTA,2026-03-13,Put,570.0,SELL,1,14.41,Date only -- no execution-time data exists for this account/period,True,ULTA  260313P00570000,False,,recover,ok,1,2026-03-13 10:59:00,2026-03-13 10:59:00,2026-03-13 10:59:00,0.0
2026-03-13,,Robinhood-main,AAPL,2026-03-16,Put,250.0,SELL,1,1.25,Date only -- no execution-time data exists for this account/period,True,AAPL  260316P00250000,False,,recover,ok,3,2026-03-13 11:42:00,2026-03-13 12:29:00,2026-03-13 11:42:00,47.0
2026-03-13,,Webull,ULTA,2026-03-13,Put,570.0,BUY,1,7.8,Date only -- no execution-time data exists for this account/period,True,ULTA  260313P00570000,False,,recover,ok,3,2026-03-13 09:31:00,2026-03-13 09:53:00,2026-03-13 09:31:00,22.0
2026-03-13,,Webull,ULTA,2026-03-13,Put,570.0,BUY,1,6.0,Date only -- no execution-time data exists for this account/period,True,ULTA  260313P00570000,False,,recover,ok,3,2026-03-13 09:31:00,2026-03-13 09:53:00,2026-03-13 09:31:00,22.0
2026-03-13,,Robinhood-main,ULTA,2026-03-13,Put,570.0,BUY,1,5.5,Date only -- no execution-time data exists for this account/period,True,ULTA  260313P00570000,False,,recover,ok,2,2026-03-13 09:31:00,2026-03-13 09:41:00,2026-03-13 09:31:00,10.0
2026-03-13,,Webull,TSLA,2026-03-20,Put,400.0,SELL,2,13.75,Date only -- no execution-time data exists for this account/period,True,TSLA  260320P00400000,False,,recover,ok,16,2026-03-13 10:58:00,2026-03-13 15:18:00,2026-03-13 15:11:00,260.0
2026-03-13,,Webull,QQQ,2026-03-20,Put,590.0,SELL,1,7.81,Date only -- no execution-time data exists for this account/period,True,QQQ   260320P00590000,False,,recover,ok,27,2026-03-13 11:41:00,2026-03-13 16:00:00,2026-03-13 15:59:00,259.0
2026-03-13,13:31,Robinhood-main,TSLA,2026-03-13,Put,395.0,BUY,1,1.65,Exact (Robinhood email confirmation),True,TSLA  260313P00395000,True,2026-03-13 13:31:00,validate,ok,324,2026-03-13 09:45:00,2026-03-13 14:45:00,2026-03-13 12:34:00,300.0
2026-03-13,13:42,Robinhood-main,TSLA,2026-03-13,Put,392.5,BUY,1,0.94,Exact (Robinhood email confirmation),True,TSLA  260313P00392500,True,2026-03-13 13:42:00,validate,ok,321,2026-03-13 09:45:00,2026-03-13 15:58:00,2026-03-13 12:11:00,373.0
2026-03-13,14:05,Robinhood-main,TSLA,2026-03-13,Put,395.0,SELL,1,2.81,Exact (Robinhood email confirmation),True,TSLA  260313P00395000,True,2026-03-13 14:05:00,validate,ok,300,2026-03-13 09:31:00,2026-03-13 15:19:00,2026-03-13 13:46:00,348.0
2026-03-13,14:28,Robinhood-main,TSLA,2026-03-13,Put,392.5,SELL,1,1.07,Exact (Robinhood email confirmation),True,TSLA  260313P00392500,True,2026-03-13 14:28:00,validate,ok,397,2026-03-13 09:44:00,2026-03-13 15:59:00,2026-03-13 10:08:00,375.0
2026-03-13,14:30,Robinhood-main,AMZN,2026-03-16,Put,205.0,SELL,1,1.23,Exact (Robinhood email confirmation),True,AMZN  260316P00205000,True,2026-03-13 14:30:00,validate,ok,11,2026-03-13 09:34:00,2026-03-13 14:30:00,2026-03-13 14:29:00,296.0
2026-03-16,,Webull,META,2026-03-20,Call,635.0,SELL,1,7.19,Date only -- no execution-time data exists for this account/period,False,META  260320C00635000,False,,recover,ok,7,2026-03-16 09:30:00,2026-03-16 10:48:00,2026-03-16 09:44:00,78.0
2026-03-16,,Webull,PLTR,2026-03-20,Put,150.0,SELL,2,2.34,Date only -- no execution-time data exists for this account/period,True,PLTR  260320P00150000,False,,recover,ok,27,2026-03-16 14:16:00,2026-03-16 15:27:00,2026-03-16 14:19:00,71.0
2026-03-16,,Webull,QQQ,2026-03-17,Put,595.0,BUY,1,1.9,Date only -- no execution-time data exists for this account/period,True,QQQ   260317P00595000,False,,recover,ok,33,2026-03-16 09:32:00,2026-03-16 12:31:00,2026-03-16 12:29:00,179.0
2026-03-16,,Webull,ULTA,2026-03-20,Put,525.0,SELL,1,8.3,Date only -- no execution-time data exists for this account/period,True,ULTA  260320P00525000,False,,recover,ok,3,2026-03-16 12:24:00,2026-03-16 12:37:00,2026-03-16 12:24:00,13.0
2026-03-16,,Webull,QQQ,2026-03-17,Put,595.0,SELL,1,1.6,Date only -- no execution-time data exists for this account/period,True,QQQ   260317P00595000,False,,recover,ok,40,2026-03-16 09:45:00,2026-03-16 12:40:00,2026-03-16 12:38:00,175.0
2026-03-16,,Webull,ULTA,2026-03-27,Put,525.0,SELL,1,16.2,Date only -- no execution-time data exists for this account/period,True,ULTA  260327P00525000,False,,recover,ok,1,2026-03-16 15:41:00,2026-03-16 15:41:00,2026-03-16 15:41:00,0.0
2026-03-16,,Webull,PLTR,2026-03-20,Put,150.0,BUY,2,2.88,Date only -- no execution-time data exists for this account/period,True,PLTR  260320P00150000,False,,recover,ok,69,2026-03-16 09:30:00,2026-03-16 12:31:00,2026-03-16 11:13:00,181.0
2026-03-16,,Webull,META,2026-03-20,Call,635.0,BUY,1,9.4,Date only -- no execution-time data exists for this account/period,False,META  260320C00635000,False,,recover,ok,20,2026-03-16 09:34:00,2026-03-16 10:26:00,2026-03-16 10:14:00,52.0
2026-03-16,,Webull,ULTA,2026-03-20,Put,525.0,BUY,1,5.4,Date only -- no execution-time data exists for this account/period,True,ULTA  260320P00525000,False,,recover,ok,1,2026-03-16 09:41:00,2026-03-16 09:41:00,2026-03-16 09:41:00,0.0
2026-03-16,,Webull,ULTA,2026-03-27,Put,525.0,BUY,1,10.8,Date only -- no execution-time data exists for this account/period,True,ULTA  260327P00525000,False,,recover,ok,1,2026-03-16 09:32:00,2026-03-16 09:32:00,2026-03-16 09:32:00,0.0
2026-03-16,,Webull,AMZN,2026-03-18,Put,200.0,SELL,4,0.45,Date only -- no execution-time data exists for this account/period,True,AMZN  260318P00200000,False,,recover,ok,12,2026-03-16 09:31:00,2026-03-16 10:50:00,2026-03-16 10:45:00,79.0
2026-03-16,12:39,Robinhood-main,AMZN,2026-03-18,Put,205.0,SELL,1,1.05,Exact (Robinhood email confirmation),True,AMZN  260318P00205000,True,2026-03-16 12:39:00,validate,ok,11,2026-03-16 10:01:00,2026-03-16 12:39:00,2026-03-16 10:32:00,158.0
2026-03-17,,Webull,SLV,2026-03-23,Put,70.0,BUY,10,0.99,Date only -- no execution-time data exists for this account/period,True,SLV   260323P00070000,False,,recover,ok,1,2026-03-17 09:30:00,2026-03-17 09:30:00,2026-03-17 09:30:00,0.0
2026-03-17,,Webull,SLV,2026-03-20,Put,73.0,BUY,5,1.76,Date only -- no execution-time data exists for this account/period,True,SLV   260320P00073000,False,,recover,ok,3,2026-03-17 09:30:00,2026-03-17 10:25:00,2026-03-17 09:30:00,55.0
2026-03-17,,Webull,TSLA,2026-03-23,Put,390.0,BUY,1,6.5,Date only -- no execution-time data exists for this account/period,True,TSLA  260323P00390000,False,,recover,ok,1,2026-03-17 09:31:00,2026-03-17 09:31:00,2026-03-17 09:31:00,0.0
2026-03-17,,Webull,TSLA,2026-03-23,Put,390.0,BUY,1,5.85,Date only -- no execution-time data exists for this account/period,True,TSLA  260323P00390000,False,,recover,ok,5,2026-03-17 09:34:00,2026-03-17 09:36:00,2026-03-17 09:36:00,2.0
2026-03-17,,Webull,QQQ,2026-03-20,Put,600.0,BUY,2,3.43,Date only -- no execution-time data exists for this account/period,True,QQQ   260320P00600000,False,,recover,ok,34,2026-03-17 09:46:00,2026-03-17 14:23:00,2026-03-17 13:40:00,277.0
2026-03-17,,Webull,SLV,2026-03-20,Put,73.0,SELL,5,1.42,Date only -- no execution-time data exists for this account/period,True,SLV   260320P00073000,False,,recover,ok,1,2026-03-17 10:00:00,2026-03-17 10:00:00,2026-03-17 10:00:00,0.0
2026-03-17,,Webull,SLV,2026-03-23,Put,70.0,SELL,10,0.8,Date only -- no execution-time data exists for this account/period,True,SLV   260323P00070000,False,,recover,ok,2,2026-03-17 09:48:00,2026-03-17 10:14:00,2026-03-17 10:14:00,26.0
2026-03-17,,Webull,QQQ,2026-03-17,Put,603.0,BUY,2,0.92,Date only -- no execution-time data exists for this account/period,True,QQQ   260317P00603000,False,,recover,ok,718,2026-03-17 09:45:00,2026-03-17 12:59:00,2026-03-17 10:08:00,194.0
2026-03-17,,Webull,QQQ,2026-03-20,Put,600.0,SELL,2,4.46,Date only -- no execution-time data exists for this account/period,True,QQQ   260320P00600000,False,,recover,ok,27,2026-03-17 09:30:00,2026-03-17 12:07:00,2026-03-17 11:37:00,157.0
2026-03-17,,Webull,QQQ,2026-03-17,Put,602.0,BUY,1,0.25,Date only -- no execution-time data exists for this account/period,True,QQQ   260317P00602000,False,,recover,ok,312,2026-03-17 13:31:00,2026-03-17 15:08:00,2026-03-17 15:07:00,97.0
2026-03-17,,Webull,QQQ,2026-03-17,Put,602.0,SELL,1,0.1,Date only -- no execution-time data exists for this account/period,True,QQQ   260317P00602000,False,,recover,ok,128,2026-03-17 14:09:00,2026-03-17 15:27:00,2026-03-17 15:15:00,78.0
2026-03-17,,Webull,QQQ,2026-03-17,Put,603.0,SELL,2,1.47,Date only -- no execution-time data exists for this account/period,True,QQQ   260317P00603000,False,,recover,ok,184,2026-03-17 09:32:00,2026-03-17 12:09:00,2026-03-17 12:02:00,157.0
2026-03-17,15:46,Robinhood-main,QQQ,2026-03-19,Put,593.0,SELL,1,1.16,Exact (Robinhood email confirmation),True,QQQ   260319P00593000,True,2026-03-17 15:46:00,validate,ok,6,2026-03-17 10:56:00,2026-03-17 15:59:00,2026-03-17 14:25:00,303.0
2026-03-17,15:46,Robinhood-main,QQQ,2026-03-18,Put,603.0,SELL,1,2.54,Exact (Robinhood email confirmation),True,QQQ   260318P00603000,True,2026-03-17 15:46:00,validate,ok,335,2026-03-17 09:45:00,2026-03-17 15:59:00,2026-03-17 14:24:00,374.0
2026-03-17,12:45,Robinhood-main,QQQ,2026-03-19,Put,593.0,BUY,1,1.26,Exact (Robinhood email confirmation),True,QQQ   260319P00593000,True,2026-03-17 12:45:00,validate,ok,2,2026-03-17 10:35:00,2026-03-17 12:45:00,2026-03-17 10:35:00,130.0
2026-03-17,12:42,Robinhood-main,QQQ,2026-03-18,Put,603.0,BUY,1,2.84,Exact (Robinhood email confirmation),True,QQQ   260318P00603000,True,2026-03-17 12:42:00,validate,ok,106,2026-03-17 09:33:00,2026-03-17 15:07:00,2026-03-17 10:15:00,334.0
2026-03-18,,Robinhood-main,QQQ,2026-03-18,Put,595.0,BUY,1,0.26,Date only -- no execution-time data exists for this account/period,True,QQQ   260318P00595000,False,,recover,ok,245,2026-03-18 14:00:00,2026-03-18 16:01:00,2026-03-18 15:21:00,121.0
2026-03-18,,Robinhood-main,QQQ,2026-03-18,Put,600.0,SELL,1,2.7,Date only -- no execution-time data exists for this account/period,True,QQQ   260318P00600000,False,,recover,ok,173,2026-03-18 10:26:00,2026-03-18 15:16:00,2026-03-18 10:49:00,290.0
2026-03-18,,Webull,TSLA,2026-03-23,Put,390.0,SELL,2,4.3,Date only -- no execution-time data exists for this account/period,True,TSLA  260323P00390000,False,,recover,ok,4,2026-03-18 14:58:00,2026-03-18 15:20:00,2026-03-18 14:58:00,22.0
2026-03-18,,Webull,QQQ,2026-03-23,Put,600.0,SELL,2,7.1,Date only -- no execution-time data exists for this account/period,True,QQQ   260323P00600000,False,,recover,ok,3,2026-03-18 14:35:00,2026-03-18 15:05:00,2026-03-18 15:04:00,30.0
2026-03-18,,Webull,QQQ,2026-03-18,Put,601.0,SELL,1,3.8,Date only -- no execution-time data exists for this account/period,True,QQQ   260318P00601000,False,,recover,ok,12,2026-03-18 14:54:00,2026-03-18 15:19:00,2026-03-18 15:18:00,25.0
2026-03-18,,Webull,QQQ,2026-03-18,Put,598.0,SELL,1,1.36,Date only -- no execution-time data exists for this account/period,True,QQQ   260318P00598000,False,,recover,ok,299,2026-03-18 09:30:00,2026-03-18 15:34:00,2026-03-18 15:17:00,364.0
2026-03-18,,Webull,QQQ,2026-03-18,Put,598.0,BUY,1,1.55,Date only -- no execution-time data exists for this account/period,True,QQQ   260318P00598000,False,,recover,ok,293,2026-03-18 10:26:00,2026-03-18 15:35:00,2026-03-18 10:35:00,309.0
2026-03-18,,Webull,QQQ,2026-03-18,Put,601.0,BUY,1,2.21,Date only -- no execution-time data exists for this account/period,True,QQQ   260318P00601000,False,,recover,ok,427,2026-03-18 09:30:00,2026-03-18 14:37:00,2026-03-18 10:17:00,307.0
2026-03-18,,Webull,QQQ,2026-03-23,Put,600.0,BUY,2,5.77,Date only -- no execution-time data exists for this account/period,True,QQQ   260323P00600000,False,,recover,ok,6,2026-03-18 09:31:00,2026-03-18 11:53:00,2026-03-18 11:17:00,142.0
2026-03-18,,Webull,QQQ,2026-03-23,Put,595.0,BUY,1,4.17,Date only -- no execution-time data exists for this account/period,True,QQQ   260323P00595000,False,,recover,ok,2,2026-03-18 09:31:00,2026-03-18 12:55:00,2026-03-18 09:31:00,204.0
2026-03-18,,Robinhood-main,QQQ,2026-03-18,Put,600.0,BUY,2,1.75,Date only -- no execution-time data exists for this account/period,True,QQQ   260318P00600000,False,,recover,ok,761,2026-03-18 09:30:00,2026-03-18 14:43:00,2026-03-18 14:18:00,313.0
2026-03-18,15:58,Robinhood-main,QQQ,2026-03-20,Put,584.0,BUY,1,1.45,Exact (Robinhood email confirmation),True,QQQ   260320P00584000,True,2026-03-18 15:58:00,validate,ok,2,2026-03-18 15:53:00,2026-03-18 15:57:00,2026-03-18 15:53:00,4.0
2026-03-18,15:51,Robinhood-main,QQQ,2026-03-20,Put,592.0,SELL,1,3.23,Exact (Robinhood email confirmation),True,QQQ   260320P00592000,True,2026-03-18 15:51:00,validate,ok,3,2026-03-18 15:42:00,2026-03-18 15:51:00,2026-03-18 15:42:00,9.0
2026-03-18,15:22,Robinhood-main,QQQ,2026-03-20,Put,592.0,BUY,1,2.88,Exact (Robinhood email confirmation),True,QQQ   260320P00592000,True,2026-03-18 15:22:00,validate,ok,3,2026-03-18 15:22:00,2026-03-18 15:35:00,2026-03-18 15:22:00,13.0
2026-03-18,14:53,Robinhood-main,QQQ,2026-03-18,Put,600.0,SELL,1,2.61,Exact (Robinhood email confirmation),True,QQQ   260318P00600000,True,2026-03-18 14:53:00,validate,ok,135,2026-03-18 10:26:00,2026-03-18 15:16:00,2026-03-18 13:01:00,290.0
2026-03-18,14:34,Robinhood-main,QQQ,2026-03-18,Put,595.0,SELL,1,0.42,Exact (Robinhood email confirmation),True,QQQ   260318P00595000,True,2026-03-18 14:34:00,validate,ok,425,2026-03-18 09:40:00,2026-03-18 16:05:00,2026-03-18 10:11:00,385.0
2026-03-19,,Robinhood-main,QQQ,2026-03-20,Put,584.0,SELL,1,2.74,Date only -- no execution-time data exists for this account/period,True,QQQ   260320P00584000,False,,recover,ok,4,2026-03-19 09:30:00,2026-03-19 09:39:00,2026-03-19 09:39:00,9.0
2026-03-19,,Robinhood-main,QQQ,2026-03-24,Put,585.0,BUY,1,6.77,Date only -- no execution-time data exists for this account/period,True,QQQ   260324P00585000,False,,recover,ok,1,2026-03-19 09:36:00,2026-03-19 09:36:00,2026-03-19 09:36:00,0.0
2026-03-19,,Robinhood-main,QQQ,2026-03-19,Call,592.0,BUY,1,0.18,Date only -- no execution-time data exists for this account/period,False,QQQ   260319C00592000,False,,recover,ok,123,2026-03-19 13:40:00,2026-03-19 14:57:00,2026-03-19 14:56:00,77.0
2026-03-19,,Robinhood-main,QQQ,2026-03-24,Put,585.0,SELL,1,3.91,Date only -- no execution-time data exists for this account/period,True,QQQ   260324P00585000,False,,recover,ok,1,2026-03-19 14:13:00,2026-03-19 14:13:00,2026-03-19 14:13:00,0.0
2026-03-19,,Robinhood-main,AMD,2026-03-20,Put,190.0,SELL,1,0.17,Date only -- no execution-time data exists for this account/period,True,AMD   260320P00190000,False,,recover,ok,32,2026-03-19 14:13:00,2026-03-19 14:49:00,2026-03-19 14:47:00,36.0
2026-03-19,,Robinhood-main,QQQ,2026-03-19,Call,592.0,BUY,1,0.23,Date only -- no execution-time data exists for this account/period,False,QQQ   260319C00592000,False,,recover,ok,129,2026-03-19 13:09:00,2026-03-19 14:57:00,2026-03-19 14:33:00,108.0
2026-03-19,,Robinhood-main,QQQ,2026-03-19,Call,592.0,SELL,1,0.15,Date only -- no execution-time data exists for this account/period,False,QQQ   260319C00592000,False,,recover,ok,63,2026-03-19 14:37:00,2026-03-19 14:56:00,2026-03-19 14:37:00,19.0
2026-03-19,,Robinhood-main,QQQ,2026-03-20,Call,593.0,BUY,1,1.98,Date only -- no execution-time data exists for this account/period,False,QQQ   260320C00593000,False,,recover,ok,27,2026-03-19 13:05:00,2026-03-19 14:56:00,2026-03-19 13:56:00,111.0
2026-03-19,,Robinhood-main,QQQ,2026-03-19,Call,591.0,BUY,1,0.34,Date only -- no execution-time data exists for this account/period,False,QQQ   260319C00591000,False,,recover,ok,88,2026-03-19 13:41:00,2026-03-19 14:56:00,2026-03-19 13:47:00,75.0
2026-03-19,,Webull,QQQ,2026-03-19,Put,590.0,BUY,1,1.71,Date only -- no execution-time data exists for this account/period,True,QQQ   260319P00590000,False,,recover,ok,413,2026-03-19 09:54:00,2026-03-19 13:17:00,2026-03-19 10:10:00,203.0
2026-03-19,,Robinhood-main,AMD,2026-03-20,Put,190.0,BUY,1,1.74,Date only -- no execution-time data exists for this account/period,True,AMD   260320P00190000,False,,recover,ok,22,2026-03-19 09:30:00,2026-03-19 09:41:00,2026-03-19 09:40:00,11.0
2026-03-19,,Webull,QQQ,2026-03-25,Put,585.0,BUY,1,7.68,Date only -- no execution-time data exists for this account/period,True,QQQ   260325P00585000,False,,recover,ok,1,2026-03-19 09:35:00,2026-03-19 09:35:00,2026-03-19 09:35:00,0.0
2026-03-19,,Webull,AMD,2026-03-20,Put,195.0,BUY,1,2.06,Date only -- no execution-time data exists for this account/period,True,AMD   260320P00195000,False,,recover,ok,20,2026-03-19 10:02:00,2026-03-19 10:23:00,2026-03-19 10:22:00,21.0
2026-03-19,,Webull,ULTA,2026-03-20,Put,515.0,BUY,1,3.2,Date only -- no execution-time data exists for this account/period,True,ULTA  260320P00515000,False,,recover,ok,1,2026-03-19 10:01:00,2026-03-19 10:01:00,2026-03-19 10:01:00,0.0
2026-03-19,,Webull,QQQ,2026-03-23,Put,595.0,SELL,1,10.55,Date only -- no execution-time data exists for this account/period,True,QQQ   260323P00595000,False,,recover,ok,3,2026-03-19 09:30:00,2026-03-19 09:32:00,2026-03-19 09:30:00,2.0
2026-03-19,,Webull,QQQ,2026-03-19,Put,590.0,BUY,2,1.3,Date only -- no execution-time data exists for this account/period,True,QQQ   260319P00590000,False,,recover,ok,654,2026-03-19 10:11:00,2026-03-19 13:48:00,2026-03-19 11:19:00,217.0
2026-03-19,,Webull,AMD,2026-03-20,Put,195.0,SELL,1,0.52,Date only -- no execution-time data exists for this account/period,True,AMD   260320P00195000,False,,recover,ok,13,2026-03-19 14:12:00,2026-03-19 14:49:00,2026-03-19 14:16:00,37.0
2026-03-19,,Webull,QQQ,2026-03-19,Put,590.0,SELL,4,0.45,Date only -- no execution-time data exists for this account/period,True,QQQ   260319P00590000,False,,recover,ok,142,2026-03-19 14:12:00,2026-03-19 14:57:00,2026-03-19 14:12:00,45.0
2026-03-19,,Webull,QQQ,2026-03-19,Put,590.0,BUY,1,1.83,Date only -- no execution-time data exists for this account/period,True,QQQ   260319P00590000,False,,recover,ok,416,2026-03-19 09:51:00,2026-03-19 13:17:00,2026-03-19 10:19:00,206.0
2026-03-19,,Webull,ULTA,2026-03-20,Put,515.0,SELL,1,1.15,Date only -- no execution-time data exists for this account/period,True,ULTA  260320P00515000,False,,recover,ok,1,2026-03-19 14:13:00,2026-03-19 14:13:00,2026-03-19 14:13:00,0.0
2026-03-19,,Webull,QQQ,2026-03-25,Put,585.0,SELL,1,4.81,Date only -- no execution-time data exists for this account/period,True,QQQ   260325P00585000,False,,recover,ok,1,2026-03-19 14:13:00,2026-03-19 14:13:00,2026-03-19 14:13:00,0.0
2026-03-19,,Webull,QQQ,2026-03-19,Put,590.0,BUY,2,0.52,Date only -- no execution-time data exists for this account/period,True,QQQ   260319P00590000,False,,recover,ok,73,2026-03-19 14:12:00,2026-03-19 14:57:00,2026-03-19 14:56:00,45.0
2026-03-19,,Webull,QQQ,2026-03-19,Put,590.0,SELL,2,0.64,Date only -- no execution-time data exists for this account/period,True,QQQ   260319P00590000,False,,recover,ok,131,2026-03-19 14:10:00,2026-03-19 14:56:00,2026-03-19 14:32:00,46.0
2026-03-19,,Webull,QQQ,2026-03-20,Put,590.0,SELL,1,2.56,Date only -- no execution-time data exists for this account/period,True,QQQ   260320P00590000,False,,recover,ok,117,2026-03-19 11:05:00,2026-03-19 14:58:00,2026-03-19 11:05:00,233.0
2026-03-19,,Webull,QQQ,2026-03-20,Put,590.0,BUY,1,3.4,Date only -- no execution-time data exists for this account/period,True,QQQ   260320P00590000,False,,recover,ok,277,2026-03-19 09:51:00,2026-03-19 14:51:00,2026-03-19 11:27:00,300.0
2026-03-19,14:58,Robinhood-main,QQQ,2026-03-19,Call,592.0,SELL,1,0.37,Exact (Robinhood email confirmation),False,QQQ   260319C00592000,True,2026-03-19 14:58:00,validate,ok,130,2026-03-19 13:04:00,2026-03-19 14:58:00,2026-03-19 14:29:00,114.0
2026-03-19,14:58,Robinhood-main,QQQ,2026-03-19,Call,591.0,SELL,1,0.85,Exact (Robinhood email confirmation),False,QQQ   260319C00591000,True,2026-03-19 14:58:00,validate,ok,190,2026-03-19 11:45:00,2026-03-19 14:58:00,2026-03-19 12:57:00,193.0
2026-03-19,15:01,Robinhood-main,QQQ,2026-03-20,Call,593.0,SELL,1,2.88,Exact (Robinhood email confirmation),False,QQQ   260320C00593000,True,2026-03-19 15:01:00,validate,ok,39,2026-03-19 09:41:00,2026-03-19 15:01:00,2026-03-19 10:32:00,320.0
2026-03-19,15:16,Robinhood-main,QQQ,2026-03-19,Put,590.0,BUY,1,0.09,Exact (Robinhood email confirmation),True,QQQ   260319P00590000,True,2026-03-19 15:16:00,validate,ok,132,2026-03-19 15:08:00,2026-03-19 15:37:00,2026-03-19 15:20:00,29.0
2026-03-19,15:24,Robinhood-main,QQQ,2026-03-19,Put,590.0,SELL,1,0.11,Exact (Robinhood email confirmation),True,QQQ   260319P00590000,True,2026-03-19 15:24:00,validate,ok,141,2026-03-19 15:06:00,2026-03-19 15:36:00,2026-03-19 15:06:00,30.0
2026-03-20,,Robinhood-main,AMD,2026-03-20,Put,200.0,BUY,2,0.44,Date only -- no execution-time data exists for this account/period,True,AMD   260320P00200000,False,,recover,ok,85,2026-03-20 09:30:00,2026-03-20 15:52:00,2026-03-20 11:13:00,382.0
2026-03-20,,Robinhood-main,AMD,2026-03-20,Put,200.0,BUY,3,1.05,Date only -- no execution-time data exists for this account/period,True,AMD   260320P00200000,False,,recover,ok,155,2026-03-20 09:31:00,2026-03-20 15:40:00,2026-03-20 13:41:00,369.0
2026-03-20,,Robinhood-main,AMD,2026-03-20,Put,205.0,SELL,1,5.1,Date only -- no execution-time data exists for this account/period,True,AMD   260320P00205000,False,,recover,ok,6,2026-03-20 10:26:00,2026-03-20 13:55:00,2026-03-20 13:55:00,209.0
2026-03-20,,Robinhood-main,MU,2026-03-20,Put,435.0,SELL,1,7.6,Date only -- no execution-time data exists for this account/period,True,MU    260320P00435000,False,,recover,ok,18,2026-03-20 10:23:00,2026-03-20 13:08:00,2026-03-20 12:55:00,165.0
2026-03-20,,Robinhood-main,AMD,2026-03-20,Put,200.0,BUY,1,1.08,Date only -- no execution-time data exists for this account/period,True,AMD   260320P00200000,False,,recover,ok,124,2026-03-20 09:31:00,2026-03-20 15:40:00,2026-03-20 10:08:00,369.0
2026-03-20,,Robinhood-main,AMD,2026-03-20,Put,205.0,SELL,2,3.65,Date only -- no execution-time data exists for this account/period,True,AMD   260320P00205000,False,,recover,ok,18,2026-03-20 10:01:00,2026-03-20 15:58:00,2026-03-20 13:00:00,357.0
2026-03-20,,Robinhood-main,MU,2026-03-20,Put,435.0,BUY,1,4.9,Date only -- no execution-time data exists for this account/period,True,MU    260320P00435000,False,,recover,ok,19,2026-03-20 09:30:00,2026-03-20 12:12:00,2026-03-20 12:04:00,162.0
2026-03-20,,Robinhood-main,MU,2026-03-20,Put,430.0,SELL,1,1.9,Date only -- no execution-time data exists for this account/period,True,MU    260320P00430000,False,,recover,ok,15,2026-03-20 09:30:00,2026-03-20 12:14:00,2026-03-20 12:14:00,164.0
2026-03-20,,Robinhood-main,AMD,2026-03-20,Put,205.0,BUY,5,2.62,Date only -- no execution-time data exists for this account/period,True,AMD   260320P00205000,False,,recover,ok,18,2026-03-20 09:30:00,2026-03-20 12:17:00,2026-03-20 09:30:00,167.0
2026-03-20,,Robinhood-main,MU,2026-03-20,Put,430.0,BUY,1,0.82,Date only -- no execution-time data exists for this account/period,True,MU    260320P00430000,False,,recover,ok,21,2026-03-20 09:41:00,2026-03-20 09:45:00,2026-03-20 09:42:00,4.0
2026-03-20,14:57,Robinhood-main,QQQ,2026-03-20,Call,582.0,SELL,1,0.78,Exact (Robinhood email confirmation),False,QQQ   260320C00582000,True,2026-03-20 14:57:00,validate,ok,95,2026-03-20 14:50:00,2026-03-20 16:12:00,2026-03-20 14:50:00,82.0
2026-03-20,14:37,Robinhood-main,QQQ,2026-03-20,Call,582.0,BUY,1,1.13,Exact (Robinhood email confirmation),False,QQQ   260320C00582000,True,2026-03-20 14:37:00,validate,ok,60,2026-03-20 14:36:00,2026-03-20 14:41:00,2026-03-20 14:37:00,5.0
2026-03-20,13:54,Robinhood-main,AMD,2026-03-20,Put,205.0,SELL,2,5.3,Exact (Robinhood email confirmation),True,AMD   260320P00205000,True,2026-03-20 13:54:00,validate,ok,12,2026-03-20 10:27:00,2026-03-20 15:51:00,2026-03-20 15:43:00,324.0
2026-03-20,13:37,Robinhood-main,AMD,2026-03-20,Put,200.0,SELL,4,1.0,Exact (Robinhood email confirmation),True,AMD   260320P00200000,True,2026-03-20 13:37:00,validate,ok,179,2026-03-20 09:31:00,2026-03-20 15:40:00,2026-03-20 14:27:00,369.0
2026-03-20,11:20,Robinhood-main,AMD,2026-03-20,Put,200.0,SELL,2,0.63,Exact (Robinhood email confirmation),True,AMD   260320P00200000,True,2026-03-20 11:20:00,validate,ok,81,2026-03-20 09:30:00,2026-03-20 15:49:00,2026-03-20 13:19:00,379.0
2026-03-24,,Robinhood-main,QQQ,2026-03-25,Put,584.0,BUY,1,3.46,Date only -- no execution-time data exists for this account/period,True,QQQ   260325P00584000,False,,recover,ok,109,2026-03-24 09:31:00,2026-03-24 15:59:00,2026-03-24 15:53:00,388.0
2026-03-24,,Robinhood-main,COIN,2026-04-02,Put,195.0,BUY,1,7.9,Date only -- no execution-time data exists for this account/period,True,COIN  260402P00195000,False,,recover,ok,1,2026-03-24 09:31:00,2026-03-24 09:31:00,2026-03-24 09:31:00,0.0
2026-03-24,,Webull,COIN,2026-04-02,Put,190.0,SELL,1,11.95,Date only -- no execution-time data exists for this account/period,True,COIN  260402P00190000,False,,recover,ok,3,2026-03-24 10:31:00,2026-03-24 10:52:00,2026-03-24 10:34:00,21.0
2026-03-24,,Webull,COIN,2026-03-27,Put,200.0,SELL,1,14.15,Date only -- no execution-time data exists for this account/period,True,COIN  260327P00200000,False,,recover,ok,1,2026-03-24 10:27:00,2026-03-24 10:27:00,2026-03-24 10:27:00,0.0
2026-03-24,,Webull,COIN,2026-03-27,Put,182.5,SELL,1,1.24,Date only -- no execution-time data exists for this account/period,True,COIN  260327P00182500,False,,recover,ok,1,2026-03-24 09:35:00,2026-03-24 09:35:00,2026-03-24 09:35:00,0.0
2026-03-24,,Bebo,COIN,2026-04-02,Put,180.0,SELL,1,2.75,Date only -- no execution-time data exists for this account/period,True,COIN  260402P00180000,False,,recover,ok,1,2026-03-24 09:35:00,2026-03-24 09:35:00,2026-03-24 09:35:00,0.0
2026-03-24,,Bebo,COIN,2026-03-27,Put,175.0,SELL,1,1.63,Date only -- no execution-time data exists for this account/period,True,COIN  260327P00175000,False,,recover,ok,3,2026-03-24 10:16:00,2026-03-24 10:17:00,2026-03-24 10:17:00,1.0
2026-03-24,09:38,Robinhood-main,QQQ,2026-03-25,Put,584.0,SELL,1,3.85,Exact (Robinhood email confirmation),True,QQQ   260325P00584000,True,2026-03-24 09:38:00,validate,ok,151,2026-03-24 09:30:00,2026-03-24 13:50:00,2026-03-24 13:11:00,260.0
2026-03-24,09:53,Robinhood-main,QQQ,2026-03-24,Put,580.0,SELL,1,1.06,Exact (Robinhood email confirmation),True,QQQ   260324P00580000,True,2026-03-24 09:53:00,validate,ok,115,2026-03-24 09:30:00,2026-03-24 09:56:00,2026-03-24 09:53:00,26.0
2026-03-24,10:24,Robinhood-main,COIN,2026-04-02,Put,195.0,SELL,1,12.75,Exact (Robinhood email confirmation),True,COIN  260402P00195000,True,2026-03-24 10:24:00,validate,ok,1,2026-03-24 10:24:00,2026-03-24 10:24:00,2026-03-24 10:24:00,0.0
2026-03-24,09:39,Robinhood-main,QQQ,2026-04-02,Put,580.0,BUY,1,8.66,Exact (Robinhood email confirmation),True,QQQ   260402P00580000,True,2026-03-24 09:39:00,validate,ok,2,2026-03-24 09:39:00,2026-03-24 09:59:00,2026-03-24 09:39:00,20.0
2026-03-24,09:42,Robinhood-main,QQQ,2026-03-24,Put,580.0,BUY,1,1.41,Exact (Robinhood email confirmation),True,QQQ   260324P00580000,True,2026-03-24 09:42:00,validate,ok,78,2026-03-24 09:41:00,2026-03-24 09:52:00,2026-03-24 09:50:00,11.0
2026-03-25,,Robinhood-main,COIN,2026-03-27,Put,180.0,BUY,2,3.0,Date only -- no execution-time data exists for this account/period,True,COIN  260327P00180000,False,,recover,ok,21,2026-03-25 09:30:00,2026-03-25 13:02:00,2026-03-25 09:32:00,212.0
2026-03-25,,Robinhood-main,QQQ,2026-03-26,Put,588.0,BUY,1,3.11,Date only -- no execution-time data exists for this account/period,True,QQQ   260326P00588000,False,,recover,ok,127,2026-03-25 09:30:00,2026-03-25 16:09:00,2026-03-25 13:16:00,399.0
2026-03-25,,Robinhood-main,USO,2026-03-25,Put,110.0,BUY,1,1.3,Date only -- no execution-time data exists for this account/period,True,USO   260325P00110000,False,,recover,ok,18,2026-03-25 09:47:00,2026-03-25 10:28:00,2026-03-25 10:22:00,41.0
2026-03-25,,Robinhood-main,USO,2026-03-25,Put,109.0,BUY,1,0.89,Date only -- no execution-time data exists for this account/period,True,USO   260325P00109000,False,,recover,ok,7,2026-03-25 10:11:00,2026-03-25 10:26:00,2026-03-25 10:12:00,15.0
2026-03-25,,Robinhood-main,QQQ,2026-03-26,Put,588.0,SELL,1,2.52,Date only -- no execution-time data exists for this account/period,True,QQQ   260326P00588000,False,,recover,ok,78,2026-03-25 09:36:00,2026-03-25 14:23:00,2026-03-25 13:41:00,287.0
2026-03-25,,Robinhood-main,COIN,2026-04-02,Put,180.0,BUY,1,6.25,Date only -- no execution-time data exists for this account/period,True,COIN  260402P00180000,False,,recover,ok,2,2026-03-25 09:31:00,2026-03-25 11:38:00,2026-03-25 09:31:00,127.0
2026-03-25,,Webull,COIN,2026-04-02,Put,180.0,BUY,2,6.45,Date only -- no execution-time data exists for this account/period,True,COIN  260402P00180000,False,,recover,ok,1,2026-03-25 09:30:00,2026-03-25 09:30:00,2026-03-25 09:30:00,0.0
2026-03-25,,Webull,COIN,2026-03-27,Put,180.0,SELL,1,4.05,Date only -- no execution-time data exists for this account/period,True,COIN  260327P00180000,False,,recover,ok,9,2026-03-25 13:29:00,2026-03-25 15:59:00,2026-03-25 15:59:00,150.0
2026-03-25,,Webull,COIN,2026-04-02,Put,180.0,SELL,2,7.4,Date only -- no execution-time data exists for this account/period,True,COIN  260402P00180000,False,,recover,ok,2,2026-03-25 15:15:00,2026-03-25 15:58:00,2026-03-25 15:15:00,43.0
2026-03-25,,Webull,COIN,2026-03-27,Put,180.0,SELL,1,4.5,Date only -- no execution-time data exists for this account/period,True,COIN  260327P00180000,False,,recover,ok,7,2026-03-25 13:29:00,2026-03-25 14:55:00,2026-03-25 13:29:00,86.0
2026-03-25,,Webull,USO,2026-03-25,Put,106.0,SELL,1,0.08,Date only -- no execution-time data exists for this account/period,True,USO   260325P00106000,False,,recover,ok,7,2026-03-25 11:17:00,2026-03-25 14:52:00,2026-03-25 11:18:00,215.0
2026-03-25,,Webull,USO,2026-03-25,Put,110.0,SELL,2,0.44,Date only -- no execution-time data exists for this account/period,True,USO   260325P00110000,False,,recover,ok,6,2026-03-25 11:16:00,2026-03-25 11:42:00,2026-03-25 11:17:00,26.0
2026-03-25,,Webull,USO,2026-03-25,Put,106.0,BUY,1,0.42,Date only -- no execution-time data exists for this account/period,True,USO   260325P00106000,False,,recover,ok,1,2026-03-25 10:06:00,2026-03-25 10:06:00,2026-03-25 10:06:00,0.0
2026-03-25,,Webull,USO,2026-03-25,Put,110.0,BUY,2,1.43,Date only -- no execution-time data exists for this account/period,True,USO   260325P00110000,False,,recover,ok,3,2026-03-25 09:45:00,2026-03-25 10:03:00,2026-03-25 10:03:00,18.0
2026-03-25,,Bebo,COIN,2026-04-02,Put,175.0,SELL,1,5.5,Date only -- no execution-time data exists for this account/period,True,COIN  260402P00175000,False,,recover,ok,2,2026-03-25 14:34:00,2026-03-25 14:39:00,2026-03-25 14:39:00,5.0
2026-03-25,,Bebo,COIN,2026-04-02,Put,175.0,BUY,1,4.7,Date only -- no execution-time data exists for this account/period,True,COIN  260402P00175000,False,,recover,ok,1,2026-03-25 09:30:00,2026-03-25 09:30:00,2026-03-25 09:30:00,0.0
2026-03-25,,Webull,AMD,2026-04-02,Put,210.0,BUY,1,4.75,Date only -- no execution-time data exists for this account/period,True,AMD   260402P00210000,False,,recover,ok,7,2026-03-25 09:34:00,2026-03-25 10:01:00,2026-03-25 09:51:00,27.0
2026-03-25,,Webull,COIN,2026-03-27,Put,180.0,BUY,2,3.2,Date only -- no execution-time data exists for this account/period,True,COIN  260327P00180000,False,,recover,ok,11,2026-03-25 09:30:00,2026-03-25 13:12:00,2026-03-25 13:06:00,222.0
2026-03-25,11:17,Robinhood-main,USO,2026-03-25,Put,109.0,SELL,1,0.17,Exact (Robinhood email confirmation),True,USO   260325P00109000,True,2026-03-25 11:17:00,validate,ok,2,2026-03-25 11:17:00,2026-03-25 12:26:00,2026-03-25 11:17:00,69.0
2026-03-25,11:18,Robinhood-main,USO,2026-03-25,Put,110.0,SELL,1,0.4,Exact (Robinhood email confirmation),True,USO   260325P00110000,True,2026-03-25 11:18:00,validate,ok,9,2026-03-25 11:17:00,2026-03-25 12:25:00,2026-03-25 11:18:00,68.0
2026-03-25,15:18,Robinhood-main,COIN,2026-03-27,Put,180.0,SELL,2,4.0,Exact (Robinhood email confirmation),True,COIN  260327P00180000,True,2026-03-25 15:18:00,validate,ok,10,2026-03-25 13:29:00,2026-03-25 15:59:00,2026-03-25 15:57:00,150.0
2026-03-25,15:19,Robinhood-main,COIN,2026-04-02,Put,180.0,SELL,1,7.26,Exact (Robinhood email confirmation),True,COIN  260402P00180000,True,2026-03-25 15:19:00,validate,ok,1,2026-03-25 15:19:00,2026-03-25 15:19:00,2026-03-25 15:19:00,0.0
2026-03-25,15:19,Robinhood-main,QQQ,2026-04-02,Put,580.0,SELL,1,6.2,Exact (Robinhood email confirmation),True,QQQ   260402P00580000,True,2026-03-25 15:19:00,validate,ok,5,2026-03-25 10:04:00,2026-03-25 15:43:00,2026-03-25 15:43:00,339.0
2026-03-26,,Webull,AMD,2026-04-02,Put,210.0,SELL,1,5.55,Date only -- no execution-time data exists for this account/period,True,AMD   260402P00210000,False,,recover,ok,3,2026-03-26 10:33:00,2026-03-26 10:33:00,2026-03-26 10:33:00,0.0
2026-03-26,,Robinhood-main,COIN,2026-04-02,Put,175.0,SELL,1,7.85,Date only -- no execution-time data exists for this account/period,True,COIN  260402P00175000,False,,recover,ok,4,2026-03-26 09:31:00,2026-03-26 12:15:00,2026-03-26 09:31:00,164.0
2026-03-26,,Bebo,COIN,2026-03-27,Put,170.0,BUY,1,2.23,Date only -- no execution-time data exists for this account/period,True,COIN  260327P00170000,False,,recover,ok,20,2026-03-26 09:30:00,2026-03-26 13:01:00,2026-03-26 13:01:00,211.0
2026-03-26,,Bebo,COIN,2026-03-27,Put,170.0,BUY,1,1.86,Date only -- no execution-time data exists for this account/period,True,COIN  260327P00170000,False,,recover,ok,19,2026-03-26 09:30:00,2026-03-26 14:56:00,2026-03-26 11:47:00,326.0
2026-03-26,,Bebo,COIN,2026-03-27,Put,170.0,BUY,1,1.08,Date only -- no execution-time data exists for this account/period,True,COIN  260327P00170000,False,,recover,ok,4,2026-03-26 10:37:00,2026-03-26 10:39:00,2026-03-26 10:38:00,2.0
2026-03-26,,Bebo,COIN,2026-03-27,Put,170.0,SELL,3,1.89,Date only -- no execution-time data exists for this account/period,True,COIN  260327P00170000,False,,recover,ok,30,2026-03-26 09:30:00,2026-03-26 15:10:00,2026-03-26 14:54:00,340.0
2026-03-26,,Webull,COIN,2026-03-27,Put,170.0,BUY,1,1.31,Date only -- no execution-time data exists for this account/period,True,COIN  260327P00170000,False,,recover,ok,17,2026-03-26 09:45:00,2026-03-26 10:43:00,2026-03-26 10:08:00,58.0
2026-03-26,,Robinhood-main,COIN,2026-03-27,Put,170.0,SELL,1,1.85,Date only -- no execution-time data exists for this account/period,True,COIN  260327P00170000,False,,recover,ok,32,2026-03-26 09:30:00,2026-03-26 15:08:00,2026-03-26 14:56:00,338.0
2026-03-26,,Robinhood-main,COIN,2026-04-02,Put,170.0,BUY,1,5.5,Date only -- no execution-time data exists for this account/period,True,COIN  260402P00170000,False,,recover,ok,15,2026-03-26 09:31:00,2026-03-26 15:49:00,2026-03-26 09:31:00,378.0
2026-03-26,,Robinhood-main,COIN,2026-03-27,Put,175.0,SELL,1,4.04,Date only -- no execution-time data exists for this account/period,True,COIN  260327P00175000,False,,recover,ok,18,2026-03-26 09:30:00,2026-03-26 12:12:00,2026-03-26 11:45:00,162.0
2026-03-26,,Robinhood-main,COIN,2026-04-02,Put,170.0,BUY,1,5.5,Date only -- no execution-time data exists for this account/period,True,COIN  260402P00170000,False,,recover,ok,15,2026-03-26 09:31:00,2026-03-26 15:49:00,2026-03-26 09:31:00,378.0
2026-03-26,,Robinhood-main,COIN,2026-04-02,Put,175.0,BUY,1,8.0,Date only -- no execution-time data exists for this account/period,True,COIN  260402P00175000,False,,recover,ok,5,2026-03-26 09:31:00,2026-03-26 15:32:00,2026-03-26 09:31:00,361.0
2026-03-26,,Webull,COIN,2026-03-27,Put,175.0,BUY,1,2.46,Date only -- no execution-time data exists for this account/period,True,COIN  260327P00175000,False,,recover,ok,14,2026-03-26 09:30:00,2026-03-26 10:20:00,2026-03-26 09:45:00,50.0
2026-03-26,,Webull,COIN,2026-03-27,Put,175.0,SELL,1,3.9,Date only -- no execution-time data exists for this account/period,True,COIN  260327P00175000,False,,recover,ok,24,2026-03-26 09:30:00,2026-03-26 15:59:00,2026-03-26 13:33:00,389.0
2026-03-26,,Robinhood-main,COIN,2026-03-27,Put,175.0,BUY,1,3.5,Date only -- no execution-time data exists for this account/period,True,COIN  260327P00175000,False,,recover,ok,25,2026-03-26 09:30:00,2026-03-26 13:35:00,2026-03-26 11:17:00,245.0
2026-03-26,,Robinhood-main,AMD,2026-04-02,Put,210.0,BUY,1,4.06,Date only -- no execution-time data exists for this account/period,True,AMD   260402P00210000,False,,recover,ok,8,2026-03-26 09:40:00,2026-03-26 09:51:00,2026-03-26 09:48:00,11.0
2026-03-26,,Webull,COIN,2026-03-27,Put,170.0,SELL,1,1.9,Date only -- no execution-time data exists for this account/period,True,COIN  260327P00170000,False,,recover,ok,35,2026-03-26 09:30:00,2026-03-26 15:54:00,2026-03-26 14:45:00,384.0
2026-03-26,,Robinhood-main,COIN,2026-03-27,Put,175.0,SELL,1,4.04,Date only -- no execution-time data exists for this account/period,True,COIN  260327P00175000,False,,recover,ok,18,2026-03-26 09:30:00,2026-03-26 12:12:00,2026-03-26 11:45:00,162.0
2026-03-26,,Robinhood-main,COIN,2026-03-27,Put,172.5,SELL,1,2.88,Date only -- no execution-time data exists for this account/period,True,COIN  260327P00172500,False,,recover,ok,8,2026-03-26 09:30:00,2026-03-26 13:27:00,2026-03-26 09:39:00,237.0
2026-03-26,,Robinhood-main,AMD,2026-04-02,Put,210.0,SELL,1,5.6,Date only -- no execution-time data exists for this account/period,True,AMD   260402P00210000,False,,recover,ok,6,2026-03-26 10:33:00,2026-03-26 10:40:00,2026-03-26 10:33:00,7.0
2026-03-26,,Robinhood-main,COIN,2026-03-27,Put,170.0,BUY,1,1.14,Date only -- no execution-time data exists for this account/period,True,COIN  260327P00170000,False,,recover,ok,7,2026-03-26 09:50:00,2026-03-26 10:07:00,2026-03-26 09:54:00,17.0
2026-03-26,,Robinhood-main,COIN,2026-03-27,Put,175.0,BUY,1,3.15,Date only -- no execution-time data exists for this account/period,True,COIN  260327P00175000,False,,recover,ok,15,2026-03-26 09:30:00,2026-03-26 15:45:00,2026-03-26 10:52:00,375.0
2026-03-26,,Robinhood-main,COIN,2026-03-27,Put,172.5,BUY,1,2.02,Date only -- no execution-time data exists for this account/period,True,COIN  260327P00172500,False,,recover,ok,2,2026-03-26 09:44:00,2026-03-26 10:13:00,2026-03-26 09:44:00,29.0
2026-03-26,15:56,Robinhood-main,QQQ,2026-03-27,Put,571.0,SELL,1,2.14,Exact (Robinhood email confirmation),True,QQQ   260327P00571000,True,2026-03-26 15:56:00,validate,ok,14,2026-03-26 15:45:00,2026-03-26 16:11:00,2026-03-26 15:56:00,26.0
2026-03-26,15:11,Robinhood-main,QQQ,2026-03-27,Put,571.0,BUY,1,1.88,Exact (Robinhood email confirmation),True,QQQ   260327P00571000,True,2026-03-26 15:11:00,validate,ok,16,2026-03-26 13:59:00,2026-03-26 16:11:00,2026-03-26 15:41:00,132.0
2026-03-26,15:26,Robinhood-main,QQQ,2026-03-26,Put,573.0,SELL,1,0.15,Exact (Robinhood email confirmation),True,QQQ   260326P00573000,True,2026-03-26 15:26:00,validate,ok,323,2026-03-26 09:50:00,2026-03-26 16:09:00,2026-03-26 15:34:00,379.0
2026-03-26,14:29,Robinhood-main,QQQ,2026-03-26,Put,573.0,BUY,1,0.32,Exact (Robinhood email confirmation),True,QQQ   260326P00573000,True,2026-03-26 14:29:00,validate,ok,65,2026-03-26 13:54:00,2026-03-26 14:29:00,2026-03-26 14:28:00,35.0
2026-03-26,12:15,Robinhood-main,COIN,2026-04-02,Put,170.0,SELL,2,5.6,Exact (Robinhood email confirmation),True,COIN  260402P00170000,True,2026-03-26 12:15:00,validate,ok,6,2026-03-26 09:36:00,2026-03-26 15:50:00,2026-03-26 15:50:00,374.0
2026-03-27,,Webull,COIN,2026-03-27,Call,160.0,SELL,1,3.23,Date only -- no execution-time data exists for this account/period,False,COIN  260327C00160000,False,,recover,ok,7,2026-03-27 09:52:00,2026-03-27 12:04:00,2026-03-27 10:04:00,132.0
2026-03-27,,Webull,COIN,2026-03-27,Call,162.5,SELL,1,1.36,Date only -- no execution-time data exists for this account/period,False,COIN  260327C00162500,False,,recover,ok,17,2026-03-27 10:21:00,2026-03-27 13:07:00,2026-03-27 10:51:00,166.0
2026-03-27,,Webull,COIN,2026-03-27,Call,162.5,BUY,1,1.0,Date only -- no execution-time data exists for this account/period,False,COIN  260327C00162500,False,,recover,ok,33,2026-03-27 10:26:00,2026-03-27 14:41:00,2026-03-27 12:28:00,255.0
2026-03-27,,Webull,COIN,2026-03-27,Call,160.0,BUY,1,2.26,Date only -- no execution-time data exists for this account/period,False,COIN  260327C00160000,False,,recover,ok,7,2026-03-27 10:24:00,2026-03-27 14:15:00,2026-03-27 11:29:00,231.0
2026-03-27,,Webull,COIN,2026-03-27,Put,160.0,SELL,2,0.98,Date only -- no execution-time data exists for this account/period,True,COIN  260327P00160000,False,,recover,ok,23,2026-03-27 09:36:00,2026-03-27 11:28:00,2026-03-27 11:23:00,112.0
2026-03-27,,Webull,COIN,2026-03-27,Put,160.0,BUY,2,1.51,Date only -- no execution-time data exists for this account/period,True,COIN  260327P00160000,False,,recover,ok,52,2026-03-27 09:51:00,2026-03-27 11:23:00,2026-03-27 09:51:00,92.0
2026-03-27,,Webull,AMD,2026-03-27,Put,197.5,SELL,1,1.45,Date only -- no execution-time data exists for this account/period,True,AMD   260327P00197500,False,,recover,ok,46,2026-03-27 09:55:00,2026-03-27 10:00:00,2026-03-27 09:55:00,5.0
2026-03-27,,Bebo,AMD,2026-03-27,Put,197.5,SELL,1,0.5,Date only -- no execution-time data exists for this account/period,True,AMD   260327P00197500,False,,recover,ok,37,2026-03-27 09:39:00,2026-03-27 11:26:00,2026-03-27 09:39:00,107.0
2026-03-27,,Webull,AMD,2026-03-27,Put,195.0,BUY,3,0.67,Date only -- no execution-time data exists for this account/period,True,AMD   260327P00195000,False,,recover,ok,61,2026-03-27 09:30:00,2026-03-27 10:00:00,2026-03-27 10:00:00,30.0
2026-03-27,,Webull,AMD,2026-03-27,Put,197.5,BUY,1,1.35,Date only -- no execution-time data exists for this account/period,True,AMD   260327P00197500,False,,recover,ok,55,2026-03-27 09:55:00,2026-03-27 10:00:00,2026-03-27 09:57:00,5.0
2026-03-27,,Bebo,AMD,2026-03-27,Call,200.0,BUY,1,1.18,Date only -- no execution-time data exists for this account/period,False,AMD   260327C00200000,False,,recover,ok,53,2026-03-27 09:56:00,2026-03-27 15:46:00,2026-03-27 10:30:00,350.0
2026-03-27,,Bebo,AMD,2026-03-27,Put,195.0,SELL,1,0.12,Date only -- no execution-time data exists for this account/period,True,AMD   260327P00195000,False,,recover,ok,17,2026-03-27 11:27:00,2026-03-27 11:30:00,2026-03-27 11:28:00,3.0
2026-03-27,,Bebo,AMD,2026-03-27,Call,200.0,BUY,1,1.18,Date only -- no execution-time data exists for this account/period,False,AMD   260327C00200000,False,,recover,ok,53,2026-03-27 09:56:00,2026-03-27 15:46:00,2026-03-27 10:30:00,350.0
2026-03-27,,Bebo,AMD,2026-03-27,Call,200.0,SELL,2,0.91,Date only -- no execution-time data exists for this account/period,False,AMD   260327C00200000,False,,recover,ok,28,2026-03-27 10:36:00,2026-03-27 11:23:00,2026-03-27 10:36:00,47.0
2026-03-27,,Bebo,AMD,2026-03-27,Put,197.5,BUY,2,1.01,Date only -- no execution-time data exists for this account/period,True,AMD   260327P00197500,False,,recover,ok,93,2026-03-27 09:30:00,2026-03-27 10:47:00,2026-03-27 09:52:00,77.0
2026-03-27,,Bebo,AMD,2026-03-27,Put,197.5,SELL,2,1.15,Date only -- no execution-time data exists for this account/period,True,AMD   260327P00197500,False,,recover,ok,69,2026-03-27 09:53:00,2026-03-27 10:47:00,2026-03-27 09:54:00,54.0
2026-03-27,,Bebo,AMD,2026-03-27,Put,197.5,BUY,1,1.26,Date only -- no execution-time data exists for this account/period,True,AMD   260327P00197500,False,,recover,ok,66,2026-03-27 09:54:00,2026-03-27 10:46:00,2026-03-27 10:41:00,52.0
2026-03-27,,Bebo,AMD,2026-03-27,Put,195.0,BUY,1,0.23,Date only -- no execution-time data exists for this account/period,True,AMD   260327P00195000,False,,recover,ok,59,2026-03-27 09:42:00,2026-03-27 11:22:00,2026-03-27 09:42:00,100.0
2026-03-27,,Webull,AMD,2026-03-27,Put,195.0,SELL,3,0.68,Date only -- no execution-time data exists for this account/period,True,AMD   260327P00195000,False,,recover,ok,61,2026-03-27 09:30:00,2026-03-27 10:00:00,2026-03-27 09:55:00,30.0
2026-03-27,,Robinhood-main,AMD,2026-04-02,Put,200.0,BUY,3,5.59,Date only -- no execution-time data exists for this account/period,True,AMD   260402P00200000,False,,recover,ok,9,2026-03-27 09:31:00,2026-03-27 11:23:00,2026-03-27 09:31:00,112.0
2026-03-27,,Robinhood-main,AMD,2026-04-02,Put,200.0,BUY,2,5.59,Date only -- no execution-time data exists for this account/period,True,AMD   260402P00200000,False,,recover,ok,9,2026-03-27 09:31:00,2026-03-27 11:23:00,2026-03-27 09:31:00,112.0
2026-03-27,,Robinhood-main,AMD,2026-04-02,Put,200.0,SELL,3,5.35,Date only -- no execution-time data exists for this account/period,True,AMD   260402P00200000,False,,recover,ok,15,2026-03-27 09:30:00,2026-03-27 12:39:00,2026-03-27 09:33:00,189.0
2026-03-27,,Robinhood-main,AMD,2026-04-02,Put,200.0,BUY,1,5.2,Date only -- no execution-time data exists for this account/period,True,AMD   260402P00200000,False,,recover,ok,42,2026-03-27 09:30:00,2026-03-27 15:14:00,2026-03-27 11:30:00,344.0
2026-03-27,,Robinhood-main,AMD,2026-04-02,Put,200.0,SELL,3,6.0,Date only -- no execution-time data exists for this account/period,True,AMD   260402P00200000,False,,recover,ok,34,2026-03-27 09:52:00,2026-03-27 11:20:00,2026-03-27 11:10:00,88.0
2026-03-27,14:06,Robinhood-main,QQQ,2026-03-27,Put,560.0,BUY,1,0.26,Exact (Robinhood email confirmation),True,QQQ   260327P00560000,True,2026-03-27 14:06:00,validate,ok,271,2026-03-27 09:30:00,2026-03-27 14:26:00,2026-03-27 11:15:00,296.0
2026-03-27,10:29,Robinhood-main,AMD,2026-04-02,Put,200.0,SELL,1,6.3,Exact (Robinhood email confirmation),True,AMD   260402P00200000,True,2026-03-27 10:29:00,validate,ok,21,2026-03-27 09:54:00,2026-03-27 10:49:00,2026-03-27 10:49:00,55.0
2026-03-27,09:54,Robinhood-main,AMD,2026-04-02,Put,200.0,BUY,1,6.1,Exact (Robinhood email confirmation),True,AMD   260402P00200000,True,2026-03-27 09:54:00,validate,ok,17,2026-03-27 09:53:00,2026-03-27 11:22:00,2026-03-27 11:22:00,89.0
2026-03-27,14:06,Robinhood-main,QQQ,2026-04-01,Put,540.0,BUY,1,1.27,Exact (Robinhood email confirmation),True,QQQ   260401P00540000,True,2026-03-27 14:06:00,validate,ok,6,2026-03-27 13:57:00,2026-03-27 15:40:00,2026-03-27 13:57:00,103.0
2026-03-27,15:36,Robinhood-main,QQQ,2026-03-27,Put,560.0,SELL,1,0.08,Exact (Robinhood email confirmation),True,QQQ   260327P00560000,True,2026-03-27 15:36:00,validate,ok,153,2026-03-27 15:18:00,2026-03-27 16:14:00,2026-03-27 15:36:00,56.0
2026-03-30,,Robinhood-main,QQQ,2026-03-31,Put,555.0,BUY,1,1.56,Date only -- no execution-time data exists for this account/period,True,QQQ   260331P00555000,False,,recover,ok,44,2026-03-30 09:55:00,2026-03-30 14:20:00,2026-03-30 13:48:00,265.0
2026-03-30,,Webull,QQQ,2026-04-02,Put,560.0,BUY,1,4.93,Date only -- no execution-time data exists for this account/period,True,QQQ   260402P00560000,False,,recover,ok,25,2026-03-30 09:41:00,2026-03-30 12:10:00,2026-03-30 10:17:00,149.0
2026-03-30,,Webull,QQQ,2026-04-02,Put,560.0,BUY,1,4.76,Date only -- no execution-time data exists for this account/period,True,QQQ   260402P00560000,False,,recover,ok,13,2026-03-30 09:43:00,2026-03-30 11:28:00,2026-03-30 09:43:00,105.0
2026-03-30,,Robinhood-main,QQQ,2026-04-01,Put,560.0,SELL,1,5.2,Date only -- no execution-time data exists for this account/period,True,QQQ   260401P00560000,False,,recover,ok,10,2026-03-30 13:37:00,2026-03-30 14:35:00,2026-03-30 14:06:00,58.0
2026-03-30,,Webull,QQQ,2026-04-02,Put,560.0,SELL,1,7.04,Date only -- no execution-time data exists for this account/period,True,QQQ   260402P00560000,False,,recover,ok,4,2026-03-30 14:52:00,2026-03-30 15:54:00,2026-03-30 14:53:00,62.0
2026-03-30,,Robinhood-main,QQQ,2026-04-01,Put,550.0,BUY,1,1.1,Date only -- no execution-time data exists for this account/period,True,QQQ   260401P00550000,False,,recover,ok,5,2026-03-30 09:30:00,2026-03-30 11:56:00,2026-03-30 11:41:00,146.0
2026-03-30,,Robinhood-main,QQQ,2026-04-01,Call,580.0,BUY,5,0.7,Date only -- no execution-time data exists for this account/period,False,QQQ   260401C00580000,False,,recover,ok,10,2026-03-30 09:57:00,2026-03-30 11:05:00,2026-03-30 11:05:00,68.0
2026-03-30,,Robinhood-main,QQQ,2026-04-01,Put,560.0,BUY,1,3.87,Date only -- no execution-time data exists for this account/period,True,QQQ   260401P00560000,False,,recover,ok,7,2026-03-30 09:42:00,2026-03-30 12:05:00,2026-03-30 12:05:00,143.0
2026-03-30,,Robinhood-main,QQQ,2026-04-01,Call,580.0,SELL,5,0.69,Date only -- no execution-time data exists for this account/period,False,QQQ   260401C00580000,False,,recover,ok,10,2026-03-30 09:58:00,2026-03-30 10:14:00,2026-03-30 09:58:00,16.0
2026-03-30,,Robinhood-main,QQQ,2026-04-01,Put,550.0,BUY,2,1.81,Date only -- no execution-time data exists for this account/period,True,QQQ   260401P00550000,False,,recover,ok,8,2026-03-30 09:58:00,2026-03-30 15:57:00,2026-03-30 13:32:00,359.0
2026-03-30,,Robinhood-main,QQQ,2026-03-31,Put,565.0,BUY,1,4.17,Date only -- no execution-time data exists for this account/period,True,QQQ   260331P00565000,False,,recover,ok,49,2026-03-30 09:37:00,2026-03-30 12:00:00,2026-03-30 11:01:00,143.0
2026-03-30,,Robinhood-main,QQQ,2026-04-01,Put,560.0,BUY,2,3.18,Date only -- no execution-time data exists for this account/period,True,QQQ   260401P00560000,False,,recover,ok,3,2026-03-30 09:35:00,2026-03-30 09:35:00,2026-03-30 09:35:00,0.0
2026-03-30,,Robinhood-main,QQQ,2026-04-01,Put,540.0,SELL,1,0.41,Date only -- no execution-time data exists for this account/period,True,QQQ   260401P00540000,False,,recover,ok,4,2026-03-30 09:30:00,2026-03-30 14:20:00,2026-03-30 14:20:00,290.0
2026-03-30,,Bebo,QQQ,2026-04-02,Put,560.0,BUY,1,4.59,Date only -- no execution-time data exists for this account/period,True,QQQ   260402P00560000,False,,recover,ok,7,2026-03-30 09:38:00,2026-03-30 12:00:00,2026-03-30 09:38:00,142.0
2026-03-30,,Robinhood-main,QQQ,2026-03-31,Put,560.0,BUY,1,2.68,Date only -- no execution-time data exists for this account/period,True,QQQ   260331P00560000,False,,recover,ok,100,2026-03-30 09:41:00,2026-03-30 13:06:00,2026-03-30 12:53:00,205.0
2026-03-30,14:50,Robinhood-main,CRM,2026-04-02,Put,175.0,BUY,1,1.05,Exact (Robinhood email confirmation),True,CRM   260402P00175000,True,2026-03-30 14:50:00,validate,ok,6,2026-03-30 10:58:00,2026-03-30 15:27:00,2026-03-30 14:52:00,269.0
2026-03-30,15:27,Robinhood-main,QQQ,2026-04-01,Put,545.0,BUY,1,1.39,Exact (Robinhood email confirmation),True,QQQ   260401P00545000,True,2026-03-30 15:27:00,validate,ok,4,2026-03-30 15:12:00,2026-03-30 15:30:00,2026-03-30 15:30:00,18.0
2026-03-30,14:55,Robinhood-main,QQQ,2026-03-31,Put,555.0,SELL,1,2.04,Exact (Robinhood email confirmation),True,QQQ   260331P00555000,True,2026-03-30 14:55:00,validate,ok,13,2026-03-30 14:50:00,2026-03-30 15:58:00,2026-03-30 15:54:00,68.0
2026-03-30,15:09,Robinhood-main,QQQ,2026-04-01,Put,550.0,SELL,1,2.39,Exact (Robinhood email confirmation),True,QQQ   260401P00550000,True,2026-03-30 15:09:00,validate,ok,4,2026-03-30 15:09:00,2026-03-30 15:40:00,2026-03-30 15:40:00,31.0
2026-03-30,15:12,Robinhood-main,QQQ,2026-03-31,Put,565.0,SELL,1,9.52,Exact (Robinhood email confirmation),True,QQQ   260331P00565000,True,2026-03-30 15:12:00,validate,ok,1,2026-03-30 15:12:00,2026-03-30 15:12:00,2026-03-30 15:12:00,0.0
2026-03-31,,Webull,QQQ,2026-04-02,Put,560.0,SELL,1,3.11,Date only -- no execution-time data exists for this account/period,True,QQQ   260402P00560000,False,,recover,ok,43,2026-03-31 09:31:00,2026-03-31 10:58:00,2026-03-31 09:33:00,87.0
2026-03-31,,Webull,QQQ,2026-04-01,Call,570.0,BUY,2,2.58,Date only -- no execution-time data exists for this account/period,False,QQQ   260401C00570000,False,,recover,ok,78,2026-03-31 09:49:00,2026-03-31 12:36:00,2026-03-31 09:50:00,167.0
2026-03-31,,Webull,QQQ,2026-04-01,Call,570.0,SELL,2,4.99,Date only -- no execution-time data exists for this account/period,False,QQQ   260401C00570000,False,,recover,ok,15,2026-03-31 12:40:00,2026-03-31 12:48:00,2026-03-31 12:40:00,8.0
2026-03-31,,Bebo,QQQ,2026-04-02,Put,560.0,SELL,1,3.01,Date only -- no execution-time data exists for this account/period,True,QQQ   260402P00560000,False,,recover,ok,36,2026-03-31 09:31:00,2026-03-31 10:58:00,2026-03-31 09:31:00,87.0
2026-03-31,,Robinhood-main,QQQ,2026-03-31,Put,560.0,SELL,1,0.92,Date only -- no execution-time data exists for this account/period,True,QQQ   260331P00560000,False,,recover,ok,42,2026-03-31 09:30:00,2026-03-31 09:33:00,2026-03-31 09:32:00,3.0
2026-03-31,,Robinhood-main,QQQ,2026-04-01,Put,550.0,SELL,2,0.41,Date only -- no execution-time data exists for this account/period,True,QQQ   260401P00550000,False,,recover,ok,10,2026-03-31 09:31:00,2026-03-31 09:39:00,2026-03-31 09:31:00,8.0
2026-03-31,,Robinhood-main,QQQ,2026-03-31,Call,568.0,BUY,1,0.86,Date only -- no execution-time data exists for this account/period,False,QQQ   260331C00568000,False,,recover,ok,70,2026-03-31 10:51:00,2026-03-31 12:01:00,2026-03-31 10:51:00,70.0
2026-03-31,,Robinhood-main,QQQ,2026-04-01,Call,570.0,SELL,1,3.87,Date only -- no execution-time data exists for this account/period,False,QQQ   260401C00570000,False,,recover,ok,7,2026-03-31 12:39:00,2026-03-31 12:39:00,2026-03-31 12:39:00,0.0
2026-03-31,,Robinhood-main,QQQ,2026-04-01,Call,570.0,SELL,1,3.74,Date only -- no execution-time data exists for this account/period,False,QQQ   260401C00570000,False,,recover,ok,10,2026-03-31 12:39:00,2026-03-31 12:39:00,2026-03-31 12:39:00,0.0
2026-03-31,,Robinhood-main,QQQ,2026-04-01,Call,570.0,SELL,1,2.66,Date only -- no execution-time data exists for this account/period,False,QQQ   260401C00570000,False,,recover,ok,73,2026-03-31 09:49:00,2026-03-31 12:37:00,2026-03-31 10:22:00,168.0
2026-03-31,,Robinhood-main,QQQ,2026-03-31,Call,568.0,SELL,1,1.37,Date only -- no execution-time data exists for this account/period,False,QQQ   260331C00568000,False,,recover,ok,352,2026-03-31 09:30:00,2026-03-31 12:15:00,2026-03-31 11:26:00,165.0
2026-03-31,,Robinhood-main,QQQ,2026-04-01,Put,560.0,SELL,2,2.43,Date only -- no execution-time data exists for this account/period,True,QQQ   260401P00560000,False,,recover,ok,1,2026-03-31 09:30:00,2026-03-31 09:30:00,2026-03-31 09:30:00,0.0
2026-03-31,,Robinhood-main,QQQ,2026-04-01,Call,570.0,BUY,1,1.85,Date only -- no execution-time data exists for this account/period,False,QQQ   260401C00570000,False,,recover,ok,62,2026-03-31 09:32:00,2026-03-31 12:01:00,2026-03-31 09:44:00,149.0
2026-03-31,,Robinhood-main,QQQ,2026-04-01,Call,570.0,BUY,1,2.85,Date only -- no execution-time data exists for this account/period,False,QQQ   260401C00570000,False,,recover,ok,29,2026-03-31 09:53:00,2026-03-31 12:38:00,2026-03-31 10:17:00,165.0
2026-03-31,,Robinhood-main,QQQ,2026-03-31,Call,565.0,SELL,1,4.29,Date only -- no execution-time data exists for this account/period,False,QQQ   260331C00565000,False,,recover,ok,38,2026-03-31 09:54:00,2026-03-31 12:37:00,2026-03-31 09:58:00,163.0
2026-03-31,,Robinhood-main,QQQ,2026-03-31,Call,565.0,SELL,1,4.29,Date only -- no execution-time data exists for this account/period,False,QQQ   260331C00565000,False,,recover,ok,38,2026-03-31 09:54:00,2026-03-31 12:37:00,2026-03-31 09:58:00,163.0
2026-03-31,,Robinhood-main,QQQ,2026-04-01,Call,570.0,BUY,1,2.1,Date only -- no execution-time data exists for this account/period,False,QQQ   260401C00570000,False,,recover,ok,70,2026-03-31 09:30:00,2026-03-31 12:02:00,2026-03-31 11:40:00,152.0
2026-03-31,,Robinhood-main,QQQ,2026-03-31,Call,565.0,BUY,2,2.72,Date only -- no execution-time data exists for this account/period,False,QQQ   260331C00565000,False,,recover,ok,152,2026-03-31 09:31:00,2026-03-31 12:12:00,2026-03-31 09:31:00,161.0
2026-03-31,,Robinhood-main,QQQ,2026-04-07,Call,570.0,BUY,2,5.95,Date only -- no execution-time data exists for this account/period,False,QQQ   260407C00570000,False,,recover,ok,3,2026-03-31 09:34:00,2026-03-31 10:54:00,2026-03-31 09:34:00,80.0
2026-03-31,,Robinhood-main,CRM,2026-04-02,Put,175.0,SELL,1,0.75,Date only -- no execution-time data exists for this account/period,True,CRM   260402P00175000,False,,recover,ok,2,2026-03-31 09:32:00,2026-03-31 09:43:00,2026-03-31 09:32:00,11.0
2026-03-31,,Robinhood-main,QQQ,2026-04-01,Put,545.0,SELL,1,0.15,Date only -- no execution-time data exists for this account/period,True,QQQ   260401P00545000,False,,recover,ok,16,2026-03-31 09:31:00,2026-03-31 10:56:00,2026-03-31 09:35:00,85.0
2026-03-31,12:40,Robinhood-main,QQQ,2026-04-07,Call,570.0,SELL,2,9.78,Exact (Robinhood email confirmation),False,QQQ   260407C00570000,True,2026-03-31 12:40:00,validate,ok,1,2026-03-31 12:40:00,2026-03-31 12:40:00,2026-03-31 12:40:00,0.0
2026-03-31,13:06,Robinhood-main,QQQ,2026-03-31,Call,580.0,SELL,1,0.28,Exact (Robinhood email confirmation),False,QQQ   260331C00580000,True,2026-03-31 13:06:00,validate,ok,93,2026-03-31 12:40:00,2026-03-31 13:35:00,2026-03-31 13:25:00,55.0
2026-03-31,15:48,Robinhood-main,QQQ,2026-04-02,Put,560.0,SELL,1,0.55,Exact (Robinhood email confirmation),True,QQQ   260402P00560000,True,2026-03-31 15:48:00,validate,ok,12,2026-03-31 15:48:00,2026-03-31 16:14:00,2026-03-31 15:50:00,26.0
2026-03-31,12:47,Robinhood-main,QQQ,2026-04-02,Put,560.0,BUY,1,1.46,Exact (Robinhood email confirmation),True,QQQ   260402P00560000,True,2026-03-31 12:47:00,validate,ok,13,2026-03-31 12:40:00,2026-03-31 12:48:00,2026-03-31 12:40:00,8.0
2026-03-31,12:51,Robinhood-main,QQQ,2026-03-31,Call,580.0,BUY,1,0.27,Exact (Robinhood email confirmation),False,QQQ   260331C00580000,True,2026-03-31 12:51:00,validate,ok,107,2026-03-31 12:40:00,2026-03-31 13:35:00,2026-03-31 13:32:00,55.0
2026-04-01,,Bebo,SLV,2026-04-02,Put,67.5,BUY,3,0.95,Date only -- no execution-time data exists for this account/period,True,SLV   260402P00067500,False,,recover,ok,1,2026-04-01 09:32:00,2026-04-01 09:32:00,2026-04-01 09:32:00,0.0
2026-04-01,,Bebo,SLV,2026-04-02,Put,67.5,SELL,3,0.64,Date only -- no execution-time data exists for this account/period,True,SLV   260402P00067500,False,,recover,ok,5,2026-04-01 12:15:00,2026-04-01 15:39:00,2026-04-01 15:37:00,204.0
2026-04-01,,Robinhood-main,SLV,2026-04-02,Put,67.0,BUY,15,0.82,Date only -- no execution-time data exists for this account/period,True,SLV   260402P00067000,False,,recover,ok,3,2026-04-01 09:30:00,2026-04-01 10:13:00,2026-04-01 09:30:00,43.0
2026-04-01,,Robinhood-main,GLD,2026-04-01,Put,434.0,SELL,1,0.28,Date only -- no execution-time data exists for this account/period,True,GLD   260401P00434000,False,,recover,ok,5,2026-04-01 11:06:00,2026-04-01 14:39:00,2026-04-01 11:06:00,213.0
2026-04-01,,Robinhood-main,SLV,2026-04-02,Put,67.0,BUY,10,0.72,Date only -- no execution-time data exists for this account/period,True,SLV   260402P00067000,False,,recover,ok,12,2026-04-01 09:34:00,2026-04-01 10:30:00,2026-04-01 09:39:00,56.0
2026-04-01,,Robinhood-main,QQQ,2026-04-14,Put,570.0,BUY,1,6.33,Date only -- no execution-time data exists for this account/period,True,QQQ   260414P00570000,False,,recover,ok,2,2026-04-01 09:45:00,2026-04-01 09:55:00,2026-04-01 09:45:00,10.0
2026-04-01,,Robinhood-main,QQQ,2026-04-01,Put,583.0,SELL,1,0.96,Date only -- no execution-time data exists for this account/period,True,QQQ   260401P00583000,False,,recover,ok,164,2026-04-01 10:39:00,2026-04-01 14:51:00,2026-04-01 14:23:00,252.0
2026-04-01,,Webull,SLV,2026-04-02,Put,67.5,BUY,5,0.99,Date only -- no execution-time data exists for this account/period,True,SLV   260402P00067500,False,,recover,ok,3,2026-04-01 09:31:00,2026-04-01 09:42:00,2026-04-01 09:31:00,11.0
2026-04-01,,Robinhood-main,ROKU,2026-05-15,Put,90.0,BUY,1,6.5,Date only -- no execution-time data exists for this account/period,True,ROKU  260515P00090000,False,,recover,ok,1,2026-04-01 09:42:00,2026-04-01 09:42:00,2026-04-01 09:42:00,0.0
2026-04-01,,Webull,SLV,2026-04-06,Put,67.0,BUY,2,1.37,Date only -- no execution-time data exists for this account/period,True,SLV   260406P00067000,False,,recover,ok,5,2026-04-01 09:35:00,2026-04-01 15:12:00,2026-04-01 09:36:00,337.0
2026-04-01,,Webull,SLV,2026-04-06,Put,67.0,BUY,3,1.4,Date only -- no execution-time data exists for this account/period,True,SLV   260406P00067000,False,,recover,ok,2,2026-04-01 09:37:00,2026-04-01 10:19:00,2026-04-01 09:37:00,42.0
2026-04-01,,Webull,SLV,2026-04-02,Put,67.5,SELL,5,0.74,Date only -- no execution-time data exists for this account/period,True,SLV   260402P00067500,False,,recover,ok,10,2026-04-01 10:49:00,2026-04-01 16:14:00,2026-04-01 10:49:00,325.0
2026-04-01,,Robinhood-main,QQQ,2026-04-01,Put,583.0,BUY,1,0.42,Date only -- no execution-time data exists for this account/period,True,QQQ   260401P00583000,False,,recover,ok,144,2026-04-01 11:45:00,2026-04-01 15:12:00,2026-04-01 14:05:00,207.0
2026-04-01,,Robinhood-main,QQQ,2026-04-01,Put,586.0,BUY,1,1.36,Date only -- no execution-time data exists for this account/period,True,QQQ   260401P00586000,False,,recover,ok,119,2026-04-01 11:23:00,2026-04-01 15:50:00,2026-04-01 11:37:00,267.0
2026-04-01,,Robinhood-main,QQQ,2026-04-02,Put,580.0,BUY,1,2.15,Date only -- no execution-time data exists for this account/period,True,QQQ   260402P00580000,False,,recover,ok,192,2026-04-01 10:22:00,2026-04-01 16:05:00,2026-04-01 16:04:00,343.0
2026-04-01,,Robinhood-main,WMT,2026-04-17,Put,120.0,BUY,1,1.34,Date only -- no execution-time data exists for this account/period,True,WMT   260417P00120000,False,,recover,ok,1,2026-04-01 10:03:00,2026-04-01 10:03:00,2026-04-01 10:03:00,0.0
2026-04-01,,Robinhood-main,GLD,2026-04-01,Put,434.0,BUY,1,1.55,Date only -- no execution-time data exists for this account/period,True,GLD   260401P00434000,False,,recover,ok,3,2026-04-01 09:30:00,2026-04-01 09:57:00,2026-04-01 09:30:00,27.0
2026-04-01,,Robinhood-main,CANE,2026-10-16,Put,10.0,BUY,2,0.85,Date only -- no execution-time data exists for this account/period,True,CANE  261016P00010000,False,,recover,ok,1,2026-04-01 09:49:00,2026-04-01 09:49:00,2026-04-01 09:49:00,0.0
2026-04-01,,Robinhood-main,SLV,2026-04-01,Put,68.0,BUY,2,0.67,Date only -- no execution-time data exists for this account/period,True,SLV   260401P00068000,False,,recover,ok,7,2026-04-01 09:46:00,2026-04-01 10:36:00,2026-04-01 09:46:00,50.0
2026-04-01,,Robinhood-main,QQQ,2026-04-07,Put,570.0,BUY,1,3.48,Date only -- no execution-time data exists for this account/period,True,QQQ   260407P00570000,False,,recover,ok,3,2026-04-01 09:43:00,2026-04-01 09:46:00,2026-04-01 09:46:00,3.0
2026-04-01,,Webull,SLV,2026-04-06,Put,67.0,SELL,5,1.26,Date only -- no execution-time data exists for this account/period,True,SLV   260406P00067000,False,,recover,ok,1,2026-04-01 15:52:00,2026-04-01 15:52:00,2026-04-01 15:52:00,0.0
2026-04-01,,Robinhood-main,SLV,2026-04-01,Put,68.0,BUY,1,0.67,Date only -- no execution-time data exists for this account/period,True,SLV   260401P00068000,False,,recover,ok,7,2026-04-01 09:46:00,2026-04-01 10:36:00,2026-04-01 09:46:00,50.0
2026-04-01,15:00,Robinhood-main,QQQ,2026-04-01,Put,586.0,SELL,1,2.85,Exact (Robinhood email confirmation),True,QQQ   260401P00586000,True,2026-04-01 15:00:00,validate,ok,76,2026-04-01 10:22:00,2026-04-01 15:00:00,2026-04-01 14:23:00,278.0
2026-04-01,15:36,Robinhood-main,SLV,2026-04-01,Put,68.0,SELL,1,0.03,Exact (Robinhood email confirmation),True,SLV   260401P00068000,True,2026-04-01 15:36:00,validate,ok,42,2026-04-01 13:40:00,2026-04-01 16:13:00,2026-04-01 15:57:00,153.0
2026-04-01,15:36,Robinhood-main,SLV,2026-04-01,Put,68.0,SELL,2,0.03,Exact (Robinhood email confirmation),True,SLV   260401P00068000,True,2026-04-01 15:36:00,validate,ok,42,2026-04-01 13:40:00,2026-04-01 16:13:00,2026-04-01 15:57:00,153.0
2026-04-01,15:37,Robinhood-main,QQQ,2026-04-02,Put,580.0,SELL,1,1.88,Exact (Robinhood email confirmation),True,QQQ   260402P00580000,True,2026-04-01 15:37:00,validate,ok,152,2026-04-01 10:39:00,2026-04-01 15:49:00,2026-04-01 15:49:00,310.0
2026-04-01,15:51,Robinhood-main,SLV,2026-04-02,Put,67.0,SELL,8,0.6,Exact (Robinhood email confirmation),True,SLV   260402P00067000,True,2026-04-01 15:51:00,validate,ok,14,2026-04-01 10:49:00,2026-04-01 16:12:00,2026-04-01 15:51:00,323.0
2026-04-01,15:51,Robinhood-main,SLV,2026-04-02,Put,67.0,SELL,7,0.6,Exact (Robinhood email confirmation),True,SLV   260402P00067000,True,2026-04-01 15:51:00,validate,ok,14,2026-04-01 10:49:00,2026-04-01 16:12:00,2026-04-01 15:51:00,323.0
2026-04-01,15:52,Robinhood-main,SLV,2026-04-02,Put,67.0,SELL,10,0.58,Exact (Robinhood email confirmation),True,SLV   260402P00067000,True,2026-04-01 15:52:00,validate,ok,11,2026-04-01 11:00:00,2026-04-01 16:07:00,2026-04-01 14:43:00,307.0
2026-04-02,,Bebo,QQQ,2026-04-02,Put,576.0,SELL,1,0.44,Date only -- no execution-time data exists for this account/period,True,QQQ   260402P00576000,False,,recover,ok,124,2026-04-02 11:09:00,2026-04-02 12:38:00,2026-04-02 12:18:00,89.0
2026-04-02,,Bebo,QQQ,2026-04-02,Put,584.0,BUY,1,2.1,Date only -- no execution-time data exists for this account/period,True,QQQ   260402P00584000,False,,recover,ok,303,2026-04-02 11:10:00,2026-04-02 14:33:00,2026-04-02 11:17:00,203.0
2026-04-02,,Bebo,QQQ,2026-04-02,Put,576.0,BUY,1,0.33,Date only -- no execution-time data exists for this account/period,True,QQQ   260402P00576000,False,,recover,ok,91,2026-04-02 11:10:00,2026-04-02 12:40:00,2026-04-02 11:45:00,90.0
2026-04-02,,Bebo,QQQ,2026-04-02,Put,584.0,SELL,1,0.95,Date only -- no execution-time data exists for this account/period,True,QQQ   260402P00584000,False,,recover,ok,88,2026-04-02 15:05:00,2026-04-02 15:48:00,2026-04-02 15:47:00,43.0
2026-04-02,,Robinhood-main,WMT,2026-04-17,Put,120.0,SELL,1,1.0,Date only -- no execution-time data exists for this account/period,True,WMT   260417P00120000,False,,recover,ok,6,2026-04-02 09:30:00,2026-04-02 11:19:00,2026-04-02 11:00:00,109.0
2026-04-02,,Webull,QQQ,2026-04-02,Put,582.0,SELL,1,0.04,Date only -- no execution-time data exists for this account/period,True,QQQ   260402P00582000,False,,recover,ok,21,2026-04-02 15:50:00,2026-04-02 15:52:00,2026-04-02 15:51:00,2.0
2026-04-02,,Webull,QQQ,2026-04-02,Put,582.0,BUY,1,0.81,Date only -- no execution-time data exists for this account/period,True,QQQ   260402P00582000,False,,recover,ok,398,2026-04-02 13:14:00,2026-04-02 14:39:00,2026-04-02 13:35:00,85.0
2026-04-02,,Robinhood-main,QQQ,2026-04-06,Put,570.0,BUY,2,4.15,Date only -- no execution-time data exists for this account/period,True,QQQ   260406P00570000,False,,recover,ok,18,2026-04-02 09:30:00,2026-04-02 09:46:00,2026-04-02 09:37:00,16.0
2026-04-02,,Robinhood-main,QQQ,2026-04-07,Put,570.0,SELL,1,4.89,Date only -- no execution-time data exists for this account/period,True,QQQ   260407P00570000,False,,recover,ok,4,2026-04-02 09:31:00,2026-04-02 09:47:00,2026-04-02 09:34:00,16.0
2026-04-02,,Robinhood-main,QQQ,2026-04-06,Put,570.0,BUY,1,3.87,Date only -- no execution-time data exists for this account/period,True,QQQ   260406P00570000,False,,recover,ok,45,2026-04-02 09:30:00,2026-04-02 09:50:00,2026-04-02 09:34:00,20.0
2026-04-02,,Robinhood-main,ROKU,2026-05-15,Put,90.0,SELL,1,7.8,Date only -- no execution-time data exists for this account/period,True,ROKU  260515P00090000,False,,recover,ok,1,2026-04-02 09:33:00,2026-04-02 09:33:00,2026-04-02 09:33:00,0.0
2026-04-02,,Robinhood-main,QQQ,2026-04-02,Put,579.0,BUY,1,2.15,Date only -- no execution-time data exists for this account/period,True,QQQ   260402P00579000,False,,recover,ok,61,2026-04-02 10:16:00,2026-04-02 10:33:00,2026-04-02 10:22:00,17.0
2026-04-02,,Robinhood-main,QQQ,2026-04-02,Put,574.0,BUY,1,1.02,Date only -- no execution-time data exists for this account/period,True,QQQ   260402P00574000,False,,recover,ok,105,2026-04-02 10:06:00,2026-04-02 10:30:00,2026-04-02 10:16:00,24.0
2026-04-02,,Robinhood-main,QQQ,2026-04-02,Put,579.0,BUY,1,1.58,Date only -- no execution-time data exists for this account/period,True,QQQ   260402P00579000,False,,recover,ok,27,2026-04-02 10:35:00,2026-04-02 10:52:00,2026-04-02 10:50:00,17.0
2026-04-02,,Robinhood-main,QQQ,2026-04-06,Put,570.0,BUY,2,4.2,Date only -- no execution-time data exists for this account/period,True,QQQ   260406P00570000,False,,recover,ok,25,2026-04-02 09:30:00,2026-04-02 09:45:00,2026-04-02 09:37:00,15.0
2026-04-02,,Robinhood-main,QQQ,2026-04-02,Put,574.0,SELL,1,0.12,Date only -- no execution-time data exists for this account/period,True,QQQ   260402P00574000,False,,recover,ok,22,2026-04-02 13:00:00,2026-04-02 13:13:00,2026-04-02 13:06:00,13.0
2026-04-02,,Robinhood-main,QQQ,2026-04-02,Put,581.0,BUY,1,1.52,Date only -- no execution-time data exists for this account/period,True,QQQ   260402P00581000,False,,recover,ok,276,2026-04-02 10:37:00,2026-04-02 12:38:00,2026-04-02 11:50:00,121.0
2026-04-02,13:14,Robinhood-main,CANE,2026-10-16,Put,10.0,SELL,2,0.86,Exact (Robinhood email confirmation),True,CANE  261016P00010000,True,2026-04-02 13:14:00,validate,ok,1,2026-04-02 13:14:00,2026-04-02 13:14:00,2026-04-02 13:14:00,0.0
2026-04-02,15:41,Robinhood-main,QQQ,2026-04-02,Put,581.0,SELL,1,0.05,Exact (Robinhood email confirmation),True,QQQ   260402P00581000,True,2026-04-02 15:41:00,validate,ok,60,2026-04-02 15:39:00,2026-04-02 15:47:00,2026-04-02 15:43:00,8.0
2026-04-02,15:41,Robinhood-main,QQQ,2026-04-02,Put,579.0,SELL,2,0.02,Exact (Robinhood email confirmation),True,QQQ   260402P00579000,True,2026-04-02 15:41:00,validate,ok,88,2026-04-02 15:11:00,2026-04-02 15:53:00,2026-04-02 15:45:00,42.0
2026-04-02,15:50,Robinhood-main,QQQ,2026-04-06,Put,570.0,SELL,5,0.98,Exact (Robinhood email confirmation),True,QQQ   260406P00570000,True,2026-04-02 15:50:00,validate,ok,8,2026-04-02 15:50:00,2026-04-02 15:51:00,2026-04-02 15:51:00,1.0
2026-04-02,15:50,Robinhood-main,QQQ,2026-04-14,Put,570.0,SELL,1,4.92,Exact (Robinhood email confirmation),True,QQQ   260414P00570000,True,2026-04-02 15:50:00,validate,ok,1,2026-04-02 15:50:00,2026-04-02 15:50:00,2026-04-02 15:50:00,0.0
2026-04-07,,Webull,QQQ,2026-04-07,Put,585.0,BUY,1,2.13,Date only -- no execution-time data exists for this account/period,True,QQQ   260407P00585000,False,,recover,ok,182,2026-04-07 09:30:00,2026-04-07 15:15:00,2026-04-07 09:36:00,345.0
2026-04-07,,Webull,AMD,2026-04-10,Put,215.0,BUY,3,3.1,Date only -- no execution-time data exists for this account/period,True,AMD   260410P00215000,False,,recover,ok,25,2026-04-07 09:30:00,2026-04-07 15:54:00,2026-04-07 09:30:00,384.0
2026-04-07,,Webull,AMD,2026-04-10,Put,215.0,BUY,2,3.1,Date only -- no execution-time data exists for this account/period,True,AMD   260410P00215000,False,,recover,ok,25,2026-04-07 09:30:00,2026-04-07 15:54:00,2026-04-07 09:30:00,384.0
2026-04-07,,Webull,QQQ,2026-04-07,Put,585.0,SELL,1,3.93,Date only -- no execution-time data exists for this account/period,True,QQQ   260407P00585000,False,,recover,ok,69,2026-04-07 10:01:00,2026-04-07 11:50:00,2026-04-07 10:01:00,109.0
2026-04-07,,Webull,AMD,2026-04-10,Put,215.0,SELL,5,3.0,Date only -- no execution-time data exists for this account/period,True,AMD   260410P00215000,False,,recover,ok,31,2026-04-07 09:30:00,2026-04-07 15:54:00,2026-04-07 15:54:00,384.0
2026-04-07,15:19,Robinhood-main,AMD,2026-04-10,Put,200.0,SELL,1,0.74,Exact (Robinhood email confirmation),True,AMD   260410P00200000,True,2026-04-07 15:19:00,validate,ok,45,2026-04-07 09:30:00,2026-04-07 15:44:00,2026-04-07 10:48:00,374.0
2026-04-07,15:19,Robinhood-main,AMD,2026-04-10,Put,210.0,SELL,1,2.1,Exact (Robinhood email confirmation),True,AMD   260410P00210000,True,2026-04-07 15:19:00,validate,ok,54,2026-04-07 09:30:00,2026-04-07 15:19:00,2026-04-07 12:19:00,349.0
2026-04-07,09:32,Robinhood-main,AMD,2026-04-10,Put,200.0,BUY,1,0.76,Exact (Robinhood email confirmation),True,AMD   260410P00200000,True,2026-04-07 09:32:00,validate,ok,38,2026-04-07 09:30:00,2026-04-07 15:24:00,2026-04-07 09:50:00,354.0
2026-04-07,09:30,Robinhood-main,AMD,2026-04-10,Put,210.0,BUY,1,2.24,Exact (Robinhood email confirmation),True,AMD   260410P00210000,True,2026-04-07 09:30:00,validate,ok,48,2026-04-07 09:30:00,2026-04-07 15:30:00,2026-04-07 09:48:00,360.0
2026-04-08,,Webull,QQQ,2026-04-13,Put,600.0,BUY,2,2.25,Date only -- no execution-time data exists for this account/period,True,QQQ   260413P00600000,False,,recover,ok,1,2026-04-08 09:30:00,2026-04-08 09:30:00,2026-04-08 09:30:00,0.0
2026-04-08,,Robinhood-main,QQQ,2026-04-08,Put,605.0,SELL,3,1.56,Date only -- no execution-time data exists for this account/period,True,QQQ   260408P00605000,False,,recover,ok,553,2026-04-08 09:31:00,2026-04-08 15:34:00,2026-04-08 09:39:00,363.0
2026-04-08,,Robinhood-main,QQQ,2026-04-08,Put,605.0,SELL,2,1.56,Date only -- no execution-time data exists for this account/period,True,QQQ   260408P00605000,False,,recover,ok,553,2026-04-08 09:31:00,2026-04-08 15:34:00,2026-04-08 09:39:00,363.0
2026-04-08,,Robinhood-main,QQQ,2026-04-08,Put,605.0,BUY,1,0.9,Date only -- no execution-time data exists for this account/period,True,QQQ   260408P00605000,False,,recover,ok,317,2026-04-08 09:30:00,2026-04-08 15:45:00,2026-04-08 14:25:00,375.0
2026-04-08,,Robinhood-main,QQQ,2026-04-08,Put,605.0,BUY,2,0.9,Date only -- no execution-time data exists for this account/period,True,QQQ   260408P00605000,False,,recover,ok,317,2026-04-08 09:30:00,2026-04-08 15:45:00,2026-04-08 14:25:00,375.0
2026-04-08,,Robinhood-main,QQQ,2026-04-17,Put,600.0,BUY,1,4.4,Date only -- no execution-time data exists for this account/period,True,QQQ   260417P00600000,False,,recover,ok,13,2026-04-08 09:30:00,2026-04-08 09:37:00,2026-04-08 09:35:00,7.0
2026-04-08,,Robinhood-main,QQQ,2026-04-09,Put,600.0,BUY,1,1.12,Date only -- no execution-time data exists for this account/period,True,QQQ   260409P00600000,False,,recover,ok,103,2026-04-08 09:30:00,2026-04-08 16:04:00,2026-04-08 09:48:00,394.0
2026-04-08,,Robinhood-main,QQQ,2026-04-09,Put,600.0,BUY,1,1.12,Date only -- no execution-time data exists for this account/period,True,QQQ   260409P00600000,False,,recover,ok,103,2026-04-08 09:30:00,2026-04-08 16:04:00,2026-04-08 09:48:00,394.0
2026-04-08,,Robinhood-main,QQQ,2026-04-08,Put,605.0,BUY,2,0.9,Date only -- no execution-time data exists for this account/period,True,QQQ   260408P00605000,False,,recover,ok,317,2026-04-08 09:30:00,2026-04-08 15:45:00,2026-04-08 14:25:00,375.0
2026-04-08,,Webull,AMD,2026-04-10,Put,220.0,BUY,1,1.17,Date only -- no execution-time data exists for this account/period,True,AMD   260410P00220000,False,,recover,ok,45,2026-04-08 09:30:00,2026-04-08 15:07:00,2026-04-08 09:30:00,337.0
2026-04-08,,Webull,MSFT,2026-04-10,Put,357.5,BUY,1,0.41,Date only -- no execution-time data exists for this account/period,True,MSFT  260410P00357500,False,,recover,ok,1,2026-04-08 15:22:00,2026-04-08 15:22:00,2026-04-08 15:22:00,0.0
2026-04-08,,Webull,QQQ,2026-04-13,Put,600.0,SELL,1,4.33,Date only -- no execution-time data exists for this account/period,True,QQQ   260413P00600000,False,,recover,ok,4,2026-04-08 10:58:00,2026-04-08 15:20:00,2026-04-08 15:08:00,262.0
2026-04-08,,Webull,AMD,2026-04-10,Put,222.5,SELL,1,1.11,Date only -- no execution-time data exists for this account/period,True,AMD   260410P00222500,False,,recover,ok,5,2026-04-08 09:30:00,2026-04-08 15:59:00,2026-04-08 15:59:00,389.0
2026-04-08,,Webull,AMD,2026-04-10,Put,220.0,SELL,1,0.8,Date only -- no execution-time data exists for this account/period,True,AMD   260410P00220000,False,,recover,ok,38,2026-04-08 09:30:00,2026-04-08 15:59:00,2026-04-08 13:11:00,389.0
2026-04-08,,Webull,AMD,2026-04-10,Put,222.5,BUY,1,1.74,Date only -- no execution-time data exists for this account/period,True,AMD   260410P00222500,False,,recover,ok,35,2026-04-08 09:30:00,2026-04-08 11:14:00,2026-04-08 09:57:00,104.0
2026-04-08,,Webull,QQQ,2026-04-13,Put,600.0,SELL,1,4.31,Date only -- no execution-time data exists for this account/period,True,QQQ   260413P00600000,False,,recover,ok,3,2026-04-08 10:58:00,2026-04-08 15:26:00,2026-04-08 15:26:00,268.0
2026-04-08,14:46,Robinhood-main,QQQ,2026-04-09,Put,600.0,SELL,1,1.58,Exact (Robinhood email confirmation),True,QQQ   260409P00600000,True,2026-04-08 14:46:00,validate,ok,124,2026-04-08 09:58:00,2026-04-08 15:43:00,2026-04-08 15:11:00,345.0
2026-04-08,14:46,Robinhood-main,QQQ,2026-04-09,Put,600.0,SELL,1,1.58,Exact (Robinhood email confirmation),True,QQQ   260409P00600000,True,2026-04-08 14:46:00,validate,ok,124,2026-04-08 09:58:00,2026-04-08 15:43:00,2026-04-08 15:11:00,345.0
2026-04-08,10:56,Robinhood-main,QQQ,2026-04-08,Put,603.0,SELL,1,2.09,Exact (Robinhood email confirmation),True,QQQ   260408P00603000,True,2026-04-08 10:56:00,validate,ok,24,2026-04-08 10:56:00,2026-04-08 10:57:00,2026-04-08 10:56:00,1.0
2026-04-08,10:43,Robinhood-main,QQQ,2026-04-08,Put,603.0,BUY,1,0.91,Exact (Robinhood email confirmation),True,QQQ   260408P00603000,True,2026-04-08 10:43:00,validate,ok,440,2026-04-08 09:31:00,2026-04-08 15:06:00,2026-04-08 11:32:00,335.0
2026-04-08,10:07,Robinhood-main,QQQ,2026-04-08,Put,603.0,SELL,1,0.96,Exact (Robinhood email confirmation),True,QQQ   260408P00603000,True,2026-04-08 10:07:00,validate,ok,537,2026-04-08 09:31:00,2026-04-08 15:06:00,2026-04-08 14:58:00,335.0
2026-04-08,09:45,Robinhood-main,QQQ,2026-04-08,Put,603.0,BUY,1,1.0,Exact (Robinhood email confirmation),True,QQQ   260408P00603000,True,2026-04-08 09:45:00,validate,ok,620,2026-04-08 09:31:00,2026-04-08 15:06:00,2026-04-08 10:37:00,335.0
2026-04-09,,Webull,QQQ,2026-04-09,Put,602.0,BUY,1,0.74,Date only -- no execution-time data exists for this account/period,True,QQQ   260409P00602000,False,,recover,ok,344,2026-04-09 09:31:00,2026-04-09 10:45:00,2026-04-09 10:10:00,74.0
2026-04-09,,Webull,TSLA,2026-04-10,Call,350.0,BUY,1,1.13,Date only -- no execution-time data exists for this account/period,False,TSLA  260410C00350000,False,,recover,ok,155,2026-04-09 09:56:00,2026-04-09 11:32:00,2026-04-09 09:56:00,96.0
2026-04-09,,Webull,TSLA,2026-04-10,Call,350.0,BUY,2,1.09,Date only -- no execution-time data exists for this account/period,False,TSLA  260410C00350000,False,,recover,ok,116,2026-04-09 09:56:00,2026-04-09 11:31:00,2026-04-09 10:36:00,95.0
2026-04-09,,Webull,MSFT,2026-04-10,Put,357.5,SELL,1,0.44,Date only -- no execution-time data exists for this account/period,True,MSFT  260410P00357500,False,,recover,ok,8,2026-04-09 09:35:00,2026-04-09 10:01:00,2026-04-09 09:55:00,26.0
2026-04-09,,Webull,TSLA,2026-04-10,Call,350.0,BUY,3,2.21,Date only -- no execution-time data exists for this account/period,False,TSLA  260410C00350000,False,,recover,ok,184,2026-04-09 09:30:00,2026-04-09 15:41:00,2026-04-09 12:00:00,371.0
2026-04-09,,Webull,TSLA,2026-04-10,Call,350.0,SELL,2,3.15,Date only -- no execution-time data exists for this account/period,False,TSLA  260410C00350000,False,,recover,ok,264,2026-04-09 12:03:00,2026-04-09 14:00:00,2026-04-09 12:11:00,117.0
2026-04-09,,Robinhood-main,TSLA,2026-04-13,Call,350.0,BUY,2,4.1,Date only -- no execution-time data exists for this account/period,False,TSLA  260413C00350000,False,,recover,ok,34,2026-04-09 09:30:00,2026-04-09 15:32:00,2026-04-09 14:04:00,362.0
2026-04-09,,Robinhood-main,TSLA,2026-04-10,Call,350.0,BUY,1,2.17,Date only -- no execution-time data exists for this account/period,False,TSLA  260410C00350000,False,,recover,ok,231,2026-04-09 09:30:00,2026-04-09 15:49:00,2026-04-09 15:41:00,379.0
2026-04-09,,Robinhood-main,TSLA,2026-04-10,Call,350.0,BUY,1,2.35,Date only -- no execution-time data exists for this account/period,False,TSLA  260410C00350000,False,,recover,ok,198,2026-04-09 09:30:00,2026-04-09 15:32:00,2026-04-09 12:47:00,362.0
2026-04-09,,Webull,TSLA,2026-04-10,Call,350.0,SELL,3,1.55,Date only -- no execution-time data exists for this account/period,False,TSLA  260410C00350000,False,,recover,ok,150,2026-04-09 09:47:00,2026-04-09 11:45:00,2026-04-09 10:54:00,118.0
2026-04-09,,Webull,QQQ,2026-04-09,Put,602.0,SELL,1,0.25,Date only -- no execution-time data exists for this account/period,True,QQQ   260409P00602000,False,,recover,ok,60,2026-04-09 11:15:00,2026-04-09 11:38:00,2026-04-09 11:31:00,23.0
2026-04-09,,Webull,TSLA,2026-04-10,Call,350.0,SELL,1,3.37,Date only -- no execution-time data exists for this account/period,False,TSLA  260410C00350000,False,,recover,ok,128,2026-04-09 12:08:00,2026-04-09 13:55:00,2026-04-09 13:48:00,107.0
2026-04-09,09:30,Robinhood-main,QQQ,2026-04-17,Put,600.0,SELL,1,5.33,Exact (Robinhood email confirmation),True,QQQ   260417P00600000,True,2026-04-09 09:30:00,validate,ok,12,2026-04-09 09:30:00,2026-04-09 11:05:00,2026-04-09 10:04:00,95.0
2026-04-09,09:40,Robinhood-main,QQQ,2026-04-09,Put,604.0,BUY,1,1.19,Exact (Robinhood email confirmation),True,QQQ   260409P00604000,True,2026-04-09 09:40:00,validate,ok,286,2026-04-09 09:30:00,2026-04-09 10:50:00,2026-04-09 10:45:00,80.0
2026-04-09,09:49,Robinhood-main,TSLA,2026-04-10,Call,350.0,SELL,2,1.16,Exact (Robinhood email confirmation),False,TSLA  260410C00350000,True,2026-04-09 09:49:00,validate,ok,152,2026-04-09 09:49:00,2026-04-09 11:32:00,2026-04-09 10:30:00,103.0
2026-04-09,11:16,Robinhood-main,QQQ,2026-04-09,Put,604.0,SELL,1,0.5,Exact (Robinhood email confirmation),True,QQQ   260409P00604000,True,2026-04-09 11:16:00,validate,ok,99,2026-04-09 11:15:00,2026-04-09 11:45:00,2026-04-09 11:15:00,30.0
2026-04-09,14:31,Robinhood-main,TSLA,2026-04-13,Call,350.0,SELL,1,3.86,Exact (Robinhood email confirmation),False,TSLA  260413C00350000,True,2026-04-09 14:31:00,validate,ok,20,2026-04-09 09:30:00,2026-04-09 15:59:00,2026-04-09 14:22:00,389.0
2026-04-09,14:31,Robinhood-main,TSLA,2026-04-13,Call,350.0,SELL,1,3.86,Exact (Robinhood email confirmation),False,TSLA  260413C00350000,True,2026-04-09 14:31:00,validate,ok,20,2026-04-09 09:30:00,2026-04-09 15:59:00,2026-04-09 14:22:00,389.0
2026-04-10,,Robinhood-main,QQQ,2026-04-17,Put,610.0,BUY,1,5.25,Date only -- no execution-time data exists for this account/period,True,QQQ   260417P00610000,False,,recover,ok,15,2026-04-10 09:30:00,2026-04-10 11:38:00,2026-04-10 09:41:00,128.0
2026-04-10,,Robinhood-main,QQQ,2026-04-10,Put,612.0,SELL,1,1.96,Date only -- no execution-time data exists for this account/period,True,QQQ   260410P00612000,False,,recover,ok,235,2026-04-10 09:40:00,2026-04-10 14:51:00,2026-04-10 10:11:00,311.0
2026-04-10,,Robinhood-main,QQQ,2026-04-10,Put,612.0,SELL,1,1.95,Date only -- no execution-time data exists for this account/period,True,QQQ   260410P00612000,False,,recover,ok,248,2026-04-10 09:40:00,2026-04-10 14:51:00,2026-04-10 09:40:00,311.0
2026-04-10,,Robinhood-main,QQQ,2026-04-13,Put,606.0,BUY,1,1.54,Date only -- no execution-time data exists for this account/period,True,QQQ   260413P00606000,False,,recover,ok,22,2026-04-10 09:31:00,2026-04-10 16:03:00,2026-04-10 15:14:00,392.0
2026-04-10,,Robinhood-main,QQQ,2026-04-10,Put,612.0,BUY,1,1.69,Date only -- no execution-time data exists for this account/period,True,QQQ   260410P00612000,False,,recover,ok,309,2026-04-10 09:30:00,2026-04-10 14:58:00,2026-04-10 09:35:00,328.0
2026-04-10,,Robinhood-main,QQQ,2026-04-10,Put,612.0,BUY,3,1.5,Date only -- no execution-time data exists for this account/period,True,QQQ   260410P00612000,False,,recover,ok,463,2026-04-10 09:30:00,2026-04-10 15:55:00,2026-04-10 10:42:00,385.0
2026-04-10,,Robinhood-main,QQQ,2026-04-14,Put,608.0,BUY,1,2.9,Date only -- no execution-time data exists for this account/period,True,QQQ   260414P00608000,False,,recover,ok,4,2026-04-10 09:30:00,2026-04-10 15:37:00,2026-04-10 15:37:00,367.0
2026-04-10,,Webull,AMD,2026-04-10,Put,242.5,BUY,1,1.28,Date only -- no execution-time data exists for this account/period,True,AMD   260410P00242500,False,,recover,ok,10,2026-04-10 09:41:00,2026-04-10 09:41:00,2026-04-10 09:41:00,0.0
2026-04-10,,Webull,AMD,2026-04-17,Put,245.0,BUY,1,6.0,Date only -- no execution-time data exists for this account/period,True,AMD   260417P00245000,False,,recover,ok,37,2026-04-10 09:47:00,2026-04-10 11:37:00,2026-04-10 11:33:00,110.0
2026-04-10,,Webull,QQQ,2026-04-13,Put,610.0,BUY,1,2.5,Date only -- no execution-time data exists for this account/period,True,QQQ   260413P00610000,False,,recover,ok,73,2026-04-10 09:31:00,2026-04-10 16:14:00,2026-04-10 09:38:00,403.0
2026-04-10,,Webull,QQQ,2026-04-10,Put,609.0,BUY,1,0.32,Date only -- no execution-time data exists for this account/period,True,QQQ   260410P00609000,False,,recover,ok,183,2026-04-10 10:30:00,2026-04-10 14:14:00,2026-04-10 10:35:00,224.0
2026-04-10,,Webull,QQQ,2026-04-17,Put,608.0,BUY,1,4.72,Date only -- no execution-time data exists for this account/period,True,QQQ   260417P00608000,False,,recover,ok,8,2026-04-10 09:43:00,2026-04-10 15:59:00,2026-04-10 15:15:00,376.0
2026-04-10,,Webull,QQQ,2026-04-10,Put,608.0,SELL,1,0.33,Date only -- no execution-time data exists for this account/period,True,QQQ   260410P00608000,False,,recover,ok,330,2026-04-10 10:14:00,2026-04-10 13:38:00,2026-04-10 11:41:00,204.0
2026-04-10,,Webull,QQQ,2026-04-10,Put,609.0,SELL,1,0.49,Date only -- no execution-time data exists for this account/period,True,QQQ   260410P00609000,False,,recover,ok,468,2026-04-10 10:13:00,2026-04-10 13:42:00,2026-04-10 11:51:00,209.0
2026-04-10,,Webull,QQQ,2026-04-13,Put,610.0,SELL,1,3.2,Date only -- no execution-time data exists for this account/period,True,QQQ   260413P00610000,False,,recover,ok,125,2026-04-10 11:57:00,2026-04-10 14:52:00,2026-04-10 13:47:00,175.0
2026-04-10,,Webull,AMD,2026-04-10,Put,242.5,SELL,1,0.56,Date only -- no execution-time data exists for this account/period,True,AMD   260410P00242500,False,,recover,ok,123,2026-04-10 09:48:00,2026-04-10 12:46:00,2026-04-10 09:48:00,178.0
2026-04-10,,Webull,QQQ,2026-04-13,Put,610.0,BUY,1,3.15,Date only -- no execution-time data exists for this account/period,True,QQQ   260413P00610000,False,,recover,ok,163,2026-04-10 11:57:00,2026-04-10 14:56:00,2026-04-10 14:52:00,179.0
2026-04-10,,Webull,QQQ,2026-04-10,Put,608.0,BUY,1,0.21,Date only -- no execution-time data exists for this account/period,True,QQQ   260410P00608000,False,,recover,ok,111,2026-04-10 10:31:00,2026-04-10 14:10:00,2026-04-10 10:33:00,219.0
2026-04-10,,Webull,QQQ,2026-04-10,Put,610.0,BUY,2,0.59,Date only -- no execution-time data exists for this account/period,True,QQQ   260410P00610000,False,,recover,ok,448,2026-04-10 10:19:00,2026-04-10 14:43:00,2026-04-10 12:15:00,264.0
2026-04-10,,Webull,QQQ,2026-04-10,Put,610.0,SELL,2,0.12,Date only -- no execution-time data exists for this account/period,True,QQQ   260410P00610000,False,,recover,ok,206,2026-04-10 15:19:00,2026-04-10 15:59:00,2026-04-10 15:59:00,40.0
2026-04-10,,Webull,QQQ,2026-04-13,Put,610.0,SELL,1,2.85,Date only -- no execution-time data exists for this account/period,True,QQQ   260413P00610000,False,,recover,ok,142,2026-04-10 09:30:00,2026-04-10 16:00:00,2026-04-10 15:44:00,390.0
2026-04-10,13:19,Robinhood-main,QQQ,2026-04-13,Put,606.0,SELL,1,2.0,Exact (Robinhood email confirmation),True,QQQ   260413P00606000,True,2026-04-10 13:19:00,validate,ok,23,2026-04-10 12:39:00,2026-04-10 14:46:00,2026-04-10 14:44:00,127.0
2026-04-10,13:18,Robinhood-main,QQQ,2026-04-10,Put,612.0,SELL,1,2.0,Exact (Robinhood email confirmation),True,QQQ   260410P00612000,True,2026-04-10 13:18:00,validate,ok,232,2026-04-10 09:40:00,2026-04-10 14:43:00,2026-04-10 12:02:00,303.0
2026-04-10,12:44,Robinhood-main,QQQ,2026-04-10,Put,612.0,SELL,1,2.6,Exact (Robinhood email confirmation),True,QQQ   260410P00612000,True,2026-04-10 12:44:00,validate,ok,9,2026-04-10 12:44:00,2026-04-10 12:44:00,2026-04-10 12:44:00,0.0
2026-04-10,13:19,Robinhood-main,QQQ,2026-04-17,Put,610.0,SELL,1,6.11,Exact (Robinhood email confirmation),True,QQQ   260417P00610000,True,2026-04-10 13:19:00,validate,ok,15,2026-04-10 11:57:00,2026-04-10 14:43:00,2026-04-10 12:48:00,166.0
2026-04-10,13:52,Robinhood-main,QQQ,2026-04-14,Put,608.0,SELL,1,3.11,Exact (Robinhood email confirmation),True,QQQ   260414P00608000,True,2026-04-10 13:52:00,validate,ok,1,2026-04-10 13:52:00,2026-04-10 13:52:00,2026-04-10 13:52:00,0.0
2026-04-13,,Robinhood-main,AMD,2026-04-17,Put,240.0,BUY,1,4.3,Date only -- no execution-time data exists for this account/period,True,AMD   260417P00240000,False,,recover,ok,41,2026-04-13 09:30:00,2026-04-13 11:05:00,2026-04-13 10:32:00,95.0
2026-04-13,,Robinhood-main,AMD,2026-04-24,Put,230.0,BUY,1,3.76,Date only -- no execution-time data exists for this account/period,True,AMD   260424P00230000,False,,recover,ok,5,2026-04-13 09:31:00,2026-04-13 12:06:00,2026-04-13 10:26:00,155.0
2026-04-13,,Robinhood-main,GLD,2026-04-22,Put,425.0,BUY,1,4.05,Date only -- no execution-time data exists for this account/period,True,GLD   260422P00425000,False,,recover,ok,1,2026-04-13 09:30:00,2026-04-13 09:30:00,2026-04-13 09:30:00,0.0
2026-04-13,,Webull,AMD,2026-04-17,Put,220.0,SELL,1,0.48,Date only -- no execution-time data exists for this account/period,True,AMD   260417P00220000,False,,recover,ok,7,2026-04-13 11:38:00,2026-04-13 12:44:00,2026-04-13 12:30:00,66.0
2026-04-13,,Webull,GLD,2026-04-17,Put,430.0,BUY,1,3.85,Date only -- no execution-time data exists for this account/period,True,GLD   260417P00430000,False,,recover,ok,12,2026-04-13 09:31:00,2026-04-13 11:35:00,2026-04-13 09:47:00,124.0
2026-04-13,,Webull,AMD,2026-04-17,Put,220.0,BUY,1,0.61,Date only -- no execution-time data exists for this account/period,True,AMD   260417P00220000,False,,recover,ok,41,2026-04-13 09:30:00,2026-04-13 11:06:00,2026-04-13 09:50:00,96.0
2026-04-13,,Webull,QQQ,2026-04-17,Put,608.0,SELL,1,3.38,Date only -- no execution-time data exists for this account/period,True,QQQ   260417P00608000,False,,recover,ok,2,2026-04-13 11:38:00,2026-04-13 11:39:00,2026-04-13 11:38:00,1.0
2026-04-13,,Webull,AMD,2026-04-17,Put,245.0,SELL,1,5.6,Date only -- no execution-time data exists for this account/period,True,AMD   260417P00245000,False,,recover,ok,13,2026-04-13 12:30:00,2026-04-13 14:01:00,2026-04-13 12:43:00,91.0
2026-04-13,15:21,Robinhood-main,GLD,2026-04-13,Put,434.0,SELL,1,0.17,Exact (Robinhood email confirmation),True,GLD   260413P00434000,True,2026-04-13 15:21:00,validate,ok,1,2026-04-13 15:21:00,2026-04-13 15:21:00,2026-04-13 15:21:00,0.0
2026-04-13,12:44,Robinhood-main,GLD,2026-04-13,Put,434.0,BUY,1,0.5,Exact (Robinhood email confirmation),True,GLD   260413P00434000,True,2026-04-13 12:44:00,validate,ok,17,2026-04-13 12:29:00,2026-04-13 14:33:00,2026-04-13 14:01:00,124.0
2026-04-13,12:31,Robinhood-main,AMD,2026-04-24,Put,230.0,SELL,1,3.45,Exact (Robinhood email confirmation),True,AMD   260424P00230000,True,2026-04-13 12:31:00,validate,ok,3,2026-04-13 12:31:00,2026-04-13 12:46:00,2026-04-13 12:31:00,15.0
2026-04-13,09:40,Robinhood-main,GLD,2026-04-20,Put,410.0,BUY,1,0.96,Exact (Robinhood email confirmation),True,GLD   260420P00410000,True,2026-04-13 09:40:00,validate,ok,1,2026-04-13 09:40:00,2026-04-13 09:40:00,2026-04-13 09:40:00,0.0
2026-04-13,12:30,Robinhood-main,AMD,2026-04-17,Put,240.0,SELL,1,3.5,Exact (Robinhood email confirmation),True,AMD   260417P00240000,True,2026-04-13 12:30:00,validate,ok,13,2026-04-13 12:30:00,2026-04-13 14:20:00,2026-04-13 12:31:00,110.0
2026-04-14,,Robinhood-main,QQQ,2026-04-14,Put,620.0,BUY,2,0.33,Date only -- no execution-time data exists for this account/period,True,QQQ   260414P00620000,False,,recover,ok,86,2026-04-14 10:21:00,2026-04-14 11:06:00,2026-04-14 10:21:00,45.0
2026-04-14,,Robinhood-main,QQQ,2026-04-14,Put,621.0,SELL,3,0.12,Date only -- no execution-time data exists for this account/period,True,QQQ   260414P00621000,False,,recover,ok,111,2026-04-14 11:43:00,2026-04-14 12:19:00,2026-04-14 12:10:00,36.0
2026-04-14,,Robinhood-main,GLD,2026-04-20,Put,410.0,SELL,1,0.25,Date only -- no execution-time data exists for this account/period,True,GLD   260420P00410000,False,,recover,ok,2,2026-04-14 10:24:00,2026-04-14 15:23:00,2026-04-14 10:24:00,299.0
2026-04-14,,Robinhood-main,QQQ,2026-04-14,Put,620.0,BUY,1,0.64,Date only -- no execution-time data exists for this account/period,True,QQQ   260414P00620000,False,,recover,ok,173,2026-04-14 09:44:00,2026-04-14 10:06:00,2026-04-14 09:44:00,22.0
2026-04-14,,Webull,GLD,2026-04-17,Put,430.0,SELL,1,1.14,Date only -- no execution-time data exists for this account/period,True,GLD   260417P00430000,False,,recover,ok,11,2026-04-14 10:31:00,2026-04-14 12:17:00,2026-04-14 11:56:00,106.0
2026-04-14,,Robinhood-main,TSLA,2026-04-15,Put,345.0,BUY,1,0.58,Date only -- no execution-time data exists for this account/period,True,TSLA  260415P00345000,False,,recover,ok,19,2026-04-14 09:31:00,2026-04-14 10:05:00,2026-04-14 09:44:00,34.0
2026-04-14,,Robinhood-main,AMD,2026-04-17,Put,240.0,BUY,1,2.61,Date only -- no execution-time data exists for this account/period,True,AMD   260417P00240000,False,,recover,ok,29,2026-04-14 09:33:00,2026-04-14 09:42:00,2026-04-14 09:35:00,9.0
2026-04-14,,Robinhood-main,QQQ,2026-04-14,Put,621.0,BUY,2,1.11,Date only -- no execution-time data exists for this account/period,True,QQQ   260414P00621000,False,,recover,ok,55,2026-04-14 09:34:00,2026-04-14 09:41:00,2026-04-14 09:41:00,7.0
2026-04-14,,Robinhood-main,GLD,2026-04-22,Put,425.0,SELL,1,1.85,Date only -- no execution-time data exists for this account/period,True,GLD   260422P00425000,False,,recover,ok,1,2026-04-14 09:32:00,2026-04-14 09:32:00,2026-04-14 09:32:00,0.0
2026-04-14,,Robinhood-main,AAPL,2026-04-15,Put,255.0,BUY,10,0.35,Date only -- no execution-time data exists for this account/period,True,AAPL  260415P00255000,False,,recover,ok,74,2026-04-14 09:30:00,2026-04-14 15:54:00,2026-04-14 10:29:00,384.0
2026-04-14,,Robinhood-main,QQQ,2026-04-14,Put,620.0,BUY,5,0.9,Date only -- no execution-time data exists for this account/period,True,QQQ   260414P00620000,False,,recover,ok,85,2026-04-14 09:30:00,2026-04-14 09:41:00,2026-04-14 09:40:00,11.0
2026-04-14,,Robinhood-main,QQQ,2026-04-14,Put,621.0,BUY,1,0.94,Date only -- no execution-time data exists for this account/period,True,QQQ   260414P00621000,False,,recover,ok,199,2026-04-14 09:37:00,2026-04-14 10:05:00,2026-04-14 09:55:00,28.0
2026-04-14,15:06,Robinhood-main,QQQ,2026-04-15,Put,622.0,SELL,1,0.81,Exact (Robinhood email confirmation),True,QQQ   260415P00622000,True,2026-04-14 15:06:00,validate,ok,9,2026-04-14 13:37:00,2026-04-14 15:36:00,2026-04-14 13:37:00,119.0
2026-04-14,15:05,Robinhood-main,AAPL,2026-04-15,Put,255.0,SELL,10,0.44,Exact (Robinhood email confirmation),True,AAPL  260415P00255000,True,2026-04-14 15:05:00,validate,ok,33,2026-04-14 09:30:00,2026-04-14 15:07:00,2026-04-14 13:33:00,337.0
2026-04-14,12:27,Robinhood-main,QQQ,2026-04-15,Put,622.0,BUY,1,0.88,Exact (Robinhood email confirmation),True,QQQ   260415P00622000,True,2026-04-14 12:27:00,validate,ok,47,2026-04-14 12:27:00,2026-04-14 14:41:00,2026-04-14 14:14:00,134.0
2026-04-14,12:15,Robinhood-main,TSLA,2026-04-15,Put,345.0,SELL,1,0.14,Exact (Robinhood email confirmation),True,TSLA  260415P00345000,True,2026-04-14 12:15:00,validate,ok,28,2026-04-14 11:46:00,2026-04-14 12:19:00,2026-04-14 12:03:00,33.0
2026-04-14,12:15,Robinhood-main,QQQ,2026-04-14,Put,620.0,SELL,2,0.09,Exact (Robinhood email confirmation),True,QQQ   260414P00620000,True,2026-04-14 12:15:00,validate,ok,112,2026-04-14 11:46:00,2026-04-14 12:19:00,2026-04-14 11:51:00,33.0
2026-04-14,12:15,Robinhood-main,QQQ,2026-04-14,Put,620.0,SELL,6,0.09,Exact (Robinhood email confirmation),True,QQQ   260414P00620000,True,2026-04-14 12:15:00,validate,ok,112,2026-04-14 11:46:00,2026-04-14 12:19:00,2026-04-14 11:51:00,33.0
2026-04-15,,Robinhood-main,QQQ,2026-04-15,Put,627.0,SELL,3,0.03,Date only -- no execution-time data exists for this account/period,True,QQQ   260415P00627000,False,,recover,ok,81,2026-04-15 14:06:00,2026-04-15 14:56:00,2026-04-15 14:08:00,50.0
2026-04-15,,Robinhood-main,QQQ,2026-04-16,Put,628.0,BUY,1,0.97,Date only -- no execution-time data exists for this account/period,True,QQQ   260416P00628000,False,,recover,ok,8,2026-04-15 12:08:00,2026-04-15 14:02:00,2026-04-15 12:14:00,114.0
2026-04-15,,Robinhood-main,QQQ,2026-04-16,Put,623.0,BUY,1,1.03,Date only -- no execution-time data exists for this account/period,True,QQQ   260416P00623000,False,,recover,ok,8,2026-04-15 09:30:00,2026-04-15 09:43:00,2026-04-15 09:30:00,13.0
2026-04-15,,Robinhood-main,QQQ,2026-04-15,Put,627.0,BUY,1,0.95,Date only -- no execution-time data exists for this account/period,True,QQQ   260415P00627000,False,,recover,ok,58,2026-04-15 09:30:00,2026-04-15 09:46:00,2026-04-15 09:44:00,16.0
2026-04-15,,Robinhood-main,AVGO,2026-04-15,Put,390.0,BUY,1,2.5,Date only -- no execution-time data exists for this account/period,True,AVGO  260415P00390000,False,,recover,ok,7,2026-04-15 09:33:00,2026-04-15 12:53:00,2026-04-15 09:35:00,200.0
2026-04-15,,Robinhood-main,QQQ,2026-04-16,Put,625.0,BUY,2,1.41,Date only -- no execution-time data exists for this account/period,True,QQQ   260416P00625000,False,,recover,ok,16,2026-04-15 09:30:00,2026-04-15 09:47:00,2026-04-15 09:35:00,17.0
2026-04-15,,Webull,AAPL,2026-04-15,Put,255.0,BUY,2,0.15,Date only -- no execution-time data exists for this account/period,True,AAPL  260415P00255000,False,,recover,ok,39,2026-04-15 09:30:00,2026-04-15 09:53:00,2026-04-15 09:30:00,23.0
2026-04-15,,Webull,BA,2026-04-17,Put,217.5,BUY,1,0.76,Date only -- no execution-time data exists for this account/period,True,BA    260417P00217500,False,,recover,ok,3,2026-04-15 09:32:00,2026-04-15 12:41:00,2026-04-15 12:41:00,189.0
2026-04-15,,Robinhood-main,QQQ,2026-04-15,Put,627.0,BUY,2,0.8,Date only -- no execution-time data exists for this account/period,True,QQQ   260415P00627000,False,,recover,ok,115,2026-04-15 09:30:00,2026-04-15 09:52:00,2026-04-15 09:43:00,22.0
2026-04-15,14:45,Robinhood-main,QQQ,2026-04-16,Put,628.0,SELL,1,0.72,Exact (Robinhood email confirmation),True,QQQ   260416P00628000,True,2026-04-15 14:45:00,validate,ok,17,2026-04-15 14:34:00,2026-04-15 14:46:00,2026-04-15 14:44:00,12.0
2026-04-15,14:45,Robinhood-main,QQQ,2026-04-16,Put,625.0,SELL,2,0.43,Exact (Robinhood email confirmation),True,QQQ   260416P00625000,True,2026-04-15 14:45:00,validate,ok,11,2026-04-15 14:34:00,2026-04-15 14:47:00,2026-04-15 14:44:00,13.0
2026-04-15,14:45,Robinhood-main,QQQ,2026-04-16,Put,623.0,SELL,1,0.32,Exact (Robinhood email confirmation),True,QQQ   260416P00623000,True,2026-04-15 14:45:00,validate,ok,6,2026-04-15 14:34:00,2026-04-15 14:47:00,2026-04-15 14:42:00,13.0
2026-04-15,14:59,Robinhood-main,AMD,2026-04-17,Put,240.0,SELL,1,0.52,Exact (Robinhood email confirmation),True,AMD   260417P00240000,True,2026-04-15 14:59:00,validate,ok,15,2026-04-15 10:30:00,2026-04-15 15:04:00,2026-04-15 14:58:00,274.0
2026-04-15,14:49,Robinhood-main,AVGO,2026-04-15,Put,390.0,SELL,1,0.18,Exact (Robinhood email confirmation),True,AVGO  260415P00390000,True,2026-04-15 14:49:00,validate,ok,7,2026-04-15 14:36:00,2026-04-15 14:53:00,2026-04-15 14:38:00,17.0
2026-04-16,,Webull,BA,2026-04-17,Put,217.5,SELL,1,1.94,Date only -- no execution-time data exists for this account/period,True,BA    260417P00217500,False,,recover,ok,7,2026-04-16 10:00:00,2026-04-16 13:14:00,2026-04-16 10:17:00,194.0
2026-04-16,09:33,Robinhood-main,AVGO,2026-04-17,Put,385.0,BUY,1,2.1,Exact (Robinhood email confirmation),True,AVGO  260417P00385000,True,2026-04-16 09:33:00,validate,ok,2,2026-04-16 09:32:00,2026-04-16 09:32:00,2026-04-16 09:32:00,0.0
2026-04-16,09:52,Robinhood-main,QQQ,2026-04-16,Put,632.0,BUY,1,0.58,Exact (Robinhood email confirmation),True,QQQ   260416P00632000,True,2026-04-16 09:52:00,validate,ok,104,2026-04-16 09:41:00,2026-04-16 10:24:00,2026-04-16 09:41:00,43.0
2026-04-16,12:22,Robinhood-main,QQQ,2026-04-16,Put,632.0,SELL,1,0.07,Exact (Robinhood email confirmation),True,QQQ   260416P00632000,True,2026-04-16 12:22:00,validate,ok,109,2026-04-16 11:35:00,2026-04-16 14:30:00,2026-04-16 11:37:00,175.0
2026-04-16,12:23,Robinhood-main,AVGO,2026-04-17,Put,385.0,SELL,1,0.53,Exact (Robinhood email confirmation),True,AVGO  260417P00385000,True,2026-04-16 12:23:00,validate,ok,5,2026-04-16 12:23:00,2026-04-16 14:36:00,2026-04-16 14:19:00,133.0
2026-04-17,,Bebo,NVDA,2026-04-17,Put,200.0,SELL,1,0.06,Date only -- no execution-time data exists for this account/period,True,NVDA  260417P00200000,False,,recover,ok,66,2026-04-17 15:03:00,2026-04-17 15:15:00,2026-04-17 15:03:00,12.0
2026-04-17,,Bebo,NVDA,2026-04-17,Put,200.0,SELL,1,0.68,Date only -- no execution-time data exists for this account/period,True,NVDA  260417P00200000,False,,recover,ok,219,2026-04-17 09:46:00,2026-04-17 13:26:00,2026-04-17 09:56:00,220.0
2026-04-17,,Bebo,NVDA,2026-04-17,Put,200.0,SELL,1,0.06,Date only -- no execution-time data exists for this account/period,True,NVDA  260417P00200000,False,,recover,ok,66,2026-04-17 15:03:00,2026-04-17 15:15:00,2026-04-17 15:03:00,12.0
2026-04-17,,Bebo,NVDA,2026-04-17,Put,200.0,BUY,3,0.24,Date only -- no execution-time data exists for this account/period,True,NVDA  260417P00200000,False,,recover,ok,231,2026-04-17 11:39:00,2026-04-17 14:14:00,2026-04-17 13:46:00,155.0
2026-04-17,12:45,Robinhood-main,QQQ,2026-04-17,Put,644.0,SELL,1,0.1,Exact (Robinhood email confirmation),True,QQQ   260417P00644000,True,2026-04-17 12:45:00,validate,ok,131,2026-04-17 12:44:00,2026-04-17 15:15:00,2026-04-17 14:31:00,151.0
2026-04-17,09:31,Robinhood-main,LITE,2026-04-17,Put,840.0,BUY,1,1.6,Exact (Robinhood email confirmation),True,LITE  260417P00840000,True,2026-04-17 09:31:00,validate,ok,2,2026-04-17 09:31:00,2026-04-17 09:33:00,2026-04-17 09:31:00,2.0
2026-04-17,09:30,Robinhood-main,QQQ,2026-04-17,Put,644.0,BUY,1,1.38,Exact (Robinhood email confirmation),True,QQQ   260417P00644000,True,2026-04-17 09:30:00,validate,ok,152,2026-04-17 09:30:00,2026-04-17 09:49:00,2026-04-17 09:31:00,19.0
2026-04-17,12:45,Robinhood-main,LITE,2026-04-17,Put,840.0,SELL,1,0.55,Exact (Robinhood email confirmation),True,LITE  260417P00840000,True,2026-04-17 12:45:00,validate,ok,2,2026-04-17 12:23:00,2026-04-17 12:45:00,2026-04-17 12:23:00,22.0
2026-04-20,09:31,Robinhood-main,QQQ,2026-04-20,Put,646.0,BUY,1,1.24,Exact (Robinhood email confirmation),True,QQQ   260420P00646000,True,2026-04-20 09:31:00,validate,ok,343,2026-04-20 09:31:00,2026-04-20 13:11:00,2026-04-20 10:38:00,220.0
2026-04-20,14:50,Robinhood-main,QQQ,2026-04-20,Put,646.0,SELL,1,0.3,Exact (Robinhood email confirmation),True,QQQ   260420P00646000,True,2026-04-20 14:50:00,validate,ok,468,2026-04-20 14:50:00,2026-04-20 15:53:00,2026-04-20 15:36:00,63.0
2026-04-21,09:34,Robinhood-main,QQQ,2026-04-21,Put,641.0,BUY,1,0.42,Exact (Robinhood email confirmation),True,QQQ   260421P00641000,True,2026-04-21 09:34:00,validate,ok,140,2026-04-21 09:30:00,2026-04-21 15:45:00,2026-04-21 11:07:00,375.0
2026-04-21,12:57,Robinhood-main,QQQ,2026-04-21,Put,641.0,SELL,1,0.21,Exact (Robinhood email confirmation),True,QQQ   260421P00641000,True,2026-04-21 12:57:00,validate,ok,149,2026-04-21 09:30:00,2026-04-21 15:49:00,2026-04-21 13:34:00,379.0
2026-04-21,15:59,Robinhood-main,AMD,2026-04-24,Put,257.5,BUY,1,0.78,Exact (Robinhood email confirmation),True,AMD   260424P00257500,True,2026-04-21 15:59:00,validate,ok,7,2026-04-21 10:05:00,2026-04-21 15:59:00,2026-04-21 10:05:00,354.0
2026-04-22,11:35,Robinhood-main,AMD,2026-04-24,Put,275.0,BUY,1,0.98,Exact (Robinhood email confirmation),True,AMD   260424P00275000,True,2026-04-22 11:35:00,validate,ok,23,2026-04-22 11:15:00,2026-04-22 12:49:00,2026-04-22 11:41:00,94.0
2026-04-22,09:35,Robinhood-main,AMD,2026-04-24,Put,257.5,SELL,1,0.36,Exact (Robinhood email confirmation),True,AMD   260424P00257500,True,2026-04-22 09:35:00,validate,ok,5,2026-04-22 09:30:00,2026-04-22 10:05:00,2026-04-22 09:30:00,35.0
2026-04-22,09:36,Robinhood-main,QQQ,2026-04-22,Call,654.0,BUY,1,0.3,Exact (Robinhood email confirmation),False,QQQ   260422C00654000,True,2026-04-22 09:36:00,validate,ok,127,2026-04-22 09:32:00,2026-04-22 10:07:00,2026-04-22 09:35:00,35.0
2026-04-22,10:17,Robinhood-main,QQQ,2026-04-22,Call,654.0,SELL,1,0.57,Exact (Robinhood email confirmation),False,QQQ   260422C00654000,True,2026-04-22 10:17:00,validate,ok,489,2026-04-22 09:30:00,2026-04-22 15:10:00,2026-04-22 11:44:00,340.0
2026-04-23,13:35,Robinhood-main,AMD,2026-04-24,Put,275.0,SELL,1,0.2,Exact (Robinhood email confirmation),True,AMD   260424P00275000,True,2026-04-23 13:35:00,validate,ok,30,2026-04-23 11:03:00,2026-04-23 15:05:00,2026-04-23 13:01:00,242.0
2026-04-23,13:36,Robinhood-main,AFRM,2026-05-01,Put,60.0,SELL,1,1.6,Exact (Robinhood email confirmation),True,AFRM  260501P00060000,True,2026-04-23 13:36:00,validate,ok,1,2026-04-23 13:36:00,2026-04-23 13:36:00,2026-04-23 13:36:00,0.0
2026-04-23,09:36,Robinhood-main,AFRM,2026-05-01,Put,60.0,BUY,1,0.85,Exact (Robinhood email confirmation),True,AFRM  260501P00060000,True,2026-04-23 09:36:00,validate,ok,1,2026-04-23 09:36:00,2026-04-23 09:36:00,2026-04-23 09:36:00,0.0
2026-04-24,09:34,Robinhood-main,QQQ,2026-04-24,Put,657.0,BUY,1,1.36,Exact (Robinhood email confirmation),True,QQQ   260424P00657000,True,2026-04-24 09:34:00,validate,ok,188,2026-04-24 09:34:00,2026-04-24 10:34:00,2026-04-24 10:01:00,60.0
2026-04-24,09:36,Robinhood-main,QQQ,2026-04-24,Put,657.0,SELL,1,1.59,Exact (Robinhood email confirmation),True,QQQ   260424P00657000,True,2026-04-24 09:36:00,validate,ok,177,2026-04-24 09:32:00,2026-04-24 10:07:00,2026-04-24 09:57:00,35.0
2026-04-24,09:56,Robinhood-main,SPY,2026-04-24,Put,704.0,BUY,1,0.37,Exact (Robinhood email confirmation),True,SPY   260424P00704000,True,2026-04-24 09:56:00,validate,ok,132,2026-04-24 09:31:00,2026-04-24 10:04:00,2026-04-24 09:54:00,33.0
2026-04-24,10:12,Robinhood-main,SPY,2026-04-24,Put,704.0,SELL,1,0.2,Exact (Robinhood email confirmation),True,SPY   260424P00704000,True,2026-04-24 10:12:00,validate,ok,116,2026-04-24 10:12:00,2026-04-24 10:38:00,2026-04-24 10:12:00,26.0
2026-04-29,14:13,Robinhood-main,SPY,2026-04-29,Put,702.0,BUY,1,0.34,Exact (Robinhood email confirmation),True,SPY   260429P00702000,True,2026-04-29 14:13:00,validate,ok,311,2026-04-29 09:30:00,2026-04-29 14:45:00,2026-04-29 09:58:00,315.0
2026-04-29,15:07,Robinhood-main,SPY,2026-04-29,Put,702.0,SELL,1,0.09,Exact (Robinhood email confirmation),True,SPY   260429P00702000,True,2026-04-29 15:07:00,validate,ok,84,2026-04-29 15:00:00,2026-04-29 16:02:00,2026-04-29 15:06:00,62.0
2026-04-30,09:35,Robinhood-main,TSLA,2026-05-01,Call,392.5,BUY,1,0.45,Exact (Robinhood email confirmation),False,TSLA  260501C00392500,True,2026-04-30 09:35:00,validate,ok,56,2026-04-30 09:30:00,2026-04-30 13:48:00,2026-04-30 10:59:00,258.0
2026-04-30,11:31,Robinhood-main,TSLA,2026-05-01,Call,392.5,SELL,1,0.76,Exact (Robinhood email confirmation),False,TSLA  260501C00392500,True,2026-04-30 11:31:00,validate,ok,70,2026-04-30 11:30:00,2026-04-30 15:59:00,2026-04-30 14:50:00,269.0
2025-11-04,,Webull,QQQ,2025-11-04,Put,617.0,BUY,1,0.42,Date only -- no execution-time data exists for this account/period,True,QQQ   251104P00617000,False,,recover,ok,84,2025-11-04 09:44:00,2025-11-04 13:40:00,2025-11-04 13:27:00,236.0
2025-11-04,,Robinhood-main,QQQ,2025-11-04,Call,627.0,BUY,1,0.83,Date only -- no execution-time data exists for this account/period,False,QQQ   251104C00627000,False,,recover,ok,79,2025-11-04 09:30:00,2025-11-04 10:51:00,2025-11-04 10:50:00,81.0
2025-11-04,,Webull,QQQ,2025-11-04,Put,617.0,SELL,1,0.09,Date only -- no execution-time data exists for this account/period,True,QQQ   251104P00617000,False,,recover,ok,124,2025-11-04 14:25:00,2025-11-04 16:13:00,2025-11-04 15:36:00,108.0
2025-11-05,,Robinhood-main,QQQ,2025-11-05,Put,617.0,BUY,1,0.67,Date only -- no execution-time data exists for this account/period,True,QQQ   251105P00617000,False,,recover,ok,42,2025-11-05 09:53:00,2025-11-05 10:22:00,2025-11-05 09:53:00,29.0
2025-11-05,,Robinhood-main,QQQ,2025-11-06,Put,610.0,BUY,1,1.25,Date only -- no execution-time data exists for this account/period,True,QQQ   251106P00610000,False,,recover,ok,11,2025-11-05 09:30:00,2025-11-05 09:37:00,2025-11-05 09:37:00,7.0
2025-11-05,,Robinhood-main,QQQ,2025-11-06,Put,624.0,BUY,1,2.27,Date only -- no execution-time data exists for this account/period,True,QQQ   251106P00624000,False,,recover,ok,25,2025-11-05 12:27:00,2025-11-05 15:57:00,2025-11-05 15:56:00,210.0
2025-11-05,,Robinhood-main,QQQ,2025-11-05,Put,614.0,BUY,1,0.98,Date only -- no execution-time data exists for this account/period,True,QQQ   251105P00614000,False,,recover,ok,89,2025-11-05 09:30:00,2025-11-05 09:45:00,2025-11-05 09:43:00,15.0
2025-11-06,,Webull,QQQ,2025-11-07,Put,610.0,SELL,1,3.42,Date only -- no execution-time data exists for this account/period,True,QQQ   251107P00610000,False,,recover,ok,48,2025-11-06 11:43:00,2025-11-06 12:27:00,2025-11-06 12:22:00,44.0
2025-11-06,,Webull,QQQ,2025-11-10,Put,605.0,SELL,1,2.26,Date only -- no execution-time data exists for this account/period,True,QQQ   251110P00605000,False,,recover,ok,16,2025-11-06 10:48:00,2025-11-06 15:53:00,2025-11-06 10:48:00,305.0
2025-11-06,,Webull,QQQ,2025-11-10,Put,605.0,BUY,1,3.19,Date only -- no execution-time data exists for this account/period,True,QQQ   251110P00605000,False,,recover,ok,4,2025-11-06 11:59:00,2025-11-06 12:26:00,2025-11-06 11:59:00,27.0
2025-11-06,,Webull,QQQ,2025-11-07,Put,610.0,BUY,1,2.43,Date only -- no execution-time data exists for this account/period,True,QQQ   251107P00610000,False,,recover,ok,146,2025-11-06 10:40:00,2025-11-06 16:13:00,2025-11-06 10:53:00,333.0
2025-11-07,,Webull,QQQ,2025-11-10,Put,590.0,SELL,1,0.46,Date only -- no execution-time data exists for this account/period,True,QQQ   251110P00590000,False,,recover,ok,7,2025-11-07 14:34:00,2025-11-07 15:27:00,2025-11-07 14:37:00,53.0
2025-11-07,,Webull,UNH,2025-11-07,Put,315.0,SELL,2,0.02,Date only -- no execution-time data exists for this account/period,True,UNH   251107P00315000,False,,recover,ok,10,2025-11-07 14:16:00,2025-11-07 15:50:00,2025-11-07 14:42:00,94.0
2025-11-07,,Webull,QQQ,2025-11-10,Put,590.0,BUY,1,1.29,Date only -- no execution-time data exists for this account/period,True,QQQ   251110P00590000,False,,recover,ok,51,2025-11-07 11:00:00,2025-11-07 12:53:00,2025-11-07 11:35:00,113.0
2025-11-07,,Webull,QQQ,2025-11-07,Put,600.0,SELL,1,1.37,Date only -- no execution-time data exists for this account/period,True,QQQ   251107P00600000,False,,recover,ok,321,2025-11-07 09:37:00,2025-11-07 12:54:00,2025-11-07 12:53:00,197.0
2025-11-07,,Webull,QQQ,2025-11-07,Put,600.0,BUY,1,0.75,Date only -- no execution-time data exists for this account/period,True,QQQ   251107P00600000,False,,recover,ok,180,2025-11-07 09:30:00,2025-11-07 13:08:00,2025-11-07 09:32:00,218.0
2025-11-07,,Webull,UNH,2025-11-07,Put,315.0,BUY,2,0.8,Date only -- no execution-time data exists for this account/period,True,UNH   251107P00315000,False,,recover,ok,18,2025-11-07 09:30:00,2025-11-07 11:31:00,2025-11-07 10:20:00,121.0
2025-11-10,,Webull,QQQ,2025-11-10,Put,610.0,SELL,1,0.18,Date only -- no execution-time data exists for this account/period,True,QQQ   251110P00610000,False,,recover,ok,56,2025-11-10 09:35:00,2025-11-10 11:46:00,2025-11-10 11:07:00,131.0
2025-11-10,,Webull,QQQ,2025-11-10,Put,610.0,BUY,1,0.12,Date only -- no execution-time data exists for this account/period,True,QQQ   251110P00610000,False,,recover,ok,70,2025-11-10 09:39:00,2025-11-10 11:58:00,2025-11-10 09:39:00,139.0
2025-11-10,,Webull,QQQ,2025-11-11,Put,610.0,BUY,1,0.91,Date only -- no execution-time data exists for this account/period,True,QQQ   251111P00610000,False,,recover,ok,11,2025-11-10 09:31:00,2025-11-10 11:40:00,2025-11-10 11:06:00,129.0
2025-11-10,,Webull,QQQ,2025-11-11,Put,610.0,SELL,1,0.29,Date only -- no execution-time data exists for this account/period,True,QQQ   251111P00610000,False,,recover,ok,12,2025-11-10 13:02:00,2025-11-10 14:02:00,2025-11-10 13:31:00,60.0
2025-11-11,,Webull,QQQ,2025-11-11,Put,616.0,SELL,1,0.79,Date only -- no execution-time data exists for this account/period,True,QQQ   251111P00616000,False,,recover,ok,44,2025-11-11 10:36:00,2025-11-11 11:30:00,2025-11-11 10:55:00,54.0
2025-11-11,,Webull,QQQ,2025-11-11,Put,616.0,BUY,1,0.47,Date only -- no execution-time data exists for this account/period,True,QQQ   251111P00616000,False,,recover,ok,284,2025-11-11 09:30:00,2025-11-11 11:59:00,2025-11-11 10:26:00,149.0
2025-11-12,,Webull,PLTR,2025-11-14,Put,175.0,BUY,1,0.74,Date only -- no execution-time data exists for this account/period,True,PLTR  251114P00175000,False,,recover,ok,46,2025-11-12 09:34:00,2025-11-12 15:49:00,2025-11-12 10:15:00,375.0
2025-11-12,,Webull,PLTR,2025-11-14,Put,175.0,SELL,1,1.33,Date only -- no execution-time data exists for this account/period,True,PLTR  251114P00175000,False,,recover,ok,24,2025-11-12 10:53:00,2025-11-12 14:33:00,2025-11-12 11:12:00,220.0
2025-11-13,,Webull,QQQ,2025-11-18,Put,600.0,BUY,1,1.88,Date only -- no execution-time data exists for this account/period,True,QQQ   251118P00600000,False,,recover,ok,3,2025-11-13 09:42:00,2025-11-13 09:49:00,2025-11-13 09:42:00,7.0
2025-11-13,,Webull,PLTR,2025-11-21,Put,160.0,BUY,1,1.1,Date only -- no execution-time data exists for this account/period,True,PLTR  251121P00160000,False,,recover,ok,12,2025-11-13 09:35:00,2025-11-13 10:09:00,2025-11-13 09:48:00,34.0
2025-11-13,,Webull,QQQ,2025-11-18,Put,600.0,SELL,1,2.69,Date only -- no execution-time data exists for this account/period,True,QQQ   251118P00600000,False,,recover,ok,4,2025-11-13 11:41:00,2025-11-13 11:54:00,2025-11-13 11:54:00,13.0
2025-11-13,,Webull,QQQ,2025-11-17,Put,600.0,BUY,1,1.77,Date only -- no execution-time data exists for this account/period,True,QQQ   251117P00600000,False,,recover,ok,9,2025-11-13 11:04:00,2025-11-13 12:19:00,2025-11-13 11:04:00,75.0
2025-11-13,,Webull,PLTR,2025-11-21,Put,160.0,BUY,1,1.9,Date only -- no execution-time data exists for this account/period,True,PLTR  251121P00160000,False,,recover,ok,11,2025-11-13 11:20:00,2025-11-13 13:12:00,2025-11-13 11:40:00,112.0
2025-11-13,,Webull,QQQ,2025-11-17,Put,600.0,SELL,1,2.94,Date only -- no execution-time data exists for this account/period,True,QQQ   251117P00600000,False,,recover,ok,16,2025-11-13 13:26:00,2025-11-13 15:34:00,2025-11-13 13:45:00,128.0
2025-11-13,,Webull,QQQ,2025-11-18,Put,580.0,BUY,1,1.1,Date only -- no execution-time data exists for this account/period,True,QQQ   251118P00580000,False,,recover,ok,9,2025-11-13 13:37:00,2025-11-13 14:55:00,2025-11-13 13:39:00,78.0
2025-11-13,,Webull,QQQ,2025-11-18,Put,580.0,SELL,1,0.99,Date only -- no execution-time data exists for this account/period,True,QQQ   251118P00580000,False,,recover,ok,5,2025-11-13 13:46:00,2025-11-13 15:17:00,2025-11-13 15:17:00,91.0
2025-11-13,,Webull,PLTR,2025-11-21,Put,160.0,SELL,1,1.54,Date only -- no execution-time data exists for this account/period,True,PLTR  251121P00160000,False,,recover,ok,8,2025-11-13 10:34:00,2025-11-13 12:25:00,2025-11-13 11:15:00,111.0
2025-11-14,,Webull,QQQ,2025-11-14,Put,608.0,BUY,1,1.76,Date only -- no execution-time data exists for this account/period,True,QQQ   251114P00608000,False,,recover,ok,117,2025-11-14 10:46:00,2025-11-14 11:15:00,2025-11-14 10:46:00,29.0
2025-11-14,,Webull,QQQ,2025-11-14,Put,608.0,SELL,1,1.32,Date only -- no execution-time data exists for this account/period,True,QQQ   251114P00608000,False,,recover,ok,119,2025-11-14 11:20:00,2025-11-14 13:49:00,2025-11-14 13:48:00,149.0
2025-11-14,,Webull,PLTR,2025-11-21,Put,160.0,SELL,1,3.4,Date only -- no execution-time data exists for this account/period,True,PLTR  251121P00160000,False,,recover,ok,15,2025-11-14 09:30:00,2025-11-14 09:42:00,2025-11-14 09:42:00,12.0
2025-11-14,,Webull,QQQ,2025-11-18,Put,595.0,BUY,1,3.11,Date only -- no execution-time data exists for this account/period,True,QQQ   251118P00595000,False,,recover,ok,7,2025-11-14 10:00:00,2025-11-14 10:19:00,2025-11-14 10:00:00,19.0
2025-11-14,,Webull,QQQ,2025-11-17,Call,605.0,SELL,1,3.9,Date only -- no execution-time data exists for this account/period,False,QQQ   251117C00605000,False,,recover,ok,28,2025-11-14 09:37:00,2025-11-14 09:42:00,2025-11-14 09:40:00,5.0
2025-11-14,,Webull,QQQ,2025-11-18,Put,595.0,SELL,1,1.96,Date only -- no execution-time data exists for this account/period,True,QQQ   251118P00595000,False,,recover,ok,5,2025-11-14 11:09:00,2025-11-14 13:46:00,2025-11-14 11:09:00,157.0
2025-11-14,,Webull,QQQ,2025-11-17,Call,605.0,BUY,1,2.87,Date only -- no execution-time data exists for this account/period,False,QQQ   251117C00605000,False,,recover,ok,20,2025-11-14 09:33:00,2025-11-14 09:35:00,2025-11-14 09:33:00,2.0
2025-11-17,,Webull,AMD,2025-11-21,Put,230.0,BUY,1,3.15,Date only -- no execution-time data exists for this account/period,True,AMD   251121P00230000,False,,recover,ok,17,2025-11-17 09:30:00,2025-11-17 15:59:00,2025-11-17 09:30:00,389.0
2025-11-17,,Webull,AAPL,2025-11-21,Put,260.0,BUY,1,1.02,Date only -- no execution-time data exists for this account/period,True,AAPL  251121P00260000,False,,recover,ok,69,2025-11-17 09:30:00,2025-11-17 15:51:00,2025-11-17 09:33:00,381.0
2025-11-17,,Webull,AMD,2025-11-21,Put,230.0,SELL,1,3.86,Date only -- no execution-time data exists for this account/period,True,AMD   251121P00230000,False,,recover,ok,5,2025-11-17 14:49:00,2025-11-17 15:19:00,2025-11-17 15:16:00,30.0
2025-11-17,,Webull,QQQ,2025-11-28,Put,575.0,BUY,1,4.06,Date only -- no execution-time data exists for this account/period,True,QQQ   251128P00575000,False,,recover,ok,1,2025-11-17 15:09:00,2025-11-17 15:09:00,2025-11-17 15:09:00,0.0
2025-11-17,,Webull,AAPL,2025-11-28,Put,255.0,BUY,1,1.21,Date only -- no execution-time data exists for this account/period,True,AAPL  251128P00255000,False,,recover,ok,4,2025-11-17 14:54:00,2025-11-17 15:11:00,2025-11-17 14:54:00,17.0
2025-11-17,,Webull,AAPL,2025-11-21,Put,260.0,SELL,1,1.19,Date only -- no execution-time data exists for this account/period,True,AAPL  251121P00260000,False,,recover,ok,84,2025-11-17 09:30:00,2025-11-17 15:37:00,2025-11-17 11:17:00,367.0
2025-11-18,,Webull,QQQ,2025-11-28,Put,575.0,SELL,1,4.08,Date only -- no execution-time data exists for this account/period,True,QQQ   251128P00575000,False,,recover,ok,2,2025-11-18 09:36:00,2025-11-18 12:54:00,2025-11-18 12:54:00,198.0
2025-11-18,,Webull,QQQ,2025-11-18,Call,603.0,BUY,1,2.03,Date only -- no execution-time data exists for this account/period,False,QQQ   251118C00603000,False,,recover,ok,74,2025-11-18 09:32:00,2025-11-18 09:39:00,2025-11-18 09:36:00,7.0
2025-11-18,,Webull,QQQ,2025-11-18,Call,603.0,SELL,1,1.84,Date only -- no execution-time data exists for this account/period,False,QQQ   251118C00603000,False,,recover,ok,92,2025-11-18 09:30:00,2025-11-18 09:41:00,2025-11-18 09:39:00,11.0
2025-11-18,,Webull,QQQ,2025-11-18,Put,597.0,SELL,1,3.41,Date only -- no execution-time data exists for this account/period,True,QQQ   251118P00597000,False,,recover,ok,102,2025-11-18 09:51:00,2025-11-18 12:34:00,2025-11-18 09:52:00,163.0
2025-11-18,,Webull,AAPL,2025-11-28,Put,255.0,SELL,1,1.15,Date only -- no execution-time data exists for this account/period,True,AAPL  251128P00255000,False,,recover,ok,9,2025-11-18 09:54:00,2025-11-18 11:13:00,2025-11-18 10:22:00,79.0
2025-11-18,,Webull,AAPL,2025-11-21,Put,260.0,BUY,1,1.15,Date only -- no execution-time data exists for this account/period,True,AAPL  251121P00260000,False,,recover,ok,83,2025-11-18 09:49:00,2025-11-18 12:34:00,2025-11-18 09:49:00,165.0
2025-11-18,,Webull,AAPL,2025-11-21,Put,260.0,SELL,1,1.42,Date only -- no execution-time data exists for this account/period,True,AAPL  251121P00260000,False,,recover,ok,14,2025-11-18 10:17:00,2025-11-18 10:19:00,2025-11-18 10:19:00,2.0
2025-11-18,,Webull,QQQ,2025-11-18,Put,597.0,BUY,1,2.11,Date only -- no execution-time data exists for this account/period,True,QQQ   251118P00597000,False,,recover,ok,321,2025-11-18 09:30:00,2025-11-18 16:01:00,2025-11-18 12:11:00,391.0
2025-11-19,,Webull,QQQ,2025-11-19,Put,593.0,SELL,1,1.01,Date only -- no execution-time data exists for this account/period,True,QQQ   251119P00593000,False,,recover,ok,112,2025-11-19 09:49:00,2025-11-19 14:47:00,2025-11-19 13:46:00,298.0
2025-11-19,,Webull,AAPL,2025-11-21,Put,260.0,BUY,1,0.51,Date only -- no execution-time data exists for this account/period,True,AAPL  251121P00260000,False,,recover,ok,48,2025-11-19 09:42:00,2025-11-19 15:57:00,2025-11-19 09:46:00,375.0
2025-11-19,,Webull,COIN,2025-11-21,Put,250.0,SELL,1,5.55,Date only -- no execution-time data exists for this account/period,True,COIN  251121P00250000,False,,recover,ok,15,2025-11-19 10:54:00,2025-11-19 15:15:00,2025-11-19 11:04:00,261.0
2025-11-19,,Webull,AAPL,2025-11-21,Put,265.0,BUY,1,1.09,Date only -- no execution-time data exists for this account/period,True,AAPL  251121P00265000,False,,recover,ok,52,2025-11-19 09:54:00,2025-11-19 14:59:00,2025-11-19 11:07:00,305.0
2025-11-19,,Webull,NFLX,2025-12-19,Put,105.0,BUY,1,2.09,Date only -- no execution-time data exists for this account/period,True,NFLX  251219P00105000,False,,recover,ok,5,2025-11-19 11:26:00,2025-11-19 15:28:00,2025-11-19 11:45:00,242.0
2025-11-19,,Webull,AAPL,2025-11-21,Put,260.0,BUY,1,0.39,Date only -- no execution-time data exists for this account/period,True,AAPL  251121P00260000,False,,recover,ok,77,2025-11-19 09:56:00,2025-11-19 15:44:00,2025-11-19 09:56:00,348.0
2025-11-19,,Webull,QQQ,2025-11-19,Put,593.0,BUY,1,1.98,Date only -- no execution-time data exists for this account/period,True,QQQ   251119P00593000,False,,recover,ok,37,2025-11-19 09:34:00,2025-11-19 12:41:00,2025-11-19 12:36:00,187.0
2025-11-19,,Webull,AAPL,2025-11-21,Put,265.0,BUY,1,2.15,Date only -- no execution-time data exists for this account/period,True,AAPL  251121P00265000,False,,recover,ok,39,2025-11-19 09:30:00,2025-11-19 09:34:00,2025-11-19 09:34:00,4.0
2025-11-19,,Webull,COIN,2025-11-21,Put,250.0,BUY,1,4.0,Date only -- no execution-time data exists for this account/period,True,COIN  251121P00250000,False,,recover,ok,15,2025-11-19 09:30:00,2025-11-19 15:58:00,2025-11-19 15:51:00,388.0
2025-11-20,,Webull,AAPL,2025-11-21,Put,265.0,SELL,2,0.2,Date only -- no execution-time data exists for this account/period,True,AAPL  251121P00265000,False,,recover,ok,55,2025-11-20 09:30:00,2025-11-20 11:27:00,2025-11-20 11:16:00,117.0
2025-11-20,,Webull,QQQ,2025-11-20,Put,608.0,BUY,1,1.48,Date only -- no execution-time data exists for this account/period,True,QQQ   251120P00608000,False,,recover,ok,145,2025-11-20 09:30:00,2025-11-20 11:00:00,2025-11-20 09:38:00,90.0
2025-11-20,,Webull,NFLX,2025-12-19,Put,105.0,SELL,1,2.1,Date only -- no execution-time data exists for this account/period,True,NFLX  251219P00105000,False,,recover,ok,5,2025-11-20 09:44:00,2025-11-20 10:52:00,2025-11-20 09:44:00,68.0
2025-11-20,,Webull,QQQ,2025-11-20,Put,613.0,BUY,1,2.12,Date only -- no execution-time data exists for this account/period,True,QQQ   251120P00613000,False,,recover,ok,106,2025-11-20 09:56:00,2025-11-20 10:48:00,2025-11-20 09:56:00,52.0
2025-11-20,,Webull,QQQ,2025-11-20,Put,613.0,SELL,1,5.18,Date only -- no execution-time data exists for this account/period,True,QQQ   251120P00613000,False,,recover,ok,9,2025-11-20 11:05:00,2025-11-20 11:09:00,2025-11-20 11:09:00,4.0
2025-11-20,,Webull,QQQ,2025-11-20,Put,608.0,SELL,1,2.44,Date only -- no execution-time data exists for this account/period,True,QQQ   251120P00608000,False,,recover,ok,50,2025-11-20 11:10:00,2025-11-20 11:12:00,2025-11-20 11:11:00,2.0
2025-11-20,,Webull,AAPL,2025-11-21,Put,260.0,SELL,2,0.08,Date only -- no execution-time data exists for this account/period,True,AAPL  251121P00260000,False,,recover,ok,48,2025-11-20 09:30:00,2025-11-20 11:32:00,2025-11-20 09:30:00,122.0
2025-11-20,,Webull,GOOG,2025-11-28,Put,290.0,SELL,1,2.7,Date only -- no execution-time data exists for this account/period,True,GOOG  251128P00290000,False,,recover,ok,3,2025-11-20 11:43:00,2025-11-20 11:50:00,2025-11-20 11:43:00,7.0
2025-11-20,,Webull,GOOG,2025-11-28,Put,290.0,BUY,1,1.66,Date only -- no execution-time data exists for this account/period,True,GOOG  251128P00290000,False,,recover,ok,3,2025-11-20 11:12:00,2025-11-20 11:14:00,2025-11-20 11:12:00,2.0
2025-11-21,,Webull,QQQ,2025-11-21,Put,596.0,SELL,1,3.01,Date only -- no execution-time data exists for this account/period,True,QQQ   251121P00596000,False,,recover,ok,33,2025-11-21 13:48:00,2025-11-21 15:49:00,2025-11-21 15:24:00,121.0
2025-11-21,,Webull,QQQ,2025-11-21,Put,596.0,BUY,1,1.32,Date only -- no execution-time data exists for this account/period,True,QQQ   251121P00596000,False,,recover,ok,82,2025-11-21 14:20:00,2025-11-21 14:41:00,2025-11-21 14:40:00,21.0
2025-11-21,,Webull,NFLX,2025-12-19,Put,102.0,BUY,1,2.57,Date only -- no execution-time data exists for this account/period,True,NFLX  251219P00102000,False,,recover,ok,8,2025-11-21 12:18:00,2025-11-21 15:28:00,2025-11-21 13:35:00,190.0
2025-11-21,,Webull,QQQ,2025-11-21,Put,587.0,SELL,1,0.29,Date only -- no execution-time data exists for this account/period,True,QQQ   251121P00587000,False,,recover,ok,30,2025-11-21 13:48:00,2025-11-21 14:57:00,2025-11-21 13:48:00,69.0
2025-11-21,,Webull,QQQ,2025-11-21,Put,580.0,SELL,2,0.075,Date only -- no execution-time data exists for this account/period,True,QQQ   251121P00580000,False,,recover,ok,10,2025-11-21 13:48:00,2025-11-21 14:57:00,2025-11-21 13:48:00,69.0
2025-11-21,,Webull,QQQ,2025-11-21,Put,587.0,BUY,1,1.22,Date only -- no execution-time data exists for this account/period,True,QQQ   251121P00587000,False,,recover,ok,75,2025-11-21 11:58:00,2025-11-21 13:30:00,2025-11-21 12:19:00,92.0
2025-11-21,,Webull,QQQ,2025-11-21,Put,580.0,BUY,1,2.32,Date only -- no execution-time data exists for this account/period,True,QQQ   251121P00580000,False,,recover,ok,275,2025-11-21 09:45:00,2025-11-21 11:20:00,2025-11-21 10:33:00,95.0
2025-11-21,,Webull,QQQ,2025-11-21,Put,580.0,BUY,1,2.97,Date only -- no execution-time data exists for this account/period,True,QQQ   251121P00580000,False,,recover,ok,82,2025-11-21 09:45:00,2025-11-21 11:06:00,2025-11-21 10:38:00,81.0
2025-11-21,,Webull,NFLX,2025-11-21,Put,104.5,BUY,1,0.96,Date only -- no execution-time data exists for this account/period,True,NFLX  251121P00104500,False,,recover,ok,2,2025-11-21 09:30:00,2025-11-21 09:30:00,2025-11-21 09:30:00,0.0
2025-11-21,,Webull,QQQ,2025-11-21,Put,587.0,SELL,1,4.51,Date only -- no execution-time data exists for this account/period,True,QQQ   251121P00587000,False,,recover,ok,152,2025-11-21 09:33:00,2025-11-21 11:21:00,2025-11-21 09:45:00,108.0
2025-11-21,,Webull,QQQ,2025-11-21,Put,587.0,BUY,1,4.32,Date only -- no execution-time data exists for this account/period,True,QQQ   251121P00587000,False,,recover,ok,135,2025-11-21 09:32:00,2025-11-21 11:23:00,2025-11-21 09:45:00,111.0
2025-11-21,,Webull,NFLX,2025-11-21,Put,104.5,SELL,1,0.41,Date only -- no execution-time data exists for this account/period,True,NFLX  251121P00104500,False,,recover,ok,12,2025-11-21 09:32:00,2025-11-21 15:55:00,2025-11-21 09:42:00,383.0
2025-11-21,,Webull,QQQ,2025-11-21,Put,592.0,SELL,1,0.55,Date only -- no execution-time data exists for this account/period,True,QQQ   251121P00592000,False,,recover,ok,138,2025-11-21 14:11:00,2025-11-21 15:50:00,2025-11-21 14:11:00,99.0
2025-11-21,,Webull,QQQ,2025-11-21,Put,592.0,BUY,1,0.26,Date only -- no execution-time data exists for this account/period,True,QQQ   251121P00592000,False,,recover,ok,13,2025-11-21 14:25:00,2025-11-21 14:39:00,2025-11-21 14:25:00,14.0
2025-11-24,,Webull,QQQ,2025-11-28,Put,590.0,SELL,1,1.92,Date only -- no execution-time data exists for this account/period,True,QQQ   251128P00590000,False,,recover,ok,16,2025-11-24 11:12:00,2025-11-24 12:15:00,2025-11-24 11:16:00,63.0
2025-11-24,,Webull,NFLX,2025-12-19,Put,102.0,SELL,1,2.36,Date only -- no execution-time data exists for this account/period,True,NFLX  251219P00102000,False,,recover,ok,1,2025-11-24 09:31:00,2025-11-24 09:31:00,2025-11-24 09:31:00,0.0
2025-11-24,,Webull,QQQ,2025-11-24,Put,597.0,SELL,1,0.06,Date only -- no execution-time data exists for this account/period,True,QQQ   251124P00597000,False,,recover,ok,45,2025-11-24 14:08:00,2025-11-24 14:57:00,2025-11-24 14:08:00,49.0
2025-11-24,,Webull,QQQ,2025-11-24,Put,597.0,BUY,1,0.16,Date only -- no execution-time data exists for this account/period,True,QQQ   251124P00597000,False,,recover,ok,50,2025-11-24 12:44:00,2025-11-24 13:03:00,2025-11-24 12:48:00,19.0
2025-11-24,,Webull,QQQ,2025-11-24,Put,601.0,BUY,1,0.68,Date only -- no execution-time data exists for this account/period,True,QQQ   251124P00601000,False,,recover,ok,119,2025-11-24 11:19:00,2025-11-24 12:15:00,2025-11-24 11:30:00,56.0
2025-11-24,,Webull,QQQ,2025-11-28,Put,590.0,BUY,1,3.47,Date only -- no execution-time data exists for this account/period,True,QQQ   251128P00590000,False,,recover,ok,5,2025-11-24 09:34:00,2025-11-24 10:11:00,2025-11-24 10:11:00,37.0
2025-11-25,,Webull,AVGO,2025-11-28,Put,350.0,SELL,1,0.65,Date only -- no execution-time data exists for this account/period,True,AVGO  251128P00350000,False,,recover,ok,19,2025-11-25 09:35:00,2025-11-25 11:39:00,2025-11-25 10:38:00,124.0
2025-11-25,,Webull,AVGO,2025-11-28,Put,370.0,SELL,1,4.45,Date only -- no execution-time data exists for this account/period,True,AVGO  251128P00370000,False,,recover,ok,22,2025-11-25 09:43:00,2025-11-25 11:30:00,2025-11-25 10:36:00,107.0
2025-11-25,,Webull,AVGO,2025-11-28,Put,365.0,BUY,1,2.69,Date only -- no execution-time data exists for this account/period,True,AVGO  251128P00365000,False,,recover,ok,9,2025-11-25 09:41:00,2025-11-25 10:47:00,2025-11-25 10:33:00,66.0
2025-11-25,,Webull,AVGO,2025-11-28,Put,365.0,SELL,1,4.1,Date only -- no execution-time data exists for this account/period,True,AVGO  251128P00365000,False,,recover,ok,13,2025-11-25 09:45:00,2025-11-25 11:11:00,2025-11-25 09:45:00,86.0
2025-11-25,,Webull,AVGO,2025-11-28,Put,350.0,BUY,1,0.52,Date only -- no execution-time data exists for this account/period,True,AVGO  251128P00350000,False,,recover,ok,16,2025-11-25 09:30:00,2025-11-25 12:07:00,2025-11-25 12:07:00,157.0
2025-11-25,,Webull,AVGO,2025-11-28,Put,360.0,BUY,1,1.54,Date only -- no execution-time data exists for this account/period,True,AVGO  251128P00360000,False,,recover,ok,6,2025-11-25 09:31:00,2025-11-25 09:40:00,2025-11-25 09:36:00,9.0
2025-11-25,,Webull,AVGO,2025-11-28,Put,360.0,SELL,1,2.11,Date only -- no execution-time data exists for this account/period,True,AVGO  251128P00360000,False,,recover,ok,15,2025-11-25 09:43:00,2025-11-25 10:53:00,2025-11-25 10:53:00,70.0
2025-11-25,,Webull,AVGO,2025-11-28,Put,370.0,BUY,1,3.8,Date only -- no execution-time data exists for this account/period,True,AVGO  251128P00370000,False,,recover,ok,9,2025-11-25 09:40:00,2025-11-25 10:44:00,2025-11-25 09:41:00,64.0
2025-11-25,,Webull,AVGO,2025-11-28,Put,350.0,BUY,1,0.7,Date only -- no execution-time data exists for this account/period,True,AVGO  251128P00350000,False,,recover,ok,26,2025-11-25 09:35:00,2025-11-25 11:35:00,2025-11-25 10:40:00,120.0
2025-11-26,,Webull,AVGO,2025-11-28,Put,380.0,SELL,2,0.2,Date only -- no execution-time data exists for this account/period,True,AVGO  251128P00380000,False,,recover,ok,13,2025-11-26 15:09:00,2025-11-26 15:56:00,2025-11-26 15:14:00,47.0
2025-11-26,,Webull,AVGO,2025-11-28,Put,350.0,SELL,1,0.03,Date only -- no execution-time data exists for this account/period,True,AVGO  251128P00350000,False,,recover,ok,31,2025-11-26 11:06:00,2025-11-26 15:55:00,2025-11-26 12:52:00,289.0
2025-11-26,,Webull,AVGO,2025-11-28,Put,380.0,BUY,1,0.81,Date only -- no execution-time data exists for this account/period,True,AVGO  251128P00380000,False,,recover,ok,6,2025-11-26 11:04:00,2025-11-26 11:14:00,2025-11-26 11:04:00,10.0
2025-11-26,,Webull,AVGO,2025-11-28,Put,380.0,BUY,1,3.45,Date only -- no execution-time data exists for this account/period,True,AVGO  251128P00380000,False,,recover,ok,13,2025-11-26 09:30:00,2025-11-26 09:42:00,2025-11-26 09:37:00,12.0
2025-11-28,,Webull,AVGO,2025-11-28,Put,392.5,SELL,2,0.01,Date only -- no execution-time data exists for this account/period,True,AVGO  251128P00392500,False,,recover,ok,11,2025-11-28 12:08:00,2025-11-28 12:51:00,2025-11-28 12:13:00,43.0
2025-11-28,,Webull,AVGO,2025-11-28,Put,392.5,BUY,1,0.36,Date only -- no execution-time data exists for this account/period,True,AVGO  251128P00392500,False,,recover,ok,12,2025-11-28 09:36:00,2025-11-28 10:31:00,2025-11-28 10:28:00,55.0
2025-11-28,,Webull,AVGO,2025-11-28,Put,392.5,BUY,1,0.45,Date only -- no execution-time data exists for this account/period,True,AVGO  251128P00392500,False,,recover,ok,7,2025-11-28 09:33:00,2025-11-28 09:48:00,2025-11-28 09:48:00,15.0
2025-12-03,,Webull,QQQ,2025-12-04,Put,617.0,BUY,1,0.54,Date only -- no execution-time data exists for this account/period,True,QQQ   251204P00617000,False,,recover,ok,4,2025-12-03 14:26:00,2025-12-03 14:39:00,2025-12-03 14:26:00,13.0
2025-12-03,,Webull,QQQ,2025-12-04,Put,613.0,BUY,1,0.59,Date only -- no execution-time data exists for this account/period,True,QQQ   251204P00613000,False,,recover,ok,8,2025-12-03 10:44:00,2025-12-03 11:59:00,2025-12-03 11:09:00,75.0
2025-12-03,,Webull,QQQ,2025-12-04,Put,613.0,SELL,1,0.27,Date only -- no execution-time data exists for this account/period,True,QQQ   251204P00613000,False,,recover,ok,10,2025-12-03 13:41:00,2025-12-03 16:08:00,2025-12-03 14:14:00,147.0
2025-12-04,,Webull,QQQ,2025-12-04,Put,617.0,SELL,1,0.12,Date only -- no execution-time data exists for this account/period,True,QQQ   251204P00617000,False,,recover,ok,61,2025-12-04 11:48:00,2025-12-04 14:31:00,2025-12-04 11:50:00,163.0
2025-12-05,,Robinhood-main,TSLA,2025-12-05,Put,440.0,BUY,1,0.21,Date only -- no execution-time data exists for this account/period,True,TSLA  251205P00440000,False,,recover,ok,54,2025-12-05 09:37:00,2025-12-05 10:02:00,2025-12-05 09:46:00,25.0
2025-12-11,,Webull,AAPL,2025-12-12,Put,275.0,BUY,1,0.41,Date only -- no execution-time data exists for this account/period,True,AAPL  251212P00275000,False,,recover,ok,57,2025-12-11 09:30:00,2025-12-11 14:34:00,2025-12-11 12:49:00,304.0
2025-12-11,,Webull,AAPL,2025-12-12,Put,272.5,BUY,1,0.26,Date only -- no execution-time data exists for this account/period,True,AAPL  251212P00272500,False,,recover,ok,26,2025-12-11 09:37:00,2025-12-11 12:07:00,2025-12-11 09:38:00,150.0
2025-12-11,,Robinhood-main,AAPL,2025-12-12,Put,270.0,SELL,1,0.33,"Date only -- multiple same-day fills match, time ambiguous",True,AAPL  251212P00270000,False,,recover,ok,61,2025-12-11 09:45:00,2025-12-11 10:05:00,2025-12-11 09:46:00,20.0
2025-12-11,,Robinhood-main,AAPL,2025-12-12,Put,270.0,SELL,1,0.33,"Date only -- multiple same-day fills match, time ambiguous",True,AAPL  251212P00270000,False,,recover,ok,61,2025-12-11 09:45:00,2025-12-11 10:05:00,2025-12-11 09:46:00,20.0
2025-12-11,,Robinhood-main,AAPL,2025-12-12,Put,270.0,SELL,3,0.33,"Date only -- multiple same-day fills match, time ambiguous",True,AAPL  251212P00270000,False,,recover,ok,61,2025-12-11 09:45:00,2025-12-11 10:05:00,2025-12-11 09:46:00,20.0
2025-12-11,,Robinhood-main,AAPL,2025-12-12,Put,275.0,BUY,1,0.49,Date only -- no execution-time data exists for this account/period,True,AAPL  251212P00275000,False,,recover,ok,37,2025-12-11 09:30:00,2025-12-11 13:29:00,2025-12-11 09:31:00,239.0
2025-12-11,,Robinhood-main,NVDA,2025-12-12,Put,180.0,SELL,1,2.12,Date only -- no execution-time data exists for this account/period,True,NVDA  251212P00180000,False,,recover,ok,20,2025-12-11 09:30:00,2025-12-11 13:34:00,2025-12-11 13:30:00,244.0
2025-12-11,,Webull,AAPL,2025-12-12,Put,275.0,BUY,1,0.29,Date only -- no execution-time data exists for this account/period,True,AAPL  251212P00275000,False,,recover,ok,53,2025-12-11 15:02:00,2025-12-11 15:58:00,2025-12-11 15:47:00,56.0
2025-12-11,,Webull,AAPL,2025-12-12,Put,272.5,BUY,1,0.1,Date only -- no execution-time data exists for this account/period,True,AAPL  251212P00272500,False,,recover,ok,66,2025-12-11 14:51:00,2025-12-11 15:58:00,2025-12-11 15:51:00,67.0
2025-12-11,,Webull,GDX,2025-12-12,Put,85.0,SELL,1,0.31,Date only -- no execution-time data exists for this account/period,True,GDX   251212P00085000,False,,recover,ok,3,2025-12-11 12:37:00,2025-12-11 15:25:00,2025-12-11 14:50:00,168.0
2025-12-11,,Webull,AAPL,2025-12-12,Put,275.0,SELL,1,0.26,Date only -- no execution-time data exists for this account/period,True,AAPL  251212P00275000,False,,recover,ok,36,2025-12-11 15:24:00,2025-12-11 15:59:00,2025-12-11 15:59:00,35.0
2025-12-11,,Webull,AAPL,2025-12-12,Put,272.5,SELL,2,0.09,Date only -- no execution-time data exists for this account/period,True,AAPL  251212P00272500,False,,recover,ok,51,2025-12-11 15:00:00,2025-12-11 15:59:00,2025-12-11 15:31:00,59.0
2025-12-11,,Webull,AAPL,2025-12-12,Put,272.5,BUY,2,0.38,Date only -- no execution-time data exists for this account/period,True,AAPL  251212P00272500,False,,recover,ok,66,2025-12-11 09:42:00,2025-12-11 11:33:00,2025-12-11 11:15:00,111.0
2025-12-11,,Webull,GDX,2025-12-12,Put,85.0,BUY,1,0.65,Date only -- no execution-time data exists for this account/period,True,GDX   251212P00085000,False,,recover,ok,1,2025-12-11 10:48:00,2025-12-11 10:48:00,2025-12-11 10:48:00,0.0
2025-12-11,,Webull,GDX,2025-12-12,Put,84.0,BUY,1,0.53,Date only -- no execution-time data exists for this account/period,True,GDX   251212P00084000,False,,recover,ok,1,2025-12-11 10:28:00,2025-12-11 10:28:00,2025-12-11 10:28:00,0.0
2025-12-11,,Webull,GDX,2025-12-12,Put,84.0,BUY,1,0.79,Date only -- no execution-time data exists for this account/period,True,GDX   251212P00084000,False,,recover,ok,2,2025-12-11 09:58:00,2025-12-11 09:58:00,2025-12-11 09:58:00,0.0
2025-12-11,,Webull,AAPL,2025-12-12,Put,275.0,SELL,1,1.79,Date only -- no execution-time data exists for this account/period,True,AAPL  251212P00275000,False,,recover,ok,110,2025-12-11 09:45:00,2025-12-11 10:05:00,2025-12-11 09:48:00,20.0
2025-12-11,,Webull,AAPL,2025-12-12,Put,272.5,SELL,1,0.84,Date only -- no execution-time data exists for this account/period,True,AAPL  251212P00272500,False,,recover,ok,137,2025-12-11 09:45:00,2025-12-11 10:05:00,2025-12-11 09:51:00,20.0
2025-12-11,,Webull,GDX,2025-12-12,Put,84.0,SELL,2,0.18,Date only -- no execution-time data exists for this account/period,True,GDX   251212P00084000,False,,recover,ok,5,2025-12-11 12:18:00,2025-12-11 15:35:00,2025-12-11 13:59:00,197.0
2025-12-11,,Webull,AAPL,2025-12-12,Put,275.0,BUY,1,0.58,Date only -- no execution-time data exists for this account/period,True,AAPL  251212P00275000,False,,recover,ok,34,2025-12-11 09:36:00,2025-12-11 12:13:00,2025-12-11 11:44:00,157.0
2025-12-12,,Webull,TSLA,2025-12-12,Put,450.0,SELL,1,2.16,Date only -- no execution-time data exists for this account/period,True,TSLA  251212P00450000,False,,recover,ok,98,2025-12-12 09:34:00,2025-12-12 12:46:00,2025-12-12 12:38:00,192.0
2025-12-12,,Webull,AAPL,2025-12-12,Put,275.0,SELL,3,0.01,Date only -- no execution-time data exists for this account/period,True,AAPL  251212P00275000,False,,recover,ok,130,2025-12-12 13:54:00,2025-12-12 15:58:00,2025-12-12 15:38:00,124.0
2025-12-12,,Webull,AAPL,2025-12-12,Put,275.0,BUY,3,0.03,Date only -- no execution-time data exists for this account/period,True,AAPL  251212P00275000,False,,recover,ok,116,2025-12-12 12:35:00,2025-12-12 14:53:00,2025-12-12 12:52:00,138.0
2025-12-12,,Webull,AAPL,2025-12-12,Put,277.5,SELL,4,0.1,Date only -- no execution-time data exists for this account/period,True,AAPL  251212P00277500,False,,recover,ok,89,2025-12-12 13:27:00,2025-12-12 15:54:00,2025-12-12 13:30:00,147.0
2025-12-12,,Webull,AAPL,2025-12-12,Put,275.0,SELL,2,0.02,Date only -- no execution-time data exists for this account/period,True,AAPL  251212P00275000,False,,recover,ok,171,2025-12-12 12:39:00,2025-12-12 15:09:00,2025-12-12 14:30:00,150.0
2025-12-12,,Webull,AAPL,2025-12-12,Put,277.5,BUY,3,0.12,Date only -- no execution-time data exists for this account/period,True,AAPL  251212P00277500,False,,recover,ok,78,2025-12-12 13:12:00,2025-12-12 15:54:00,2025-12-12 13:38:00,162.0
2025-12-12,,Webull,AAPL,2025-12-12,Put,277.5,BUY,1,0.48,Date only -- no execution-time data exists for this account/period,True,AAPL  251212P00277500,False,,recover,ok,151,2025-12-12 09:33:00,2025-12-12 15:38:00,2025-12-12 10:17:00,365.0
2025-12-12,,Webull,TSLA,2025-12-12,Put,447.5,SELL,1,2.47,Date only -- no execution-time data exists for this account/period,True,TSLA  251212P00447500,False,,recover,ok,114,2025-12-12 09:30:00,2025-12-12 12:15:00,2025-12-12 10:42:00,165.0
2025-12-12,,Webull,TSLA,2025-12-12,Put,447.5,BUY,1,1.41,Date only -- no execution-time data exists for this account/period,True,TSLA  251212P00447500,False,,recover,ok,51,2025-12-12 09:34:00,2025-12-12 12:37:00,2025-12-12 10:27:00,183.0
2025-12-12,,Webull,AAPL,2025-12-12,Put,272.5,SELL,1,0.03,Date only -- no execution-time data exists for this account/period,True,AAPL  251212P00272500,False,,recover,ok,148,2025-12-12 09:34:00,2025-12-12 12:36:00,2025-12-12 09:34:00,182.0
2025-12-12,,Webull,AAPL,2025-12-12,Put,275.0,BUY,1,0.08,Date only -- no execution-time data exists for this account/period,True,AAPL  251212P00275000,False,,recover,ok,115,2025-12-12 09:39:00,2025-12-12 12:06:00,2025-12-12 09:52:00,147.0
2025-12-12,,Webull,TSLA,2025-12-12,Put,450.0,BUY,1,0.73,Date only -- no execution-time data exists for this account/period,True,TSLA  251212P00450000,False,,recover,ok,286,2025-12-12 09:52:00,2025-12-12 14:53:00,2025-12-12 13:12:00,301.0
2025-12-15,,Webull,QQQ,2025-12-15,Put,613.0,BUY,1,0.5,Date only -- no execution-time data exists for this account/period,True,QQQ   251215P00613000,False,,recover,ok,22,2025-12-15 09:30:00,2025-12-15 09:33:00,2025-12-15 09:31:00,3.0
2025-12-15,,Webull,QQQ,2025-12-16,Put,611.0,BUY,1,1.23,Date only -- no execution-time data exists for this account/period,True,QQQ   251216P00611000,False,,recover,ok,8,2025-12-15 09:30:00,2025-12-15 09:33:00,2025-12-15 09:30:00,3.0
2025-12-15,,Webull,TSLA,2025-12-19,Put,440.0,BUY,1,1.75,Date only -- no execution-time data exists for this account/period,True,TSLA  251219P00440000,False,,recover,ok,113,2025-12-15 09:31:00,2025-12-15 10:37:00,2025-12-15 09:31:00,66.0
2025-12-15,,Webull,TSLA,2025-12-26,Put,400.0,BUY,1,0.74,Date only -- no execution-time data exists for this account/period,True,TSLA  251226P00400000,False,,recover,ok,49,2025-12-15 09:32:00,2025-12-15 15:59:00,2025-12-15 11:53:00,387.0
2025-12-15,,Webull,QQQ,2025-12-16,Put,611.0,SELL,1,2.18,Date only -- no execution-time data exists for this account/period,True,QQQ   251216P00611000,False,,recover,ok,99,2025-12-15 09:56:00,2025-12-15 15:51:00,2025-12-15 14:00:00,355.0
2025-12-15,,Webull,QQQ,2025-12-15,Put,613.0,SELL,1,0.73,Date only -- no execution-time data exists for this account/period,True,QQQ   251215P00613000,False,,recover,ok,126,2025-12-15 09:34:00,2025-12-15 11:31:00,2025-12-15 11:24:00,117.0
2025-12-15,,Webull,QQQ,2025-12-15,Call,617.0,BUY,1,0.47,Date only -- no execution-time data exists for this account/period,False,QQQ   251215C00617000,False,,recover,ok,96,2025-12-15 09:57:00,2025-12-15 10:08:00,2025-12-15 10:01:00,11.0
2025-12-15,,Webull,QQQ,2025-12-15,Call,617.0,SELL,1,0.45,Date only -- no execution-time data exists for this account/period,False,QQQ   251215C00617000,False,,recover,ok,106,2025-12-15 10:00:00,2025-12-15 10:08:00,2025-12-15 10:06:00,8.0
2025-12-15,,Webull,TSLA,2025-12-19,Put,440.0,SELL,1,1.2,Date only -- no execution-time data exists for this account/period,True,TSLA  251219P00440000,False,,recover,ok,54,2025-12-15 14:03:00,2025-12-15 15:53:00,2025-12-15 14:03:00,110.0
2025-12-15,,Webull,TSLA,2025-12-26,Put,400.0,SELL,1,0.71,Date only -- no execution-time data exists for this account/period,True,TSLA  251226P00400000,False,,recover,ok,16,2025-12-15 09:44:00,2025-12-15 15:51:00,2025-12-15 15:41:00,367.0
