account,symbol,expiry,put,strike,entry,entry_t,price,qty,cost,net,ret,dte,S,s_source,pct_otm,sd_otm,iv,delta,period,dteg
Bebo,AAPL,2024-09-13,False,222.5,2024-09-10,,1.32,1.0,132.0,-15.0,-0.11363636363636365,3,219.536157,day VWAP,1.3500477736794843,0.7177066469670422,0.2435415468615241,0.3253192784832024,before,1-3 days
Bebo,AAPL,2024-09-13,True,215.0,2024-09-09,,2.04,1.0,326.0,-72.0,-0.22085889570552142,4,219.298998,day VWAP,1.9603363623211867,0.8854061627918852,0.3291418039933011,0.31842158299184586,before,4-14 days
Bebo,AAPL,2024-09-13,True,222.5,2024-09-13,,0.09,6.0,72.0,192.0,2.6666666666666665,0,222.922817,day VWAP,0.18966968284812635,0.27881453669227796,0.06209439287692162,0.24579686956763402,before,0DTE
Bebo,AAPL,2024-11-15,True,217.5,2024-11-13,,0.23,1.0,23.0,-19.0,-0.8260869565217391,2,224.935939,day VWAP,3.3058029913130027,1.953588288149309,0.2513279264642047,0.08764139681856253,before,1-3 days
Bebo,AAPL,2025-02-28,True,240.0,2025-02-25,,0.54,1.0,54.0,187.0,3.462962962962963,3,247.548096,day VWAP,3.0491432258885105,0.9611234480750331,0.24963659848235248,0.14292728032966107,before,1-3 days
Bebo,AAPL,2025-03-21,True,210.0,2025-03-20,,0.45,1.0,138.0,62.0,0.4492753623188406,1,214.396693,day VWAP,2.0507279932717988,0.9108177038519146,0.2889641353608777,0.17346428673164838,before,1-3 days
Bebo,AAPL,2025-03-21,True,212.5,2025-03-20,,1.07,2.0,3040.0,-2175.0,-0.7154605263157895,1,214.396693,day VWAP,0.8846652312869392,0.3929183964338649,0.2842018873465359,0.3386229387833366,before,1-3 days
Bebo,AAPL,2025-03-21,True,215.0,2025-03-20,,0.91,5.0,455.0,580.0,1.2747252747252746,1,214.396693,day VWAP,-0.2813975306979203,-0.12498091098418469,0.0842982265962894,0.6659693245822117,before,1-3 days
Bebo,AAPL,2025-03-28,False,227.5,2025-03-24,,0.38,3.0,114.00000000000001,-3.0000000000000284,-0.026315789473684403,4,220.082882,day VWAP,3.3701476155696595,0.831078532113593,0.2123238957666977,0.1242421246437454,before,4-14 days
Bebo,AAPL,2025-03-28,True,210.0,2025-03-20,,1.36,1.0,2060.0,-1236.0,-0.6,8,214.396693,day VWAP,2.0507279932717988,0.4375426721123871,0.22583973281421882,0.2777940178888533,before,4-14 days
Bebo,AAPL,2025-04-04,True,210.0,2025-03-31,,0.61,1.0,579.0,-138.0,-0.23834196891191706,4,220.644612,day VWAP,4.824324466169151,1.1829045136470056,0.3276466659502548,0.12482227217205266,before,4-14 days
Bebo,AAPL,2026-09-11,True,325.0,2026-09-11,,0.09,1.0,21.0,-15.0,-0.7142857142857143,0,333.14496,day VWAP,2.4448696447336395,2.350462624603753,0.3285779214643633,0.04470447280710521,after,0DTE
Bebo,AAPL,2026-09-11,True,332.5,2026-09-11,,0.3,1.0,30.0,-5.0,-0.16666666666666663,0,333.14496,day VWAP,0.19359740576595424,0.18612177031741012,0.09548517886579277,0.32356845466538553,after,0DTE
Bebo,AAPL,2026-09-18,True,320.0,2026-09-16,,0.4,1.0,40.0,1.0,0.02499999999999991,2,332.945495,day VWAP,3.888172446964629,1.6323230644466813,0.2964329688205608,0.08724182050038487,after,1-3 days
Bebo,AMD,2024-02-09,True,162.5,2024-02-09,,0.03,1.0,3.0,-3.0,-1.0,0,172.319546,day VWAP,5.698451642856582,2.3965117489914474,0.6265050654344817,0.017155222839926654,before,0DTE
Bebo,AMD,2024-02-09,True,165.0,2024-02-09,,0.07,1.0,7.000000000000001,-7.000000000000001,-1.0,0,172.319546,day VWAP,4.247658591208221,1.7863736252453377,0.560422374114593,0.03995181647242885,before,0DTE
Bebo,AMD,2024-02-16,True,155.0,2024-02-13,,0.18,1.0,18.0,-10.0,-0.5555555555555556,3,170.406977,day VWAP,9.041282975168329,1.44312092457004,0.4807944138032377,0.04449237711510223,before,1-3 days
Bebo,AMD,2024-02-16,True,157.5,2024-02-13,,0.14,1.0,14.000000000000002,-7.000000000000001,-0.5,3,170.406977,day VWAP,7.574206894122658,1.2089541369240864,0.3937995394789647,0.04268428675029834,before,1-3 days
Bebo,AMD,2024-03-01,True,190.0,2024-03-01,,0.12,1.0,72.0,-72.0,-1.0,0,199.791828,day VWAP,4.901015270754723,1.8409469363375375,0.6809577029403018,0.04727397694403168,before,0DTE
Bebo,AMD,2024-03-01,True,195.0,2024-03-01,,0.07,1.0,7.000000000000001,-6.000000000000001,-0.8571428571428572,0,199.791828,day VWAP,2.398410409458794,0.9009044149934453,0.341020999650212,0.054164556257025986,before,0DTE
Bebo,AMD,2024-03-08,True,205.0,2024-03-08,,0.82,1.0,82.0,40.0,0.4878048780487805,0,214.408506,day VWAP,4.388121616779508,1.7079382396270453,1.023350165706861,0.15691820191169392,before,0DTE
Bebo,AMD,2024-03-15,True,180.0,2024-03-15,,0.16,1.0,16.0,-13.0,-0.8125,0,191.131999,day VWAP,5.824246624449319,2.0333445205036362,0.8401570875126022,0.05238261808386646,before,0DTE
Bebo,AMD,2024-11-15,True,137.0,2024-11-14,,0.46,1.0,46.0,-15.0,-0.32608695652173914,1,139.643159,day VWAP,1.8927951923516693,0.4785024942632653,0.3295534645123618,0.22234633077312904,before,1-3 days
Bebo,AMD,2025-10-03,True,167.5,2025-10-03,,0.63,1.0,63.0,58.0,0.9206349206349207,0,166.81787,day VWAP,-0.4089070313630073,-0.2629658569968997,,,before,0DTE
Bebo,AMD,2025-10-10,True,160.0,2025-10-03,,1.28,1.0,128.0,42.0,0.328125,7,166.81787,day VWAP,4.08701417899653,0.7924732061243649,0.38861642295188,0.22496329712280994,before,4-14 days
Bebo,AMD,2026-01-09,True,212.5,2026-01-06,,1.41,1.0,141.0,99.0,0.7021276595744681,3,214.54802,day VWAP,0.9545741787782558,0.20525521821125914,0.22808096770707353,0.35558870217168104,best run,1-3 days
Bebo,AMD,2026-01-16,True,205.0,2026-01-06,,2.07,1.0,206.99999999999997,202.99999999999997,0.9806763285024154,10,214.54802,day VWAP,4.450295090115494,0.6140417389562558,0.3641593637006374,0.23757979161917397,best run,4-14 days
Bebo,AMD,2026-01-30,False,265.0,2026-01-29,,0.1,1.0,10.0,-10.0,-1.0,1,249.424417,day VWAP,6.244610366273801,1.7971267718408046,0.420223298824195,0.032002346554496776,best run,1-3 days
Bebo,AMD,2026-01-30,True,235.0,2026-01-29,,0.3,1.0,30.0,72.0,2.4,1,249.424417,day VWAP,5.7830813733043644,1.664304055835062,0.5221774886291485,0.0669628410468115,best run,1-3 days
Bebo,AMD,2026-01-30,True,237.5,2026-01-29,,0.4,1.0,40.0,72.00000000000001,1.8000000000000003,1,249.424417,day VWAP,4.7807737283395175,1.3758514868620733,0.4829344339456092,0.09119582305873553,best run,1-3 days
Bebo,AMD,2026-03-27,False,200.0,2026-03-27,,1.18,1.0,236.0,-54.0,-0.22881355932203384,0,200.971978,day VWAP,-0.48363856975125513,-0.192544248437983,0.15891220526146732,0.7544139331386314,best run,0DTE
Bebo,AMD,2026-03-27,True,195.0,2026-03-27,,0.23,1.0,23.0,-11.0,-0.4782608695652174,0,200.971978,day VWAP,2.9715476055074737,1.183020619497727,0.534436543137767,0.10043523306876789,best run,0DTE
Bebo,AMD,2026-03-27,True,197.5,2026-03-27,,1.01,2.0,328.0,-48.0,-0.14634146341463417,0,200.971978,day VWAP,1.7275930876293644,0.687782433967855,0.6635240751245245,0.27278662868214243,best run,0DTE
Bebo,AMZN,2024-03-15,True,172.5,2024-03-15,,0.12,1.0,12.0,-4.999999999999999,-0.41666666666666663,0,175.149216,day VWAP,1.5125480207687574,1.5090398670786866,0.2825344005533483,0.111738878121736,before,0DTE
Bebo,AMZN,2024-06-07,False,180.0,2024-06-06,,2.3,2.0,459.99999999999994,59.00000000000006,0.12826086956521743,1,183.659941,day VWAP,-1.9927813218670278,-1.9242579514919063,,,before,1-3 days
Bebo,AMZN,2024-06-07,True,185.0,2024-06-07,,0.15,2.0,454.0,-174.0,-0.3832599118942731,0,184.938521,day VWAP,-0.03324293914948709,-0.0479868669775687,0.035501520324737745,0.5829286217748051,before,0DTE
Bebo,AMZN,2024-07-19,True,190.0,2024-07-16,,0.55,1.0,55.00000000000001,168.0,3.054545454545454,3,193.74822,day VWAP,1.9345829344909613,0.6403305416729105,0.20517943084478374,0.20611223234103182,before,1-3 days
Bebo,AMZN,2025-01-03,True,215.0,2024-12-31,,0.62,1.0,62.0,-51.0,-0.8225806451612903,3,220.32516,day VWAP,2.4169550132177418,0.727124114192097,0.2344269303092829,0.1842206722574753,before,1-3 days
Bebo,AMZN,2025-01-31,True,230.0,2025-01-30,,0.53,1.0,110.0,96.0,0.8727272727272728,1,235.039476,day VWAP,2.1440977004220376,1.2530136619965881,0.3053187406916053,0.1756950421344421,before,1-3 days
Bebo,AMZN,2026-08-05,True,270.0,2026-08-03,,0.25,1.0,25.0,9.0,0.3600000000000001,2,284.260619,day VWAP,5.0167409928844275,0.8581533937058874,0.3362858461625356,0.060165405572551234,after,1-3 days
Bebo,AMZN,2026-08-05,True,272.5,2026-08-03,,0.36,1.0,36.0,-4.0,-0.11111111111111116,2,284.260619,day VWAP,4.137266372448172,0.7077122744063173,0.31507710713472864,0.08658670883351915,after,1-3 days
Bebo,AMZN,2026-08-12,True,267.5,2026-08-11,,0.52,1.0,52.0,-15.0,-0.28846153846153844,1,273.000371,day VWAP,2.014785174046512,0.42456421012172607,0.2757911918687283,0.16672065604966135,after,1-3 days
Bebo,AMZN,2026-08-14,True,260.0,2026-08-14,,0.01,3.0,45.0,-35.0,-0.7777777777777778,0,263.586326,day VWAP,1.3605887886612091,0.4959062705878631,0.14436950202566415,0.01644177919501455,after,0DTE
Bebo,AMZN,2026-08-14,True,262.5,2026-08-14,,0.24,1.0,48.0,-21.0,-0.4375,0,263.586326,day VWAP,0.4121329116291053,0.15021386101057904,0.13739507770897227,0.2489288458108334,after,0DTE
Bebo,AMZN,2026-08-28,True,252.5,2026-08-27,,0.43,1.0,43.0,1.0,0.023255813953488413,1,256.5137,day VWAP,1.5647117483393567,0.3437443582918996,0.22366514306267238,0.17811996547483488,after,1-3 days
Bebo,AMZN,2026-09-04,False,275.0,2026-08-24,,1.5,1.0,150.0,-13.0,-0.08666666666666667,11,261.963564,day VWAP,4.976430997098505,0.43011636415469345,0.28120526736557616,0.1942894651022139,after,4-14 days
Bebo,AVGO,2024-02-16,True,1150.0,2024-02-13,,0.75,1.0,170.0,-140.0,-0.8235294117647058,3,1245.635521,day VWAP,7.677648829669168,1.9599567063854229,0.37584409643547373,0.03395120220317094,before,1-3 days
Bebo,AVGO,2024-07-19,True,160.0,2024-07-15,,0.4,1.0,40.0,10.0,0.25,4,171.299762,day VWAP,6.596484354718478,0.8430838393409098,0.39399202834966207,0.0930060703737321,before,4-14 days
Bebo,AVGO,2025-01-03,True,230.0,2025-01-02,,0.84,1.0,84.0,-61.0,-0.7261904761904762,1,234.083723,day VWAP,1.7445565832870797,0.22635465474867558,0.3270429014140596,0.23881270757446615,before,1-3 days
Bebo,AVGO,2025-01-31,True,210.0,2025-01-30,,1.43,1.0,143.0,-72.0,-0.5034965034965035,1,217.772946,day VWAP,3.569289088829239,0.6295682794756043,0.6423074659321761,0.22416178615634152,before,1-3 days
Bebo,AVGO,2025-04-25,True,175.0,2025-04-23,,2.08,1.0,208.0,-132.0,-0.6346153846153846,2,177.997957,day VWAP,1.6842648368149606,0.18584193705867136,0.48042141764690344,0.35237970632673743,before,1-3 days
Bebo,AVGO,2025-05-16,True,160.0,2025-04-23,,3.21,1.0,321.0,-115.0,-0.3582554517133957,23,177.997957,day VWAP,10.11132785080225,0.42168923462563046,0.544458310611613,0.20762177355147693,before,15+ days
Bebo,AVGO,2025-05-16,True,180.0,2025-04-25,,4.45,1.0,445.0,-55.0,-0.1235955056179775,21,190.903444,day VWAP,5.711496750158162,0.24619596403272853,0.48297841342082615,0.29086063240876214,before,15+ days
Bebo,BA,2024-01-19,False,212.5,2024-01-19,,0.43,2.0,769.0,367.0,0.47724317295188556,0,212.534173,day VWAP,-0.016078826062484446,-0.007427407018799277,0.10927860119537008,0.5141468996802682,before,0DTE
Bebo,BA,2024-01-19,False,215.0,2024-01-19,,0.28,1.0,295.0,-139.0,-0.4711864406779661,0,212.534173,day VWAP,1.160202599513251,0.5359406773458416,0.28963547931111705,0.18736249922891945,before,0DTE
Bebo,BABA,2024-09-13,True,84.0,2024-09-13,,0.15,1.0,168.0,-156.0,-0.9285714285714286,0,84.500635,day VWAP,0.5924630033845338,0.36867812205761913,0.2297024511963431,0.27897771907179214,before,0DTE
Bebo,BABA,2024-09-13,True,85.0,2024-09-13,,0.96,1.0,96.0,-71.0,-0.7395833333333333,0,84.500635,day VWAP,-0.5909600560989836,-0.36774286740100287,0.4524483348607559,0.611138444084245,before,0DTE
Bebo,BABA,2024-09-20,True,84.0,2024-09-13,,1.34,1.0,134.0,-7.0,-0.052238805970149294,7,84.500635,day VWAP,0.5924630033845338,0.11116063629799762,0.317759669564429,0.4403611101950191,before,4-14 days
Bebo,BABA,2025-02-28,False,140.0,2025-02-27,,2.17,5.0,1443.0,-707.9999999999999,-0.49064449064449056,1,137.666426,day VWAP,1.6950930359737812,0.32071412200265303,0.7495390112262139,0.39675517529308085,before,1-3 days
Bebo,BABA,2025-03-21,True,137.0,2025-03-20,,1.46,1.0,292.0,167.99999999999994,0.5753424657534245,1,137.584427,day VWAP,0.4247769989259069,0.07494182117239677,0.4109645191793477,0.4403389925215312,before,1-3 days
Bebo,BABA,2025-03-28,True,133.0,2025-03-24,,2.31,1.0,231.0,-98.0,-0.4242424242424242,4,134.810872,day VWAP,1.3432685162069045,0.1488630922989988,0.4388792360606119,0.3974641555679522,before,4-14 days
Bebo,BABA,2025-03-28,True,134.0,2025-03-20,,2.33,1.0,466.0,-108.0,-0.23175965665236054,8,137.584427,day VWAP,2.6052563347158504,0.22080182681676364,0.44382371682135635,0.3423778708517692,before,4-14 days
Bebo,BABA,2025-03-28,True,135.0,2025-03-21,,3.25,2.0,650.0,-159.99999999999994,-0.24615384615384606,7,135.154975,day VWAP,0.11466466550713904,0.01100637672290526,0.4179615913517864,0.4802786365292544,before,4-14 days
Bebo,BABA,2025-03-28,True,140.0,2025-03-19,,3.14,1.0,628.0,312.0,0.4968152866242037,9,143.282033,day VWAP,2.290610295849175,0.1802536419270914,0.47158950236733144,0.37239984762557476,before,4-14 days
Bebo,BABA,2025-04-04,True,130.0,2025-03-28,,1.63,3.0,815.0,535.0,0.656441717791411,7,132.440643,day VWAP,1.842820258732808,0.23854605823907926,0.3459608071475714,0.3484618026220505,before,4-14 days
Bebo,BABA,2025-04-17,True,134.0,2025-03-24,,5.75,1.0,575.0,-100.0,-0.17391304347826086,24,134.810872,day VWAP,0.6014885802385354,0.03287547068735489,0.4233357964250896,0.4562250775117782,before,15+ days
Bebo,BABA,2025-04-25,True,115.0,2025-04-24,,0.85,8.0,1038.0,-453.0,-0.43641618497109824,1,118.72468,day VWAP,3.1372415575262083,0.5664394003786216,0.6217788700187208,0.24558561514961463,before,1-3 days
Bebo,BABA,2025-04-25,True,119.0,2025-04-23,,2.05,1.0,204.99999999999997,-179.99999999999997,-0.8780487804878049,2,120.469312,day VWAP,1.2196566707378576,0.17288839181873583,0.5721596265475217,0.403681916975432,before,1-3 days
Bebo,BABA,2025-05-09,True,110.0,2025-04-23,,1.76,1.0,176.0,-72.0,-0.40909090909090906,16,120.469312,day VWAP,8.690438939337515,0.550915446771369,0.5353579160480654,0.20550759157900989,before,15+ days
Bebo,BABA,2025-05-09,True,126.0,2025-05-09,,0.61,3.0,183.0,-24.0,-0.1311475409836066,0,125.998135,day VWAP,-0.0014801806391778105,-0.0007923004557490107,0.2720229924347658,0.4980703812862548,before,0DTE
Bebo,BIDU,2024-03-08,True,97.0,2024-03-07,,0.82,1.0,82.0,-14.0,-0.1707317073170732,1,97.487283,day VWAP,0.4998426307562649,0.148079306361632,0.3493593054619118,0.4209799930442889,before,1-3 days
Bebo,BIDU,2024-03-15,True,90.0,2024-03-07,,0.28,1.0,28.000000000000004,-18.000000000000004,-0.6428571428571429,8,97.487283,day VWAP,7.680266358433648,1.0930154755699144,0.3896079102521256,0.0953689755824465,before,4-14 days
Bebo,C,2024-01-19,True,51.0,2024-01-18,,0.23,3.0,305.0,270.0,0.8852459016393444,1,50.953995,day VWAP,-0.09028732683276544,-0.05642591012643545,0.131407802626288,0.5334503409766322,before,1-3 days
Bebo,CMG,2024-05-10,True,3025.0,2024-05-06,,2.34,1.0,234.0,-234.0,-1.0,4,3191.945172,day VWAP,5.230201742324921,1.4658157928044153,0.24939728061703798,0.051704511389334185,before,4-14 days
Bebo,CMG,2024-08-23,True,52.0,2024-08-19,,0.8,1.0,150.0,-6.0,-0.040000000000000036,4,52.303184,day VWAP,0.5796664310149869,0.09636409422836012,0.33951256688074616,0.4400577967803079,before,4-14 days
Bebo,CMG,2024-11-22,True,59.0,2024-11-15,,1.05,1.0,105.0,35.0,0.33333333333333326,7,58.816152,day VWAP,-0.31258080263393895,-0.05042460200297319,0.27515018576742123,0.5225094827305063,before,4-14 days
Bebo,CMG,2025-02-14,True,57.0,2025-02-10,,0.41,1.0,41.0,3.0,0.07317073170731714,4,58.20758,day VWAP,2.0746095268004616,0.6007203736211544,0.28850571064238634,0.2866993963218146,before,4-14 days
Bebo,COIN,2024-10-18,True,190.0,2024-10-16,,2.22,1.0,222.00000000000003,-185.00000000000003,-0.8333333333333334,2,207.496937,day VWAP,8.432383269349177,1.166974332182288,1.0330013905722073,0.18203657884684243,before,1-3 days
Bebo,COIN,2025-03-14,False,190.0,2025-03-14,,0.74,2.0,338.0,-123.0,-0.36390532544378695,0,183.263516,day VWAP,3.675845660409566,0.8251010346632183,0.8951975194345921,0.1879813015886928,before,0DTE
Bebo,COIN,2025-03-14,False,195.0,2025-03-12,,4.85,2.0,969.9999999999999,-173.9999999999999,-0.179381443298969,2,191.240943,day VWAP,1.9656130852690956,0.19777606923744362,0.8549932464761602,0.42622356385994875,before,1-3 days
Bebo,COIN,2025-03-14,True,175.0,2025-03-12,,1.11,1.0,380.0,-176.0,-0.4631578947368421,2,191.240943,day VWAP,8.492398513220042,0.8544882046878678,0.8342345446643237,0.13358142256750805,before,1-3 days
Bebo,COIN,2025-03-14,True,185.0,2025-03-12,,6.4,1.0,640.0,-357.0,-0.5578125,2,191.240943,day VWAP,3.263392713975473,0.32835606772521203,1.2296353997126788,0.3698930492741912,before,1-3 days
Bebo,COIN,2025-03-21,True,185.0,2025-03-12,,9.5,1.0,2945.0,-905.0000000000002,-0.3073005093378609,9,191.240943,day VWAP,3.263392713975473,0.18957646409119813,0.9566487250084214,0.38837627181280665,before,4-14 days
Bebo,COIN,2025-05-23,True,255.0,2025-05-20,,4.3,1.0,430.0,-405.0,-0.9418604651162791,3,262.096813,day VWAP,2.707706712938931,0.24032718352238017,0.6012430613256847,0.33620843290184355,before,1-3 days
Bebo,COIN,2026-03-27,False,230.0,2026-03-23,,0.66,1.0,66.0,-20.0,-0.303030303030303,4,200.727973,day VWAP,14.582933590426887,1.3323193190114406,0.702197344935043,0.08018840017011952,best run,4-14 days
Bebo,COIN,2026-03-27,True,170.0,2026-03-26,,2.23,1.0,517.0,50.0,0.09671179883945835,1,174.848231,day VWAP,2.772822448515363,0.48343839997622334,0.7950223106359867,0.3123798722230843,best run,1-3 days
Bebo,COIN,2026-03-27,True,175.0,2026-03-23,,0.75,1.0,75.0,88.0,1.1733333333333333,4,200.727973,day VWAP,12.817333137718673,1.17101133675863,0.7532648756653135,0.07882893208934927,best run,4-14 days
Bebo,COIN,2026-03-27,True,200.0,2026-03-23,,6.55,1.0,655.0,205.0,0.3129770992366412,4,200.727973,day VWAP,0.3626664431070559,0.03313376595405245,0.6469115714985213,0.46603043714083614,best run,4-14 days
Bebo,COIN,2026-04-02,True,175.0,2026-03-25,,4.7,1.0,470.0,80.0,0.17021276595744683,8,184.509504,day VWAP,5.153937219407404,0.36858970554274506,0.7503307753909386,0.3087631301640624,best run,4-14 days
Bebo,COIN,2026-04-02,True,180.0,2026-03-23,,2.6,1.0,260.0,15.0,0.05769230769230771,10,200.727973,day VWAP,10.32639979879635,0.686450390746211,0.6901938596998735,0.17794442105346153,best run,4-14 days
Bebo,COIN,2026-08-07,True,129.0,2026-08-03,,1.13,1.0,112.99999999999999,-40.999999999999986,-0.36283185840707954,4,147.581242,day VWAP,12.590517431747866,1.339158541836798,0.9087320120049714,0.12123046412966965,after,4-14 days
Bebo,CVNA,2024-11-01,True,235.0,2024-11-01,,0.85,1.0,85.0,89.0,1.0470588235294116,0,235.294106,day VWAP,0.12499505618725498,0.04303708315449927,0.23694495943581745,0.45074435328431406,before,0DTE
Bebo,CVNA,2024-11-01,True,240.0,2024-10-31,,0.46,1.0,46.0,134.0,2.9130434782608696,1,248.702621,day VWAP,3.4992075937953198,1.7043268486263465,0.3988689304273067,0.12042877568419619,before,1-3 days
Bebo,CVNA,2025-04-17,True,200.0,2025-04-16,,2.7,1.0,270.0,-210.0,-0.7777777777777778,1,207.870719,day VWAP,3.7863529013915653,0.34726926986636203,0.9253575675184056,0.2821885652914723,before,1-3 days
Bebo,CVNA,2025-04-17,True,205.0,2025-04-16,,3.2,2.0,640.0,310.0,0.484375,1,207.870719,day VWAP,1.3810117239263544,0.1266609176520588,0.7067650800915063,0.3888585984799713,before,1-3 days
Bebo,CVNA,2025-04-17,True,207.5,2025-04-16,,3.9,1.0,390.0,170.0,0.4358974358974359,1,207.870719,day VWAP,0.17834113519374906,0.016356741544907218,0.6387460128615047,0.47573472128776895,before,1-3 days
Bebo,CVNA,2025-04-25,True,207.5,2025-04-16,,9.25,1.0,925.0,-175.0,-0.18918918918918914,9,207.870719,day VWAP,0.17834113519374906,0.0073149571969614935,0.6603797273150265,0.4710497933659251,before,4-14 days
Bebo,DG,2024-05-17,False,149.0,2024-05-16,,0.27,1.0,27.0,-26.0,-0.962962962962963,1,146.304786,day VWAP,1.8421912732232784,1.1608925396379624,0.2525789489953743,0.17696234331076904,before,1-3 days
Bebo,FCX,2025-02-28,False,39.5,2025-02-25,,0.04,1.0,8.0,14.0,1.75,3,36.574946,day VWAP,7.99742534137987,1.7750728467820098,0.40297824167621615,0.055213510547417875,before,1-3 days
Bebo,GDX,2025-10-03,True,77.0,2025-10-03,,0.42,1.0,42.0,-20.0,-0.47619047619047616,0,77.069468,day VWAP,0.09013686198015605,0.07316924203116547,0.33156708499565873,0.47271668816187684,before,0DTE
Bebo,GDX,2025-10-10,True,74.0,2025-10-03,,0.54,1.0,54.0,-12.0,-0.2222222222222222,7,77.069468,day VWAP,3.982728932292617,0.9747887942107584,0.3677959529305267,0.21912702793346384,before,4-14 days
Bebo,GOOG,2025-04-04,True,150.0,2025-03-31,,1.31,5.0,1855.0,649.9999999999995,0.3504043126684633,4,155.179359,day VWAP,3.337659746358409,0.6784741183551218,0.4017268759475308,0.2548872608564081,before,4-14 days
Bebo,GOOG,2025-04-11,True,150.0,2025-03-31,,2.96,1.0,888.0,-63.0,-0.07094594594594594,11,155.179359,day VWAP,3.337659746358409,0.4669579133238681,0.43502762910652737,0.32847461828299984,before,4-14 days
Bebo,HOOD,2026-09-11,False,116.0,2026-09-10,,1.98,1.0,198.0,-35.0,-0.1767676767676768,1,114.202448,day VWAP,1.5740047884087351,0.22540566976346907,0.7868266347205105,0.41024468505169676,after,1-3 days
Bebo,INTC,2026-08-05,True,97.0,2026-08-05,,0.4,1.0,115.0,-13.0,-0.11304347826086958,0,100.887746,day VWAP,3.853536384884649,0.997995070233913,0.951111749493605,0.171372113850482,after,0DTE
Bebo,INTC,2026-08-19,False,101.0,2026-08-18,,0.21,1.0,21.0,-18.0,-0.8571428571428572,1,96.601783,day VWAP,4.552935632668397,0.7365066991672858,0.48387745062609977,0.12020414007638408,after,1-3 days
Bebo,INTC,2026-08-19,False,110.0,2026-08-17,,0.35,1.0,35.0,-30.0,-0.8571428571428572,2,103.886913,day VWAP,5.884366782560949,0.7352786860671067,0.5081919320584404,0.13473197414885119,after,1-3 days
Bebo,INTC,2026-09-11,False,110.0,2026-08-20,,1.1,1.0,110.00000000000001,-5.000000000000014,-0.045454545454545525,22,91.596483,day VWAP,20.091947198453013,0.996634728633703,0.6425381229299104,0.15118506411467275,after,15+ days
Bebo,INTC,2026-09-18,False,111.0,2026-09-18,,0.53,1.0,53.0,-4.0,-0.07547169811320753,0,108.352751,day VWAP,2.443176546574256,0.907440589041559,0.7673857201375779,0.24538930617784177,after,0DTE
Bebo,INTC,2026-09-18,True,97.5,2026-09-16,,1.35,1.0,135.0,-119.0,-0.8814814814814815,2,101.614473,day VWAP,4.049101351930451,0.6682773071229147,0.7495282030601681,0.2772634296663933,after,1-3 days
Bebo,INTC,2026-09-18,True,107.0,2026-09-18,,0.38,1.0,129.0,-11.0,-0.0852713178294574,0,108.352751,day VWAP,1.2484694551040958,0.4637044585781522,0.46990267707879696,0.27070386670246516,after,0DTE
Bebo,INTC,2026-09-18,True,108.0,2026-09-18,,0.52,1.0,136.0,23.0,0.1691176470588236,0,108.352751,day VWAP,0.32555795468450804,0.12091819667322443,0.3547331624265184,0.4151674677625862,after,0DTE
Bebo,INTC,2026-10-02,False,120.0,2026-08-20,,1.51,1.0,151.0,4.0,0.026490066225165476,43,91.596483,day VWAP,31.009396943766927,1.1132533325896967,0.6626799766880894,0.150175725945624,after,15+ days
Bebo,IWM,2024-08-21,True,210.0,2024-08-20,,0.22,1.0,22.0,-17.0,-0.7727272727272727,1,213.087582,day VWAP,1.448973220785807,0.6324969182779229,0.17949399295936563,0.14436768470642958,before,1-3 days
Bebo,KRE,2024-01-12,True,50.0,2024-01-11,,0.16,2.0,32.0,-2.0,-0.0625,1,50.699914,day VWAP,1.3805033278754668,0.5206478556097625,0.2713472394592943,0.2500004194461197,before,1-3 days
Bebo,KRE,2024-01-12,True,50.5,2024-01-11,,0.34,2.0,68.0,16.0,0.23529411764705888,1,50.699914,day VWAP,0.3943083611542215,0.1487108350545495,0.27780594005516257,0.42267645419815436,before,1-3 days
Bebo,KRE,2024-01-19,True,49.0,2024-01-11,,0.24,1.0,301.0,146.0,0.48504983388704326,8,50.699914,day VWAP,3.3528932613179574,0.6074566703037326,0.2587311465790569,0.20003270845354382,before,4-14 days
Bebo,KRE,2025-02-07,True,62.0,2025-01-29,,0.56,1.0,56.00000000000001,-28.000000000000004,-0.5,9,63.797602,day VWAP,2.817663899028678,0.6931445178077804,0.2911474790414509,0.27620699523970893,before,4-14 days
Bebo,KRE,2025-02-14,True,63.5,2025-02-07,,0.47,1.0,47.0,3.0,0.06382978723404253,7,64.671864,day VWAP,1.8120151910265017,0.5027533944212724,0.24949319429340927,0.3034339480209163,before,4-14 days
Bebo,KRE,2025-03-07,True,61.5,2025-02-27,,1.28,1.0,128.0,-28.0,-0.21875,8,61.366663,day VWAP,-0.21727920907153997,-0.06314290868451151,0.30798918195306263,0.5076379483417472,before,4-14 days
Bebo,KRE,2025-03-14,True,59.0,2025-03-05,,1.34,1.0,134.0,53.0,0.3955223880597014,9,58.583951,day VWAP,-0.7101757271372854,-0.1698260234806949,0.27674572805143505,0.5494816624215517,before,4-14 days
Bebo,KRE,2025-03-14,True,60.0,2025-02-27,,0.97,4.0,1916.0,-155.0,-0.08089770354906056,15,61.366663,day VWAP,2.2270446740765464,0.4865675024052366,0.30149880947122654,0.3512722644356494,before,15+ days
Bebo,KRE,2026-08-07,True,76.0,2026-08-04,,0.18,1.0,18.0,-3.9999999999999982,-0.2222222222222221,3,77.833526,day VWAP,2.355702091666779,1.034694739985512,0.21435851566163486,0.16946443325079064,after,1-3 days
Bebo,LMT,2026-01-16,True,500.0,2026-01-08,,1.2,1.0,120.0,105.0,0.875,8,528.174914,day VWAP,5.3343907961520385,1.2010788305883762,0.27701014928199597,0.10483971293650263,best run,4-14 days
Bebo,MCD,2024-12-27,True,285.0,2024-12-23,,0.52,1.0,60.0,-56.0,-0.9333333333333333,4,291.165188,day VWAP,2.1174193392927183,1.0786799873111816,0.16083854452342716,0.15708870821361298,before,4-14 days
Bebo,MCD,2025-01-03,True,282.5,2024-12-31,,0.31,1.0,31.0,-28.0,-0.9032258064516129,3,289.667744,day VWAP,2.474470888964436,1.5080284933550328,0.1732783063756352,0.10801006673759916,before,1-3 days
Bebo,MCD,2025-01-10,True,282.5,2025-01-07,,0.23,1.0,23.0,2.0,0.08695652173913038,3,290.255439,day VWAP,2.6719358047929718,1.7553373170278928,0.1693108832521548,0.08576966781265871,before,1-3 days
Bebo,MCD,2025-01-10,True,287.5,2025-01-07,,0.85,1.0,85.0,40.0,0.47058823529411775,3,290.255439,day VWAP,0.9493151995680688,0.6236558499775509,0.1414739242384343,0.28081108340384975,before,1-3 days
Bebo,MCD,2025-02-14,True,300.0,2025-02-10,,0.43,1.0,101.0,-31.0,-0.306930693069307,4,307.785322,day VWAP,2.5294650015831515,1.234022215125711,0.1678596958346883,0.12437771791082874,before,4-14 days
Bebo,MCD,2025-04-25,True,315.0,2025-04-15,,5.0,2.0,1000.0,0.0,0.0,10,313.212897,day VWAP,-0.5705713325080614,-0.11106595455593882,0.17571241935170637,0.5636258539130402,before,4-14 days
Bebo,MCD,2026-08-14,False,290.0,2026-08-03,,1.0,1.0,100.0,-5.0,-0.050000000000000044,11,268.548221,day VWAP,7.98805477843772,1.9684628594665419,0.32961740750301965,0.1212397821693193,after,4-14 days
Bebo,META,2024-05-17,False,485.0,2024-05-16,,0.85,1.0,85.0,-79.0,-0.9294117647058824,1,474.969457,day VWAP,2.1118290559891775,0.5481832811913645,0.272456948705116,0.1626363929403561,before,1-3 days
Bebo,META,2024-06-14,True,480.0,2024-06-10,,2.84,1.0,284.0,-159.0,-0.5598591549295775,4,499.816802,day VWAP,3.96481309165753,1.2564446379224294,0.3711377223558568,0.20031135129798283,before,4-14 days
Bebo,META,2024-07-05,True,500.0,2024-06-28,,1.1,1.0,110.00000000000001,67.99999999999999,0.6181818181818179,7,509.685154,day VWAP,1.9002228972123467,0.5956103808426204,0.14525975798181737,0.18280426175313902,before,4-14 days
Bebo,META,2024-08-16,True,525.0,2024-08-16,,0.21,1.0,43.0,-37.0,-0.8604651162790697,0,529.118714,day VWAP,0.778410192462018,0.4287237399859523,0.1499609921453941,0.12035383650350262,before,0DTE
Bebo,META,2024-08-23,True,510.0,2024-08-19,,1.62,1.0,162.0,-84.0,-0.5185185185185186,4,527.507614,day VWAP,3.3189310514862047,0.5958773612142353,0.2620422265523429,0.16319697243023845,before,4-14 days
Bebo,META,2024-08-30,True,485.0,2024-08-27,,0.53,1.0,53.0,-26.0,-0.49056603773584906,3,519.949689,day VWAP,6.721744380156756,1.6799337664144374,0.3724080273423067,0.05398440938934734,before,1-3 days
Bebo,META,2024-08-30,True,517.5,2024-08-30,,1.17,1.0,117.0,-106.0,-0.905982905982906,0,519.853817,day VWAP,0.45278440265834363,0.3483892285569076,0.2326724748206719,0.3288634699495371,before,0DTE
Bebo,META,2024-09-13,True,490.0,2024-09-09,,2.39,1.0,239.0,-46.0,-0.19246861924686187,4,505.896519,day VWAP,3.1422471598386332,1.0638106265987972,0.298731800266265,0.20618393312888483,before,4-14 days
Bebo,META,2024-09-20,False,540.0,2024-09-16,,1.89,1.0,189.0,-44.0,-0.2328042328042328,4,527.623182,day VWAP,2.3457684237990812,0.8263376000477335,0.21835807312647187,0.21768342358444742,before,4-14 days
Bebo,META,2024-10-11,True,587.5,2024-10-11,,0.35,1.0,35.0,-30.0,-0.8571428571428572,0,587.729266,day VWAP,0.03900877721478861,0.04365028452368334,0.04361944461320747,0.4200443473635699,before,0DTE
Bebo,META,2024-11-22,True,525.0,2024-11-18,,0.81,1.0,81.0,-24.999999999999993,-0.3086419753086419,4,554.921523,day VWAP,5.392027838141715,1.2947961766374712,0.29873237421957266,0.07949817480736554,before,4-14 days
Bebo,META,2025-01-17,True,590.0,2025-01-15,,0.98,1.0,98.0,-66.0,-0.6734693877551021,2,615.927168,day VWAP,4.20945354370211,1.4234446863050518,0.33903161025334805,0.09844743125617594,before,1-3 days
Bebo,META,2025-01-17,True,597.5,2025-01-15,,1.07,1.0,107.0,-33.0,-0.30841121495327106,2,615.927168,day VWAP,2.9917771056983233,1.0116822004335573,0.2711195289383846,0.12749587445131438,before,1-3 days
Bebo,META,2025-01-31,True,690.0,2025-01-31,,1.42,1.0,142.0,68.0,0.47887323943661975,0,695.744037,day VWAP,0.8255962961275151,0.6527999594411733,0.29102563149001387,0.2591407673075806,before,0DTE
Bebo,META,2025-02-14,True,700.0,2025-02-10,,3.35,1.0,335.0,-57.0,-0.17014925373134326,4,716.201375,day VWAP,2.2621256486696892,0.7996702804098982,0.24605334622582145,0.2381302110612804,before,4-14 days
Bebo,META,2025-02-21,False,715.0,2025-02-20,,0.92,1.0,92.0,103.0,1.1195652173913042,1,697.3564,day VWAP,2.530069273043166,1.7233178391990933,0.2786730689983351,0.12478774885582772,before,1-3 days
Bebo,META,2025-02-28,True,660.0,2025-02-27,,2.94,1.0,294.0,251.0,0.8537414965986394,1,668.36171,day VWAP,1.2510755590711526,0.7287283186872655,0.30578932660597336,0.2927274802440245,before,1-3 days
Bebo,META,2025-02-28,True,665.0,2025-02-27,,3.06,1.0,306.0,579.0,1.892156862745098,1,668.36171,day VWAP,0.5029776466398735,0.2929751541507867,0.2214641296188707,0.380693352686313,before,1-3 days
Bebo,META,2025-03-07,True,650.0,2025-03-05,,6.5,1.0,650.0,380.0,0.5846153846153845,2,649.721311,day VWAP,-0.0428936215084356,-0.01731673141633514,0.24627120694147414,0.5020818352410419,before,1-3 days
Bebo,META,2025-03-14,False,630.0,2025-03-13,,4.15,2.0,830.0000000000001,-170.0000000000001,-0.20481927710843384,1,596.297556,day VWAP,5.651950718375914,2.1168096688387172,0.8224010393165935,0.2019180295209575,before,1-3 days
Bebo,META,2025-03-14,True,600.0,2025-02-27,,3.7,1.0,587.0,53.0,0.09028960817717202,15,668.36171,day VWAP,10.228250508246504,2.1516923330504865,0.4396706624678418,0.11589458311426892,before,15+ days
Bebo,META,2025-03-14,True,610.0,2025-03-13,,5.75,1.0,2220.0,860.0,0.3873873873873874,1,596.297556,day VWAP,-2.29792053684017,-0.8606339037584658,,,before,1-3 days
Bebo,META,2025-03-28,True,597.5,2025-03-27,,2.25,1.0,225.0,150.0,0.6666666666666667,1,606.376248,day VWAP,1.4638185498321221,0.4469182171233105,0.30255920767553185,0.25998265671208554,before,1-3 days
Bebo,META,2025-03-28,True,600.0,2025-03-27,,1.72,1.0,172.0,123.0,0.7151162790697674,1,606.376248,day VWAP,1.0515332717979469,0.321043462068216,0.2236691838403892,0.26723032252456114,before,1-3 days
Bebo,META,2025-04-04,False,565.0,2025-04-03,,2.03,1.0,202.99999999999997,-24.99999999999997,-0.12315270935960576,1,540.136655,day VWAP,4.603158250757853,1.413357996995925,0.5793012852140323,0.16241577456037798,before,1-3 days
Bebo,META,2025-04-04,True,505.0,2025-04-04,,5.8,1.0,2085.0,1230.0000000000005,0.5899280575539572,0,508.890027,day VWAP,0.7644140764424875,0.3368579997829363,0.8422342859859001,0.41165214120924165,before,0DTE
Bebo,META,2025-04-04,True,535.0,2025-04-03,,7.04,1.0,704.0,140.9999999999999,0.20028409090909083,1,540.136655,day VWAP,0.9509917448576081,0.2919933911571084,0.5672910068963695,0.405085140137353,before,1-3 days
Bebo,META,2025-04-04,True,545.0,2025-04-03,,6.3,1.0,630.0,470.0,0.746031746031746,1,540.136655,day VWAP,-0.9003915870142123,-0.27645707156056937,0.19859689816862547,0.7181492357916727,before,1-3 days
Bebo,META,2025-04-04,True,560.0,2025-04-01,,4.59,1.0,459.0,-139.0,-0.30283224400871456,3,582.64427,day VWAP,3.886465750362568,0.7598724129718143,0.47905016089521024,0.23258467830284113,before,1-3 days
Bebo,META,2025-04-04,True,565.0,2025-04-01,,7.9,1.0,1505.0,-725.0,-0.4817275747508306,3,582.64427,day VWAP,3.0283091945622336,0.59208771225684,0.5602801983800659,0.3089843476662021,before,1-3 days
Bebo,META,2025-04-04,True,570.0,2025-04-01,,10.65,1.0,5640.0,-2735.0,-0.4849290780141844,3,582.64427,day VWAP,2.1701526387618997,0.4243030115418658,0.5977359407889167,0.36441501455041003,before,1-3 days
Bebo,META,2025-04-04,True,600.0,2025-02-27,,4.75,1.0,2045.0,1520.0,0.743276283618582,36,668.36171,day VWAP,10.228250508246504,1.41744480183027,0.31325310384887156,0.13285794817586338,before,15+ days
Bebo,META,2025-04-11,True,497.5,2025-04-08,,9.96,1.0,996.0000000000001,258.9999999999999,0.2600401606425702,3,525.378042,day VWAP,5.306282290343617,0.8527757007557158,0.8749588792832621,0.2808519294780485,before,1-3 days
Bebo,META,2025-04-11,True,500.0,2025-04-09,,12.0,1.0,1200.0,205.0,0.1708333333333334,2,552.135375,day VWAP,9.442498590132892,1.8137807568489268,1.5059805041117107,0.23079313219845154,before,1-3 days
Bebo,META,2025-04-11,True,505.0,2025-04-09,,16.3,1.0,3240.0,-2617.0,-0.807716049382716,2,552.135375,day VWAP,8.536923576034221,1.6398316141747897,1.6658382644499752,0.2673740327491161,before,1-3 days
Bebo,META,2025-04-11,True,525.0,2025-04-10,,2.11,1.0,211.0,35.0,0.16587677725118488,1,552.157065,day VWAP,4.918358692014561,0.871570644466974,0.6384112658323616,0.14718572282811127,before,1-3 days
Bebo,META,2025-04-11,True,530.0,2025-04-08,,9.75,1.0,3375.0,2000.0,0.5925925925925926,3,525.378042,day VWAP,-0.8797394695836849,-0.14138343978079365,0.29039899797907515,0.5943768217415452,before,1-3 days
Bebo,META,2025-04-11,True,570.0,2025-04-10,,8.53,1.0,852.9999999999999,737.0000000000001,0.8640093786635408,1,552.157065,day VWAP,-3.231496277241334,-0.5726457685001064,,,before,1-3 days
Bebo,META,2025-04-17,False,520.0,2025-04-16,,4.1,2.0,819.9999999999999,-225.9999999999999,-0.2756097560975609,1,505.057448,day VWAP,2.958584624218823,0.5194281997968734,0.6222554494061581,0.2798376322483096,before,1-3 days
Bebo,META,2025-04-17,True,505.0,2025-04-16,,6.4,1.0,1280.0,-210.0,-0.1640625,1,505.057448,day VWAP,0.011374547633643083,0.0019969889495410373,0.41358790601956136,0.4922133861639768,before,1-3 days
Bebo,META,2025-04-25,False,510.0,2025-04-07,,22.5,1.0,2250.0,-16.0,-0.007111111111111068,18,509.659707,day VWAP,0.06676866845194301,0.005233405875124991,0.46487026087687505,0.5198469848509707,before,15+ days
Bebo,META,2025-04-25,True,500.0,2025-04-16,,11.95,1.0,1195.0,-95.0,-0.07949790794979084,9,505.057448,day VWAP,1.0013609382511317,0.07862255842280731,0.414619310972499,0.42996456367320746,before,4-14 days
Bebo,META,2025-04-25,True,540.0,2025-04-25,,3.45,1.0,753.0,457.0,0.6069057104913678,0,544.300956,day VWAP,0.7901797622416893,0.23214434530243025,0.5528684978280782,0.3690198027603543,before,0DTE
Bebo,META,2025-05-09,True,590.0,2025-05-09,,1.43,1.0,143.0,-102.0,-0.7132867132867133,0,596.466011,day VWAP,1.084053555567977,0.5198880567343273,0.36283180158248746,0.2474636305383484,before,0DTE
Bebo,META,2025-05-30,True,600.0,2025-05-20,,2.87,1.0,287.0,-287.0,-1.0,10,636.700987,day VWAP,5.764242203067301,0.8035124192148367,0.31641453075471704,0.1466952972589155,before,4-14 days
Bebo,META,2025-07-18,True,500.0,2025-05-19,,2.78,1.0,278.0,-34.99999999999997,-0.12589928057553945,60,638.470183,day VWAP,21.687807306735266,1.2168195355109974,0.3906692782831329,0.05806709408003341,before,15+ days
Bebo,META,2026-01-09,True,632.5,2026-01-08,,1.32,1.0,132.0,-58.0,-0.43939393939393945,1,642.716768,day VWAP,1.5896221335242964,1.1268035033542851,0.2442149578589294,0.1949288385199781,best run,1-3 days
Bebo,META,2026-01-09,True,640.0,2026-01-09,,1.65,1.0,165.0,-108.0,-0.6545454545454545,0,651.017144,day VWAP,1.6922970618420505,2.1564261198239416,0.47829969188964033,0.20846363746370256,best run,0DTE
Bebo,META,2026-01-23,True,605.0,2026-01-08,,2.44,1.0,244.0,-124.0,-0.5081967213114754,15,642.716768,day VWAP,5.868334214675413,1.502331719032684,0.260363326368273,0.13240010139587954,best run,15+ days
Bebo,META,2026-08-26,True,555.0,2026-08-26,,2.02,1.0,202.0,-192.0,-0.9504950495049505,0,577.129281,day VWAP,3.83437155738421,1.7796134051682828,0.9062604542571137,0.1613983979013578,after,0DTE
Bebo,MRNA,2024-01-05,True,105.0,2024-01-04,,0.65,1.0,65.0,68.0,1.046153846153846,1,107.836267,day VWAP,2.630160593374404,0.509486683910926,0.5209139867297583,0.2472097015275665,before,1-3 days
Bebo,MSFT,2024-01-05,False,375.0,2024-01-04,,0.42,1.0,566.0,-332.0,-0.5865724381625441,1,369.696686,day VWAP,1.4345040680186136,1.3305055765595049,0.18146691672916193,0.15616833405847885,before,1-3 days
Bebo,MSFT,2024-01-12,False,385.0,2024-01-04,,0.6,1.0,60.0,-30.0,-0.5,8,369.696686,day VWAP,4.1394241764991095,1.8443519449460242,0.20029228132089127,0.1065989738464605,before,4-14 days
Bebo,MSFT,2024-01-12,True,380.0,2024-01-11,,1.65,2.0,720.0,-515.0,-0.7152777777777778,1,384.63698,day VWAP,1.2055471109408133,1.0059956991416856,0.29651646151450134,0.29404166918046226,before,1-3 days
Bebo,MSFT,2024-10-11,True,410.0,2024-10-07,,2.25,1.0,452.0,86.0,0.19026548672566368,4,412.36213,day VWAP,0.5728290325787141,0.236399014700118,0.15042443072673264,0.3836757634239383,before,4-14 days
Bebo,MSFT,2024-10-18,True,415.0,2024-10-18,,0.6,1.0,142.0,-140.0,-0.9859154929577465,0,417.783896,day VWAP,0.6663483266478101,1.1286867184795668,0.21985869030175623,0.245856366967943,before,0DTE
Bebo,MSFT,2025-05-30,True,450.0,2025-05-27,,1.04,1.0,104.0,-104.0,-1.0,3,459.284797,day VWAP,2.0215772567799637,0.5967445958729951,0.19282316243840678,0.18138946021081281,before,1-3 days
Bebo,NFLX,2024-07-26,True,625.0,2024-07-24,,2.35,1.0,235.0,-160.0,-0.6808510638297872,2,640.214671,day VWAP,2.37649521155693,1.1265676526332289,0.30533927679809947,0.21010376035481815,before,1-3 days
Bebo,NFLX,2024-11-29,True,885.0,2024-11-29,,1.56,1.0,304.0,-300.0,-0.9868421052631579,0,887.380805,day VWAP,0.2682957515629391,0.25357372723435645,0.16364888203940547,0.3548730254177197,before,0DTE
Bebo,NFLX,2025-03-28,True,870.0,2025-03-19,,3.0,1.0,300.0,-252.0,-0.84,9,954.610924,day VWAP,8.863393647902562,1.0921720914373318,0.4152827133228753,0.09154842695375465,before,4-14 days
Bebo,NFLX,2025-04-25,True,970.0,2025-04-21,,10.9,1.0,1090.0,735.0,0.6743119266055047,4,991.468446,day VWAP,2.165318128540822,0.3191484155546701,0.37897197803617927,0.32362366617412963,before,4-14 days
Bebo,NFLX,2025-04-25,True,975.0,2025-04-22,,3.45,1.0,345.0,-213.0,-0.6173913043478261,3,1044.039739,day VWAP,6.612750111037684,1.1017944124457173,0.4933063522085764,0.1139338641256551,before,1-3 days
Bebo,NFLX,2025-04-25,True,1000.0,2025-04-23,,2.65,1.0,265.0,-229.0,-0.8641509433962264,2,1048.840625,day VWAP,4.656629790631922,0.867646748963312,0.4169382078712725,0.12119503286467526,before,1-3 days
Bebo,NFLX,2025-05-02,True,920.0,2025-04-23,,2.0,1.0,200.0,-120.0,-0.6,9,1048.840625,day VWAP,12.284099407381369,1.3214597101764423,0.48168074010548484,0.05274403004264927,before,4-14 days
Bebo,NFLX,2025-05-02,True,1000.0,2025-04-25,,2.81,1.0,281.0,-77.0,-0.27402135231316727,7,1099.116736,day VWAP,9.017853404790658,1.1299626770550764,0.46605526519772983,0.07970935577800553,before,4-14 days
Bebo,NFLX,2025-05-02,True,1035.0,2025-04-24,,12.0,1.0,1200.0,-750.0,-0.625,8,1085.953325,day VWAP,4.692036372741891,0.5482418775302921,0.45717186647497693,0.24471175427985992,before,4-14 days
Bebo,NFLX,2025-05-02,True,1125.0,2025-05-01,,3.9,1.0,390.0,-388.0,-0.9948717948717949,1,1132.169761,day VWAP,0.6332761434705115,0.16346671011103323,0.19864609556886917,0.3364453878585216,before,1-3 days
Bebo,NVDA,2024-01-05,False,490.0,2024-01-04,,0.7,1.0,70.0,5.0,0.0714285714285714,1,480.95109,day VWAP,1.8814615847944076,0.8704109726828371,0.23557707986795023,0.15470110396008052,before,1-3 days
Bebo,NVDA,2024-01-12,True,530.0,2024-01-11,,0.64,1.0,142.0,334.0,2.352112676056338,1,545.868626,day VWAP,2.907041226436038,1.174448934863029,0.3056223478794089,0.10330454277455692,before,1-3 days
Bebo,NVDA,2024-01-26,True,545.0,2024-01-19,,1.21,1.0,121.0,-83.0,-0.6859504132231404,7,585.40252,day VWAP,6.90166485788274,1.4207546581891413,0.35756512278259434,0.08376082002680518,before,4-14 days
Bebo,NVDA,2024-02-02,True,475.0,2024-01-18,,0.55,1.0,55.00000000000001,-41.00000000000001,-0.7454545454545455,15,570.667641,day VWAP,16.764160805115637,2.3640032269349174,0.45133664578965443,0.025508467103882326,before,15+ days
Bebo,NVDA,2024-02-02,True,500.0,2024-01-19,,0.65,1.0,65.0,-33.0,-0.5076923076923077,14,585.40252,day VWAP,14.588683355855725,2.173541895181701,0.426148074913505,0.03170476240595865,before,4-14 days
Bebo,NVDA,2024-02-02,True,655.0,2024-02-02,,0.14,4.0,56.00000000000001,-40.00000000000001,-0.7142857142857143,0,656.296357,day VWAP,0.19752616118817548,0.14960509464466878,0.04871660963740574,0.180821278049349,before,0DTE
Bebo,NVDA,2024-02-02,True,660.0,2024-02-02,,1.02,1.0,102.0,-48.0,-0.47058823529411764,0,656.296357,day VWAP,-0.5643247841462659,-0.4274161064776891,,,before,0DTE
Bebo,NVDA,2024-02-09,True,710.0,2024-02-09,,0.34,1.0,34.0,-33.0,-0.9705882352941176,0,714.88847,day VWAP,0.6838087625052875,0.47634050375403786,0.1450016841315013,0.14330779312573738,before,0DTE
Bebo,NVDA,2024-03-08,True,870.0,2024-03-07,,1.32,1.0,132.0,-10.0,-0.0757575757575758,1,916.061586,day VWAP,5.02821935816879,1.037648326559698,0.48844336997178983,0.08258980989606435,before,1-3 days
Bebo,NVDA,2024-05-31,True,1080.0,2024-05-31,,3.7,1.0,624.0,624.0,1.0,0,1094.799777,day VWAP,1.3518249921967194,0.6302535963806908,0.4804153376639785,0.25890657963992125,before,0DTE
Bebo,NVDA,2024-06-07,True,1000.0,2024-06-03,,0.82,1.0,82.0,-53.0,-0.6463414634146342,4,1136.84644,day VWAP,12.037372435278067,1.8673890982734922,0.507776494949694,0.0271696922650545,before,4-14 days
Bebo,NVDA,2024-06-28,True,125.0,2024-06-28,,0.31,2.0,164.0,53.0,0.32317073170731714,0,124.833696,day VWAP,-0.1332204407374085,-0.0036571358404822786,0.09765377667490467,0.6193926503596157,before,0DTE
Bebo,NVDA,2024-09-27,True,120.0,2024-09-26,,0.16,1.0,97.0,134.99999999999997,1.3917525773195871,1,124.52539,day VWAP,3.6341102806423664,0.7512454683571282,0.3700319032752029,0.0949394800947928,before,1-3 days
Bebo,NVDA,2024-09-27,True,122.0,2024-09-27,,0.71,1.0,71.0,80.0,1.1267605633802815,0,121.082245,day VWAP,-0.7579600130473296,-0.2730800488003573,,,before,0DTE
Bebo,NVDA,2024-09-27,True,125.0,2024-09-26,,0.88,1.0,88.0,155.00000000000003,1.7613636363636367,1,124.52539,day VWAP,-0.3811351243308681,-0.07878848270247986,0.15981818108500503,0.6188086297957903,before,1-3 days
Bebo,NVDA,2024-11-15,True,140.0,2024-11-13,,0.18,2.0,55.0,-7.0,-0.12727272727272732,2,147.158418,day VWAP,4.864429841859275,1.3704498573340842,0.35409259959573103,0.07613382444169392,before,1-3 days
Bebo,NVDA,2024-11-15,True,144.0,2024-11-13,,0.48,1.0,48.0,-26.0,-0.5416666666666667,2,147.158418,day VWAP,2.146270694483826,0.6046662122135662,0.2735758998203447,0.20901130795289857,before,1-3 days
Bebo,NVDA,2024-11-29,True,132.0,2024-11-27,,0.43,6.0,306.0,275.0,0.8986928104575163,2,133.694807,day VWAP,1.267668534051586,0.3032149839327677,0.2028460446965366,0.26058308950929865,before,1-3 days
Bebo,NVDA,2024-12-06,True,130.0,2024-11-27,,1.77,2.0,354.0,-220.0,-0.6214689265536724,9,133.694807,day VWAP,2.7636129502023197,0.38164672527322724,0.362964929359123,0.3160151732711076,before,4-14 days
Bebo,NVDA,2024-12-27,True,133.0,2024-12-23,,0.91,1.0,91.0,-35.99999999999999,-0.39560439560439553,4,138.066703,day VWAP,3.669750120707952,0.771031733151547,0.37745257150604467,0.22170010107433358,before,4-14 days
Bebo,NVDA,2024-12-27,True,136.0,2024-12-24,,0.52,1.0,52.0,-3.0,-0.05769230769230771,3,140.747761,day VWAP,3.3732408716611815,0.7798520312088756,0.32125776632002107,0.17741331126035298,before,1-3 days
Bebo,NVDA,2025-01-03,True,128.0,2024-12-31,,0.29,1.0,28.999999999999996,-24.999999999999996,-0.8620689655172413,3,135.449823,day VWAP,5.500061081659744,1.415731548460256,0.37996092118914393,0.09926829501248924,before,1-3 days
Bebo,NVDA,2025-01-03,True,130.0,2024-12-31,,0.56,1.0,56.00000000000001,-46.00000000000001,-0.8214285714285714,3,135.449823,day VWAP,4.023499536060678,1.035660357920493,0.3754958065739229,0.17102177989978573,before,1-3 days
Bebo,NVDA,2025-01-03,True,137.0,2025-01-02,,0.88,1.0,88.0,-82.0,-0.9318181818181819,1,137.181563,day VWAP,0.13235233367330218,0.050526694887894574,0.22942993190364488,0.46665881295128875,before,1-3 days
Bebo,NVDA,2025-01-10,True,125.0,2024-12-31,,1.04,1.0,160.0,-128.0,-0.8,10,135.449823,day VWAP,7.714903400058344,1.274290511456357,0.46569849633261967,0.16317800400758087,before,4-14 days
Bebo,NVDA,2025-01-17,True,133.0,2025-01-16,,0.32,1.0,32.0,-27.0,-0.84375,1,135.636739,day VWAP,1.9439710947341526,0.5726717395411832,0.2919502581148456,0.18866932843319617,before,1-3 days
Bebo,NVDA,2025-01-17,True,134.0,2025-01-14,,2.01,1.0,277.0,76.0,0.2743682310469313,3,132.178327,day VWAP,-1.3781934159296814,-0.27151545052740633,0.12542091813002848,0.8208611106185927,before,1-3 days
Bebo,NVDA,2025-01-17,True,138.0,2025-01-07,,2.6,1.0,260.0,2.0,0.007692307692307665,10,143.543604,day VWAP,3.8619651767974195,0.5431858080277141,0.47324456325153264,0.30973445410728584,before,4-14 days
Bebo,NVDA,2025-01-24,True,139.0,2025-01-22,,0.17,1.0,38.0,-19.0,-0.5,2,146.610574,day VWAP,5.191013030206139,1.1504067946081165,0.3679766646639502,0.07041157531690512,before,1-3 days
Bebo,NVDA,2025-01-24,True,140.0,2025-01-22,,0.52,2.0,104.0,-74.0,-0.7115384615384616,2,146.610574,day VWAP,4.508933987257981,0.9992477894387146,0.4542581723464718,0.1486261260906443,before,1-3 days
Bebo,NVDA,2025-01-24,True,141.0,2025-01-22,,0.41,1.0,78.0,-38.0,-0.4871794871794872,2,146.610574,day VWAP,3.8268549443098236,0.8480887842693129,0.37482274596273135,0.1436986702275702,before,1-3 days
Bebo,NVDA,2025-01-31,False,132.0,2025-01-28,,0.42,1.0,42.0,72.99999999999999,1.7380952380952377,3,123.746217,day VWAP,6.669927534027161,0.6987031388429396,0.4680685991470101,0.12653056021242443,before,1-3 days
Bebo,NVDA,2025-01-31,True,114.0,2025-01-28,,0.37,1.0,37.0,90.0,2.4324324324324325,3,123.746217,day VWAP,7.875971675158362,0.8250413670609489,0.5472596674902811,0.09608376953974695,before,1-3 days
Bebo,NVDA,2025-01-31,True,117.0,2025-01-29,,0.56,1.0,129.0,267.0,2.0697674418604652,2,123.00518,day VWAP,4.8820545606290695,0.559468781886761,0.5228238747448819,0.16177013716977862,before,1-3 days
Bebo,NVDA,2025-02-14,True,124.0,2025-02-10,,0.97,1.0,97.0,-66.0,-0.6804123711340206,4,133.806696,day VWAP,7.32900242899652,0.6319745511718188,0.6053982616045803,0.16322213800662244,before,4-14 days
Bebo,NVDA,2025-02-14,True,127.0,2025-02-10,,0.7,1.0,221.0,-26.0,-0.11764705882352944,4,133.806696,day VWAP,5.0869621651819195,0.4386450492156595,0.42115400742070236,0.16958109891461493,before,4-14 days
Bebo,NVDA,2025-02-21,True,137.0,2025-02-19,,1.08,1.0,108.0,-35.0,-0.32407407407407407,2,139.65414,day VWAP,1.9005093583333885,0.22173088676230834,0.3914932992661949,0.3044735249405126,before,1-3 days
Bebo,NVDA,2025-02-28,True,99.0,2025-02-25,,0.32,1.0,32.0,-32.0,-1.0,3,127.459312,day VWAP,22.328154415269395,2.222737816927616,1.273347783426095,0.03930460605423336,before,1-3 days
Bebo,NVDA,2025-02-28,True,107.0,2025-02-26,,0.54,1.0,54.0,-51.0,-0.9444444444444444,2,131.071735,day VWAP,18.36531346746878,3.4776337917196996,1.4032655555460094,0.06404420221650808,before,1-3 days
Bebo,NVDA,2025-03-28,True,100.0,2025-03-17,,0.44,4.0,176.0,-120.0,-0.6818181818181818,11,120.043459,day VWAP,16.696835601846495,1.2384695255577327,0.6447034434610043,0.0640044293983506,before,4-14 days
Bebo,NVDA,2026-01-02,False,185.0,2025-12-29,,3.4,1.0,340.0,61.0,0.17941176470588238,4,187.376403,day VWAP,-1.2682509440636505,-0.30186134097275164,0.2005110522376139,0.6878449078256192,best run,4-14 days
Bebo,NVDA,2026-01-09,True,182.5,2026-01-09,,0.31,1.0,31.0,-22.0,-0.7096774193548387,0,185.108597,day VWAP,1.4092252020039906,1.0368812127651517,0.36261727478900224,0.18760801847456698,best run,0DTE
Bebo,NVDA,2026-04-17,True,200.0,2026-04-17,,0.24,3.0,72.0,8.0,0.11111111111111116,0,200.811701,day VWAP,0.4042100116466815,0.2512527678286316,0.15551999977896036,0.2782192470352369,best run,0DTE
Bebo,NVDA,2026-08-05,True,215.0,2026-08-05,,0.09,1.0,9.0,-9.0,-1.0,0,220.241167,day VWAP,2.3797399329980804,1.2072239630156987,0.3502640677982084,0.060388366325392795,after,0DTE
Bebo,NVDA,2026-09-02,True,222.5,2026-09-02,,0.22,1.0,70.0,-52.0,-0.7428571428571429,0,224.486096,day VWAP,0.8847300725475682,0.4394389290139619,0.2210471998392225,0.18207939847308707,after,0DTE
Bebo,NVDA,2026-09-16,False,217.5,2026-09-16,,0.13,1.0,94.0,8.0,0.0851063829787233,0,214.642445,day VWAP,1.3313093782546088,0.6589665016802431,0.24546607909528573,0.11427661401598582,after,0DTE
Bebo,NVDA,2026-09-16,False,220.0,2026-09-16,,0.09,1.0,9.0,-1.0,-0.11111111111111116,0,214.642445,day VWAP,2.4960370722575353,1.235479028718432,0.35682535375278435,0.06139413287106191,after,0DTE
Bebo,NVDA,2026-09-16,True,212.5,2026-09-16,,0.19,1.0,188.0,31.0,0.1648936170212767,0,214.642445,day VWAP,0.9981460097512443,0.4940585523961355,0.2301545056474869,0.1626466573467893,after,0DTE
Bebo,NVDA,2026-09-18,True,205.0,2026-09-16,,0.32,1.0,70.0,12.0,0.17142857142857149,2,214.642445,day VWAP,4.492329091760023,0.994422421807126,0.3500109394744982,0.0907944939160279,after,1-3 days
Bebo,NVDA,2026-09-18,True,210.0,2026-09-16,,1.08,1.0,108.0,3.000000000000014,0.0277777777777779,2,214.642445,day VWAP,2.1628737037541708,0.4787739416720954,0.33338822956504954,0.24980758400791625,after,1-3 days
Bebo,NVDA,2026-09-23,True,220.0,2026-09-22,,0.18,1.0,18.0,-12.0,-0.6666666666666667,1,228.761409,day VWAP,3.82993313352078,1.0729667335266846,0.3413424919519745,0.06731977760063013,after,1-3 days
Bebo,PDD,2024-12-27,True,98.0,2024-12-24,,0.4,1.0,40.0,105.0,2.625,3,99.845437,day VWAP,1.848293778312577,0.32966679119327025,0.23250232909429822,0.24366696469340055,before,1-3 days
Bebo,PDD,2025-01-24,False,105.0,2025-01-23,,0.6,1.0,60.0,17.0,0.28333333333333344,1,102.884747,day VWAP,2.0559442110500554,0.7019854006130575,0.44165452131589833,0.2808853363744077,before,1-3 days
Bebo,PLTR,2024-09-20,True,36.5,2024-09-17,,0.71,2.0,142.0,22.0,0.15492957746478875,3,36.307106,day VWAP,-0.531284426800645,-0.08533929365889771,0.3556650279903424,0.5419937812706206,before,1-3 days
Bebo,PLTR,2024-09-27,True,35.0,2024-09-17,,0.44,2.0,333.0,-21.0,-0.06306306306306309,10,36.307106,day VWAP,3.6001382208760937,0.37107841457092644,0.36550319330955067,0.2810350338305486,before,4-14 days
Bebo,PLTR,2024-11-01,True,40.0,2024-10-24,,0.22,1.0,22.0,-14.0,-0.6363636363636364,8,43.251193,day VWAP,7.517001900964907,1.2431085294959707,0.4540579207134465,0.133916057114295,before,4-14 days
Bebo,PLTR,2024-11-08,True,54.0,2024-11-07,,0.37,1.0,37.0,-35.0,-0.9459459459459459,1,54.98024,day VWAP,1.7828950910363468,0.27214398665398054,0.4543072948484054,0.29778629583552285,before,1-3 days
Bebo,PLTR,2025-01-03,True,75.0,2024-12-31,,1.15,1.0,114.99999999999999,180.0,1.5652173913043481,3,76.361332,day VWAP,1.7827504632842237,0.25755054049019477,0.49102979396758917,0.3670099651455212,before,1-3 days
Bebo,PLTR,2025-02-14,True,110.0,2025-02-07,,2.9,1.0,290.0,-83.00000000000003,-0.28620689655172427,7,113.773971,day VWAP,3.3170776820297525,0.25162487224490754,0.688747446518815,0.3510812615352039,before,4-14 days
Bebo,PLTR,2025-02-14,True,113.0,2025-02-11,,1.69,1.0,169.0,42.0,0.24852071005917153,3,114.800983,day VWAP,1.5687870895669962,0.1525793806784975,0.4645609143043593,0.375930115595111,before,1-3 days
Bebo,PLTR,2025-02-28,True,100.0,2025-02-19,,1.1,1.0,110.00000000000001,44.999999999999986,0.40909090909090895,9,117.842072,day VWAP,15.1406638539078,0.9974226732453261,0.8627365350158097,0.11950247636774791,before,4-14 days
Bebo,PLTR,2025-03-14,True,78.0,2025-03-07,,3.45,3.0,1970.0000000000002,-272.0000000000002,-0.13807106598984786,7,82.545461,day VWAP,5.506615318315325,0.40410163740382077,1.1478077409896104,0.3376783149039748,before,4-14 days
Bebo,PLTR,2025-04-17,True,95.0,2025-04-15,,1.6,1.0,644.0,-116.0,-0.18012422360248448,2,96.903644,day VWAP,1.9644710161776786,0.20893057163112286,0.6385875618708174,0.3655239197728609,before,1-3 days
Bebo,PLTR,2025-04-25,False,95.0,2025-04-15,,4.8,1.0,960.0,150.0,0.15625,10,96.903644,day VWAP,-1.9644710161776786,-0.11330851139063257,0.5367687854225146,0.5989180307336497,before,4-14 days
Bebo,PLTR,2026-08-28,True,182.5,2026-08-28,,0.2,1.0,30.0,2.0,0.06666666666666665,0,186.360264,day VWAP,2.0713986539533993,0.4567961613983145,0.40359099469976617,0.12033471495890913,after,0DTE
Bebo,PLTR,2026-08-28,True,185.0,2026-08-28,,0.29,1.0,64.0,-2.0,-0.03125,0,186.360264,day VWAP,0.7299109642815277,0.16096395834282756,0.23968889393466017,0.24462539665017946,after,0DTE
Bebo,PLTR,2026-09-04,True,177.5,2026-08-31,,1.33,1.0,133.0,5.0,0.03759398496240607,4,186.236928,day VWAP,4.691297313495209,0.344514201930786,0.4519563110152814,0.2044658571044955,after,4-14 days
Bebo,PLTR,2026-09-04,True,180.0,2026-08-28,,2.18,1.0,218.00000000000003,-12.000000000000028,-0.05504587155963314,7,186.360264,day VWAP,3.4128863436252703,0.22692599013382875,0.43450915613809266,0.28330541370467466,after,4-14 days
Bebo,PLTR,2026-09-11,True,160.0,2026-09-08,,0.41,1.0,41.0,-4.0,-0.09756097560975607,3,171.425873,day VWAP,6.665197499096298,1.0550021762447845,0.45320524397747547,0.09372639309214015,after,1-3 days
Bebo,PLTR,2026-09-11,True,165.0,2026-09-08,,1.14,1.0,353.0,-13.0,-0.03682719546742208,3,171.425873,day VWAP,3.7484849209430573,0.5933297174992755,0.43500006963839655,0.22038799658809305,after,1-3 days
Bebo,PLTR,2026-09-11,True,167.5,2026-09-08,,2.11,1.0,211.0,-14.0,-0.06635071090047395,3,171.425873,day VWAP,2.290128631866437,0.36249348812652116,0.4708219232417192,0.3280600943225974,after,1-3 days
Bebo,PLTR,2026-09-11,True,170.0,2026-09-08,,2.32,1.0,231.99999999999997,17.000000000000057,0.07327586206896575,3,171.425873,day VWAP,0.8317723427898167,0.13165725875376663,0.3711643764535421,0.41573373808732894,after,1-3 days
Bebo,QQQ,2024-05-14,True,438.0,2024-05-14,,0.08,1.0,8.0,-8.0,-1.0,0,444.506711,day VWAP,1.4638048962999786,1.883746941730421,0.19994160500021826,0.04843730484652886,before,0DTE
Bebo,QQQ,2024-05-14,True,441.0,2024-05-14,,0.51,1.0,51.0,-48.0,-0.9411764705882353,0,444.506711,day VWAP,0.788899450384225,1.015221994919157,0.2192744920016838,0.20731182083423016,before,0DTE
Bebo,QQQ,2024-06-25,False,480.0,2024-06-24,,1.28,1.0,128.0,-34.0,-0.265625,1,476.409526,day VWAP,0.7536528562193301,0.8105902752095495,0.18374523754222752,0.30064404504956876,before,1-3 days
Bebo,QQQ,2024-07-01,True,462.0,2024-06-24,,0.54,1.0,54.0,-19.0,-0.35185185185185186,7,476.409526,day VWAP,3.0246091258888947,1.698883438656073,0.16283503541482944,0.09874444818923167,before,4-14 days
Bebo,QQQ,2024-07-02,True,482.0,2024-07-02,,0.55,1.0,55.00000000000001,-48.00000000000001,-0.8727272727272728,0,484.384178,day VWAP,0.4922080671264245,0.920529717504952,0.16754408114505667,0.25306026217436395,before,0DTE
Bebo,QQQ,2024-08-14,True,444.0,2024-08-13,,0.24,1.0,24.0,-22.0,-0.9166666666666666,1,460.246363,day VWAP,3.5299275140605455,1.5436024882276103,0.2921617565838857,0.05418120520672065,before,1-3 days
Bebo,QQQ,2024-08-15,True,443.0,2024-08-14,,0.15,1.0,15.0,-14.0,-0.9333333333333333,1,462.032617,day VWAP,4.119323246826104,1.701559126142902,0.3025504672409318,0.03485449200754753,before,1-3 days
Bebo,QQQ,2024-08-27,True,475.0,2024-08-26,,1.02,1.0,102.0,92.0,0.9019607843137254,1,475.688099,day VWAP,0.14465339819233577,0.06637060857319729,0.09130672377477342,0.41721858166049675,before,1-3 days
Bebo,QQQ,2024-09-03,True,460.0,2024-08-27,,1.37,1.0,137.0,-67.0,-0.4890510948905109,7,475.988725,day VWAP,3.3590554061968563,0.7965311369612327,0.2335455357288364,0.1568371221595135,before,4-14 days
Bebo,QQQ,2024-09-03,True,464.0,2024-09-03,,0.78,1.0,78.0,12.0,0.15384615384615374,0,465.572803,day VWAP,0.3378210646896446,0.3269125133961799,0.17325791942213384,0.3291243390593014,before,0DTE
Bebo,QQQ,2024-09-03,True,465.0,2024-08-28,,1.36,1.0,136.0,189.0,1.3897058823529411,6,471.498765,day VWAP,1.3783206834062423,0.36852479453893106,0.15008052203936967,0.24131893897277779,before,4-14 days
Bebo,QQQ,2024-09-05,True,455.0,2024-09-03,,0.99,1.0,99.0,-49.0,-0.4949494949494949,2,465.572803,day VWAP,2.2709236733486815,0.9827936771591672,0.2402747597426005,0.16557114434759512,before,1-3 days
Bebo,QQQ,2024-09-12,True,449.0,2024-09-10,,1.83,1.0,183.0,-77.0,-0.4207650273224044,2,456.449543,day VWAP,1.6320627579202125,0.7088038738865023,0.2575488353022533,0.25646072294821654,before,1-3 days
Bebo,QQQ,2024-09-17,True,460.0,2024-09-16,,0.24,1.0,24.0,-9.0,-0.375,1,472.073132,day VWAP,2.5574706929095017,1.5458909481900378,0.22474823586805587,0.06644790155243274,before,1-3 days
Bebo,QQQ,2024-09-19,True,470.0,2024-09-18,,2.85,1.0,285.0,-41.0,-0.14385964912280702,1,474.287684,day VWAP,0.9040260046052583,0.5599506692262415,0.32241110783858756,0.35289210579764285,before,1-3 days
Bebo,QQQ,2024-09-20,True,462.0,2024-09-17,,0.81,1.0,81.0,52.0,0.6419753086419753,3,474.256699,day VWAP,2.584401870515281,1.020119222245716,0.20570583568198123,0.13737389237669728,before,1-3 days
Bebo,QQQ,2024-10-09,False,491.0,2024-10-07,,0.89,1.0,89.0,-12.0,-0.1348314606741573,2,483.963898,day VWAP,1.4538485265279082,0.9992280508420933,0.1689788610409812,0.19789243878649043,before,1-3 days
Bebo,QQQ,2024-10-09,True,485.0,2024-10-08,,0.72,1.0,140.0,-94.0,-0.6714285714285715,1,487.61264,day VWAP,0.5358023532777983,0.45869238253975886,0.11492298488301025,0.2708124554991391,before,1-3 days
Bebo,QQQ,2024-10-09,True,487.0,2024-10-09,,0.19,1.0,19.0,-18.0,-0.9473684210526316,0,491.454568,day VWAP,0.9064048418815378,1.306609046857075,0.16594849766074857,0.1083231637356803,before,0DTE
Bebo,QQQ,2024-10-10,True,480.0,2024-10-08,,1.14,1.0,113.99999999999999,-81.99999999999999,-0.7192982456140351,2,487.61264,day VWAP,1.5612064527285427,1.0352681996771729,0.19719547803039253,0.20869542109794015,before,1-3 days
Bebo,QQQ,2024-10-10,True,487.0,2024-10-09,,1.38,1.0,138.0,-76.0,-0.5507246376811594,1,491.454568,day VWAP,0.9064048418815378,0.7543710849285327,0.20678385529887158,0.28139117155236726,before,1-3 days
Bebo,QQQ,2024-10-11,True,489.0,2024-10-11,,0.83,1.0,83.0,-73.0,-0.8795180722891567,0,492.891662,day VWAP,0.7895572800336793,1.2724529163310458,0.2594486817019103,0.24456628600755304,before,0DTE
Bebo,QQQ,2024-10-11,True,490.0,2024-10-11,,0.47,1.0,47.0,-31.0,-0.6595744680851063,0,492.891662,day VWAP,0.5866729390930531,0.9454838947841987,0.17066072885846104,0.21833592359716958,before,0DTE
Bebo,QQQ,2024-10-14,True,484.0,2024-10-11,,0.24,1.0,24.0,-24.0,-1.0,3,492.891662,day VWAP,1.8039789847368113,1.6785292968085581,0.1697740023342676,0.0813000251451459,before,1-3 days
Bebo,QQQ,2024-10-21,True,478.0,2024-10-16,,1.04,1.0,104.0,-53.0,-0.5096153846153846,5,490.031695,day VWAP,2.455289142062538,1.3906499247050292,0.21365081866726346,0.15868081288138702,before,4-14 days
Bebo,QQQ,2024-11-15,True,507.0,2024-11-14,,0.81,1.0,81.0,420.99999999999994,5.19753086419753,1,510.028874,day VWAP,0.5938632407701635,0.44135530672680634,0.1254905792368737,0.2676124471029053,before,1-3 days
Bebo,QQQ,2024-11-18,True,500.0,2024-11-15,,1.82,1.0,385.0,331.0,0.8597402597402597,3,497.852601,day VWAP,-0.4313322850351057,-0.31525765188686194,,,before,1-3 days
Bebo,QQQ,2024-11-19,True,494.0,2024-11-18,,1.26,1.0,126.0,-121.0,-0.9603174603174603,1,499.873819,day VWAP,1.175060340577674,0.767397948504008,0.22392723778050852,0.24421098783657547,before,1-3 days
Bebo,QQQ,2024-11-20,True,490.0,2024-11-18,,1.48,1.0,172.0,-138.0,-0.8023255813953488,2,499.873819,day VWAP,1.9752622811397982,0.9992194086092702,0.25011762082101446,0.2080294547673377,before,1-3 days
Bebo,QQQ,2024-11-20,True,495.0,2024-11-15,,3.28,1.0,328.0,-43.0,-0.13109756097560976,5,497.852601,day VWAP,0.5729810378152453,0.27416090652720015,0.1956006002117133,0.397121975835774,before,4-14 days
Bebo,QQQ,2024-11-21,True,494.0,2024-11-20,,1.67,1.0,167.0,-22.0,-0.13173652694610782,1,500.184486,day VWAP,1.2364409878958127,0.7968614139464817,0.2633834578926899,0.26683163674069776,before,1-3 days
Bebo,QQQ,2024-12-23,True,502.0,2024-12-20,,1.12,1.0,112.00000000000001,-93.00000000000001,-0.8303571428571429,3,519.076265,day VWAP,3.2897410556809095,2.2923965505528794,0.4005141845146544,0.1361054898308185,before,1-3 days
Bebo,QQQ,2025-01-16,True,510.0,2025-01-15,,2.33,1.0,233.0,-97.0,-0.41630901287553645,1,515.536184,day VWAP,1.0738691428107494,0.6650112201761217,0.28989084606618004,0.3106801235830847,before,1-3 days
Bebo,QQQ,2025-01-21,True,500.0,2025-01-15,,1.1,1.0,110.00000000000001,-31.000000000000014,-0.28181818181818186,6,515.536184,day VWAP,3.013597198834068,1.077462554108699,0.2168127574976197,0.1421684350094925,before,4-14 days
Bebo,QQQ,2025-02-03,True,512.0,2025-01-31,,0.66,1.0,66.0,-8.000000000000007,-0.12121212121212133,3,526.395082,day VWAP,2.7346535885758905,1.711231896825351,0.2978076226898229,0.11156100427416626,before,1-3 days
Bebo,QQQ,2025-02-12,True,522.0,2025-02-10,,1.21,1.0,121.0,3.0,0.024793388429751984,2,529.059961,day VWAP,1.3344349450780009,0.6874655217008692,0.17826840447702394,0.22199302653190744,before,1-3 days
Bebo,QQQ,2025-02-26,True,511.0,2025-02-26,,1.51,2.0,302.0,-38.0,-0.1258278145695364,0,515.703396,day VWAP,0.9120351032165779,1.3257790330215147,0.36717265218558326,0.28488868287021796,before,0DTE
Bebo,QQQ,2025-02-28,True,510.0,2025-02-26,,3.4,4.0,2073.0,377.0,0.1818620356970575,2,515.703396,day VWAP,1.1059450149519663,0.7189656233239738,0.2851988908639608,0.3424813648556708,before,1-3 days
Bebo,QQQ,2025-03-03,True,510.0,2025-02-27,,3.8,1.0,721.0,521.0,0.7226074895977808,4,507.923933,day VWAP,-0.4087358096591253,-0.2835480212517979,0.13018018050532437,0.6209987003159492,before,4-14 days
Bebo,QQQ,2025-03-05,True,501.0,2025-03-05,,1.09,1.0,109.00000000000001,-25.000000000000014,-0.22935779816513768,0,497.988786,day VWAP,-0.6046750618998868,-0.6875661892898589,,,before,0DTE
Bebo,QQQ,2025-03-07,True,490.0,2025-03-07,,2.4,1.0,480.0,320.0,0.6666666666666667,0,487.780509,day VWAP,-0.45501838614875956,-0.47247702458936036,0.1010800536511428,0.8428055030120213,before,0DTE
Bebo,QQQ,2025-03-07,True,491.0,2025-03-07,,2.88,1.0,288.0,135.00000000000006,0.4687500000000002,0,487.780509,day VWAP,-0.6600286277531447,-0.6853533212670037,,,before,0DTE
Bebo,QQQ,2025-03-07,True,500.0,2025-03-05,,4.42,1.0,891.0,847.0,0.9506172839506173,2,497.988786,day VWAP,-0.4038673272453961,-0.20537433618868162,0.1673346954192305,0.592311485157182,before,1-3 days
Bebo,QQQ,2025-03-10,True,480.0,2025-03-07,,1.45,1.0,145.0,150.0,1.0344827586206895,3,487.780509,day VWAP,1.5950840298950928,0.9562571345766997,0.28576959885121633,0.22955029743816535,before,1-3 days
Bebo,QQQ,2025-03-10,True,490.0,2025-03-07,,4.27,1.0,853.9999999999999,753.9999999999999,0.8829039812646371,3,487.780509,day VWAP,-0.45501838614875956,-0.27278473733258063,0.20148615513766596,0.6118998425664761,before,1-3 days
Bebo,QQQ,2025-03-14,True,490.0,2025-03-05,,4.39,1.0,438.99999999999994,333.00000000000006,0.7585421412300686,9,497.988786,day VWAP,1.6042100192995117,0.4709860559083436,0.22756906115495865,0.3330303033528671,before,4-14 days
Bebo,QQQ,2025-03-18,False,480.0,2025-03-14,,3.37,1.0,3611.0,893.0,0.24729991692052056,4,477.63122,day VWAP,0.49594329281909494,0.19678543963485332,0.2341336894662946,0.4205524414263003,before,4-14 days
Bebo,QQQ,2025-03-20,True,472.0,2025-03-18,,2.41,1.0,241.0,80.0,0.3319502074688796,2,474.903647,day VWAP,0.6114181304655212,0.23036492471420475,0.19566670421714258,0.3728046370974244,before,1-3 days
Bebo,QQQ,2025-03-20,True,475.0,2025-03-18,,3.48,1.0,348.0,206.0,0.5919540229885059,2,474.903647,day VWAP,-0.020288957688299643,-0.007644300974255129,0.181829193087722,0.5008562683792785,before,1-3 days
Bebo,QQQ,2025-03-27,True,483.0,2025-03-27,,0.67,2.0,781.0,24.0,0.030729833546734975,0,483.285473,day VWAP,0.05906922842682352,0.04598271142821983,0.09372541383152178,0.442901417493509,before,0DTE
Bebo,QQQ,2025-03-28,True,483.0,2025-03-27,,2.37,2.0,474.0,140.0,0.2953586497890295,1,483.285473,day VWAP,0.05906922842682352,0.026548130821151598,0.16880130415181505,0.47931151133011396,before,1-3 days
Bebo,QQQ,2025-04-01,True,470.0,2025-03-28,,1.95,1.0,195.0,121.0,0.6205128205128205,4,472.082043,day VWAP,0.4410341445671126,0.16217586014389423,0.15342912723714122,0.3832797743462387,before,4-14 days
Bebo,QQQ,2025-04-03,False,461.0,2025-04-03,,0.48,1.0,48.0,-11.0,-0.22916666666666663,0,454.790021,day VWAP,1.3654606990596163,1.1380659471874952,0.2967987699070979,0.1540444718769185,before,0DTE
Bebo,QQQ,2025-04-04,True,478.0,2025-03-28,,6.97,1.0,697.0,308.0000000000001,0.44189383070301314,7,472.082043,day VWAP,-1.253586550844511,-0.31078280359972393,0.11322337739219562,0.7692619574923054,before,4-14 days
Bebo,QQQ,2025-04-07,False,410.0,2025-04-07,,4.38,1.0,438.0,113.0,0.25799086757990874,0,421.346178,day VWAP,-2.6928399004013297,-1.5995359725535796,,,before,0DTE
Bebo,QQQ,2025-04-07,True,400.0,2025-04-07,,1.56,1.0,156.0,-154.0,-0.9871794871794872,0,421.346178,day VWAP,5.066185268684223,3.009293489625476,1.1168043131603282,0.14231458542695852,before,0DTE
Bebo,QQQ,2025-04-11,False,455.0,2025-04-11,,1.41,1.0,141.0,70.0,0.4964539007092199,0,450.227413,day VWAP,1.0600391851306459,0.414518814990451,0.40467234392732926,0.2823182552481263,before,0DTE
Bebo,QQQ,2025-04-11,True,439.0,2025-04-11,,0.47,1.0,47.0,-18.000000000000004,-0.38297872340425543,0,450.227413,day VWAP,2.493720434566256,0.9751470077273398,0.4578294710032607,0.10592170107919807,before,0DTE
Bebo,QQQ,2025-04-11,True,448.0,2025-04-10,,5.75,1.0,575.0,35.0,0.0608695652173914,1,445.435344,day VWAP,-0.5757639205208678,-0.13400954915815647,0.3162250910896596,0.5882787645235181,before,1-3 days
Bebo,QQQ,2025-04-11,True,452.0,2025-04-09,,3.27,1.0,327.0,410.0,1.2538226299694188,2,443.905533,day VWAP,-1.8234661202116642,-0.505229577163095,,,before,1-3 days
Bebo,QQQ,2025-04-14,False,455.0,2025-04-11,,5.07,1.0,507.0,97.0,0.1913214990138068,3,450.227413,day VWAP,1.0600391851306459,0.23932254941890155,0.517314923136881,0.4035215775712955,before,1-3 days
Bebo,QQQ,2025-04-14,True,410.0,2025-04-09,,10.72,1.0,1072.0,-962.0,-0.8973880597014925,5,443.905533,day VWAP,7.638006395383225,1.7885746388192076,1.1948140333320978,0.26282097250671776,before,4-14 days
Bebo,QQQ,2025-04-15,True,440.0,2025-04-11,,9.01,1.0,901.0,31.0,0.03440621531631516,4,450.227413,day VWAP,2.2716104583351995,0.3972566588967045,0.7641818058023446,0.36694847804817643,before,4-14 days
Bebo,QQQ,2025-04-16,True,460.0,2025-04-14,,5.72,1.0,572.0,239.0,0.4178321678321679,2,458.829807,day VWAP,-0.2550385746844,-0.04484149091138877,0.280128030022024,0.5308234450428282,before,1-3 days
Bebo,QQQ,2025-04-17,False,446.0,2025-04-17,,1.31,5.0,655.0000000000001,119.99999999999989,0.18320610687022887,0,444.846607,day VWAP,0.25927881248288226,0.10131682920205183,0.23108752082655867,0.40268076138208514,before,0DTE
Bebo,QQQ,2025-04-17,True,460.0,2025-04-14,,5.83,1.0,1166.0,754.0,0.646655231560892,3,458.829807,day VWAP,-0.2550385746844,-0.03789797683213032,0.24186549558758544,0.5299357335531196,before,1-3 days
Bebo,QQQ,2025-04-21,True,444.0,2025-04-17,,4.54,2.0,1792.0,-172.0,-0.0959821428571429,4,444.846607,day VWAP,0.19031436604843113,0.03325838307266355,0.2804140565928975,0.4672558180490044,before,4-14 days
Bebo,QQQ,2025-04-21,True,445.0,2025-04-17,,4.68,2.0,936.0,234.0,0.25,4,444.846607,day VWAP,-0.034482223217225556,-0.0060259401997205895,0.260349824052224,0.5001314204983864,before,4-14 days
Bebo,QQQ,2025-04-23,False,450.0,2025-04-17,,4.97,1.0,994.0,-66.00000000000011,-0.06639839034205242,6,444.846607,day VWAP,1.158465169545509,0.15089549945018785,0.30428479277463694,0.3963006011082256,before,4-14 days
Bebo,QQQ,2025-04-24,True,456.0,2025-04-23,,4.22,1.0,728.0,286.0,0.3928571428571428,1,457.915916,day VWAP,0.4183990844292867,0.09310274567626226,0.3641019970786344,0.4351404247779641,before,1-3 days
Bebo,QQQ,2025-04-24,True,459.0,2025-04-24,,1.32,1.0,132.0,-101.0,-0.7651515151515151,0,463.867481,day VWAP,1.049325766381972,0.39960118995840876,0.3876162593445732,0.26776317622005397,before,0DTE
Bebo,QQQ,2025-04-28,True,450.0,2025-04-23,,4.64,1.0,463.99999999999994,11.000000000000057,0.0237068965517242,5,457.915916,day VWAP,1.7286833070025855,0.2518249804905143,0.37398594699749366,0.3380890853891886,before,4-14 days
Bebo,QQQ,2025-04-29,True,430.0,2025-04-22,,5.43,1.0,543.0,-379.0,-0.6979742173112339,7,443.053044,day VWAP,2.946158293407414,0.3445336969019615,0.4165910008847941,0.30269413339983,before,4-14 days
Bebo,QQQ,2025-05-09,True,430.0,2025-04-22,,9.73,1.0,973.0,-477.0,-0.49023638232271327,17,443.053044,day VWAP,2.946158293407414,0.21991060063296253,0.38179804223042635,0.3510130908075827,before,15+ days
Bebo,QQQ,2025-05-22,True,515.0,2025-05-19,,3.68,1.0,368.0,-202.0,-0.5489130434782609,3,519.833609,day VWAP,0.9298377242861233,0.34442899929425486,0.2375171143025132,0.3640200938352436,before,1-3 days
Bebo,QQQ,2025-05-23,True,512.0,2025-05-19,,3.31,2.0,662.0,-354.0,-0.5347432024169184,4,519.833609,day VWAP,1.5069454656980488,0.4922864128088193,0.23592089588354978,0.30945411332728445,before,4-14 days
Bebo,QQQ,2025-05-28,True,504.0,2025-05-27,,0.19,1.0,19.0,-7.0,-0.368421052631579,1,519.51084,day VWAP,2.985662435840613,2.0957973811835013,0.2371172914767947,0.04785155799176222,before,1-3 days
Bebo,QQQ,2025-05-28,True,508.0,2025-05-27,,0.24,1.0,24.0,-5.0,-0.20833333333333337,1,519.51084,day VWAP,2.215707375807602,1.5553244264799528,0.19650443563943637,0.06870561213175386,before,1-3 days
Bebo,QQQ,2025-10-24,True,602.0,2025-10-24,,0.09,1.0,9.0,-5.0,-0.5555555555555556,0,617.313622,day VWAP,2.4806875232051837,3.09641738532468,0.2973311125263528,0.028501658017630715,before,0DTE
Bebo,QQQ,2025-10-24,True,613.0,2025-10-24,,0.79,1.0,79.0,-71.0,-0.8987341772151899,0,617.313622,day VWAP,0.698773175622554,0.872215218223294,0.21419007701670315,0.22972653976222146,before,0DTE
Bebo,QQQ,2026-01-05,True,617.0,2026-01-05,,0.19,1.0,19.0,12.0,0.631578947368421,0,618.742783,day VWAP,0.2816651842870919,0.4803619811568908,0.06972771792349808,0.1814908351556982,best run,0DTE
Bebo,QQQ,2026-01-06,True,617.0,2026-01-05,,1.21,1.0,121.0,42.0,0.3471074380165289,1,618.742783,day VWAP,0.2816651842870919,0.27733711912939285,0.10302425304610216,0.35985843490409675,best run,1-3 days
Bebo,QQQ,2026-01-09,True,615.0,2026-01-06,,1.55,1.0,155.0,72.99999999999997,0.47096774193548363,3,621.811959,day VWAP,1.0955014456388095,0.6872931242618937,0.14045577522010552,0.25023582771772623,best run,1-3 days
Bebo,QQQ,2026-02-02,False,630.0,2026-02-02,,0.23,1.0,23.0,-22.0,-0.9565217391304348,0,625.929185,day VWAP,0.6503635071753426,1.0727881792504488,0.12829998583212407,0.12892979271646987,best run,0DTE
Bebo,QQQ,2026-02-02,True,613.0,2026-02-02,,0.47,1.0,47.0,-45.0,-0.9574468085106383,0,625.929185,day VWAP,2.0655986827008177,3.4072481395843446,0.3640607995984306,0.09762445680688625,best run,0DTE
Bebo,QQQ,2026-02-13,False,610.0,2026-02-12,,1.56,1.0,156.0,20.0,0.1282051282051282,1,605.519807,day VWAP,0.7398920643400168,0.533520404398323,0.17810995661750675,0.29820019470926584,best run,1-3 days
Bebo,QQQ,2026-02-17,True,585.0,2026-02-13,,1.77,1.0,177.0,45.00000000000003,0.25423728813559343,4,602.558948,day VWAP,2.914063106735241,1.5410907968073806,0.3176958939629378,0.17095020234190017,best run,4-14 days
Bebo,QQQ,2026-02-26,True,595.0,2026-02-12,,8.34,1.0,834.0,116.0,0.1390887290167866,14,605.519807,day VWAP,1.7373183962585081,0.47349245456730193,0.2644396636366931,0.36254230549342603,best run,4-14 days
Bebo,QQQ,2026-03-06,True,585.0,2026-02-13,,6.85,1.0,685.0,125.0,0.18248175182481763,21,602.558948,day VWAP,2.914063106735241,0.6189169577947207,0.2366654096511037,0.29694711451072253,best run,15+ days
Bebo,QQQ,2026-03-24,True,594.0,2026-03-23,,3.12,1.0,627.0,271.0,0.4322169059011165,1,590.256632,day VWAP,-0.6341932978061029,-0.4678999231361075,,,best run,1-3 days
Bebo,QQQ,2026-03-25,True,581.0,2026-03-23,,1.98,1.0,198.0,22.00000000000003,0.11111111111111116,2,590.256632,day VWAP,1.5682385420448726,0.8962291682090378,0.23164800822169643,0.24302127374813098,best run,1-3 days
Bebo,QQQ,2026-04-02,True,560.0,2026-03-30,,4.59,1.0,459.0,-158.0,-0.34422657952069713,3,561.442362,day VWAP,0.2569029516871409,0.11577096481151514,0.20028162710027217,0.45193138472275773,best run,1-3 days
Bebo,QQQ,2026-04-02,True,576.0,2026-04-02,,0.33,1.0,33.0,11.0,0.33333333333333326,0,580.762457,day VWAP,0.8200352730445247,0.815832099411061,0.17379386235874683,0.14286760118599617,best run,0DTE
Bebo,QQQ,2026-04-02,True,584.0,2026-04-02,,2.1,1.0,210.0,-115.0,-0.5476190476190477,0,580.762457,day VWAP,-0.5574642370520791,-0.5546068977890045,,,best run,0DTE
Bebo,QQQ,2026-07-31,False,691.0,2026-07-31,,0.97,1.0,97.0,-7.0,-0.07216494845360821,0,687.095189,day VWAP,0.5683071374263392,0.5272395331642035,0.1994065445947603,0.2631809530981576,after,0DTE
Bebo,QQQ,2026-07-31,True,680.0,2026-07-31,,1.14,1.0,652.0,-139.0,-0.21319018404907975,0,687.095189,day VWAP,1.0326355232273363,0.958014135913825,0.2995889857890956,0.21637067435425894,after,0DTE
Bebo,QQQ,2026-07-31,True,681.0,2026-07-31,,2.34,1.0,1452.0,-194.0,-0.1336088154269972,0,687.095189,day VWAP,0.8870952813497294,0.8229910750885496,0.39342283966840486,0.3024994429261162,after,0DTE
Bebo,QQQ,2026-07-31,True,682.0,2026-07-31,,1.83,1.0,183.0,93.0,0.5081967213114753,0,687.095189,day VWAP,0.7415550394721225,0.6879680142632744,0.3167734734779232,0.2964776532217468,after,0DTE
Bebo,QQQ,2026-07-31,True,683.0,2026-07-31,,2.3,1.0,412.0,79.0,0.191747572815534,0,687.095189,day VWAP,0.5960147975945157,0.5529449534379991,0.33023902753172363,0.33953099407317255,after,0DTE
Bebo,QQQ,2026-07-31,True,684.0,2026-07-31,,1.6,1.0,308.0,-13.0,-0.04220779220779225,0,687.095189,day VWAP,0.4504745557169088,0.4179218926127237,0.23702583251487488,0.33253983019467137,after,0DTE
Bebo,QQQ,2026-07-31,True,685.0,2026-07-31,,1.9,1.0,291.0,13.0,0.04467353951890041,0,687.095189,day VWAP,0.304934313839302,0.2828988317874484,0.23170717041162117,0.3816841366193384,after,0DTE
Bebo,QQQ,2026-07-31,True,686.0,2026-07-31,,1.36,1.0,1414.0,82.0,0.057991513437057884,0,687.095189,day VWAP,0.15939407196169508,0.14787577096217308,0.15216344023020095,0.4056520601857445,after,0DTE
Bebo,QQQ,2026-07-31,True,687.0,2026-07-31,,0.64,1.0,167.0,151.0,0.904191616766467,0,687.095189,day VWAP,0.013853830084088224,0.012852710136897786,0.056233518639316804,0.4774460590698951,after,0DTE
Bebo,QQQ,2026-07-31,True,688.0,2026-07-31,,0.91,1.0,1443.0,203.0,0.14067914067914078,0,687.095189,day VWAP,-0.13168641179351864,-0.12217035068837753,0.015496491659424443,0.9716850100757353,after,0DTE
Bebo,QQQ,2026-07-31,True,689.0,2026-07-31,,0.44,1.0,44.0,-24.0,-0.5454545454545454,0,687.095189,day VWAP,-0.27722665367112553,-0.2571934115136529,,,after,0DTE
Bebo,QQQ,2026-08-03,False,699.0,2026-08-03,,0.9,1.0,90.0,-7.0,-0.07777777777777772,0,696.96554,day VWAP,0.29190252361687313,0.2755594714431504,0.13950147857204342,0.3206195964001507,after,0DTE
Bebo,QQQ,2026-08-03,False,700.0,2026-08-03,,0.61,1.0,61.0,11.0,0.180327868852459,0,696.96554,day VWAP,0.4353816402457957,0.41100547256539155,0.1383505904798562,0.2413793451114875,after,0DTE
Bebo,QQQ,2026-08-03,True,673.0,2026-07-31,,2.47,1.0,247.00000000000003,-16.00000000000003,-0.06477732793522273,3,687.095189,day VWAP,2.051417216370584,1.0987989228572725,0.35853448682760974,0.2226849302339977,after,1-3 days
Bebo,QQQ,2026-08-03,True,681.0,2026-08-03,,1.06,1.0,106.0,-6.0,-0.05660377358490565,0,696.96554,day VWAP,2.290721575703733,2.162468548757191,0.48241099339135546,0.1380381123611476,after,0DTE
Bebo,QQQ,2026-08-03,True,697.0,2026-08-03,,0.71,1.0,71.0,-31.0,-0.43661971830985913,0,696.96554,day VWAP,-0.00494429035902798,-0.004667469198668002,0.055922356164949776,0.5074210144138319,after,0DTE
Bebo,QQQ,2026-08-03,True,699.0,2026-08-03,,0.39,1.0,39.0,3.0,0.07692307692307687,0,696.96554,day VWAP,-0.29190252361687313,-0.2755594714431504,,,after,0DTE
Bebo,QQQ,2026-08-03,True,700.0,2026-08-03,,1.21,1.0,121.0,-38.0,-0.31404958677685946,0,696.96554,day VWAP,-0.4353816402457957,-0.41100547256539155,,,after,0DTE
Bebo,QQQ,2026-08-04,False,702.0,2026-08-03,,0.63,1.0,63.0,94.0,1.492063492063492,1,696.96554,day VWAP,0.7223398735036408,0.3936936906412068,0.10830444456550012,0.19567136386658396,after,1-3 days
Bebo,QQQ,2026-08-04,False,705.0,2026-08-03,,1.02,1.0,102.0,-10.0,-0.0980392156862745,1,696.96554,day VWAP,1.1527772233904086,0.6282930462669597,0.17348059122062898,0.19775408095397762,after,1-3 days
Bebo,QQQ,2026-08-04,True,689.0,2026-08-03,,1.29,1.0,129.0,-11.0,-0.0852713178294574,1,696.96554,day VWAP,1.1428886426723526,0.6229035170703892,0.19218765462183998,0.21692017439522027,after,1-3 days
Bebo,QQQ,2026-08-04,True,690.0,2026-08-03,,1.34,1.0,134.0,-31.0,-0.23134328358208955,1,696.96554,day VWAP,0.99940952604343,0.5447037318618049,0.18107040828047982,0.23392347481937448,after,1-3 days
Bebo,QQQ,2026-08-04,True,712.0,2026-08-04,,2.23,1.0,223.0,-162.0,-0.726457399103139,0,719.154966,day VWAP,0.9949129656708713,0.9272381203847986,0.3945208043283979,0.2817095524202844,after,0DTE
Bebo,QQQ,2026-08-04,True,714.0,2026-08-04,,0.57,1.0,125.0,-35.0,-0.28,0,719.154966,day VWAP,0.7168087886081489,0.6680508313369383,0.17882305781327332,0.18217029915707594,after,0DTE
Bebo,QQQ,2026-08-04,True,719.0,2026-08-04,,1.33,1.0,133.0,-49.0,-0.368421052631579,0,719.154966,day VWAP,0.021548345951343244,0.0200826087172882,0.11004555748364174,0.4814895229565235,after,0DTE
Bebo,QQQ,2026-08-05,True,704.0,2026-08-04,,2.45,1.0,245.00000000000003,-74.00000000000003,-0.3020408163265307,1,719.154966,day VWAP,2.10732967392176,1.1339085828162914,0.3558445794846992,0.2149053158439973,after,1-3 days
Bebo,QQQ,2026-08-06,True,701.0,2026-08-06,,0.55,1.0,55.00000000000001,-45.00000000000001,-0.8181818181818182,0,715.451683,day VWAP,2.019938361092653,1.7162953625795307,0.3603690623358285,0.1004006877209801,after,0DTE
Bebo,QQQ,2026-08-06,True,706.0,2026-08-06,,0.2,1.0,20.0,-10.0,-0.5,0,715.451683,day VWAP,1.3210791482616449,1.1224906954762146,0.20270195861292462,0.06978341112019626,after,0DTE
Bebo,QQQ,2026-08-06,True,711.0,2026-08-06,,0.35,1.0,35.0,-15.0,-0.4285714285714286,0,715.451683,day VWAP,0.6222199354306366,0.5286860283728986,0.1373659461896493,0.15312068310492677,after,0DTE
Bebo,QQQ,2026-08-12,False,728.0,2026-08-12,,0.19,1.0,19.0,-4.999999999999998,-0.26315789473684204,0,724.574486,day VWAP,0.4727621612666087,0.4267267478360569,0.092822082679542,0.12742235612395492,after,0DTE
Bebo,QQQ,2026-08-12,True,721.0,2026-08-12,,0.57,1.0,235.0,-10.0,-0.04255319148936165,0,724.574486,day VWAP,0.49332209028403173,0.4452846451555876,0.142281296726164,0.21667072141055055,after,0DTE
Bebo,QQQ,2026-08-12,True,722.0,2026-08-12,,0.43,1.0,43.0,-16.0,-0.37209302325581395,0,724.574486,day VWAP,0.355310054348226,0.3207115890139241,0.10444833482944405,0.2214267679679216,after,0DTE
Bebo,QQQ,2026-08-12,True,723.0,2026-08-12,,0.36,1.0,36.0,-4.0,-0.11111111111111116,0,724.574486,day VWAP,0.21729801841242022,0.1961385328722606,0.073570520211968,0.2528839225340245,after,0DTE
Bebo,QQQ,2026-08-13,True,715.0,2026-08-12,,0.65,1.0,65.0,-6.0,-0.09230769230769231,1,724.574486,day VWAP,1.3213943058988664,0.6886189347295681,0.16102367893400096,0.14075171258342123,after,1-3 days
Bebo,QQQ,2026-08-13,True,723.0,2026-08-12,,2.23,1.0,223.0,22.00000000000003,0.09865470852017943,1,724.574486,day VWAP,0.21729801841242022,0.11324063475225792,0.1324306225599431,0.4137076427595384,after,1-3 days
Bebo,QQQ,2026-08-14,True,729.0,2026-08-14,,0.59,1.0,120.0,16.0,0.1333333333333333,0,730.562334,day VWAP,0.21385362032638877,0.19648971051958697,0.09366356792507362,0.3032016192871151,after,0DTE
Bebo,QQQ,2026-08-14,True,731.0,2026-08-13,,2.04,1.0,204.0,12.0,0.05882352941176472,1,731.421826,day VWAP,0.057672055304514525,0.02991905347193443,0.0997579672412866,0.46859475736122613,after,1-3 days
Bebo,QQQ,2026-08-17,False,734.0,2026-08-17,,1.06,1.0,106.0,-21.0,-0.19811320754716977,0,731.846642,day VWAP,0.29423623426286427,0.2794003690456427,0.14975901916435716,0.33102012175955825,after,0DTE
Bebo,QQQ,2026-08-17,True,728.0,2026-08-17,,0.42,1.0,42.0,-22.0,-0.5238095238095238,0,731.846642,day VWAP,0.5256076586602654,0.4991056732723723,0.13038006529677107,0.18132519173424844,after,0DTE
Bebo,QQQ,2026-08-17,True,730.0,2026-08-17,,0.38,1.0,241.0,-90.0,-0.37344398340248963,0,731.846642,day VWAP,0.2523263610192222,0.23960365916636733,0.08132788343995183,0.24220749322513413,after,0DTE
Bebo,QQQ,2026-08-17,True,731.0,2026-08-17,,0.57,1.0,56.99999999999999,76.0,1.3333333333333335,0,731.846642,day VWAP,0.11568571219870057,0.10985265211336483,0.0717684802326759,0.35804658143065093,after,0DTE
Bebo,QQQ,2026-08-18,True,727.0,2026-08-17,,0.99,1.0,99.0,-32.0,-0.3232323232323232,1,731.846642,day VWAP,0.662248307480787,0.36307057366754963,0.12306827746139927,0.24054721795692413,after,1-3 days
Bebo,QQQ,2026-08-18,True,730.0,2026-08-17,,2.14,1.0,456.0,34.0,0.07456140350877183,1,731.846642,day VWAP,0.2523263610192222,0.13833523711852153,0.13212816702316352,0.4001586972302458,after,1-3 days
Bebo,QQQ,2026-08-19,True,713.0,2026-08-19,,2.07,1.0,401.0,-333.0,-0.830423940149626,0,716.53981,day VWAP,0.4940144218923424,0.4650387854566414,0.28057236172844535,0.34365320431441004,after,0DTE
Bebo,QQQ,2026-08-19,True,716.0,2026-08-19,,1.11,1.0,305.0,-92.0,-0.3016393442622951,0,716.53981,day VWAP,0.07533566069413346,0.07091696638445144,0.10707688702152186,0.4362851605818223,after,0DTE
Bebo,QQQ,2026-08-19,True,717.0,2026-08-19,,1.16,1.0,295.0,-29.0,-0.09830508474576272,0,716.53981,day VWAP,-0.06422392637193619,-0.060456973306278534,0.07155823812004897,0.5791936713957194,after,0DTE
Bebo,QQQ,2026-08-20,False,711.0,2026-08-20,,0.51,2.0,157.0,-7.0,-0.04458598726114649,0,711.60838,day VWAP,-0.08549365312421012,-0.08072854235167319,,,after,0DTE
Bebo,QQQ,2026-08-20,False,715.0,2026-08-20,,0.34,1.0,34.0,-4.0,-0.11764705882352944,0,711.60838,day VWAP,0.47661327428437383,0.4500485532245899,0.11397097082101272,0.17513598816049047,after,0DTE
Bebo,QQQ,2026-08-20,False,716.0,2026-08-20,,0.75,1.0,75.0,-21.0,-0.28,0,711.60838,day VWAP,0.6171400061365198,0.5827428271186557,0.18227278844703895,0.22550994874994207,after,0DTE
Bebo,QQQ,2026-08-20,True,707.0,2026-08-19,,0.61,1.0,61.0,-10.0,-0.16393442622950816,1,716.53981,day VWAP,1.3313719442887604,0.7235829446366762,0.15914709091971496,0.13615972743081262,after,1-3 days
Bebo,QQQ,2026-08-20,True,709.0,2026-08-20,,1.12,1.0,112.00000000000001,-40.000000000000014,-0.3571428571428572,0,711.60838,day VWAP,0.3665471168285021,0.34611709013980474,0.17274919611853923,0.31523133174294693,after,0DTE
Bebo,QQQ,2026-08-20,True,710.0,2026-08-19,,2.44,1.0,552.0,-216.0,-0.3913043478260869,1,716.53981,day VWAP,0.9126931830905514,0.4960366063018423,0.23005605809883134,0.2996345716706271,after,1-3 days
Bebo,QQQ,2026-08-20,True,711.0,2026-08-19,,1.01,1.0,286.0,29.0,0.10139860139860146,1,716.53981,day VWAP,0.7731335960244816,0.42018782685689765,0.13661427842670482,0.22915208065446002,after,1-3 days
Bebo,QQQ,2026-08-20,True,712.0,2026-08-20,,1.23,1.0,291.0,63.0,0.21649484536082464,0,711.60838,day VWAP,-0.05503307872793586,-0.051965731542392576,0.08081843861515897,0.5600240605921756,after,0DTE
Bebo,QQQ,2026-08-20,True,715.0,2026-08-19,,2.44,1.0,244.0,13.0,0.05327868852459017,1,716.53981,day VWAP,0.21489524776020313,0.11679270907711929,0.14297918534682535,0.4205314896608574,after,1-3 days
Bebo,QQQ,2026-08-20,True,717.0,2026-08-19,,2.51,1.0,250.99999999999997,6.000000000000028,0.023904382470119723,1,716.53981,day VWAP,-0.06422392637193619,-0.03490484981276993,0.10300076148506908,0.5306163391236879,after,1-3 days
Bebo,QQQ,2026-08-20,True,718.0,2026-08-19,,3.38,1.0,338.0,32.0,0.09467455621301779,1,716.53981,day VWAP,-0.20378351343800583,-0.11075362925771452,0.11704935288174355,0.5874207498225854,after,1-3 days
Bebo,QQQ,2026-08-21,False,714.0,2026-08-21,,0.85,1.0,85.0,-9.0,-0.10588235294117643,0,712.804486,day VWAP,0.16771976376141984,0.16510263142421913,0.10769210612632701,0.36431661074376664,after,0DTE
Bebo,QQQ,2026-08-21,False,723.0,2026-08-20,,0.37,1.0,37.0,-7.0,-0.18918918918918914,1,711.60838,day VWAP,1.6008271291015417,0.872724251373905,0.15526521456982098,0.09345235240274141,after,1-3 days
Bebo,QQQ,2026-08-21,True,704.0,2026-08-20,,1.19,1.0,119.0,3.0,0.025210084033613356,1,711.60838,day VWAP,1.0691807760892318,0.58288616892665,0.17709978479999425,0.21372838606879596,after,1-3 days
Bebo,QQQ,2026-08-21,True,705.0,2026-08-20,,1.43,1.0,460.0,-31.0,-0.06739130434782614,1,711.60838,day VWAP,0.928654044237086,0.5062750941739894,0.17747376082641222,0.24565050440036007,after,1-3 days
Bebo,QQQ,2026-08-21,True,706.0,2026-08-19,,1.89,1.0,189.0,20.0,0.10582010582010581,2,716.53981,day VWAP,1.47093153135483,0.6192371507596,0.20055548359505734,0.2260815055812595,after,1-3 days
Bebo,QQQ,2026-08-21,True,707.0,2026-08-20,,1.64,1.0,164.0,4.0,0.024390243902439046,1,711.60838,day VWAP,0.647600580532794,0.35305294466866777,0.1588472627909201,0.29588610489008016,after,1-3 days
Bebo,QQQ,2026-08-21,True,708.0,2026-08-20,,2.52,1.0,1280.0,-50.0,-0.0390625,1,711.60838,day VWAP,0.5070738486806481,0.276441869916007,0.1863943417201954,0.35916330863039825,after,1-3 days
Bebo,QQQ,2026-08-21,True,709.0,2026-08-20,,2.48,1.0,908.0,-137.0,-0.15088105726872247,1,711.60838,day VWAP,0.3665471168285021,0.19983079516334623,0.16632662302104223,0.38492030870395655,after,1-3 days
Bebo,QQQ,2026-08-21,True,710.0,2026-08-20,,2.2,1.0,2150.0,19.0,0.008837209302325677,1,711.60838,day VWAP,0.2260203849763561,0.12321972041068541,0.13409913208968224,0.41142439219080273,after,1-3 days
Bebo,QQQ,2026-08-21,True,711.0,2026-08-21,,1.38,1.0,138.0,14.0,0.10144927536231885,0,712.804486,day VWAP,0.25315300835522475,0.24920275878673287,0.17101877961226386,0.368228540746404,after,0DTE
Bebo,QQQ,2026-08-21,True,712.5,2026-08-21,,0.43,1.0,43.0,-20.0,-0.4651162790697675,0,712.804486,day VWAP,0.042716622296902484,0.04205006368125692,0.04495625313261761,0.4151323247496056,after,0DTE
Bebo,QQQ,2026-08-21,True,713.0,2026-08-21,,0.53,1.0,109.0,-41.0,-0.37614678899082565,0,712.804486,day VWAP,-0.027428839722538286,-0.027000834687235086,0.03355332771666202,0.5725025596741882,after,0DTE
Bebo,QQQ,2026-08-21,True,714.0,2026-08-21,,0.93,1.0,156.0,21.0,0.13461538461538458,0,712.804486,day VWAP,-0.16771976376141984,-0.16510263142421913,,,after,0DTE
Bebo,QQQ,2026-08-24,False,708.0,2026-08-24,,0.7,2.0,140.0,18.0,0.12857142857142856,0,706.646277,day VWAP,0.19157010290170187,0.19266741457743983,0.10047040089721058,0.335267791101472,after,0DTE
Bebo,QQQ,2026-08-24,False,710.0,2026-08-24,,0.32,1.0,32.0,7.0,0.21875,0,706.646277,day VWAP,0.47459713709068974,0.47731562485006956,0.11146705656904604,0.17077290485977636,after,0DTE
Bebo,QQQ,2026-08-24,True,703.0,2026-08-24,,1.88,1.0,188.0,-5.0,-0.02659574468085102,0,706.646277,day VWAP,0.5159974825707678,0.5189531111041347,0.2711651345991762,0.3320196574887716,after,0DTE
Bebo,QQQ,2026-08-24,True,704.0,2026-08-24,,0.76,1.0,454.0,-94.0,-0.2070484581497798,0,706.646277,day VWAP,0.37448396547627383,0.37662900596781973,0.14193123828097812,0.2753831674053546,after,0DTE
Bebo,QQQ,2026-08-24,True,705.0,2026-08-20,,3.02,1.0,731.0,13.0,0.017783857729138264,4,711.60838,day VWAP,0.928654044237086,0.3921590016670905,0.20352174830153308,0.3190382550838169,after,4-14 days
Bebo,QQQ,2026-08-24,True,706.0,2026-08-24,,0.15,1.0,15.0,-3.0,-0.19999999999999996,0,706.646277,day VWAP,0.09145693128728598,0.09198079569518994,0.03113803685283306,0.2545041539787365,after,0DTE
Bebo,QQQ,2026-08-24,True,707.0,2026-08-24,,0.92,1.0,92.0,-31.0,-0.3369565217391305,0,706.646277,day VWAP,-0.05005658580720795,-0.05034330944112494,0.05808109208510601,0.5761839379067182,after,0DTE
Bebo,QQQ,2026-08-24,True,708.0,2026-08-24,,1.43,1.0,513.0,-77.0,-0.15009746588693962,0,706.646277,day VWAP,-0.19157010290170187,-0.19266741457743983,0.037866386681462985,0.8715685051131579,after,0DTE
Bebo,QQQ,2026-08-24,True,709.0,2026-08-24,,0.63,1.0,63.0,93.0,1.4761904761904763,0,706.646277,day VWAP,-0.33308361999619585,-0.3349915197137548,,,after,0DTE
Bebo,QQQ,2026-08-24,True,710.0,2026-08-21,,2.69,1.0,269.0,16.0,0.059479553903345694,3,712.804486,day VWAP,0.39344393239410635,0.22361038938998637,0.17967575251304044,0.3854054995271188,after,1-3 days
Bebo,QQQ,2026-08-25,False,711.0,2026-08-24,,1.09,1.0,109.00000000000001,-4.000000000000014,-0.03669724770642213,1,706.646277,day VWAP,0.6161106541851836,0.3577491649082261,0.12525899635624602,0.2641027576027988,after,1-3 days
Bebo,QQQ,2026-08-25,False,712.0,2026-08-24,,0.88,1.0,88.0,-9.0,-0.10227272727272729,1,706.646277,day VWAP,0.7576241712796775,0.43992002532085006,0.12699660051629694,0.22200769910522083,after,1-3 days
Bebo,QQQ,2026-08-25,True,700.0,2026-08-24,,1.26,1.0,953.0,-76.0,-0.07974816369359916,1,706.646277,day VWAP,0.9405380338542496,0.5461302996306379,0.1692399254828543,0.2326150525639017,after,1-3 days
Bebo,QQQ,2026-08-25,True,703.0,2026-08-24,,1.26,1.0,255.0,-18.0,-0.07058823529411762,1,706.646277,day VWAP,0.5159974825707678,0.2996177183927659,0.12448340149490242,0.29340630824978897,after,1-3 days
Bebo,QQQ,2026-08-25,True,704.0,2026-08-24,,1.16,1.0,245.0,29.0,0.1183673469387756,1,706.646277,day VWAP,0.37448396547627383,0.21744685798014188,0.10312204562668134,0.3171964152989948,after,1-3 days
Bebo,QQQ,2026-08-25,True,705.0,2026-08-24,,1.43,1.0,143.0,-5.0,-0.034965034965035,1,706.646277,day VWAP,0.23297044838177988,0.13527599756751787,0.0991396640249475,0.3787503725257887,after,1-3 days
Bebo,QQQ,2026-08-25,True,706.0,2026-08-24,,2.32,1.0,231.99999999999997,-11.999999999999943,-0.05172413793103425,1,706.646277,day VWAP,0.09145693128728598,0.053105137154893886,0.12099937513868425,0.4591079347265662,after,1-3 days
Bebo,QQQ,2026-08-26,True,703.0,2026-08-26,,0.52,1.0,52.0,-5.0,-0.09615384615384615,0,710.577598,day VWAP,1.0663997881903344,1.073598713501083,0.22557283216990257,0.14184906374138495,after,0DTE
Bebo,QQQ,2026-08-26,True,706.0,2026-08-26,,1.0,1.0,100.0,0.0,0.0,0,710.577598,day VWAP,0.6442080376420714,0.6485568809172929,0.21387598686990553,0.24725367915676322,after,0DTE
Bebo,QQQ,2026-08-27,False,723.0,2026-08-27,,0.12,1.0,30.0,-1.9999999999999964,-0.06666666666666654,0,718.533665,day VWAP,0.6215902215242702,0.6779878881213255,0.10000352775867975,0.08243597448065582,after,0DTE
Bebo,QQQ,2026-08-27,True,713.0,2026-08-27,,0.75,1.0,75.0,-35.0,-0.4666666666666667,0,718.533665,day VWAP,0.7701330180542121,0.8400081603643609,0.20802157861509873,0.20073830781601798,after,0DTE
Bebo,QQQ,2026-08-27,True,714.0,2026-08-27,,0.46,1.0,231.0,-39.0,-0.16883116883116878,0,718.533665,day VWAP,0.6309606940963638,0.6882085555157923,0.15237943051454902,0.17465503578838393,after,0DTE
Bebo,QQQ,2026-08-27,True,715.0,2026-08-27,,0.3,1.0,52.0,-18.0,-0.34615384615384615,0,718.533665,day VWAP,0.4917883701385156,0.5364089506672237,0.11140034755924942,0.1596245526020007,after,0DTE
Bebo,QQQ,2026-08-28,True,714.0,2026-08-28,,0.92,1.0,92.0,-3.0,-0.03260869565217395,0,718.497936,day VWAP,0.626019334869736,0.7804278008987863,0.20161967606867692,0.24079693363680787,after,0DTE
Bebo,QQQ,2026-08-28,True,715.0,2026-08-28,,1.23,1.0,240.0,-93.0,-0.38749999999999996,0,718.497936,day VWAP,0.4868400902407021,0.6069198183710692,0.20532045699547763,0.2952234030425721,after,0DTE
Bebo,QQQ,2026-08-28,True,716.0,2026-08-28,,1.72,1.0,172.0,5.0,0.029069767441860517,0,718.497936,day VWAP,0.34766084561166805,0.4334118358433521,0.21911946150663264,0.35878898596575604,after,0DTE
Bebo,QQQ,2026-08-31,False,716.0,2026-08-31,,0.7,1.0,108.0,-33.0,-0.3055555555555556,0,715.080039,day VWAP,0.1286514725381593,0.15840353854602437,0.08645191799644225,0.36996591235986953,after,0DTE
Bebo,QQQ,2026-08-31,True,710.0,2026-08-28,,1.09,1.0,247.0,-60.0,-0.24291497975708498,3,718.497936,day VWAP,1.182736313385872,0.851279722607687,0.18081170928000911,0.1949295635447108,after,1-3 days
Bebo,QQQ,2026-08-31,True,712.0,2026-08-31,,0.86,1.0,272.0,-55.0,-0.20220588235294112,0,715.080039,day VWAP,0.4307264686492047,0.5303366952075109,0.1609572890153211,0.272373756975424,after,0DTE
Bebo,QQQ,2026-08-31,True,713.0,2026-08-31,,0.23,1.0,211.0,-10.0,-0.04739336492891,0,715.080039,day VWAP,0.2908819833523637,0.3581516367691271,0.07239678439659014,0.18274861719280844,after,0DTE
Bebo,QQQ,2026-08-31,True,715.0,2026-08-28,,1.99,1.0,199.0,-5.0,-0.025125628140703515,3,718.497936,day VWAP,0.4868400902407021,0.35040532051305556,0.15692207615370748,0.34121237257387915,after,1-3 days
Bebo,QQQ,2026-08-31,True,716.0,2026-08-28,,2.57,1.0,257.0,-34.0,-0.13229571984435795,3,718.497936,day VWAP,0.34766084561166805,0.2502304400941292,0.16692405168353225,0.3909420107876481,after,1-3 days
Bebo,QQQ,2026-09-01,True,707.0,2026-08-31,,0.83,1.0,83.0,-21.0,-0.2530120481927711,1,715.080039,day VWAP,1.1299488951334098,0.8032454829383547,0.158670308823029,0.17504634161988264,after,1-3 days
Bebo,QQQ,2026-09-02,False,710.0,2026-09-02,,0.8,1.0,80.0,12.0,0.1499999999999999,0,708.104229,day VWAP,0.2677248521276615,0.456259976588247,0.12452784432716801,0.3158848923954598,after,0DTE
Bebo,QQQ,2026-09-02,True,704.0,2026-09-02,,1.03,1.0,103.0,4.0,0.03883495145631066,0,708.104229,day VWAP,0.5796080339466567,0.9877751202296328,0.20556375551919812,0.26127520013873307,after,0DTE
Bebo,QQQ,2026-09-03,True,703.0,2026-09-02,,2.05,1.0,204.99999999999997,-68.99999999999997,-0.3365853658536584,1,708.104229,day VWAP,0.7208301816257098,0.7092445735412385,0.1891426910519507,0.307463719626337,after,1-3 days
Bebo,QQQ,2026-09-03,True,708.0,2026-09-03,,0.79,1.0,79.0,-25.0,-0.31645569620253167,0,715.494796,day VWAP,1.0474983245021325,1.826286131180868,0.2571437002251217,0.17746487599824667,after,0DTE
Bebo,QQQ,2026-09-04,False,717.5,2026-09-04,,0.43,1.0,43.0,3.0,0.06976744186046502,0,718.591902,day VWAP,-0.15195022334109248,-0.2520068546340508,,,after,0DTE
Bebo,QQQ,2026-09-04,False,718.0,2026-09-04,,0.85,1.0,171.0,-27.0,-0.1578947368421053,0,718.591902,day VWAP,-0.08236970084864728,-0.13660874444007293,0.03910935804783189,0.6822117725741881,after,0DTE
Bebo,QQQ,2026-09-04,True,717.0,2026-09-04,,0.94,1.0,94.0,-47.0,-0.5,0,718.591902,day VWAP,0.22153074583353777,0.3674049648280288,0.12639822787113286,0.3457875049506631,after,0DTE
Bebo,QQQ,2026-09-04,True,717.5,2026-09-04,,1.37,1.0,259.0,-4.0,-0.015444015444015413,0,718.591902,day VWAP,0.15195022334109248,0.2520068546340508,0.14618620180958042,0.4064119510923444,after,0DTE
Bebo,QQQ,2026-09-04,True,718.0,2026-09-04,,1.51,1.0,371.0,-33.0,-0.0889487870619946,0,718.591902,day VWAP,0.08236970084864728,0.13660874444007293,0.14026529329470613,0.4463004691761385,after,0DTE
Bebo,QQQ,2026-09-04,True,719.0,2026-09-04,,0.63,1.0,149.0,43.0,0.28859060402684555,0,718.591902,day VWAP,-0.05679134413624319,-0.09418747594788296,0.030728513121506484,0.6606031259184779,after,0DTE
Bebo,QQQ,2026-09-08,False,721.0,2026-09-08,,0.74,1.0,74.0,-1.0,-0.013513513513513487,0,718.883538,day VWAP,0.29440957931630307,0.513700796008834,0.12330207522967437,0.2971878471816424,after,0DTE
Bebo,QQQ,2026-09-08,True,715.0,2026-09-04,,1.58,1.0,1354.0,39.0,0.028803545051698576,4,718.591902,day VWAP,0.4998528358033187,0.37073891042027524,0.10690131437068245,0.31705462287659136,after,4-14 days
Bebo,QQQ,2026-09-08,True,717.0,2026-09-04,,2.83,1.0,463.0,-105.0,-0.2267818574514039,4,718.591902,day VWAP,0.22153074583353777,0.16430849532527836,0.12514945136159356,0.4269481525263431,after,4-14 days
Bebo,QQQ,2026-09-08,True,718.0,2026-09-04,,2.54,1.0,275.0,96.0,0.3490909090909091,4,718.591902,day VWAP,0.08236970084864728,0.0610932877777799,0.09903305115714464,0.464750626577607,after,4-14 days
Bebo,QQQ,2026-09-08,True,719.0,2026-09-08,,0.32,1.0,155.0,-17.0,-0.10967741935483866,0,718.883538,day VWAP,-0.016200398791153828,-0.028267279121836065,0.020166930369143812,0.5713766205796535,after,0DTE
Bebo,QQQ,2026-09-08,True,720.0,2026-09-08,,0.51,1.0,292.0,64.0,0.2191780821917808,0,718.883538,day VWAP,-0.15530498905372844,-0.270984037565335,,,after,0DTE
Bebo,QQQ,2026-09-09,True,713.0,2026-09-08,,0.66,1.0,363.0,-37.0,-0.10192837465564741,1,718.883538,day VWAP,0.818427142784294,0.8244753937348747,0.11858627807175715,0.18331703566980795,after,1-3 days
Bebo,QQQ,2026-09-09,True,714.0,2026-09-08,,0.95,1.0,151.0,-18.0,-0.11920529801324509,1,718.883538,day VWAP,0.6793225525217192,0.6843428079106871,0.12347753442666826,0.23567517122296522,after,1-3 days
Bebo,QQQ,2026-09-09,True,715.0,2026-09-08,,1.19,1.0,619.0,-65.0,-0.10500807754442654,1,718.883538,day VWAP,0.5402179622591446,0.5442102220864996,0.12229585701768343,0.2813560663213137,after,1-3 days
Bebo,QQQ,2026-09-09,True,716.0,2026-09-09,,1.23,1.0,442.0,28.0,0.06334841628959276,0,716.588049,day VWAP,0.08206235100077079,0.1436053613800417,0.11829635627722382,0.43705733784799383,after,0DTE
Bebo,QQQ,2026-09-09,True,717.0,2026-09-08,,1.63,1.0,163.0,-11.0,-0.06748466257668717,1,718.883538,day VWAP,0.2620087817339954,0.26394505043812466,0.11122413972102692,0.37827187109918703,after,1-3 days
Bebo,QQQ,2026-09-09,True,718.0,2026-09-08,,1.99,1.0,1050.0,176.0,0.16761904761904756,1,718.883538,day VWAP,0.1229041914714208,0.12381246461393715,0.10880442906971072,0.44010672943344387,after,1-3 days
Bebo,QQQ,2026-09-10,False,709.0,2026-09-10,,2.24,1.0,736.0,-56.0,-0.07608695652173914,0,709.620183,day VWAP,-0.08739647135994683,-0.15312364093269698,0.15184311986935953,0.5527663476073812,after,0DTE
Bebo,QQQ,2026-09-10,False,710.0,2026-09-10,,0.75,1.0,724.0,0.0,0.0,0,709.620183,day VWAP,0.05352398495689387,0.09377709793421435,0.0735364103768882,0.43576240050470777,after,0DTE
Bebo,QQQ,2026-09-10,False,711.0,2026-09-10,,0.41,1.0,41.0,-4.0,-0.09756097560975607,0,709.620183,day VWAP,0.19444444127373456,0.3406778368011257,0.07476719023307883,0.28041273850081283,after,0DTE
Bebo,QQQ,2026-09-10,True,705.0,2026-09-10,,1.19,1.0,119.0,-24.0,-0.2016806722689075,0,709.620183,day VWAP,0.6510782966273096,1.1407265964003426,0.23395727198537727,0.2636896788746246,after,0DTE
Bebo,QQQ,2026-09-10,True,707.0,2026-09-08,,1.32,1.0,132.0,-36.0,-0.2727272727272727,2,718.883538,day VWAP,1.6530546843597418,1.2899132992482663,0.18562248477888382,0.18119554699731388,after,1-3 days
Bebo,QQQ,2026-09-10,True,708.0,2026-09-10,,0.42,1.0,175.0,-35.0,-0.19999999999999996,0,709.620183,day VWAP,0.22831692767678755,0.40002437979960837,0.08211345201202157,0.26540680867488,after,0DTE
Bebo,QQQ,2026-09-10,True,709.0,2026-09-10,,0.73,1.0,824.0,-3.0,-0.00364077669902918,0,709.620183,day VWAP,0.08739647135994683,0.15312364093269698,0.0801107445931896,0.40252841167094355,after,0DTE
Bebo,QQQ,2026-09-10,True,710.0,2026-09-04,,1.93,1.0,356.0,35.0,0.098314606741573,6,718.591902,day VWAP,1.1956580607277711,0.6609928358479067,0.1344432652865235,0.2487226568362768,after,4-14 days
Bebo,QQQ,2026-09-10,True,711.0,2026-09-10,,1.16,1.0,508.0,32.0,0.06299212598425208,0,709.620183,day VWAP,-0.19444444127373456,-0.3406778368011257,,,after,0DTE
Bebo,QQQ,2026-09-10,True,712.0,2026-09-09,,1.82,1.0,182.0,-38.0,-0.20879120879120883,1,716.588049,day VWAP,0.6402631199895933,0.6468812430933512,0.16676602004131647,0.3065470084722426,after,1-3 days
Bebo,QQQ,2026-09-10,True,713.0,2026-09-10,,3.02,1.0,302.0,30.0,0.09933774834437092,0,709.620183,day VWAP,-0.47628535390741594,-0.8344793145349484,,,after,0DTE
Bebo,QQQ,2026-09-10,True,714.0,2026-09-08,,1.62,1.0,582.0,102.0,0.17525773195876293,2,718.883538,day VWAP,0.6793225525217192,0.5300896596269825,0.12429643272133163,0.28883942750365443,after,1-3 days
Bebo,QQQ,2026-09-10,True,715.0,2026-09-09,,2.42,1.0,562.0,6.0,0.01067615658362997,1,716.588049,day VWAP,0.22161254324797644,0.22390325631071825,0.14298678379222185,0.4181508448542004,after,1-3 days
Bebo,QQQ,2026-09-10,True,717.0,2026-09-09,,3.05,1.0,305.0,589.9999999999999,1.9344262295081962,1,716.588049,day VWAP,-0.05748784124643483,-0.058082068211037105,0.1287046388611352,0.5210993312313701,after,1-3 days
Bebo,QQQ,2026-09-11,True,703.0,2026-09-10,,1.94,1.0,561.0,-37.0,-0.06595365418894827,1,709.620183,day VWAP,0.9329192092609909,0.9436952235993606,0.20681179557481105,0.27578496901891547,after,1-3 days
Bebo,QQQ,2026-09-11,True,708.0,2026-09-10,,3.07,1.0,307.0,5.0,0.016286644951140072,1,709.620183,day VWAP,0.22831692767678755,0.23095418335971696,0.17534775719594892,0.4302545686763577,after,1-3 days
Bebo,QQQ,2026-09-11,True,709.0,2026-09-10,,3.51,1.0,351.0,-10.0,-0.028490028490028463,1,709.620183,day VWAP,0.08739647135994683,0.08840597531178819,0.17461118385967728,0.4714445989038968,after,1-3 days
Bebo,QQQ,2026-09-11,True,710.0,2026-09-08,,2.15,1.0,529.0,-96.0,-0.1814744801512287,3,718.883538,day VWAP,1.2357409135720179,0.8149607780037554,0.1632978110918571,0.2559961698057852,after,1-3 days
Bebo,QQQ,2026-09-11,True,712.0,2026-09-11,,1.28,1.0,267.0,-50.0,-0.18726591760299627,0,715.686859,day VWAP,0.5151497409288085,0.8883857620436717,0.21579368745251576,0.2938666467380395,after,0DTE
Bebo,QQQ,2026-09-11,True,713.0,2026-09-08,,3.57,1.0,511.0,-105.0,-0.20547945205479456,3,718.883538,day VWAP,0.818427142784294,0.5397458429169405,0.18010330474978636,0.3453931604734808,after,1-3 days
Bebo,QQQ,2026-09-11,True,714.0,2026-09-11,,0.07,1.0,19.0,-4.999999999999998,-0.26315789473684204,0,715.686859,day VWAP,0.23569791435838375,0.40646564410931874,0.04265795279072474,0.10696329046401043,after,0DTE
Bebo,QQQ,2026-09-14,False,715.0,2026-09-10,,2.54,1.0,254.0,71.0,0.27952755905511806,4,709.620183,day VWAP,0.7581262665410974,0.5940252289440499,0.16794485320044542,0.3288312688405547,after,4-14 days
Bebo,QQQ,2026-09-14,True,695.0,2026-09-10,,1.42,1.0,142.0,-117.0,-0.823943661971831,4,709.620183,day VWAP,2.060282859795717,1.614322114261303,0.22063394155837196,0.16895332637425353,after,4-14 days
Bebo,QQQ,2026-09-14,True,700.0,2026-09-08,,1.61,1.0,161.0,-8.0,-0.0496894409937888,6,718.883538,day VWAP,2.626786816197764,1.5277837104348813,0.20080016498794345,0.15734237378599358,after,4-14 days
Bebo,QQQ,2026-09-14,True,705.0,2026-09-10,,3.69,1.0,782.0,-29.0,-0.037084398976982125,4,709.620183,day VWAP,0.6510782966273096,0.5101484426586266,0.20298201335308072,0.369492114990687,after,4-14 days
Bebo,QQQ,2026-09-15,False,709.0,2026-09-15,,1.54,1.0,154.0,4.0,0.025974025974025983,0,705.650785,day VWAP,0.47462782883462085,0.8245379065659316,0.23179289512997606,0.32511468506003527,after,0DTE
Bebo,QQQ,2026-09-15,False,711.0,2026-09-15,,0.33,1.0,33.0,-17.0,-0.5151515151515151,0,705.650785,day VWAP,0.7580541414688511,1.3169147211723047,0.15359027138600906,0.13557211929673796,after,0DTE
Bebo,QQQ,2026-09-15,False,712.0,2026-09-15,,0.16,1.0,99.0,-49.0,-0.4949494949494949,0,705.650785,day VWAP,0.8997672977859661,1.563103128475491,0.14229231918953614,0.07925862547358475,after,0DTE
Bebo,QQQ,2026-09-15,True,701.0,2026-09-15,,0.24,1.0,24.0,0.0,0.0,0,705.650785,day VWAP,0.6590774217023002,1.1449693518595607,0.12732723832614937,0.12125277688282476,after,0DTE
Bebo,QQQ,2026-09-15,True,702.0,2026-09-15,,0.18,1.0,18.0,1.0,0.05555555555555558,0,705.650785,day VWAP,0.517364265385185,0.898780944556374,0.09853966282744292,0.11821700952327308,after,0DTE
Bebo,QQQ,2026-09-15,True,704.0,2026-09-15,,0.8,1.0,80.0,47.0,0.5874999999999999,0,705.650785,day VWAP,0.2339379527509548,0.4064041299500011,0.11826002937083044,0.3273468264020434,after,0DTE
Bebo,QQQ,2026-09-16,True,705.0,2026-09-14,,2.47,1.0,247.00000000000003,2.9999999999999716,0.012145748987854033,2,708.125597,day VWAP,0.44139020157464676,0.3491096603572835,0.13647588248828912,0.36985914397170094,after,1-3 days
Bebo,QQQ,2026-09-18,False,718.0,2026-09-18,,0.32,1.0,32.0,1.0,0.03125,0,718.658144,day VWAP,-0.0915795647060799,-0.15395380239599413,,,after,0DTE
Bebo,QQQ,2026-09-18,False,719.0,2026-09-18,,0.13,2.0,26.0,-2.0,-0.07692307692307687,0,718.658144,day VWAP,0.047568653170374016,0.07996734920000277,0.02088012496494352,0.30472343389094614,after,0DTE
Bebo,QQQ,2026-09-18,True,714.0,2026-09-18,,0.57,1.0,56.99999999999999,-25.999999999999993,-0.45614035087719296,0,718.658144,day VWAP,0.6481724362118956,1.0896384087799817,0.16803832312366795,0.19146225403662864,after,0DTE
Bebo,QQQ,2026-09-18,True,715.0,2026-09-18,,0.77,1.0,553.0,-12.0,-0.02169981916817365,0,718.658144,day VWAP,0.5090242183354416,0.8557172571839848,0.16598779971968255,0.24386833164505362,after,0DTE
Bebo,QQQ,2026-09-18,True,716.0,2026-09-18,,0.16,1.0,16.0,-6.0,-0.375,0,718.658144,day VWAP,0.3698760004589878,0.6217961055879879,0.07478486278963022,0.13262488939419637,after,0DTE
Bebo,QQQ,2026-09-21,True,708.0,2026-09-18,,1.03,1.0,103.0,-11.0,-0.10679611650485432,3,718.658144,day VWAP,1.4830617434706193,1.4394296676870544,0.204063699710192,0.16930359024702324,after,1-3 days
Bebo,QQQ,2026-09-24,False,720.0,2026-09-14,,3.66,1.0,366.0,-64.0,-0.17486338797814205,10,708.125597,day VWAP,1.6768780920088715,0.7192853431543408,0.15821232405233335,0.2884947374576885,after,4-14 days
Bebo,QQQ,2026-09-25,True,739.0,2026-09-24,,1.82,1.0,182.0,-172.0,-0.945054945054945,1,738.809704,day VWAP,-0.02575710618982197,-0.02061745021859759,0.07576469700478515,0.5164061551918924,after,1-3 days
Bebo,QQQ,2026-09-25,True,742.0,2026-09-25,,0.36,1.0,36.0,-26.0,-0.7222222222222222,0,743.690103,day VWAP,0.22725904152579826,0.3147932071916314,0.07441509773947293,0.24571228164379677,after,0DTE
Bebo,RDDT,2024-11-15,True,125.0,2024-11-14,,0.5,1.0,50.0,35.0,0.7,1,132.097269,day VWAP,5.372759825943117,0.5023774280282749,0.6766996550371887,0.1392094169072775,before,1-3 days
Bebo,RDDT,2025-01-10,True,160.0,2025-01-07,,0.72,1.0,72.0,-12.0,-0.16666666666666663,3,174.822759,day VWAP,8.478735311573473,1.0710208388055447,0.6336360648928283,0.11051367295688153,before,1-3 days
Bebo,RDDT,2025-01-31,True,185.0,2025-01-30,,0.15,1.0,15.0,30.0,2.0,1,200.513098,day VWAP,7.736700572049419,1.7934745935167935,0.601573780996055,0.03935953255312841,before,1-3 days
Bebo,RDDT,2026-08-21,True,145.0,2026-08-19,,0.58,1.0,57.99999999999999,-1.9999999999999858,-0.03448275862068939,2,153.769563,day VWAP,5.703055161833298,0.4829761382032173,0.5460724101434109,0.1341840052385529,after,1-3 days
Bebo,RKLB,2026-08-21,True,73.0,2026-08-19,,1.25,1.0,923.0,64.0,0.06933911159263273,2,75.717828,day VWAP,3.5894162204441438,0.44087660490404545,0.8005819673819906,0.30914052283590676,after,1-3 days
Bebo,RKLB,2026-08-21,True,74.0,2026-08-19,,0.92,1.0,314.0,93.0,0.29617834394904463,2,75.717828,day VWAP,2.268723291957077,0.2786600831432696,0.5506174873184748,0.32784788489503547,after,1-3 days
Bebo,RKLB,2026-08-21,True,75.0,2026-08-19,,1.37,1.0,394.0,125.0,0.31725888324873086,2,75.717828,day VWAP,0.9480303634700104,0.11644356138249376,0.5694500489347417,0.42218651591860135,after,1-3 days
Bebo,RKLB,2026-08-28,True,71.0,2026-08-19,,1.47,1.0,147.0,6.0,0.04081632653061229,9,75.717828,day VWAP,6.230802077418277,0.4418517315319363,0.6556483371327989,0.2658784627030869,after,4-14 days
Bebo,ROKU,2024-10-04,True,73.0,2024-10-03,,0.55,3.0,591.0,-276.00000000000006,-0.46700507614213205,1,74.770517,day VWAP,2.3679346767122103,0.6891313354687355,0.5449979025640982,0.2772750985677389,before,1-3 days
Bebo,ROKU,2024-10-11,True,74.0,2024-10-08,,0.68,1.0,68.0,-65.0,-0.9558823529411765,3,77.826931,day VWAP,4.917232313837483,1.0705660127059646,0.5745435438209531,0.2181280533051022,before,1-3 days
Bebo,ROKU,2024-10-11,True,75.0,2024-10-08,,1.03,1.0,389.0,-354.0,-0.910025706940874,3,77.826931,day VWAP,3.6323300478082605,0.7908206991097791,0.5999832863617892,0.2882106567495253,before,1-3 days
Bebo,RY,2024-01-19,True,95.0,2024-01-18,,0.1,1.0,10.0,-10.0,-1.0,1,98.117952,day VWAP,3.1777589487395765,3.418200178184105,0.31463790244523326,0.08972287294223125,before,1-3 days
Bebo,SHOP,2024-02-02,True,79.0,2024-02-02,,0.28,1.0,842.0,-834.0,-0.9904988123515439,0,81.667783,day VWAP,3.2666284084141233,2.0689042832982594,0.8097310794748177,0.1739075383067693,before,0DTE
Bebo,SHOP,2024-05-17,False,60.0,2024-05-16,,0.17,1.0,53.0,-50.0,-0.9433962264150944,1,58.303544,day VWAP,2.9096961927391543,0.4510044596718089,0.39691415474409103,0.17844506769525104,before,1-3 days
Bebo,SHOP,2024-05-24,False,60.0,2024-05-16,,0.73,1.0,73.0,-8.0,-0.1095890410958904,8,58.303544,day VWAP,2.9096961927391543,0.2166555344553229,0.3747347933550259,0.32762698123221534,before,4-14 days
Bebo,SLV,2026-04-02,True,67.5,2026-04-01,,0.95,3.0,284.99999999999994,-92.99999999999994,-0.3263157894736841,1,68.193971,day VWAP,1.0176427473331986,0.21891130001290204,0.6067135437648239,0.4044204483124322,best run,1-3 days
Bebo,SMCI,2024-02-16,True,780.0,2024-02-14,,5.12,1.0,512.0,-402.0,-0.78515625,2,858.778607,day VWAP,9.173331328687834,0.8037147584694104,0.8899715686049301,0.1292877118213045,before,1-3 days
Bebo,SNOW,2024-11-29,True,170.0,2024-11-29,,0.11,1.0,66.0,-66.0,-1.0,0,176.179946,day VWAP,3.5077465627103788,0.7520339030245092,0.5234162704561481,0.0613920346900102,before,0DTE
Bebo,SNOW,2024-11-29,True,172.5,2024-11-29,,0.43,2.0,86.0,-86.0,-1.0,0,176.179946,day VWAP,2.0887428356914137,0.4478104102041395,0.5358481964264143,0.1850450858747732,before,0DTE
Bebo,SNOW,2025-04-17,False,130.0,2025-04-07,,5.5,1.0,550.0,70.0,0.1272727272727272,10,128.853986,day VWAP,0.8893896382840716,0.08271834744427518,0.6389638298409895,0.4933065780317833,before,4-14 days
Bebo,SPY,2024-01-29,True,480.0,2024-01-26,,0.09,10.0,89.99999999999999,-79.99999999999999,-0.8888888888888888,3,487.732215,day VWAP,1.5853402260910725,2.2206642823661094,0.12374474193891868,0.04661297536461273,before,1-3 days
Bebo,SPY,2024-01-29,True,488.0,2024-01-26,,1.19,3.0,1592.0,631.0,0.39635678391959805,3,487.732215,day VWAP,-0.054904103474076135,-0.07690688694680847,0.06995522855900177,0.5394313459782183,before,1-3 days
Bebo,SPY,2024-01-31,False,492.0,2024-01-31,,0.2,1.0,20.0,-10.0,-0.5,0,485.693044,day VWAP,1.2985477304879858,3.071517574642804,0.21706094342556384,0.09183028026526036,before,0DTE
Bebo,SPY,2024-01-31,True,485.0,2024-01-31,,0.75,2.0,331.0,103.99999999999994,0.3141993957703926,0,485.693044,day VWAP,0.1426917697425344,0.33751572486009107,0.1229820518162733,0.39611964584071524,before,0DTE
Bebo,SPY,2024-02-01,True,485.0,2024-01-31,,1.15,1.0,114.99999999999999,79.00000000000001,0.6869565217391307,1,485.693044,day VWAP,0.1426917697425344,0.1948647946037052,0.09844109809096666,0.42394546680712475,before,1-3 days
Bebo,SPY,2024-02-02,True,483.0,2024-02-01,,1.05,3.0,315.00000000000006,165.0,0.5238095238095237,1,486.677249,day VWAP,0.755582679805938,0.8736453448468507,0.1651507213446178,0.2737120618698997,before,1-3 days
Bebo,SPY,2024-02-21,True,495.0,2024-02-21,,1.12,1.0,234.0,80.0,0.3418803418803418,0,495.496013,day VWAP,0.10010433726739289,0.1846175506991499,0.15380003762821545,0.44053249933125527,before,0DTE
Bebo,SPY,2024-02-22,True,491.0,2024-02-21,,1.11,3.0,333.0,-228.0,-0.6846846846846848,1,495.496013,day VWAP,0.9073762214106866,0.9661551135883584,0.1846260378247058,0.2588017585863891,before,1-3 days
Bebo,SPY,2024-02-22,True,494.0,2024-02-21,,1.37,1.0,323.0,-323.0,-1.0,1,495.496013,day VWAP,0.3019223083032163,0.32148052284205225,0.1333698099547806,0.3824660343660857,before,1-3 days
Bebo,SPY,2024-03-08,True,513.0,2024-03-07,,0.96,1.0,96.0,40.0,0.41666666666666674,1,514.502448,day VWAP,0.2920196018192626,0.31373160924079685,0.10119621181409687,0.3525379809336533,before,1-3 days
Bebo,SPY,2024-03-11,True,512.0,2024-03-08,,0.3,1.0,30.0,265.0,8.833333333333334,3,514.213562,day VWAP,0.4304752273336626,0.4576047516741281,0.06701300732903813,0.20129731898366154,before,1-3 days
Bebo,SPY,2024-03-15,True,505.0,2024-03-08,,1.58,1.0,158.0,115.0,0.7278481012658229,7,514.213562,day VWAP,1.7917773238349601,0.9946967115080809,0.16179571705346013,0.2211368597455412,before,4-14 days
Bebo,SPY,2024-05-06,True,511.0,2024-05-06,,0.13,2.0,26.0,-20.0,-0.7692307692307692,0,514.887471,day VWAP,0.7550137105589048,1.2160061437475262,0.12928351179882303,0.09359674315107569,before,0DTE
Bebo,SPY,2024-05-17,True,526.0,2024-05-16,,0.34,1.0,34.0,-32.0,-0.9411764705882353,1,529.991819,day VWAP,0.7531850222767239,0.8167280662959843,0.09874365903312789,0.15957370829276485,before,1-3 days
Bebo,SPY,2024-05-23,True,530.0,2024-05-23,,0.3,2.0,122.0,139.0,1.139344262295082,0,528.067408,day VWAP,-0.36597448937806815,-0.7763757930898658,,,before,0DTE
Bebo,SPY,2024-05-24,True,530.0,2024-05-23,,0.59,1.0,59.0,91.0,1.542372881355932,1,528.067408,day VWAP,-0.36597448937806815,-0.44824077313274324,,,before,1-3 days
Bebo,SPY,2024-06-14,False,542.0,2024-06-14,,0.68,5.0,340.00000000000006,78.99999999999994,0.23235294117647043,0,541.571526,day VWAP,0.07911678872128354,0.21879546251608256,0.09115441204037629,0.42357918337502976,before,0DTE
Bebo,SPY,2024-06-14,False,543.0,2024-06-14,,0.24,6.0,144.0,-72.0,-0.5,0,541.571526,day VWAP,0.2637646056746438,0.729434293614484,0.07747884200353564,0.2231668517225624,before,0DTE
Bebo,SPY,2024-06-14,True,540.0,2024-06-14,,0.51,2.0,471.0,-331.0,-0.7027600849256901,0,541.571526,day VWAP,0.2901788451854371,0.8024821996807203,0.11711589740475593,0.28785542233137174,before,0DTE
Bebo,SPY,2024-06-14,True,542.0,2024-06-14,,0.54,1.0,54.0,-20.0,-0.37037037037037035,0,541.571526,day VWAP,-0.07911678872128354,-0.21879546251608256,0.028467888260591663,0.7333705341385787,before,0DTE
Bebo,SPY,2024-06-17,True,540.0,2024-06-17,,0.07,1.0,47.0,-39.0,-0.8297872340425532,0,545.87853,day VWAP,1.0768934253559954,3.010197658408101,0.14587307308957106,0.04750103454307408,before,0DTE
Bebo,SPY,2024-06-17,True,542.0,2024-06-17,,0.09,1.0,9.0,-9.0,-1.0,0,545.87853,day VWAP,0.7105115491536103,1.9860648706505755,0.11105531289283839,0.07438262870102608,before,0DTE
Bebo,SPY,2024-06-20,True,545.0,2024-06-18,,0.82,1.0,82.0,-57.0,-0.6951219512195121,2,547.868787,day VWAP,0.5236266544237348,0.6282544246872148,0.08858773830052614,0.27444872437746604,before,1-3 days
Bebo,SPY,2024-06-24,True,535.0,2024-06-18,,0.28,1.0,28.000000000000004,-16.000000000000004,-0.5714285714285715,6,547.868787,day VWAP,2.3488812112232993,2.100577028511585,0.12154871608623714,0.07057836908644732,before,4-14 days
Bebo,SPY,2024-06-25,True,530.0,2024-06-14,,0.88,1.0,88.0,-18.0,-0.20454545454545459,11,541.571526,day VWAP,2.13665701471904,1.5256638055133753,0.12137134249888404,0.14871263280521396,before,4-14 days
Bebo,SPY,2024-07-16,False,563.0,2024-07-15,,0.55,1.0,55.00000000000001,56.00000000000001,1.018181818181818,1,562.110674,day VWAP,0.1582119040137606,0.27962581840928324,0.05357361705280271,0.35182231806534936,before,1-3 days
Bebo,SPY,2024-07-16,True,561.0,2024-07-16,,0.44,1.0,96.0,-80.0,-0.8333333333333334,0,563.682953,day VWAP,0.47596844746163497,1.4552955464882473,0.13890902619569287,0.2194144789686927,before,0DTE
Bebo,SPY,2024-07-17,True,560.0,2024-07-15,,1.04,1.0,104.0,102.0,0.9807692307692308,2,562.110674,day VWAP,0.3754908237163305,0.5140591152311074,0.08578910576810839,0.3283270703222817,before,1-3 days
Bebo,SPY,2024-07-17,True,562.0,2024-07-16,,0.61,1.0,61.0,0.0,0.0,1,563.682953,day VWAP,0.29856375663714596,0.5270471821811854,0.07384192012387944,0.2988531801105465,before,1-3 days
Bebo,SPY,2024-07-23,True,553.0,2024-07-23,,0.53,1.0,80.0,-50.0,-0.625,0,554.947013,day VWAP,0.35084664920972736,0.76715105406838,0.12939581910082612,0.27004896972247106,before,0DTE
Bebo,SPY,2024-07-24,True,554.0,2024-07-23,,1.54,1.0,154.0,448.0,2.909090909090909,1,554.947013,day VWAP,0.17064926521191492,0.21543057878260458,0.11586828527777168,0.42248990720902246,before,1-3 days
Bebo,SPY,2024-07-26,False,551.0,2024-07-24,,0.77,1.0,77.0,-12.0,-0.1558441558441559,2,543.775404,day VWAP,1.3285992611758548,1.3086001109046732,0.14471887323197039,0.1818219149079668,before,1-3 days
Bebo,SPY,2024-07-26,True,550.0,2024-07-15,,1.11,1.0,111.00000000000001,-57.000000000000014,-0.5135135135135136,11,562.110674,day VWAP,2.1544999161499674,1.5131027461787447,0.1159658965135785,0.1638912469006797,before,4-14 days
Bebo,SPY,2024-07-31,True,536.0,2024-07-30,,0.42,1.0,42.0,70.99999999999999,1.6904761904761902,1,542.546757,day VWAP,1.206671483246919,1.1292029705115836,0.14430593713884396,0.13654272860554606,before,1-3 days
Bebo,SPY,2024-08-01,True,542.0,2024-07-31,,0.58,1.0,57.99999999999999,-30.999999999999993,-0.5344827586206896,1,550.610032,day VWAP,1.5637259584111693,1.4534526316134453,0.1903063622642124,0.1398960514890708,before,1-3 days
Bebo,SPY,2024-08-01,True,544.0,2024-07-31,,0.42,1.0,42.0,21.0,0.5,1,550.610032,day VWAP,1.200492474862871,1.1158342274975401,0.14312140512219657,0.13581867527403968,before,1-3 days
Bebo,SPY,2024-08-02,True,535.0,2024-07-30,,1.18,1.0,118.0,-78.0,-0.6610169491525424,3,542.546757,day VWAP,1.3909873946587719,0.852153366996975,0.15106404541710516,0.21310164834303635,before,1-3 days
Bebo,SPY,2024-08-08,True,525.0,2024-08-07,,1.52,1.0,693.0,566.0,0.8167388167388168,1,524.14742,day VWAP,-0.1626603446793631,-0.10663983243187956,0.06432146456653486,0.6274211599744045,before,1-3 days
Bebo,SPY,2024-08-09,True,520.0,2024-08-07,,2.3,1.0,854.0,590.0,0.6908665105386418,2,524.14742,day VWAP,0.7912697538413928,0.40182592779106346,0.19471100249854376,0.3374898495541363,before,1-3 days
Bebo,SPY,2024-08-12,True,520.0,2024-08-07,,3.59,1.0,359.0,13.0,0.0362116991643453,5,524.14742,day VWAP,0.7912697538413928,0.339604892532851,0.2205228752012253,0.37498828799777906,before,4-14 days
Bebo,SPY,2024-08-15,True,525.0,2024-08-13,,0.93,1.0,93.0,-79.0,-0.8494623655913978,2,540.0315,day VWAP,2.7834487432677633,1.320484073580209,0.2569944935282887,0.13229242530162777,before,1-3 days
Bebo,SPY,2024-08-20,True,553.0,2024-08-19,,0.49,1.0,49.0,-43.0,-0.8775510204081632,1,557.241465,day VWAP,0.7611538742903758,0.4431334947580822,0.11149514556165141,0.18605210673275485,before,1-3 days
Bebo,SPY,2024-08-20,True,557.0,2024-08-20,,0.54,1.0,111.0,-103.0,-0.9279279279279279,0,558.847888,day VWAP,0.33066028156842775,0.33405483655347473,0.1263751009442554,0.2771964312506512,before,0DTE
Bebo,SPY,2024-08-27,True,552.0,2024-08-23,,1.0,1.0,100.0,-20.0,-0.19999999999999996,4,560.85255,day VWAP,1.578409512446712,0.7697691020118071,0.17830445389135877,0.1828028081974662,before,4-14 days
Bebo,SPY,2024-08-29,True,551.0,2024-08-26,,0.66,1.0,66.0,-41.0,-0.6212121212121212,3,561.12996,day VWAP,1.8052787628733962,0.7453079135831129,0.1424734303431135,0.1371118722570659,before,1-3 days
Bebo,SPY,2024-09-27,True,571.0,2024-09-27,,0.23,1.0,23.0,-1.0,-0.04347826086956519,0,572.30865,day VWAP,0.22866157972624446,0.36515563826984887,0.0686677228556405,0.22663874177909016,before,0DTE
Bebo,SPY,2024-09-27,True,573.0,2024-09-27,,0.72,1.0,72.0,10.0,0.13888888888888884,0,572.30865,day VWAP,-0.1208002010803186,-0.19290899057646557,0.021824082687843988,0.8927725699899076,before,0DTE
Bebo,SPY,2024-09-30,False,575.0,2024-09-27,,1.09,1.0,109.00000000000001,-20.000000000000014,-0.1834862385321102,3,572.30865,day VWAP,0.4702619818868816,0.4335748213280496,0.12324236914050275,0.31253973229501997,before,1-3 days
Bebo,SPY,2024-10-04,True,563.0,2024-10-03,,1.09,1.0,109.00000000000001,70.99999999999999,0.6513761467889907,1,567.342061,day VWAP,0.765333878532927,0.8438156512791608,0.1568815402654947,0.2608265504134408,before,1-3 days
Bebo,SPY,2024-10-04,True,567.0,2024-10-03,,3.03,1.0,303.0,35.0,0.11551155115511547,1,567.342061,day VWAP,0.06029184569834744,0.0664745210839179,0.18318519350818027,0.48016495588357355,before,1-3 days
Bebo,SPY,2024-10-04,True,568.0,2024-10-04,,0.62,1.0,62.0,-56.0,-0.9032258064516129,0,570.99034,day VWAP,0.5237111366892734,1.0022968691343617,0.16960177128294496,0.24232979278569666,before,0DTE
Bebo,SPY,2024-10-04,True,570.0,2024-10-04,,0.95,1.0,95.0,-79.0,-0.8315789473684211,0,570.99034,day VWAP,0.17344251393113702,0.33194040857510776,0.137047272917989,0.38689611643272004,before,0DTE
Bebo,SPY,2024-10-18,True,570.0,2024-10-16,,0.32,5.0,160.0,-75.0,-0.46875,2,581.263073,day VWAP,1.9376894083206218,1.801428258037209,0.14317053071467098,0.0839036178423147,before,1-3 days
Bebo,SPY,2024-10-24,True,578.0,2024-10-24,,0.29,1.0,54.0,-32.0,-0.5925925925925926,0,578.904205,day VWAP,0.15619250856884814,0.3649802489349339,0.06260854531082652,0.28709150957004215,before,0DTE
Bebo,SPY,2024-11-01,True,563.0,2024-10-31,,0.42,1.0,42.0,9.0,0.2142857142857142,1,571.335079,day VWAP,1.4588775145031752,2.123461242228788,0.16225091539160533,0.1189456297869721,before,1-3 days
Bebo,SPY,2024-11-04,True,570.0,2024-11-01,,0.78,1.0,212.0,76.0,0.35849056603773577,3,572.658516,day VWAP,0.46424106613651817,0.5211287830172245,0.1027248296671527,0.27722981947856806,before,1-3 days
Bebo,SPY,2025-03-14,True,550.0,2025-03-13,,2.51,1.0,250.99999999999997,85.00000000000003,0.33864541832669337,1,553.130515,day VWAP,0.5659631705547733,0.4092147384945716,0.22829704601205464,0.3703060011806274,before,1-3 days
Bebo,SPY,2025-03-18,True,565.0,2025-03-17,,2.73,1.0,273.0,44.0,0.16117216117216127,1,566.424219,day VWAP,0.2514403431608905,0.1662241212451337,0.19495305064125515,0.43057852830563415,before,1-3 days
Bebo,SPY,2025-03-24,True,560.0,2025-03-17,,4.65,1.0,465.00000000000006,-160.00000000000006,-0.34408602150537637,7,566.424219,day VWAP,1.1341709595930949,0.39156322135791644,0.22365975265908644,0.3587762610337665,before,4-14 days
Bebo,SPY,2025-10-03,True,669.0,2025-10-03,,0.1,1.0,10.0,21.0,2.1,0,670.468624,day VWAP,0.21904440378405793,0.838309155349326,0.04600749219263977,0.14207297921777529,before,0DTE
Bebo,SPY,2026-08-03,False,759.0,2026-08-03,,0.32,1.0,32.0,1.0,0.03125,0,755.912679,day VWAP,0.40842296812433465,0.7222435639230099,0.09890707564830961,0.17801707190533422,after,0DTE
Bebo,SPY,2026-08-03,True,735.0,2026-07-31,,0.21,1.0,21.0,-3.0,-0.1428571428571429,3,744.38035,day VWAP,1.2601555105531763,1.314335395174011,0.11307441532892377,0.07241611161506578,after,1-3 days
Bebo,SPY,2026-08-03,True,757.0,2026-08-03,,0.35,1.0,71.0,-21.0,-0.295774647887324,0,755.912679,day VWAP,-0.14384214343889506,-0.25436635651696704,,,after,0DTE
Bebo,SPY,2026-08-03,True,758.0,2026-08-03,,0.48,1.0,48.0,-9.0,-0.1875,0,755.912679,day VWAP,-0.27613255578161483,-0.4883049602199884,,,after,0DTE
Bebo,SPY,2026-08-04,True,770.0,2026-08-04,,0.73,1.0,73.0,-17.999999999999993,-0.2465753424657533,0,769.101722,day VWAP,-0.11679573381581959,-0.19693710042194343,,,after,0DTE
Bebo,SPY,2026-08-04,True,771.0,2026-08-04,,0.58,1.0,57.99999999999999,-9.999999999999993,-0.17241379310344818,0,769.101722,day VWAP,-0.24681754645713883,-0.4161755771762916,,,after,0DTE
Bebo,SPY,2026-08-05,True,768.0,2026-08-05,,0.37,1.0,37.0,-13.0,-0.3513513513513513,0,772.634594,day VWAP,0.5998429317028475,0.9278026904742813,0.13310435077936195,0.15440277358639798,after,0DTE
Bebo,SPY,2026-08-07,True,766.0,2026-08-07,,0.08,1.0,45.0,-32.0,-0.7111111111111111,0,772.346739,day VWAP,0.8217473680561441,1.2916434325608492,0.11247010797122795,0.04951691030366179,after,0DTE
Bebo,SPY,2026-08-07,True,767.0,2026-08-07,,0.15,1.0,15.0,-7.999999999999999,-0.5333333333333332,0,772.346739,day VWAP,0.6922718424269747,1.088130505282627,0.11329130963242194,0.08393074283257018,after,0DTE
Bebo,SPY,2026-08-12,False,774.0,2026-08-12,,0.19,1.0,43.0,-4.0,-0.09302325581395354,0,772.716635,day VWAP,0.1660848158134972,0.2652573750553706,0.046281652981637826,0.2107180492154332,after,0DTE
Bebo,SPY,2026-08-12,True,768.0,2026-08-11,,1.1,1.0,110.00000000000001,-85.00000000000001,-0.7727272727272727,1,771.679082,day VWAP,0.47676321489300055,0.44208492635784746,0.1065328937274739,0.27908637335355446,after,1-3 days
Bebo,SPY,2026-08-12,True,772.0,2026-08-12,,0.33,1.0,95.0,-19.0,-0.19999999999999996,0,772.716635,day VWAP,0.0927422767338245,0.148120541679728,0.04545788664064878,0.32302938896106814,after,0DTE
Bebo,SPY,2026-08-18,False,771.0,2026-08-18,,0.36,1.0,36.0,-7.0000000000000036,-0.19444444444444453,0,768.087893,day VWAP,0.3791372089756389,0.6308013869937129,0.09816059701979207,0.19399046493705568,after,0DTE
Bebo,SPY,2026-08-18,False,772.0,2026-08-18,,0.15,1.0,15.0,-4.0,-0.2666666666666667,0,768.087893,day VWAP,0.5093306424503155,0.8474147830652564,0.08990004236154699,0.10263556639138638,after,0DTE
Bebo,SPY,2026-08-18,True,764.0,2026-08-18,,0.15,1.0,15.0,-7.0,-0.4666666666666667,0,768.087893,day VWAP,0.5322168253470971,0.8854923855070924,0.09330463460894672,0.09921106044108796,after,0DTE
Bebo,SPY,2026-08-18,True,765.0,2026-08-18,,0.28,1.0,28.000000000000004,-10.000000000000004,-0.3571428571428572,0,768.087893,day VWAP,0.4020233918724205,0.6688789894355487,0.09312504879460096,0.16522752659449336,after,0DTE
Bebo,SPY,2026-08-18,True,766.0,2026-08-18,,0.5,1.0,50.0,-15.0,-0.30000000000000004,0,768.087893,day VWAP,0.271829958397744,0.4522655933640052,0.09409681239657391,0.2573553954058121,after,0DTE
Bebo,SPY,2026-08-18,True,770.0,2026-08-17,,0.59,1.0,59.0,-3.999999999999993,-0.06779661016949146,1,774.093887,day VWAP,0.5288618175071566,0.5142236628506611,0.08444785433283047,0.2069255248853341,after,1-3 days
Bebo,SPY,2026-08-20,True,770.0,2026-08-17,,1.53,1.0,153.0,0.0,0.0,3,774.093887,day VWAP,0.5288618175071566,0.3366384084500866,0.08718343859640738,0.3011042196741375,after,1-3 days
Bebo,SPY,2026-08-21,False,767.0,2026-08-21,,0.11,3.0,54.0,-24.0,-0.4444444444444444,0,765.788543,day VWAP,0.1581973262820146,0.2706728683867647,0.03656885802701565,0.16612158718604364,after,0DTE
Bebo,SPY,2026-08-21,True,766.0,2026-08-21,,0.4,1.0,40.0,-7.0,-0.17500000000000004,0,765.788543,day VWAP,-0.027612975139534802,-0.047245319256448357,0.020695111542089563,0.6175459182562386,after,0DTE
Bebo,SPY,2026-08-25,True,761.0,2026-08-24,,1.12,1.0,112.00000000000001,3.9999999999999716,0.035714285714285365,1,763.747053,day VWAP,0.3596809950636956,0.3545983744674689,0.09501204060481706,0.3102209281283206,after,1-3 days
Bebo,SPY,2026-08-31,True,763.0,2026-08-31,,0.22,1.0,40.0,-14.0,-0.35,0,766.453399,day VWAP,0.45056868486794854,0.9723930741143215,0.09277621954020027,0.13679910156404307,after,0DTE
Bebo,SPY,2026-08-31,True,765.0,2026-08-31,,0.66,1.0,66.0,13.0,0.19696969696969702,0,766.453399,day VWAP,0.18962653201045956,0.40924177065108186,0.09221655472625441,0.32127578131618695,after,0DTE
Bebo,SPY,2026-09-03,True,765.0,2026-09-03,,0.31,1.0,31.0,-1.0,-0.032258064516129004,0,771.66699,day VWAP,0.8639724241670692,2.629631851305325,0.16207187368670095,0.11399154447641835,after,0DTE
Bebo,SPY,2026-09-03,True,767.0,2026-09-03,,0.63,1.0,132.0,-35.0,-0.26515151515151514,0,771.66699,day VWAP,0.604793267106068,1.840780555201595,0.1629298204711997,0.20059501265003754,after,0DTE
Bebo,SPY,2026-09-03,True,769.0,2026-09-03,,0.22,1.0,38.0,-34.0,-0.8947368421052632,0,771.66699,day VWAP,0.34561411004506687,1.051929259097865,0.07746833134845318,0.15744048814874523,after,0DTE
Bebo,SPY,2026-09-04,True,771.0,2026-09-03,,0.95,1.0,201.0,9.0,0.04477611940298498,1,771.66699,day VWAP,0.08643495298406573,0.15188813275252236,0.05287852059716038,0.4152738614376166,after,1-3 days
Bebo,SPY,2026-09-04,True,772.0,2026-09-04,,1.29,1.0,129.0,21.0,0.16279069767441867,0,770.470401,day VWAP,-0.19852793799926416,-0.538687229279892,,,after,0DTE
Bebo,SPY,2026-09-08,True,764.0,2026-09-03,,0.59,1.0,59.0,-25.0,-0.423728813559322,5,771.66699,day VWAP,0.9935620026975697,1.1429862990941417,0.08247034635609334,0.15098062017530678,after,4-14 days
Bebo,SPY,2026-09-08,True,770.0,2026-09-04,,1.77,1.0,177.0,-13.0,-0.07344632768361581,4,770.470401,day VWAP,0.06105374059658886,0.07408705350730964,0.06523155652329858,0.4612653805261797,after,4-14 days
Bebo,SPY,2026-09-14,False,765.0,2026-09-10,,1.19,1.0,119.0,-1.0,-0.008403361344537785,4,758.227083,day VWAP,0.8932570666299988,1.067958061219761,0.11930173242711427,0.22890804376982693,after,4-14 days
Bebo,SPY,2026-09-14,True,760.0,2026-09-04,,1.35,1.0,135.0,6.0,0.04444444444444451,10,770.470401,day VWAP,1.358962133575854,1.0227058200122217,0.10009116211717976,0.1951093937233609,after,4-14 days
Bebo,SPY,2026-09-15,True,753.0,2026-09-15,,0.3,1.0,30.0,-4.0,-0.1333333333333333,0,757.486221,day VWAP,0.5922511691470096,1.50715370649937,0.1239412987176092,0.14035715280390693,after,0DTE
Bebo,SPY,2026-09-15,True,756.0,2026-09-15,,0.96,1.0,96.0,-48.0,-0.5,0,757.486221,day VWAP,0.19620436105596178,0.499298516240551,0.11853437587831472,0.35397588572636685,after,0DTE
Bebo,T,2024-06-07,False,18.0,2024-05-23,,0.05,15.0,75.0,-30.000000000000007,-0.40000000000000013,15,17.42986,day VWAP,3.2710532385228483,1.2208188268697941,0.15338314682081378,0.16703772019944962,before,15+ days
Bebo,T,2026-09-18,False,27.0,2026-09-16,,0.14,1.0,14.000000000000002,-1.0000000000000018,-0.07142857142857151,2,26.115353,day VWAP,3.3874594764237003,1.770989074292233,0.4272756564415619,0.22317755260951455,after,1-3 days
Bebo,TSLA,2024-02-02,True,180.0,2024-02-01,,0.34,2.0,68.0,74.0,1.0882352941176472,1,187.207379,day VWAP,3.8499438635909766,0.9546642601134547,0.4251793228203108,0.11251969997072964,before,1-3 days
Bebo,TSLA,2024-02-02,True,185.0,2024-02-01,,1.08,1.0,108.0,34.0,0.3148148148148149,1,187.207379,day VWAP,1.1791089709129483,0.29238171599203816,0.34780198593061756,0.3243947191562633,before,1-3 days
Bebo,TSLA,2024-02-16,True,175.0,2024-02-13,,0.49,1.0,49.0,5.0,0.1020408163265305,3,184.209343,day VWAP,4.9993897432227365,0.7799229437730575,0.3767425455811067,0.11953359040883815,before,1-3 days
Bebo,TSLA,2024-02-16,True,180.0,2024-02-14,,0.9,1.0,90.0,64.0,0.711111111111111,2,186.118118,day VWAP,3.2872232245546398,0.6064267947893726,0.415820239465232,0.20390828822415874,before,1-3 days
Bebo,TSLA,2024-04-26,False,175.0,2024-04-26,,0.5,2.0,100.0,-62.0,-0.62,0,169.165039,day VWAP,3.4492712173228606,1.1944686874662391,0.7687789675073848,0.16523820966246144,before,0DTE
Bebo,TSLA,2024-04-26,True,165.0,2024-04-26,,0.35,1.0,185.0,-176.0,-0.9513513513513514,0,169.165039,day VWAP,2.4621157093813024,0.8526207231849043,0.5613178375642253,0.15635507887734235,before,0DTE
Bebo,TSLA,2024-04-26,True,167.5,2024-04-26,,0.17,1.0,17.0,46.0,2.7058823529411766,0,169.165039,day VWAP,0.9842689777052617,0.3408483705221184,0.23870858458900052,0.17474409830982307,before,0DTE
Bebo,TSLA,2024-06-14,True,167.5,2024-06-10,,1.73,1.0,173.0,86.0,0.49710982658959546,4,175.405541,day VWAP,4.507007563689222,0.8727122751121631,0.5092786411279565,0.2383335906127635,before,4-14 days
Bebo,TSLA,2024-09-27,False,255.0,2024-09-26,,2.38,1.0,238.0,-10.000000000000028,-0.04201680672268915,1,255.794145,day VWAP,-0.31046254010231006,-0.07289198379018727,0.24898944255748318,0.5680736140831706,before,1-3 days
Bebo,TSLA,2024-09-27,True,200.0,2024-09-18,,0.85,1.0,85.0,-85.0,-1.0,9,230.107879,day VWAP,13.084245150945048,1.352200832998174,0.5917459189558557,0.07712211763838162,before,4-14 days
Bebo,TSLA,2024-10-25,True,232.5,2024-10-24,,0.96,1.0,96.0,-78.0,-0.8125,1,253.716439,day VWAP,8.362264220490658,2.5060052188183004,0.9346152614847434,0.10617545831799413,before,1-3 days
Bebo,TSLA,2024-11-22,True,325.0,2024-11-22,,0.31,1.0,31.0,-24.0,-0.7741935483870968,0,350.210598,day VWAP,7.198696482623294,2.056212087470738,1.0130934026724736,0.04666274072414189,before,0DTE
Bebo,TSLA,2024-11-22,True,327.5,2024-11-22,,0.51,1.0,51.0,-17.0,-0.33333333333333337,0,350.210598,day VWAP,6.484840301720396,1.8523085458460273,1.0362821304697576,0.07002923553054219,before,0DTE
Bebo,TSLA,2026-08-19,True,335.0,2026-08-19,,0.74,1.0,74.0,11.0,0.14864864864864868,0,345.924224,day VWAP,3.1579817896765685,1.0988092422212439,0.672373592948729,0.13864999644329945,after,0DTE
Bebo,TSLA,2026-09-02,True,350.0,2026-09-02,,0.48,1.0,321.0,-76.0,-0.23676012461059193,0,353.895521,day VWAP,1.100754535969381,0.5772486904255162,0.28679505120348814,0.1913802583511781,after,0DTE
Bebo,TSLA,2026-09-02,True,352.5,2026-09-02,,0.86,1.0,284.0,104.0,0.3661971830985915,0,353.895521,day VWAP,0.39433135408344827,0.20679202338051758,0.2314054329172063,0.34883296533927244,after,0DTE
Bebo,TSLA,2026-09-04,True,340.0,2026-09-02,,1.37,1.0,137.0,5.0,0.03649635036496357,2,353.895521,day VWAP,3.926447263513113,0.9208464945273358,0.4268574583399026,0.16767349947176236,after,1-3 days
Bebo,TSLA,2026-09-04,True,355.0,2026-09-04,,3.74,1.0,533.0,36.0,0.0675422138836772,0,354.941937,day VWAP,-0.016358450199138962,-0.008161364064405483,0.5883038699946613,0.4972630301584371,after,0DTE
Bebo,TSLA,2026-09-09,True,350.0,2026-09-04,,2.54,1.0,254.0,56.0,0.22047244094488194,5,354.941937,day VWAP,1.3923226547332432,0.2625496628320282,0.27725556288868747,0.3279988200106838,after,4-14 days
Bebo,TSLA,2026-09-14,True,340.0,2026-09-04,,2.41,1.0,241.0,3.0,0.012448132780082943,10,354.941937,day VWAP,4.209684864598008,0.5825034541578528,0.3448887161800326,0.21065322821348453,after,4-14 days
Bebo,TSLA,2026-09-14,True,350.0,2026-09-04,,6.92,1.0,1247.0,35.0,0.028067361668003166,10,354.941937,day VWAP,1.3923226547332432,0.1926587813032872,0.40657468268342783,0.402309179083326,after,4-14 days
Bebo,TSLA,2026-09-16,True,342.5,2026-09-16,,0.27,1.0,27.0,-11.0,-0.40740740740740744,0,360.363501,day VWAP,4.957078325199196,2.1814772134170233,0.7193900337682252,0.05450804020923938,after,0DTE
Bebo,TSLA,2026-09-16,True,347.5,2026-09-16,,0.46,1.0,46.0,-1.0,-0.021739130434782594,0,360.363501,day VWAP,3.56959041753787,1.570881000105583,0.6312231517308101,0.09563621869168948,after,0DTE
Bebo,TSLA,2026-09-16,True,352.5,2026-09-16,,0.2,1.0,20.0,-4.0,-0.19999999999999996,0,360.363501,day VWAP,2.182102509876544,0.9602847867941428,0.3512591838435477,0.07810904227740556,after,0DTE
Bebo,TSLA,2026-09-18,True,357.5,2026-09-18,,0.55,1.0,55.00000000000001,3.999999999999993,0.07272727272727253,0,364.92413,day VWAP,2.0344311021581367,0.9243201671584425,0.44347873918069064,0.1467729516039744,after,0DTE
Bebo,TSLA,2026-09-21,False,385.0,2026-09-21,,0.36,1.0,36.0,6.0,0.16666666666666674,0,375.145153,day VWAP,2.6269423771550118,1.204211187262849,0.4528799060397307,0.10109829900133488,after,0DTE
Bebo,TTWO,2024-06-21,False,175.0,2024-06-10,,0.24,2.0,48.0,-34.0,-0.7083333333333333,11,161.240263,day VWAP,8.533685534859243,2.4471510167218296,0.2741882003117189,0.0653156846252231,before,4-14 days
Bebo,UNH,2024-05-17,True,517.5,2024-05-16,,0.48,1.0,48.0,-8.0,-0.16666666666666663,1,522.936503,day VWAP,1.0396105394845645,0.7269697455445857,0.13821330333148607,0.16222132267220302,before,1-3 days
Bebo,UNH,2024-05-24,True,515.0,2024-05-23,,1.75,1.0,285.0,305.0,1.0701754385964914,1,517.057982,day VWAP,0.3980176443732065,0.3653348426192645,0.16703149895542002,0.3760325719348424,before,1-3 days
Bebo,UNH,2024-05-31,True,500.0,2024-05-23,,0.78,1.0,78.0,1.0,0.012820512820512775,8,517.057982,day VWAP,3.299046256673016,1.4546755009742451,0.1729548987718149,0.11092934343303795,before,4-14 days
Bebo,UNH,2024-08-02,True,555.0,2024-07-30,,0.75,1.0,75.0,-56.0,-0.7466666666666666,3,575.901193,day VWAP,3.6293019104754713,0.9446168250900873,0.2428718408196114,0.09579797039930615,before,1-3 days
Bebo,UNH,2025-05-09,False,495.0,2025-04-17,,8.5,1.0,850.0,-415.00000000000006,-0.4882352941176471,22,460.124942,day VWAP,7.579475663373195,0.9348898065030316,0.443638652844961,0.27866013055808436,before,15+ days
Bebo,USO,2024-01-26,True,72.0,2024-01-26,,0.15,3.0,501.0,669.0,1.3353293413173652,0,72.420901,day VWAP,0.5811871906978907,0.44074710667273576,0.2470183733142456,0.29623957840004844,before,0DTE
Bebo,USO,2024-02-02,True,70.0,2024-01-26,,0.41,8.0,1453.0,199.0,0.1369580178940124,7,72.420901,day VWAP,3.3428208798451715,0.7643463564513635,0.3026367378569472,0.2168699479444477,before,4-14 days
Bebo,USO,2025-02-26,True,73.0,2025-02-25,,0.15,1.0,15.0,-15.0,-1.0,1,74.221178,day VWAP,1.6453228484193485,0.961585948587033,0.24787986867869585,0.19023048128762787,before,1-3 days
Bebo,W,2024-02-16,True,45.0,2024-01-31,,1.0,1.0,100.0,-18.0,-0.18000000000000005,16,51.300646,day VWAP,12.28180635386151,0.8302102186579331,0.7533959057149139,0.19355858943108306,before,15+ days
Bebo,WMT,2024-03-15,True,60.83,2024-03-15,,0.12,1.0,12.0,-6.0,-0.5,0,60.724377,day VWAP,-0.17393838392117444,-0.010142172922446263,0.04683165585473546,0.7973097786405896,before,0DTE
Bebo,WMT,2024-05-10,True,58.0,2024-05-06,,0.06,3.0,30.0,0.0,0.0,4,59.71081,day VWAP,2.865159591705425,1.5276569486410092,0.16740350832906006,0.09498249683469107,before,4-14 days
Bebo,WMT,2024-06-14,True,64.0,2024-05-31,,0.44,1.0,44.0,-22.0,-0.5,14,65.250509,day VWAP,1.9164739389235934,0.36131865651267464,0.17773000387149976,0.2906361736494265,before,4-14 days
Bebo,WMT,2024-06-14,True,65.0,2024-06-10,,0.09,2.0,18.0,-3.9999999999999982,-0.2222222222222221,4,66.777455,day VWAP,2.6617591221468433,0.7354957020395122,0.17221400719763852,0.11824450177200663,before,4-14 days
Bebo,WMT,2024-06-14,True,66.0,2024-06-10,,0.26,1.0,82.0,33.999999999999986,0.41463414634146334,4,66.777455,day VWAP,1.1642477240260254,0.3217042406300752,0.15985737414324075,0.28811796906989817,before,4-14 days
Bebo,WMT,2024-06-21,False,70.0,2024-06-18,,0.03,1.0,6.0,-4.0,-0.6666666666666667,3,67.608624,day VWAP,3.5370872212988598,2.1444657202733435,0.1788574786407089,0.05065710324220906,before,1-3 days
Bebo,WMT,2024-06-21,True,66.0,2024-06-17,,0.2,1.0,20.0,0.0,0.0,4,67.157082,day VWAP,1.7229485938653537,0.9072223746448169,0.17253106419782488,0.2220323351831619,before,4-14 days
Bebo,WMT,2024-06-28,True,65.0,2024-06-06,,0.24,1.0,88.0,-3.999999999999986,-0.0454545454545453,22,67.164086,day VWAP,3.222088066530076,0.48630320812013905,0.1418909909640147,0.17873165988132955,before,15+ days
Bebo,WMT,2024-07-05,True,67.0,2024-07-02,,0.13,2.0,105.0,-50.0,-0.47619047619047616,3,67.800059,day VWAP,1.180026996731676,0.634171053309425,0.13011456193288062,0.21717033902871297,before,1-3 days
Bebo,WMT,2024-07-19,True,60.0,2024-05-31,,0.18,5.0,89.99999999999999,-24.999999999999986,-0.2777777777777777,49,65.250509,day VWAP,8.046694317740869,0.8250598343539056,0.17097940906877263,0.09023534823037105,before,15+ days
Bebo,WMT,2024-09-06,True,75.0,2024-08-30,,0.08,3.0,48.0,-27.0,-0.5625,7,77.087994,day VWAP,2.7085852045909964,0.7093570574182428,0.1464730122115256,0.10030878264459031,before,4-14 days
Bebo,WMT,2024-09-06,True,77.0,2024-09-03,,0.3,2.0,120.0,-32.0,-0.2666666666666667,3,77.387516,day VWAP,0.5007474332164958,0.1746420613350891,0.12908114007230392,0.36783059888767555,before,1-3 days
Bebo,WMT,2024-09-20,True,79.0,2024-09-16,,0.15,1.0,260.0,161.0,0.6192307692307693,4,80.520413,day VWAP,1.888232987577951,1.5109946580362947,0.15142005075979872,0.17049228256656113,before,4-14 days
Bebo,WMT,2024-09-20,True,80.0,2024-09-16,,0.42,1.0,84.0,40.0,0.4761904761904763,4,80.520413,day VWAP,0.6463118861548871,0.5171892525074746,0.151257897991312,0.3703601319474228,before,4-14 days
Robinhood-main,AAPL,2024-02-09,True,177.5,2024-02-05,,0.15,1.0,15.0,-14.0,-0.9333333333333333,4,187.770827,day VWAP,5.469873656145743,1.9492628470247035,0.2634033643334138,0.053078205078491036,before,4-14 days
Robinhood-main,AAPL,2024-04-26,True,170.0,2024-04-15,,1.0,1.0,100.0,110.0,1.1,11,174.156292,day VWAP,2.386529910730993,0.47100180926940144,0.19200577799584792,0.2525245972758947,before,4-14 days
Robinhood-main,AAPL,2024-06-07,False,200.0,2024-05-31,2024-05-31 14:16:00-04:00,0.11,5.0,55.00000000000001,14.999999999999993,0.2727272727272725,7,190.6184,exact minute,4.921665484549231,1.3548465948431903,0.19882512398033936,0.04874970948821837,before,4-14 days
Robinhood-main,AAPL,2024-06-14,True,180.0,2024-05-31,2024-05-31 11:02:00-04:00,0.65,1.0,65.0,-30.0,-0.46153846153846156,14,191.2001,exact minute,5.857789823331679,1.127952521913937,0.2596421138441111,0.12471693991549582,before,4-14 days
Robinhood-main,AAPL,2024-06-14,True,200.0,2024-06-11,2024-06-11 11:25:00-04:00,0.92,1.0,237.0,-231.0,-0.9746835443037974,3,203.59,exact minute,1.7633479051033958,0.894405905900755,0.23350603216066051,0.2602746575810383,before,1-3 days
Robinhood-main,AAPL,2024-06-28,True,175.0,2024-05-31,2024-05-31 10:59:00-04:00,0.56,2.0,224.00000000000003,-108.00000000000004,-0.4821428571428573,28,191.3715,exact minute,8.55482660688765,1.1858237572386323,0.23816617123498593,0.0897861301263021,before,15+ days
Robinhood-main,AAPL,2024-08-09,True,200.0,2024-08-05,2024-08-05 12:13:00-04:00,1.27,1.0,600.0,344.9999999999999,0.5749999999999997,4,211.61,exact minute,5.48650819904542,1.7860000881329676,0.46154895643662813,0.17417937288416407,before,4-14 days
Robinhood-main,AAPL,2024-08-09,True,210.0,2024-08-07,2024-08-07 14:11:00-04:00,2.38,1.0,430.0,-430.0,-1.0,2,210.7961,exact minute,0.37766353362324806,0.14139445027937467,0.34571978706428524,0.44768349555362263,before,1-3 days
Robinhood-main,AAPL,2024-08-09,True,212.5,2024-08-02,2024-08-02 12:31:00-04:00,0.91,1.0,91.0,1249.0,13.725274725274724,7,224.62,exact minute,5.395779538776602,1.5146781438479857,0.3613189322045998,0.14399626926760756,before,4-14 days
Robinhood-main,AAPL,2024-08-16,False,210.0,2024-08-06,,3.05,1.0,305.0,25.0,0.08196721311475419,10,206.571553,day VWAP,1.6596898024966709,0.3206358889252794,0.2988886500339031,0.3926493053060861,before,4-14 days
Robinhood-main,AAPL,2024-08-16,True,185.0,2024-08-06,2024-08-06 14:01:00-04:00,0.39,1.0,454.0,-310.0,-0.6828193832599119,10,208.51,exact minute,11.275238597669173,2.203673449226375,0.4238041053377205,0.05553720033183429,before,4-14 days
Robinhood-main,AAPL,2024-08-16,True,190.0,2024-08-05,,3.3,1.0,633.0,-329.0,-0.5197472353870458,11,208.116338,day VWAP,8.704909078306006,1.9679671866939754,0.6370827726421635,0.21240292992532517,before,4-14 days
Robinhood-main,AAPL,2024-08-16,True,200.0,2024-08-07,2024-08-07 13:50:00-04:00,1.45,1.0,496.0,-192.0,-0.3870967741935484,9,210.8213,exact minute,5.1329253732900835,1.071420928955596,0.36857360671713185,0.1922838235897507,before,4-14 days
Robinhood-main,AAPL,2024-08-16,True,205.0,2024-08-08,2024-08-08 15:43:00-04:00,1.38,1.0,414.0,-258.0,-0.6231884057971014,8,212.325,exact minute,3.449899917579178,0.8108755829005803,0.3123797205388316,0.22665068482263884,before,4-14 days
Robinhood-main,AAPL,2024-09-13,True,210.0,2024-09-09,2024-09-09 15:54:00-04:00,0.57,1.0,99.0,-46.0,-0.46464646464646464,4,220.02,exact minute,4.554131442596132,2.177510147322292,0.3262302330158992,0.12456409996680651,before,4-14 days
Robinhood-main,AAPL,2024-09-13,True,215.0,2024-09-11,2024-09-11 09:38:00-04:00,0.46,1.0,46.0,-46.0,-1.0,2,222.6,exact minute,3.4141958670260535,1.9704590234576558,0.2877093256697732,0.13007057394348376,before,1-3 days
Robinhood-main,AAPL,2024-09-20,True,215.0,2024-09-12,2024-09-12 10:55:00-04:00,1.03,1.0,103.0,-40.0,-0.38834951456310685,8,222.038,exact minute,3.169727704266842,1.2640637855750498,0.2427789940574501,0.20365149191179133,before,4-14 days
Robinhood-main,AAPL,2024-10-18,True,230.0,2024-10-15,2024-10-15 14:00:00-04:00,0.75,1.0,75.0,70.0,0.9333333333333333,3,233.76,exact minute,1.6084873374401059,0.578946151811267,0.20011319177455766,0.2361472085353754,before,1-3 days
Robinhood-main,AAPL,2025-02-28,True,235.0,2025-02-26,,0.66,1.0,198.0,15.0,0.07575757575757569,2,241.664944,day VWAP,2.757927521337142,1.1017947368679413,0.29848991402724,0.16965088407264073,before,1-3 days
Robinhood-main,AAPL,2025-02-28,True,245.0,2025-02-24,,1.9,1.0,820.0,1408.0,1.7170731707317075,4,247.302823,day VWAP,0.9311753792636607,0.2570582126981063,0.22156866759699648,0.3704071997153743,before,4-14 days
Robinhood-main,AAPL,2025-03-07,False,245.0,2025-03-03,,1.84,1.0,742.0,-86.0,-0.11590296495956875,4,239.978276,day VWAP,2.0925744128606065,0.6132525985140228,0.2970503310683637,0.30787752755300724,before,4-14 days
Robinhood-main,AAPL,2025-03-07,True,232.5,2025-03-05,,2.24,1.0,1524.0000000000002,778.9999999999998,0.5111548556430443,2,233.781766,day VWAP,0.548274581859393,0.23980137605051527,0.3060439211542714,0.42246147706402004,before,1-3 days
Robinhood-main,AAPL,2025-03-07,True,235.0,2025-03-03,,0.94,2.0,5142.0,403.0,0.07837417347335673,4,239.978276,day VWAP,2.07446944072554,0.6079467316642625,0.21635964295417212,0.22979938941871936,before,4-14 days
Robinhood-main,AAPL,2025-03-07,True,240.0,2025-03-03,,2.68,1.0,1453.0000000000002,832.9999999999998,0.5732966276668958,4,239.978276,day VWAP,-0.009052486067533077,-0.0026529334248800492,0.20862889777047244,0.4957343058934841,before,4-14 days
Robinhood-main,AAPL,2025-03-14,False,245.0,2025-03-03,,3.4,2.0,680.0,30.0,0.044117647058823595,11,239.978276,day VWAP,2.0925744128606065,0.4220693848083706,0.2956971741201348,0.36994039015280433,before,4-14 days
Robinhood-main,AAPL,2025-03-14,True,235.0,2025-03-03,,2.24,5.0,1120.0,800.0,0.7142857142857142,11,239.978276,day VWAP,2.07446944072554,0.4184176367968989,0.23247604775027822,0.31313293498382555,before,4-14 days
Robinhood-main,AAPL,2025-03-21,True,210.0,2025-03-20,2025-03-20 09:33:00-04:00,0.66,6.0,3191.0,-1595.0,-0.49984330930742715,1,213.81,exact minute,1.7819559421916666,0.6867327980321697,0.2685127104631509,0.22212459171736887,before,1-3 days
Robinhood-main,AAPL,2025-03-21,True,225.0,2025-03-05,,3.05,1.0,305.0,50.0,0.16393442622950816,16,233.781766,day VWAP,3.756394756638122,0.7347503168410446,0.32008783959982157,0.2834173156374058,before,15+ days
Robinhood-main,AAPL,2025-03-21,True,230.0,2025-03-03,,1.98,3.0,594.0,414.0,0.696969696969697,18,239.978276,day VWAP,4.157991367518614,0.6788351556886549,0.24971701552097123,0.22997110646809893,before,15+ days
Robinhood-main,AAPL,2025-04-04,True,207.5,2025-03-24,,1.02,1.0,102.0,-45.00000000000001,-0.4411764705882354,11,220.082882,day VWAP,5.717337889095805,0.9703568004996084,0.30041016723350955,0.1495168974896195,before,4-14 days
Robinhood-main,AAPL,2025-04-11,True,210.0,2025-03-28,2025-03-28 09:34:00-04:00,1.39,2.0,752.0,-268.0,-0.3563829787234043,14,221.66,exact minute,5.260308580709193,0.8249684222659557,0.2948948580782449,0.1818703544229845,before,4-14 days
Robinhood-main,AAPL,2025-08-08,True,207.5,2025-08-06,2025-08-06 11:38:00-04:00,0.53,1.0,53.0,-46.0,-0.8679245283018868,2,214.38,exact minute,3.209254594645021,2.3086756841912837,0.3084649811501492,0.14850696625671067,before,1-3 days
Robinhood-main,AAPL,2025-08-08,True,210.0,2025-08-07,2025-08-07 09:43:00-04:00,0.15,1.0,23.0,-13.0,-0.5652173913043479,1,218.932,exact minute,4.079805601739348,2.039789455306752,0.30396787921954616,0.058838418671194215,before,1-3 days
Robinhood-main,AAPL,2025-08-08,True,215.0,2025-08-07,2025-08-07 09:40:00-04:00,0.57,1.0,56.99999999999999,-53.99999999999999,-0.9473684210526315,1,218.932,exact minute,1.7959914493998081,0.8961948760303068,0.2521643356046425,0.20521846535472132,before,1-3 days
Robinhood-main,AAPL,2025-09-26,True,250.0,2025-09-25,,0.8,1.0,80.0,-45.0,-0.5625,1,254.78271,day VWAP,1.8771721205100647,0.8530859145508904,0.32125254174434975,0.2185886645905173,before,1-3 days
Robinhood-main,AAPL,2025-09-26,True,255.0,2025-09-25,2025-09-25 15:44:00-04:00,0.92,1.0,92.0,-80.0,-0.8695652173913043,1,256.11,exact minute,0.43340752020616674,0.23642861312671212,0.2145370369921796,0.37376740812841347,before,1-3 days
Robinhood-main,AAPL,2025-12-12,True,270.0,2025-12-11,2025-12-11 09:31:00-05:00,0.09,4.0,44.0,121.0,2.75,1,279.06,exact minute,3.246613631477103,2.362474306388829,0.214747220639303,0.04129510520581514,best run,1-3 days
Robinhood-main,AAPL,2025-12-12,True,275.0,2025-12-11,,0.49,1.0,49.0,119.0,2.4285714285714284,1,277.100462,day VWAP,0.7580146149305205,0.6365094577184556,0.14996748222961084,0.2535300674558226,best run,1-3 days
Robinhood-main,AAPL,2025-12-12,True,277.5,2025-12-12,2025-12-12 09:33:00-05:00,0.65,1.0,65.0,-55.0,-0.8461538461538461,0,277.91,exact minute,0.14752977582671548,0.15405198932663483,0.12069003212077188,0.4212373854426489,best run,0DTE
Robinhood-main,AAPL,2026-02-18,True,265.0,2026-02-18,2026-02-18 11:40:00-05:00,0.35,1.0,35.0,18.0,0.5142857142857142,0,266.1699,exact minute,0.43953129185530904,0.2477029142622417,0.14732717231485232,0.27924007178568677,best run,0DTE
Robinhood-main,AAPL,2026-02-23,True,260.0,2026-02-18,2026-02-18 11:40:00-05:00,0.93,1.0,93.0,118.0,1.2688172043010755,5,266.1699,exact minute,2.318030701442945,0.5570307310548165,0.24335855194429012,0.207928995465409,best run,4-14 days
Robinhood-main,AAPL,2026-02-27,True,262.5,2026-02-23,,2.64,1.0,264.0,-127.0,-0.4810606060606061,4,266.560493,day VWAP,1.5232913753652189,0.3498001887115683,0.3101817097829331,0.3478780523307621,best run,4-14 days
Robinhood-main,AAPL,2026-03-02,True,260.0,2026-02-24,,0.62,1.0,62.0,8.0,0.12903225806451624,6,272.551705,day VWAP,4.605256459503721,1.0584468365263573,0.2987787675533585,0.11491138748698115,best run,4-14 days
Robinhood-main,AAPL,2026-03-13,True,250.0,2026-03-12,2026-03-12 12:28:00-04:00,0.41,1.0,100.0,-82.0,-0.8200000000000001,1,255.81,exact minute,2.2712169188069278,0.9879281034608074,0.2776315075111852,0.1427203530951916,best run,1-3 days
Robinhood-main,AAPL,2026-03-13,True,252.5,2026-03-12,2026-03-12 12:27:00-04:00,0.82,1.0,82.0,-42.0,-0.5121951219512195,1,255.81,exact minute,1.2939290879949972,0.5623630670791855,0.2602612649153252,0.2581548092786726,best run,1-3 days
Robinhood-main,AAPL,2026-03-16,True,250.0,2026-03-12,,1.26,1.0,126.0,-1.0,-0.007936507936507908,4,255.714195,day VWAP,2.2346021893700465,0.7637705050176562,0.3359413240100726,0.24442572205856794,best run,4-14 days
Robinhood-main,AAPL,2026-04-15,True,255.0,2026-04-14,,0.35,10.0,350.0,90.00000000000006,0.25714285714285734,1,258.821886,day VWAP,1.4766471487654664,0.9750139896668077,0.19930254877821865,0.16473678407245007,best run,1-3 days
Robinhood-main,AAPL,2026-07-10,True,300.0,2026-07-06,,0.45,1.0,45.0,5.0,0.11111111111111116,4,312.09524,day VWAP,3.875496467039994,0.7499094790818825,0.2312748363361143,0.09776618609007315,after,4-14 days
Robinhood-main,AAPL,2026-07-13,False,317.5,2026-07-13,,0.27,1.0,27.0,3.0,0.11111111111111116,0,318.316569,day VWAP,-0.256527331444068,-0.16288836089119169,,,after,0DTE
Robinhood-main,AAPL,2026-07-13,True,300.0,2026-07-09,,0.65,2.0,130.0,-48.0,-0.36923076923076925,4,314.358526,day VWAP,4.567563724993412,1.2028447496270525,0.3875633282366197,0.10927104445776803,after,4-14 days
Robinhood-main,AAPL,2026-07-13,True,305.0,2026-07-09,,1.08,1.0,108.0,-21.0,-0.19444444444444442,4,314.358526,day VWAP,2.977023120409969,0.7839839453818764,0.34147988711000526,0.1825791164279118,after,4-14 days
Robinhood-main,AAPL,2026-07-17,False,337.5,2026-07-16,,1.25,1.0,125.0,-15.999999999999986,-0.1279999999999999,1,331.579432,day VWAP,1.7855655172242417,0.631302055084123,0.33285923505889115,0.24941835125542672,after,1-3 days
Robinhood-main,AAPL,2026-07-17,True,310.0,2026-07-13,,0.79,1.0,79.0,12.0,0.1518987341772151,4,318.316569,day VWAP,2.6126723551107434,0.5529935999074477,0.20746642691022404,0.16632686971484112,after,4-14 days
Robinhood-main,AAPL,2026-07-17,True,317.5,2026-07-16,,0.18,1.0,18.0,-6.0,-0.33333333333333337,1,331.579432,day VWAP,4.246171698611269,1.5012705463423708,0.3423619901695816,0.048871772551915216,after,1-3 days
Robinhood-main,AAPL,2026-07-17,True,322.5,2026-07-16,,0.49,1.0,49.0,-20.000000000000004,-0.40816326530612257,1,331.579432,day VWAP,2.7382373946523915,0.9681273959857475,0.3128486451829119,0.12254544203472006,after,1-3 days
Robinhood-main,AAPL,2026-07-17,True,330.0,2026-07-16,,1.08,1.0,233.0,28.0,0.12017167381974247,1,331.579432,day VWAP,0.47633593871407476,0.16841267045081218,0.17265713803672464,0.3575171883311389,after,1-3 days
Robinhood-main,AAPL,2026-07-22,False,325.0,2026-07-22,,0.24,2.0,329.0,-8.0,-0.024316109422492405,0,325.387213,day VWAP,-0.11900068119762724,-0.0710444184245842,,,after,0DTE
Robinhood-main,AAPL,2026-07-22,True,320.0,2026-07-20,,1.5,1.0,267.0,-69.0,-0.2584269662921348,2,326.923984,day VWAP,2.117918641294919,0.5838040472896256,0.3155837689912582,0.24298135760145345,after,1-3 days
Robinhood-main,AAPL,2026-07-22,True,325.0,2026-07-22,,1.48,1.0,264.0,32.0,0.1212121212121211,0,325.387213,day VWAP,0.11900068119762724,0.0710444184245842,0.2883753813673843,0.46052169481006355,after,0DTE
Robinhood-main,AAPL,2026-07-24,False,325.0,2026-07-22,,2.52,1.0,252.0,-8.0,-0.031746031746031744,2,325.387213,day VWAP,-0.11900068119762724,-0.03177202980386176,0.1796416194439893,0.5300890834787997,after,1-3 days
Robinhood-main,AAPL,2026-07-24,False,327.5,2026-07-22,,1.58,1.0,315.0,-4.0,-0.012698412698412653,2,325.387213,day VWAP,0.6493146981777757,0.1733607382324895,0.1923719794823588,0.3713793034753248,after,1-3 days
Robinhood-main,AAPL,2026-07-24,True,317.5,2026-07-22,,0.99,1.0,192.0,3.0,0.015625,2,325.387213,day VWAP,2.423946819323836,0.6471703339129156,0.2864098752496258,0.19094187516031536,after,1-3 days
Robinhood-main,AAPL,2026-07-24,True,320.0,2026-07-22,,1.53,1.0,153.0,-4.0,-0.02614379084967322,2,325.387213,day VWAP,1.655631439948433,0.44203756587656423,0.28081755576217665,0.2706431624344475,after,1-3 days
Robinhood-main,AAPL,2026-07-27,True,320.0,2026-07-20,,2.46,1.0,796.0,-11.0,-0.013819095477386911,7,326.923984,day VWAP,2.117918641294919,0.3936006083881497,0.27309351465395443,0.29089909905296996,after,4-14 days
Robinhood-main,AAPL,2026-07-27,True,332.5,2026-07-27,,0.09,1.0,9.0,2.0,0.22222222222222232,0,336.757133,day VWAP,1.2641552569578416,0.955959094759992,0.19386955124372732,0.06976661829987241,after,0DTE
Robinhood-main,AAPL,2026-07-27,True,335.0,2026-07-27,,0.32,1.0,232.0,5.0,0.02155172413793105,0,336.757133,day VWAP,0.5217804844537651,0.39457242046534946,0.15939929974500805,0.22954246713595317,after,0DTE
Robinhood-main,AAPL,2026-07-29,True,330.0,2026-07-27,,1.6,1.0,160.0,-36.0,-0.22499999999999998,2,336.757133,day VWAP,2.006530029461918,0.6785776569955719,0.311668883875427,0.2519179924401884,after,1-3 days
Robinhood-main,AAPL,2026-07-29,True,332.5,2026-07-27,,1.34,1.0,134.0,43.0,0.32089552238805963,2,336.757133,day VWAP,1.2641552569578416,0.427517903918501,0.2256718405938475,0.2818906282764678,after,1-3 days
Robinhood-main,AAPL,2026-07-29,True,337.5,2026-07-29,,0.37,1.0,290.0,-37.0,-0.12758620689655176,0,340.796598,day VWAP,0.9673212759007698,0.7754638363294787,0.24298820679868396,0.1831353194742713,after,0DTE
Robinhood-main,AAPL,2026-07-31,True,320.0,2026-07-24,,2.45,1.0,471.0,8.0,0.01698513800424628,7,331.393454,day VWAP,3.4380443736827764,0.6144651882710715,0.3465566760097881,0.23918399581579453,after,4-14 days
Robinhood-main,AFRM,2026-05-01,True,60.0,2026-04-23,2026-04-23 09:36:00-04:00,0.85,1.0,85.0,75.0,0.8823529411764706,8,65.0101,exact minute,7.70664865920833,0.7846988776093095,0.6341850269224717,0.20828774221054558,best run,4-14 days
Robinhood-main,AFRM,2026-05-15,True,62.5,2026-05-05,,3.0,1.0,300.0,75.0,0.25,10,67.129222,day VWAP,6.895986370883307,0.6162701952266871,1.049844142314529,0.3202537870854738,after,4-14 days
Robinhood-main,AMC,2024-04-19,False,3.5,2024-04-17,2024-04-17 09:41:00-04:00,0.05,5.0,25.0,-20.0,-0.8,2,3.025,exact minute,15.702479338842979,1.5221805875107945,1.4616226619569077,0.2005842104998492,before,1-3 days
Robinhood-main,AMD,2024-01-26,True,157.5,2024-01-23,,0.79,1.0,158.0,-148.0,-0.9367088607594937,3,167.879055,day VWAP,6.1824597475843515,0.9935815377953637,0.5252332760006355,0.14412876686284704,before,1-3 days
Robinhood-main,AMD,2024-02-09,False,180.0,2024-01-31,,1.18,1.0,356.0,85.0,0.2387640449438202,9,167.25143,day VWAP,7.6223982061020354,0.7765472939427358,0.441888325785556,0.17735551117820186,before,4-14 days
Robinhood-main,AMD,2024-02-09,True,155.0,2024-01-31,,1.15,1.0,460.99999999999994,-425.99999999999994,-0.9240780911062907,9,167.25143,day VWAP,7.325157100301026,0.7462652527639454,0.45991948584514286,0.15903007138289393,before,4-14 days
Robinhood-main,AMD,2024-02-16,True,165.0,2024-02-15,,0.09,1.0,9.0,-1.0,-0.11111111111111116,1,177.070508,day VWAP,6.8167805787285545,1.849657330074989,0.5028261113149163,0.03293281847157259,before,1-3 days
Robinhood-main,AMD,2024-02-23,True,165.0,2024-02-22,,0.25,4.0,125.0,-115.0,-0.92,1,180.537774,day VWAP,8.606383947106833,2.5566374201144026,0.7451160271010203,0.055443216385199445,before,1-3 days
Robinhood-main,AMD,2024-03-01,False,190.0,2024-02-20,,1.13,1.0,112.99999999999999,-64.99999999999999,-0.5752212389380531,10,164.982518,day VWAP,15.1637169218135,1.9701956934621616,0.6346403231126494,0.12445152926355385,before,4-14 days
Robinhood-main,AMD,2024-03-01,True,165.0,2024-02-27,,0.4,1.0,40.0,-26.0,-0.6499999999999999,3,176.763846,day VWAP,6.655119961578569,1.047019440550938,0.4460725529900539,0.09072102692169937,before,1-3 days
Robinhood-main,AMD,2024-03-08,True,155.0,2024-02-27,,0.38,1.0,38.0,-16.0,-0.42105263157894735,10,176.763846,day VWAP,12.312385418452596,1.2429842294397304,0.4652741402139884,0.05701646351726042,before,4-14 days
Robinhood-main,AMD,2024-03-08,True,200.0,2024-03-06,,0.98,1.0,98.0,-31.0,-0.3163265306122449,2,210.848777,day VWAP,5.145288084834379,0.8632836529770322,0.5455826309379042,0.15883800925861036,before,1-3 days
Robinhood-main,AMD,2024-03-15,True,160.0,2024-02-22,,2.51,2.0,501.99999999999994,-283.9999999999999,-0.5657370517928286,22,180.537774,day VWAP,11.37588746386117,1.018913622993856,0.54341895672196,0.1741159942823931,before,15+ days
Robinhood-main,AMD,2024-03-15,True,180.0,2024-03-04,,0.7,1.0,70.0,21.0,0.30000000000000004,11,207.809901,day VWAP,13.38237536622473,1.1163587147993035,0.5236423663333447,0.07161138480284246,before,4-14 days
Robinhood-main,AMD,2024-04-05,True,170.0,2024-04-01,2024-04-01 09:41:00-04:00,0.31,1.0,92.0,-2.0,-0.021739130434782594,4,183.86,exact minute,7.53834439247254,1.313315344022403,0.3838053852832811,0.06933062918971333,before,4-14 days
Robinhood-main,AMD,2024-08-09,False,140.0,2024-08-02,2024-08-02 11:39:00-04:00,3.0,1.0,300.0,-213.0,-0.71,7,136.02,exact minute,2.926040288192905,0.2964449656675004,0.5724476201306143,0.38477425277198274,before,4-14 days
Robinhood-main,AMD,2024-08-09,True,125.0,2024-08-02,2024-08-02 14:47:00-04:00,1.73,1.0,173.0,286.99999999999994,1.6589595375722541,7,132.67,exact minute,5.781261777342269,0.6123262003931327,0.6213328765010375,0.23804413613829678,before,4-14 days
Robinhood-main,AMD,2024-08-16,True,120.0,2024-08-02,2024-08-02 13:44:00-04:00,1.9,1.0,190.0,360.0,1.8947368421052633,14,132.49,exact minute,9.427126575590616,0.7069063919389477,0.6142933431745783,0.19554565338970553,before,4-14 days
Robinhood-main,AMD,2024-11-01,True,145.0,2024-10-29,2024-10-29 09:30:00-04:00,1.08,1.0,108.0,-51.99999999999999,-0.4814814814814814,3,161.07,exact minute,9.977028621096414,2.1134831657231423,0.7769306191784032,0.13077915703988552,before,1-3 days
Robinhood-main,AMD,2024-11-15,True,140.0,2024-11-11,2024-11-11 09:35:00-05:00,0.7,1.0,70.0,-29.0,-0.41428571428571426,4,146.32,exact minute,4.319300164024052,0.5790496056374089,0.3477787031162137,0.17697920836399317,before,4-14 days
Robinhood-main,AMD,2024-12-06,True,127.0,2024-12-02,2024-12-02 09:31:00-05:00,0.17,1.0,17.0,-13.0,-0.7647058823529411,4,137.9199,exact minute,7.917566645567471,1.8893082250837725,0.3715287538695815,0.05449667662801394,before,4-14 days
Robinhood-main,AMD,2025-03-28,True,107.0,2025-03-24,2025-03-24 15:05:00-04:00,0.22,1.0,22.0,-3.0,-0.13636363636363635,4,114.6187,exact minute,6.646995647307118,1.2245842137276703,0.392698359284572,0.08203347400313832,before,4-14 days
Robinhood-main,AMD,2025-03-28,True,110.0,2025-03-24,2025-03-24 15:00:00-04:00,0.56,4.0,224.00000000000003,-24.00000000000003,-0.1071428571428572,4,114.59,exact minute,4.005585129592463,0.7368141954517387,0.36611539165010704,0.185874197599188,before,4-14 days
Robinhood-main,AMD,2025-03-28,True,114.0,2025-03-24,2025-03-24 15:00:00-04:00,1.78,1.0,178.0,28.0,0.1573033707865168,4,114.59,exact minute,0.514879134304916,0.09471032141972288,0.35218750069906163,0.4456056091419216,before,4-14 days
Robinhood-main,AMD,2025-04-04,True,108.0,2025-03-24,2025-03-24 15:03:00-04:00,0.97,1.0,97.0,7.0,0.07216494845360821,11,114.59,exact minute,5.750938127236236,0.7129132164790231,0.3854014645815896,0.1995031647283929,before,4-14 days
Robinhood-main,AMD,2025-05-09,True,93.0,2025-05-05,2025-05-05 09:30:00-04:00,1.89,1.0,242.0,-91.0,-0.37603305785123964,4,99.01,exact minute,6.070093929906075,0.4154567531379043,0.7853979099880327,0.26718257956167324,before,4-14 days
Robinhood-main,AMD,2025-07-25,True,149.0,2025-07-23,2025-07-23 12:56:00-04:00,0.23,1.0,23.0,1.0,0.04347826086956519,2,158.4598,exact minute,5.9698421934143555,1.3719358219913145,0.4360172979629584,0.07394310594250997,before,1-3 days
Robinhood-main,AMD,2025-07-25,True,152.5,2025-07-23,2025-07-23 12:54:00-04:00,0.58,1.0,57.99999999999999,-1.0,-0.017241379310344862,2,158.227,exact minute,3.6194834004310286,0.8309358329572066,0.39856480940958705,0.1703615727227098,before,1-3 days
Robinhood-main,AMD,2025-07-25,True,155.0,2025-07-24,2025-07-24 09:30:00-04:00,0.7,1.0,70.0,-59.0,-0.8428571428571429,1,159.08,exact minute,2.5647472969575134,0.738382968506491,0.3856606142659811,0.219640074227468,before,1-3 days
Robinhood-main,AMD,2025-08-01,True,157.5,2025-07-28,2025-07-28 09:37:00-04:00,0.32,1.0,32.0,-9.0,-0.28125,4,171.36,exact minute,8.088235294117654,1.4906134620822542,0.4157008831520856,0.07048526175795156,before,4-14 days
Robinhood-main,AMD,2025-08-08,True,162.5,2025-08-04,2025-08-04 09:40:00-04:00,2.32,1.0,231.99999999999997,17.000000000000057,0.07327586206896575,4,174.8308,exact minute,7.052990662972435,1.3095121145172521,0.7171297369596866,0.21878471365716423,before,4-14 days
Robinhood-main,AMD,2025-09-19,True,145.0,2025-09-08,,2.18,1.0,218.00000000000003,-29.00000000000003,-0.1330275229357799,11,151.099662,day VWAP,4.036846885865301,0.48338742479099167,0.401352457072141,0.28510590497736155,before,4-14 days
Robinhood-main,AMD,2025-10-03,True,167.5,2025-10-03,2025-10-03 09:34:00-04:00,0.46,1.0,46.0,-7.0,-0.15217391304347827,0,170.62,exact minute,1.8286250146524468,0.8358398930748081,0.36521617508271437,0.20674195623189295,before,0DTE
Robinhood-main,AMD,2025-10-10,True,190.0,2025-10-06,,1.83,1.0,183.0,10.0,0.05464480874316946,4,211.151328,day VWAP,10.017141829200337,2.850307099480492,0.8006444163440555,0.1491607034320508,before,4-14 days
Robinhood-main,AMD,2025-10-10,True,207.5,2025-10-08,2025-10-08 14:40:00-04:00,0.47,1.0,135.0,-119.0,-0.8814814814814815,2,232.2353,exact minute,10.650964775811428,1.4457738548642747,0.7977906365510312,0.061006074666334675,before,1-3 days
Robinhood-main,AMD,2025-10-10,True,212.5,2025-10-09,2025-10-09 09:33:00-04:00,0.34,1.0,34.0,-23.0,-0.6764705882352942,1,236.41,exact minute,10.113785372869167,1.333228897899222,0.7462932379312129,0.050500115694781855,before,1-3 days
Robinhood-main,AMD,2025-10-10,True,220.0,2025-10-09,2025-10-09 11:26:00-04:00,0.57,1.0,56.99999999999999,49.00000000000001,0.8596491228070178,1,233.495,exact minute,5.779567014282963,0.8241623271319292,0.5864280646373802,0.10398384463431176,before,1-3 days
Robinhood-main,AMD,2025-10-17,True,220.0,2025-10-16,2025-10-16 14:47:00-04:00,0.25,1.0,66.0,-6.0,-0.09090909090909094,1,237.16,exact minute,7.235621521335806,1.1119663509812432,0.6844001370836074,0.05236262315922846,before,1-3 days
Robinhood-main,AMD,2025-10-17,True,225.0,2025-10-16,,1.15,1.0,114.99999999999999,-64.99999999999999,-0.5652173913043478,1,237.285716,day VWAP,5.177604538150963,0.7078760881228048,0.7179031441138406,0.16168392026319955,before,1-3 days
Robinhood-main,AMD,2026-01-16,True,190.0,2026-01-12,2026-01-12 09:31:00-05:00,1.09,1.0,109.00000000000001,-63.000000000000014,-0.5779816513761469,4,201.22,exact minute,5.575986482457012,0.9465318475895128,0.4301729617615697,0.164183622534967,best run,4-14 days
Robinhood-main,AMD,2026-01-16,True,195.0,2026-01-12,2026-01-12 15:59:00-05:00,0.71,1.0,71.0,-60.0,-0.8450704225352113,4,208.5,exact minute,6.474820143884892,1.226563329963387,0.4576911201642921,0.11743977621113377,best run,4-14 days
Robinhood-main,AMD,2026-01-16,True,202.5,2026-01-13,2026-01-13 09:30:00-05:00,0.6,1.0,60.0,-12.0,-0.19999999999999996,3,215.11,exact minute,5.86211705638976,1.085890366046937,0.4016543697110045,0.11140671170015548,best run,1-3 days
Robinhood-main,AMD,2026-01-23,True,240.0,2026-01-22,,0.82,1.0,390.0,-210.00000000000003,-0.5384615384615385,1,252.419294,day VWAP,4.920104879146048,1.5067056950893498,0.6053620082632614,0.1348832915398317,best run,1-3 days
Robinhood-main,AMD,2026-01-23,True,245.0,2026-01-22,,1.31,1.0,131.0,-54.0,-0.4122137404580153,1,252.419294,day VWAP,2.9392737307949237,0.9001069242214772,0.5177657027827239,0.221598350200213,best run,1-3 days
Robinhood-main,AMD,2026-01-30,False,260.0,2026-01-29,,2.38,1.0,238.0,38.0,0.1596638655462186,1,249.424417,day VWAP,4.239995076344107,1.2202216338948269,0.804742179761587,0.26180682483787654,best run,1-3 days
Robinhood-main,AMD,2026-01-30,False,262.5,2026-01-29,2026-01-29 09:52:00-05:00,1.3,1.0,130.0,-66.0,-0.5076923076923077,1,256.62,exact minute,2.291325695581013,0.5792999939029013,0.38245950472547147,0.25536921753670777,best run,1-3 days
Robinhood-main,AMD,2026-01-30,True,240.0,2026-01-22,,4.31,1.0,815.0,-416.0,-0.5104294478527607,8,252.419294,day VWAP,4.920104879146048,0.7237980038468044,0.584747725318693,0.2795479707330477,best run,4-14 days
Robinhood-main,AMD,2026-01-30,True,245.0,2026-01-26,2026-01-26 13:51:00-05:00,3.15,1.0,695.0,105.0,0.15107913669064743,4,253.74,exact minute,3.444470718057858,0.6167496979532144,0.5079395794505257,0.2878435097405062,best run,4-14 days
Robinhood-main,AMD,2026-01-30,True,250.0,2026-01-29,2026-01-29 09:51:00-05:00,2.38,1.0,238.0,212.0,0.8907563025210083,1,256.62,exact minute,2.5796898137323687,0.6517753059401493,0.5641984945681023,0.2905044728683377,best run,1-3 days
Robinhood-main,AMD,2026-01-30,True,255.0,2026-01-26,,7.4,1.0,740.0,125.0,0.16891891891891886,4,252.627173,day VWAP,-0.9392604017304191,-0.16498662023009666,0.4538873028804642,0.5492663727893476,best run,4-14 days
Robinhood-main,AMD,2026-01-30,True,260.0,2026-01-23,,6.0,1.0,600.0,219.9999999999999,0.3666666666666665,7,260.961233,day VWAP,0.3683432167106572,0.05878641040453104,0.4214618856169999,0.46398493087865966,best run,4-14 days
Robinhood-main,AMD,2026-02-06,True,235.0,2026-02-02,2026-02-02 12:49:00-05:00,4.69,1.0,1020.0,720.0,0.7058823529411764,4,248.695,exact minute,5.506745209996177,0.8005361640155731,0.7843651477964032,0.2764698291334392,best run,4-14 days
Robinhood-main,AMD,2026-02-13,True,220.0,2026-01-22,,4.1,1.0,409.99999999999994,-119.99999999999994,-0.2926829268292682,22,252.419294,day VWAP,12.843429472550543,1.1858745041037277,0.6270643560861834,0.17439461784369326,best run,15+ days
Robinhood-main,AMD,2026-02-13,True,230.0,2026-01-29,,4.82,1.0,482.0,318.0,0.6597510373443984,15,249.424417,day VWAP,7.787696663234059,0.8094296422109984,0.5949529473741448,0.24150637004894326,best run,15+ days
Robinhood-main,AMD,2026-02-20,True,190.0,2026-02-11,2026-02-11 15:57:00-05:00,1.1,1.0,110.00000000000001,59.999999999999986,0.5454545454545452,9,213.5,exact minute,11.00702576112412,0.7204173383820093,0.5829419321563745,0.10605651166965369,best run,4-14 days
Robinhood-main,AMD,2026-02-20,True,197.5,2026-02-18,,4.25,1.0,425.0,-45.0,-0.10588235294117643,2,199.793085,day VWAP,1.1477299126744005,0.12963837049050997,0.6738732421109308,0.4185724497313721,best run,1-3 days
Robinhood-main,AMD,2026-02-20,True,210.0,2026-02-10,2026-02-10 13:08:00-05:00,5.0,1.0,500.0,75.0,0.1499999999999999,10,215.75,exact minute,2.6651216685979144,0.15873337121559702,0.4845329010951289,0.3635623481419311,best run,4-14 days
Robinhood-main,AMD,2026-02-27,True,190.0,2026-02-12,,2.15,1.0,215.0,437.0,2.0325581395348835,15,209.33379,day VWAP,9.235866794367022,0.48715303731510246,0.5036146432933419,0.16990504780652982,best run,15+ days
Robinhood-main,AMD,2026-02-27,True,195.0,2026-02-17,,6.05,1.0,1204.0,-91.0,-0.07558139534883723,10,201.044348,day VWAP,3.006474969393327,0.1837201257315551,0.6028601287756665,0.3702979584633852,best run,4-14 days
Robinhood-main,AMD,2026-02-27,True,200.0,2026-02-25,,1.28,1.0,128.0,-15.999999999999986,-0.12499999999999989,2,212.186044,day VWAP,5.743094018002433,0.6469667645962399,0.6451620553748182,0.1704083292761963,best run,1-3 days
Robinhood-main,AMD,2026-02-27,True,205.0,2026-02-25,,2.55,1.0,254.99999999999997,-9.999999999999943,-0.039215686274509554,2,212.186044,day VWAP,3.386671368452493,0.38151278929620014,0.6516140267199259,0.28661446910316757,best run,1-3 days
Robinhood-main,AMD,2026-02-27,True,210.0,2026-02-24,,6.4,1.0,1599.0,571.0,0.35709818636647905,3,212.226647,day VWAP,1.0491835174684798,0.10789935544778191,0.7518852975665772,0.4351274524699491,best run,1-3 days
Robinhood-main,AMD,2026-02-27,True,240.0,2026-01-29,,9.3,1.0,930.0000000000001,732.9999999999999,0.7881720430107524,29,249.424417,day VWAP,3.77846608337467,0.287220408837884,0.4735669887495262,0.36406443663138843,best run,15+ days
Robinhood-main,AMD,2026-03-06,True,180.0,2026-02-13,2026-02-13 09:36:00-05:00,3.05,1.0,305.0,30.0,0.09836065573770503,21,208.05,exact minute,13.482335976928628,0.5986345429678562,0.6333834475165955,0.16167088448875422,best run,15+ days
Robinhood-main,AMD,2026-03-20,True,190.0,2026-03-19,,1.74,1.0,174.0,-157.0,-0.9022988505747126,1,200.522817,day VWAP,5.247690590742102,1.2923481625392133,0.9094810865024419,0.21090151794978973,best run,1-3 days
Robinhood-main,AMD,2026-03-20,True,200.0,2026-03-20,,0.44,2.0,511.00000000000006,14.999999999999943,0.02935420743639905,0,201.38296,day VWAP,0.686731389785907,0.28906929013605365,0.27484659737282413,0.28468136556695234,best run,0DTE
Robinhood-main,AMD,2026-03-20,True,205.0,2026-03-20,,2.62,5.0,1310.0000000000002,989.9999999999998,0.7557251908396942,0,201.38296,day VWAP,-1.7961003254694452,-0.756041523394541,,,best run,0DTE
Robinhood-main,AMD,2026-04-02,True,200.0,2026-03-27,2026-03-27 09:54:00-04:00,6.1,1.0,3925.0,110.0,0.028025477707006363,6,201.595,exact minute,0.7911902576948827,0.100225842872281,0.6126384515037709,0.4461076886143057,best run,4-14 days
Robinhood-main,AMD,2026-04-02,True,210.0,2026-03-26,,4.06,1.0,405.99999999999994,154.00000000000006,0.3793103448275863,7,208.840473,day VWAP,-0.555221400978151,-0.07483113633637883,0.27947679655191887,0.5451663663991256,best run,4-14 days
Robinhood-main,AMD,2026-04-10,True,200.0,2026-04-07,2026-04-07 09:32:00-04:00,0.76,1.0,76.0,-2.0,-0.02631578947368418,3,218.21,exact minute,8.34517208193942,1.2491425221765544,0.558557667026872,0.10128774618135261,best run,1-3 days
Robinhood-main,AMD,2026-04-10,True,210.0,2026-04-07,2026-04-07 09:30:00-04:00,2.24,1.0,224.00000000000003,-14.000000000000028,-0.06250000000000011,3,218.21,exact minute,3.76243068603639,0.5628162540237889,0.4998217133337574,0.2609250184551759,best run,1-3 days
Robinhood-main,AMD,2026-04-17,True,240.0,2026-04-13,,4.3,1.0,691.0,-289.0,-0.41823444283646893,4,245.216054,day VWAP,2.1271258202368815,0.3124332736148062,0.5089956195129165,0.36312607120242557,best run,4-14 days
Robinhood-main,AMD,2026-04-24,True,230.0,2026-04-13,,3.76,1.0,376.0,-31.0,-0.08244680851063835,11,245.216054,day VWAP,6.205162244393677,0.6272803678795089,0.5160242216636353,0.24526251663552,best run,4-14 days
Robinhood-main,AMD,2026-04-24,True,257.5,2026-04-21,2026-04-21 15:59:00-04:00,0.78,1.0,78.0,-42.0,-0.5384615384615384,3,282.905,exact minute,8.980046305296822,1.5249422122220975,0.6397621129804629,0.08378603176159705,best run,1-3 days
Robinhood-main,AMD,2026-04-24,True,275.0,2026-04-22,2026-04-22 11:35:00-04:00,0.98,1.0,98.0,-78.0,-0.7959183673469388,2,297.425,exact minute,7.53971589476339,1.3506841282633806,0.6215126564912463,0.10469861283900261,best run,1-3 days
Robinhood-main,AMD,2026-05-08,True,395.0,2026-05-07,,2.5,1.0,374.0,76.0,0.20320855614973254,1,410.333709,day VWAP,3.7368874805262466,0.5717926071517043,0.6386513783247318,0.21255874798288332,after,1-3 days
Robinhood-main,AMD,2026-05-15,True,402.5,2026-05-12,,1.38,1.0,138.0,154.0,1.1159420289855073,3,442.913164,day VWAP,9.124398930712294,0.8415456801308876,0.6204654458987052,0.0893076386662578,after,1-3 days
Robinhood-main,AMD,2026-05-15,True,420.0,2026-05-15,,2.1,1.0,270.0,-256.0,-0.9481481481481482,0,430.026492,day VWAP,2.331598677413581,0.5624212777605359,0.7656853189652091,0.23923198107543464,after,0DTE
Robinhood-main,AMD,2026-05-15,True,425.0,2026-05-15,,0.62,1.0,62.0,-42.0,-0.6774193548387097,0,430.026492,day VWAP,1.1688796140494568,0.2819536537099034,0.30477292562194913,0.19136685519635965,after,0DTE
Robinhood-main,AMZN,2024-03-15,True,120.0,2024-01-30,,0.25,1.0,25.0,-2.0,-0.07999999999999996,45,159.704667,day VWAP,24.861306651733603,3.3768379407638895,0.4185895437948487,0.02563786193900708,before,15+ days
Robinhood-main,AMZN,2024-03-15,True,167.5,2024-03-12,,0.39,1.0,39.0,-32.0,-0.8205128205128205,3,175.32662,day VWAP,4.464022633870425,1.6187161054810713,0.32899736877571234,0.11561302760920744,before,1-3 days
Robinhood-main,AMZN,2024-03-22,True,165.0,2024-03-12,,0.72,1.0,72.0,-47.0,-0.6527777777777778,10,175.32662,day VWAP,5.889932743812658,1.3705004889938408,0.311429643442479,0.1378691342520122,before,4-14 days
Robinhood-main,AMZN,2024-03-28,True,175.0,2024-03-26,,0.18,1.0,18.0,-6.0,-0.33333333333333337,2,179.157286,day VWAP,2.320467167603778,1.1349605048571725,0.19217445641813807,0.10820005464560167,before,1-3 days
Robinhood-main,AMZN,2024-03-28,True,177.5,2024-03-26,,0.5,1.0,50.0,42.0,0.8400000000000001,2,179.157286,day VWAP,0.9250452699981173,0.4524476197338175,0.1612134156581633,0.2786683371828643,before,1-3 days
Robinhood-main,AMZN,2024-04-19,True,180.0,2024-04-18,,1.15,1.0,114.99999999999999,215.0,1.8695652173913047,1,180.3101,day VWAP,0.17198149188537168,0.13087417214749975,0.2342975189413961,0.4584809792396114,before,1-3 days
Robinhood-main,AMZN,2024-04-26,True,170.0,2024-04-19,,1.09,2.0,218.00000000000003,-84.00000000000003,-0.3853211009174313,7,175.57867,day VWAP,3.1773050792559188,1.2590495503136883,0.3061164804336493,0.23068645162031853,before,4-14 days
Robinhood-main,AMZN,2024-06-07,True,185.0,2024-06-07,,0.18,1.0,90.0,141.0,1.5666666666666669,0,184.938521,day VWAP,-0.03324293914948709,-0.0479868669775687,0.04478973506009965,0.565763433714658,before,0DTE
Robinhood-main,AMZN,2024-08-09,False,180.0,2024-08-02,2024-08-02 15:51:00-04:00,0.52,1.0,52.0,-30.0,-0.5769230769230769,7,166.875,exact minute,7.865168539325842,2.261370979635552,0.42656764667127167,0.10990199575411685,before,4-14 days
Robinhood-main,AMZN,2024-09-06,True,170.0,2024-09-05,2024-09-05 11:26:00-04:00,0.15,1.0,15.0,-6.0,-0.4,1,177.73,exact minute,4.34929387272829,1.9842162937810204,0.36011106425331296,0.06462323092583577,before,1-3 days
Robinhood-main,AMZN,2024-12-27,True,225.0,2024-12-26,2024-12-26 09:35:00-05:00,0.55,1.0,55.00000000000001,158.0,2.872727272727272,1,228.075,exact minute,1.3482407102926621,0.5315654663673725,0.2058270474229111,0.2260855436440714,before,1-3 days
Robinhood-main,AMZN,2025-01-03,True,215.0,2024-12-30,2024-12-30 09:30:00-05:00,1.26,1.0,126.0,-74.0,-0.5873015873015873,4,220.01,exact minute,2.277169219580924,0.581464060489327,0.2578783089811031,0.2571016978314198,before,4-14 days
Robinhood-main,AMZN,2025-05-02,True,182.5,2025-04-29,2025-04-29 09:36:00-04:00,5.3,3.0,2135.0,-507.0,-0.23747072599531616,3,185.05,exact minute,1.3780059443393737,0.1604340705246248,0.70483285300565,0.42039810777122566,before,1-3 days
Robinhood-main,AMZN,2026-03-13,False,215.0,2026-03-12,,0.56,1.0,56.00000000000001,7.999999999999993,0.1428571428571428,1,209.765255,day VWAP,2.495525295645365,1.217972988645876,0.349436834147274,0.18384433642489856,best run,1-3 days
Robinhood-main,AMZN,2026-03-16,True,205.0,2026-03-12,,1.56,1.0,156.0,-33.0,-0.21153846153846156,4,209.765255,day VWAP,2.2717084390358147,0.858823455592541,0.41612820313312365,0.282598311995108,best run,4-14 days
Robinhood-main,AMZN,2026-03-18,True,205.0,2026-03-12,,2.0,1.0,200.0,-95.0,-0.475,6,209.765255,day VWAP,2.2717084390358147,0.6401292091253978,0.3556791249511435,0.30599543104448734,best run,4-14 days
Robinhood-main,AMZN,2026-05-08,True,270.0,2026-05-07,,1.48,1.0,148.0,-137.0,-0.9256756756756757,1,272.530777,day VWAP,0.9286206232773484,0.4661263654548075,0.30517608408670216,0.3416294389626955,after,1-3 days
Robinhood-main,AMZN,2026-05-11,True,270.0,2026-05-11,,0.2,1.0,256.0,-114.0,-0.4453125,0,270.585456,day VWAP,0.21636639627815837,0.23082294917179424,0.08971826235366459,0.29322342327870177,after,0DTE
Robinhood-main,AMZN,2026-06-22,True,235.0,2026-06-22,,1.04,1.0,104.0,64.0,0.6153846153846154,0,234.615999,day VWAP,-0.1636721287707289,-0.11131669912611623,0.19984725709388926,0.5711334876293931,after,0DTE
Robinhood-main,AMZN,2026-06-22,True,237.5,2026-06-22,,0.59,1.0,59.0,85.0,1.440677966101695,0,234.615999,day VWAP,-1.2292431088640345,-0.836032905113293,,,after,0DTE
Robinhood-main,AMZN,2026-06-24,True,230.0,2026-06-22,,0.42,1.0,179.0,76.0,0.4245810055865922,2,234.615999,day VWAP,1.9674698314158825,0.5984235391378495,0.20573593724646327,0.16355721688301883,after,1-3 days
Robinhood-main,AMZN,2026-06-24,True,232.5,2026-06-22,,1.2,1.0,120.0,165.0,1.375,2,234.615999,day VWAP,0.9018988513225767,0.27432059894123606,0.2251719897830318,0.339006911298789,after,1-3 days
Robinhood-main,AMZN,2026-07-08,True,240.0,2026-07-08,,0.1,1.0,32.0,10.000000000000007,0.3125000000000002,0,242.812262,day VWAP,1.1582042755320174,0.7359027916905672,0.20199612103244355,0.09692993560049723,after,0DTE
Robinhood-main,AMZN,2026-07-08,True,242.5,2026-07-08,,0.67,1.0,67.0,25.0,0.3731343283582089,0,242.812262,day VWAP,0.1286022367354759,0.08171161774361084,0.18938135166060424,0.43771476462669157,after,0DTE
Robinhood-main,AMZN,2026-07-17,True,245.0,2026-07-16,,0.97,1.0,97.0,-31.0,-0.31958762886597936,1,253.091635,day VWAP,3.1971167280973143,1.2250170098565456,0.48095569912948216,0.18559888447952444,after,1-3 days
Robinhood-main,AMZN,2026-07-24,True,240.0,2026-07-20,,1.19,1.0,119.0,0.0,0.0,4,250.244647,day VWAP,4.093852604967005,0.9468956282187659,0.3529250105310706,0.18143828180942667,after,4-14 days
Robinhood-main,ARM,2025-09-12,False,142.0,2025-09-09,,1.72,1.0,172.0,-4.0,-0.023255813953488413,3,140.6394,day VWAP,0.9674387120536673,0.22346787371992197,0.35184420452015275,0.4162644730184763,before,1-3 days
Robinhood-main,ARM,2025-09-12,True,137.0,2025-09-09,,1.77,1.0,177.0,-66.99999999999999,-0.37853107344632764,3,140.6394,day VWAP,2.5877527918918846,0.5977428925593706,0.5015516085524044,0.31806518891766755,before,1-3 days
Robinhood-main,ARM,2025-09-12,True,150.0,2025-09-11,,1.1,1.0,110.00000000000001,-91.00000000000001,-0.8272727272727273,1,156.33359,day VWAP,4.051330235555895,1.0815430574746974,0.7126585570296469,0.21779288687572718,before,1-3 days
Robinhood-main,ARM,2025-09-19,False,150.0,2025-09-09,,1.15,1.0,114.99999999999999,-10.999999999999986,-0.09565217391304337,10,140.6394,day VWAP,6.65574511836655,0.9865358609958067,0.40456187398201393,0.20324634887038512,before,4-14 days
Robinhood-main,ARM,2025-09-19,True,135.0,2025-09-10,2025-09-10 09:31:00-04:00,1.13,1.0,112.99999999999999,-93.99999999999999,-0.831858407079646,9,143.45,exact minute,5.890554200069703,0.908715422036238,0.40634152444841815,0.19081585596187423,before,4-14 days
Robinhood-main,ARM,2025-10-10,True,157.5,2025-10-09,2025-10-09 09:31:00-04:00,1.6,1.0,160.0,-141.0,-0.88125,1,164.92,exact minute,4.4991511035653575,1.239323888757949,0.757780177795949,0.2369692019848617,before,1-3 days
Robinhood-main,ARM,2026-02-06,True,100.0,2026-02-05,,0.45,5.0,1294.0,-990.0,-0.7650695517774343,1,109.42822,day VWAP,8.615894510575057,2.758388469529501,0.979259578353273,0.10928840858158217,best run,1-3 days
Robinhood-main,ARM,2026-02-20,True,100.0,2026-02-05,,3.4,1.0,340.0,-158.0,-0.4647058823529412,15,109.42822,day VWAP,8.615894510575057,0.996212847138775,0.8023258311210645,0.2704758551877934,best run,15+ days
Robinhood-main,ARM,2026-05-15,True,210.0,2026-05-14,,1.1,1.0,110.00000000000001,-40.000000000000014,-0.36363636363636376,1,222.339066,day VWAP,5.549661704524747,0.69090007992096,0.7577882138556955,0.15725037192475044,after,1-3 days
Robinhood-main,AVGO,2024-01-26,True,1190.0,2024-01-24,,0.94,1.0,173.0,-73.0,-0.4219653179190751,2,1258.874039,day VWAP,5.471082639428395,1.792226331128739,0.34852025732657743,0.05069198778967132,before,1-3 days
Robinhood-main,AVGO,2024-02-02,True,1160.0,2024-01-30,,1.63,1.0,163.0,257.0,1.576687116564417,3,1210.708285,day VWAP,4.188315684979386,1.066632414043287,0.2730631797572422,0.0892114919598106,before,1-3 days
Robinhood-main,AVGO,2024-02-02,True,1170.0,2024-02-01,,2.65,1.0,265.0,-265.0,-1.0,1,1195.38563,day VWAP,2.1236351987935467,0.8369226814219295,0.30153643073465064,0.17507345149397158,before,1-3 days
Robinhood-main,AVGO,2024-11-08,True,160.0,2024-11-04,2024-11-04 10:00:00-05:00,0.88,1.0,88.0,-24.0,-0.2727272727272727,4,171.37,exact minute,6.6347668786835525,1.3519742423026262,0.4790893942401664,0.14486996018723863,before,4-14 days
Robinhood-main,AVGO,2024-11-22,True,157.5,2024-11-21,2024-11-21 10:27:00-05:00,0.53,1.0,53.0,-51.0,-0.9622641509433962,1,161.775,exact minute,2.6425591098748296,0.8956477445805869,0.36125104775153843,0.1894767794454968,before,1-3 days
Robinhood-main,AVGO,2025-01-10,True,222.5,2025-01-10,,0.72,1.0,72.0,19.0,0.26388888888888884,0,223.975064,day VWAP,0.6585840288006362,0.1472111569698612,0.33511136681336195,0.326310298215846,before,0DTE
Robinhood-main,AVGO,2025-01-24,True,225.0,2025-01-21,2025-01-21 09:30:00-05:00,0.42,1.0,42.0,-23.0,-0.5476190476190477,3,241.51,exact minute,6.836155852759716,1.2398948353265966,0.39865396164387806,0.07564939536450688,before,1-3 days
Robinhood-main,AVGO,2025-05-02,True,180.0,2025-04-25,2025-04-25 15:18:00-04:00,1.44,1.0,144.0,-8.0,-0.05555555555555558,7,191.99,exact minute,6.245116933173607,0.4689483964597886,0.5177246853995793,0.1809497296397088,before,4-14 days
Robinhood-main,AVGO,2025-05-09,True,140.0,2025-04-21,2025-04-21 10:47:00-04:00,1.83,1.0,183.0,-86.0,-0.4699453551912568,18,164.7865,exact minute,15.041584110348841,0.6877712892876533,0.6462986365630397,0.13157471904439444,before,15+ days
Robinhood-main,AVGO,2025-05-09,True,160.0,2025-04-21,2025-04-21 09:31:00-04:00,5.42,1.0,1702.0,-440.0,-0.2585193889541716,18,166.52,exact minute,3.9154455921210722,0.17786546310394744,0.5211847437609158,0.35282142000753824,before,15+ days
Robinhood-main,AVGO,2025-05-16,True,175.0,2025-05-02,2025-05-02 15:36:00-04:00,0.68,1.0,68.0,-11.999999999999993,-0.17647058823529405,14,204.1599,exact minute,14.28287337523186,0.7772904767765052,0.5359871402265158,0.06777540493103085,before,4-14 days
Robinhood-main,AVGO,2025-05-16,True,210.0,2025-05-13,2025-05-13 10:04:00-04:00,0.27,1.0,27.0,-21.0,-0.7777777777777778,3,227.2,exact minute,7.570422535211263,1.4447965141825487,0.40141357610041756,0.054924930932581995,before,1-3 days
Robinhood-main,AVGO,2025-09-12,True,337.5,2025-09-10,2025-09-10 10:31:00-04:00,0.32,1.0,32.0,-22.0,-0.6875,2,367.235,exact minute,8.096995112121668,1.7106767290957947,0.4676463432777332,0.04230289083848593,before,1-3 days
Robinhood-main,AVGO,2025-10-10,True,300.0,2025-09-30,2025-09-30 09:30:00-04:00,1.28,1.0,128.0,13.0,0.1015625,10,329.71,exact minute,9.01094901580176,0.8882863542509584,0.4068926241723036,0.10266860069670858,before,4-14 days
Robinhood-main,AVGO,2025-11-28,True,375.0,2025-11-26,2025-11-26 09:34:00-05:00,1.63,1.0,163.0,-151.0,-0.9263803680981595,2,385.47,exact minute,2.7161646820764327,0.471768332864077,0.3207418827599991,0.2102102387963316,best run,1-3 days
Robinhood-main,AVGO,2026-04-15,True,390.0,2026-04-15,,2.5,1.0,250.0,-232.0,-0.928,0,393.892599,day VWAP,0.9882386746748746,0.48356710114903423,0.5972583827577695,0.3495217172322267,best run,0DTE
Robinhood-main,AVGO,2026-04-17,True,385.0,2026-04-16,2026-04-16 09:33:00-04:00,2.1,1.0,210.0,-157.0,-0.7476190476190476,1,395.0,exact minute,2.5316455696202533,0.6093119338666514,0.4174301440621773,0.23902890258857634,best run,1-3 days
Robinhood-main,AVGO,2026-06-29,True,357.5,2026-06-29,,1.15,1.0,114.99999999999999,18.000000000000014,0.156521739130435,0,371.530188,day VWAP,3.776325169033104,1.0929426840318317,0.859426883675177,0.15275218636789867,after,0DTE
Robinhood-main,AVGO,2026-06-29,True,360.0,2026-06-29,,0.94,1.0,94.0,75.0,0.7978723404255319,0,371.530188,day VWAP,3.1034323380473214,0.8981942807973508,0.7025169727631994,0.1531283923297042,after,0DTE
Robinhood-main,BA,2024-01-19,False,217.5,2024-01-17,,0.23,1.0,23.0,-7.0,-0.30434782608695654,2,203.437993,day VWAP,6.912183310813528,1.494189998124746,0.4301657898529105,0.06195788950094427,before,1-3 days
Robinhood-main,BA,2024-01-19,True,195.0,2024-01-17,,0.7,1.0,179.0,-74.00000000000001,-0.4134078212290504,2,203.437993,day VWAP,4.147697721339595,0.8965978145827002,0.424687037362856,0.1532456106485509,before,1-3 days
Robinhood-main,BA,2024-02-09,True,195.0,2024-01-31,,0.39,3.0,117.0,42.0,0.35897435897435903,9,210.44426,day VWAP,7.338883940098919,0.8060991396863691,0.312840091689829,0.07503654709772767,before,4-14 days
Robinhood-main,BA,2024-02-16,False,210.0,2024-02-15,,0.22,1.0,58.0,-49.0,-0.8448275862068966,1,205.214832,day VWAP,2.331784673341739,0.8039372443751183,0.24776005450555486,0.1157892667465748,before,1-3 days
Robinhood-main,BA,2024-02-16,True,200.0,2024-02-15,,0.32,1.0,32.0,-12.0,-0.375,1,205.214832,day VWAP,2.541157453960248,0.8761234021374354,0.3017420732830629,0.13192971018780986,before,1-3 days
Robinhood-main,BA,2024-02-16,True,202.5,2024-02-16,,0.52,1.0,52.0,-46.0,-0.8846153846153846,0,203.607604,day VWAP,0.5439895064037044,0.353461333369744,0.27031844349058093,0.32310379516119103,before,0DTE
Robinhood-main,BA,2024-02-23,True,195.0,2024-02-20,,0.31,1.0,31.0,-5.0,-0.16129032258064513,3,203.736215,day VWAP,4.288002994460257,1.0711878751198693,0.2870949360913361,0.09471965981672514,before,1-3 days
Robinhood-main,BA,2024-02-23,True,200.0,2024-02-21,,1.14,1.0,113.99999999999999,-71.99999999999999,-0.631578947368421,2,202.146218,day VWAP,1.0617156339773839,0.31391595059656413,0.25479151598853705,0.33240244352689463,before,1-3 days
Robinhood-main,BA,2024-08-09,True,160.0,2024-08-07,2024-08-07 14:04:00-04:00,0.91,1.0,91.0,-77.0,-0.8461538461538461,2,163.905,exact minute,2.3824776547390263,0.5919878816745394,0.3838315109755921,0.24943344257760192,before,1-3 days
Robinhood-main,BA,2026-02-06,True,235.0,2026-01-27,2026-01-27 09:33:00-05:00,1.8,5.0,2090.0,898.0,0.42966507177033497,10,242.49,exact minute,3.0887871664810955,0.679396888245453,0.2562099047403493,0.2506444127795796,best run,4-14 days
Robinhood-main,BA,2026-05-08,True,222.5,2026-05-04,,1.89,1.0,189.0,101.0,0.5343915343915344,4,223.285838,day VWAP,0.3519426073049973,0.07915685737056326,0.19030057067531667,0.4398475214322555,after,4-14 days
Robinhood-main,BA,2026-07-02,True,210.0,2026-06-23,,1.99,1.0,199.0,-79.0,-0.39698492462311563,9,218.095116,day VWAP,3.71173648840444,0.5458789146447479,0.3419488413240097,0.25121675530771514,after,4-14 days
Robinhood-main,BA,2026-07-24,True,200.0,2026-07-20,,0.63,1.0,63.0,17.0,0.26984126984126977,4,210.134351,day VWAP,4.822795964473229,1.2732969363244124,0.3359313718222322,0.13060034113171226,after,4-14 days
Robinhood-main,BABA,2024-01-26,True,73.0,2024-01-24,,0.55,2.0,252.0,89.0,0.35317460317460325,2,74.880433,day VWAP,2.5112474977274726,0.6450356708568437,0.4342890918434204,0.2710654959491198,before,1-3 days
Robinhood-main,BABA,2025-02-28,False,140.0,2025-02-27,,2.0,4.0,1136.0,-500.0,-0.4401408450704225,1,137.666426,day VWAP,1.6950930359737812,0.32071412200265303,0.7079117315482881,0.38956499836140807,before,1-3 days
Robinhood-main,BABA,2025-03-14,True,130.0,2025-03-10,2025-03-10 14:11:00-04:00,2.36,1.0,770.0,121.0,0.15714285714285725,4,132.13,exact minute,1.6120487398773902,0.17589704576748996,0.4868557713173271,0.3867194669643478,before,4-14 days
Robinhood-main,BABA,2025-03-14,True,135.0,2025-03-10,,2.17,4.0,868.0,892.0000000000002,1.0276497695852536,4,134.009305,day VWAP,-0.7392732915076218,-0.07866381435041081,0.2268925115018569,0.5900869353908995,before,4-14 days
Robinhood-main,BABA,2025-03-21,True,143.0,2025-03-19,,2.56,2.0,512.0,538.0,1.05078125,2,143.282033,day VWAP,0.19683765933165717,0.02682882539885854,0.4745114056456951,0.473959588805419,before,1-3 days
Robinhood-main,BABA,2025-03-28,True,131.0,2025-03-24,,0.95,1.0,95.0,-17.0,-0.17894736842105263,4,134.810872,day VWAP,2.826828388143643,0.31327348938835653,0.33694382051395644,0.2548262904933326,before,4-14 days
Robinhood-main,BABA,2025-03-28,True,134.0,2025-03-24,,2.14,1.0,214.0,-49.0,-0.2289719626168224,4,134.810872,day VWAP,0.6014885802385354,0.06665789375431994,0.3523886824445959,0.4397265381072294,before,4-14 days
Robinhood-main,BABA,2025-03-28,True,146.0,2025-03-18,,5.0,2.0,1000.0,1300.0,1.2999999999999998,10,143.883335,day VWAP,-1.4710980948558163,-0.11083653313386302,0.36255212825606137,0.5737900281978026,before,4-14 days
Robinhood-main,BABA,2025-04-11,True,130.0,2025-04-02,2025-04-02 09:31:00-04:00,2.94,1.0,294.0,231.0,0.7857142857142858,9,132.13,exact minute,1.6120487398773902,0.1754468152565557,0.42020347742802655,0.3995420508692471,before,4-14 days
Robinhood-main,BABA,2025-04-17,True,120.0,2025-04-02,2025-04-02 11:00:00-04:00,1.29,1.0,129.0,6.0,0.04651162790697683,15,130.18,exact minute,7.8199416192963636,0.7015718842298158,0.4398241091275699,0.1829466704863587,before,15+ days
Robinhood-main,BABA,2025-04-25,True,108.0,2025-04-21,2025-04-21 09:36:00-04:00,2.55,1.0,764.9999999999999,-614.9999999999999,-0.803921568627451,4,108.485,exact minute,0.44706641471171077,0.04748301724545692,0.4587752237286765,0.4594955446204524,before,4-14 days
Robinhood-main,BABA,2025-05-02,True,105.0,2025-04-21,2025-04-21 09:33:00-04:00,2.75,2.0,550.0,-390.0,-0.7090909090909091,11,108.5,exact minute,3.225806451612903,0.2419844706940699,0.5042317182009399,0.3531710212736747,before,4-14 days
Robinhood-main,BABA,2025-09-05,True,135.0,2025-09-03,2025-09-03 09:32:00-04:00,1.38,1.0,138.0,192.0,1.391304347826087,2,136.95,exact minute,1.423877327491777,0.24298627155705885,0.3754702821218113,0.3553823241208679,before,1-3 days
Robinhood-main,BABA,2025-09-19,True,160.0,2025-09-18,2025-09-18 10:07:00-04:00,0.67,1.0,67.0,11.0,0.16417910447761197,1,163.03,exact minute,1.8585536404342768,0.3554596238889978,0.31987453512346753,0.2455891667672282,before,1-3 days
Robinhood-main,BABA,2025-10-10,True,175.0,2025-10-06,2025-10-06 15:59:00-04:00,0.44,1.0,44.0,3.0,0.06818181818181812,4,187.54,exact minute,6.686573530980054,1.1098323546725821,0.4221306113281385,0.09244856377368915,before,4-14 days
Robinhood-main,BABA,2025-10-10,True,182.5,2025-10-06,2025-10-06 15:49:00-04:00,1.56,1.0,156.0,66.00000000000003,0.42307692307692335,4,188.15,exact minute,3.00292319957481,0.49747018857372366,0.39832751904052927,0.26415291512652495,before,4-14 days
Robinhood-main,C,2024-01-26,True,50.0,2024-01-19,,0.21,5.0,105.0,-25.0,-0.23809523809523814,7,51.309014,day VWAP,2.5512359290318805,0.8305548952920591,0.22476234717669036,0.21333577196615927,before,4-14 days
Robinhood-main,CANE,2026-10-16,True,10.0,2026-04-01,,0.85,2.0,170.0,2.0,0.0117647058823529,198,10.230413,day VWAP,2.2522355646834633,0.11613141984529006,0.3173916276990137,0.41496932139179465,best run,15+ days
Robinhood-main,CMG,2024-05-17,True,3000.0,2024-05-09,2024-05-09 09:40:00-04:00,2.4,1.0,240.0,-155.0,-0.6458333333333333,8,3181.62,exact minute,5.7084126954193115,1.2806050661547028,0.21656462740201932,0.0495250772485597,before,4-14 days
Robinhood-main,CMG,2024-06-28,False,63.0,2024-06-28,2024-06-28 14:31:00-04:00,0.15,2.0,30.0,-20.0,-0.6666666666666667,0,62.875,exact minute,0.19880715705765406,0.004758530508049229,0.27331004588804714,0.4061854662412458,before,0DTE
Robinhood-main,CMG,2024-07-05,False,65.0,2024-06-28,2024-06-28 14:13:00-04:00,0.3,1.0,90.0,-75.0,-0.8333333333333334,7,62.93,exact minute,3.289369140314636,0.01637688556110334,0.27550389084137755,0.21416095397790497,before,4-14 days
Robinhood-main,CMG,2024-11-22,True,58.0,2024-11-15,,0.45,2.0,288.0,-14.999999999999943,-0.05208333333333315,7,58.816152,day VWAP,1.3876324313090092,0.2238487216283628,0.23009444715951496,0.33430062047748277,before,4-14 days
Robinhood-main,CMG,2024-11-22,True,59.0,2024-11-21,2024-11-21 13:48:00-05:00,0.15,1.0,15.0,-15.0,-1.0,1,59.79,exact minute,1.3212911858170249,0.4292729787991371,0.25233769200654993,0.2319432165654879,before,1-3 days
Robinhood-main,COIN,2024-01-05,True,148.0,2024-01-05,,0.7,1.0,100.0,-88.0,-0.88,0,154.529494,day VWAP,4.225403080657211,1.193053284352673,1.0609326818577163,0.17433092063576527,before,0DTE
Robinhood-main,COIN,2024-02-02,True,120.0,2024-01-30,,0.51,1.0,51.0,-35.0,-0.6862745098039216,3,132.484814,day VWAP,9.423581181160884,1.122497130890575,0.6737942699269402,0.099197104680952,before,1-3 days
Robinhood-main,COIN,2024-03-08,True,215.0,2024-03-06,,1.67,1.0,167.0,-126.0,-0.7544910179640718,2,233.155453,day VWAP,7.786844685120872,0.7983373917194101,0.8428205527795855,0.15680611872115846,before,1-3 days
Robinhood-main,COIN,2024-10-18,True,190.0,2024-10-17,2024-10-17 09:31:00-04:00,0.63,2.0,213.0,-205.0,-0.9624413145539906,1,209.2,exact minute,9.17782026768642,1.3652413752893091,0.8177804405655678,0.08713329963348437,before,1-3 days
Robinhood-main,COIN,2024-10-25,True,185.0,2024-10-21,2024-10-21 09:33:00-04:00,0.66,1.0,66.0,7.0,0.10606060606060597,4,215.25,exact minute,14.0534262485482,1.2471422330462933,0.7360606348792562,0.06506315517661743,before,4-14 days
Robinhood-main,COIN,2024-12-20,False,325.0,2024-12-18,,2.07,1.0,206.99999999999997,-167.99999999999997,-0.8115942028985507,2,293.127158,day VWAP,10.873384171384076,1.4626955342068044,0.9545608698160074,0.14961186700239976,before,1-3 days
Robinhood-main,COIN,2024-12-20,True,270.0,2024-12-19,,1.05,1.0,105.0,735.0,7.0,1,279.422625,day VWAP,3.3721768235481946,0.5235161163993252,0.4937766984286837,0.17891631693855925,before,1-3 days
Robinhood-main,COIN,2024-12-20,True,305.0,2024-12-16,,3.56,1.0,356.0,38.0,0.10674157303370779,4,320.716107,day VWAP,4.900317338910584,0.4351802696096211,0.5639195103549555,0.2405816285669128,before,4-14 days
Robinhood-main,COIN,2025-02-28,False,225.0,2025-02-25,,1.92,1.0,192.0,-21.0,-0.109375,3,211.850056,day VWAP,6.207194016507603,0.7827169558608442,0.6313458005733769,0.22000506062751818,before,1-3 days
Robinhood-main,COIN,2025-02-28,False,230.0,2025-02-26,,1.99,1.0,199.0,-63.0,-0.31658291457286436,2,213.28829,day VWAP,7.835268405968285,1.1749396568224104,0.8628743775613615,0.20193144729608187,before,1-3 days
Robinhood-main,COIN,2025-03-14,True,157.5,2025-03-13,2025-03-13 15:58:00-04:00,0.23,1.0,23.0,-20.0,-0.8695652173913043,1,177.785,exact minute,11.409848974885394,1.811347873402855,1.1359740559812836,0.04287591098465671,before,1-3 days
Robinhood-main,COIN,2025-03-14,True,170.0,2025-03-13,2025-03-13 14:57:00-04:00,1.28,1.0,245.0,-199.0,-0.8122448979591836,1,178.74,exact minute,4.889784043862599,0.724871617882474,0.9134409147805891,0.20061651065862707,before,1-3 days
Robinhood-main,COIN,2025-03-14,True,185.0,2025-03-11,2025-03-11 14:54:00-04:00,4.05,1.0,1505.0,-125.00000000000023,-0.08305647840531571,3,193.6,exact minute,4.442148760330576,0.41375566363896105,0.8964024157228692,0.30773959066045,before,1-3 days
Robinhood-main,COIN,2025-03-21,False,200.0,2025-03-13,2025-03-13 14:03:00-04:00,2.35,1.0,235.0,-20.0,-0.08510638297872342,8,178.1475,exact minute,12.266520720189725,0.780799157280447,0.8024193700073392,0.19806934031002238,before,4-14 days
Robinhood-main,COIN,2025-03-21,True,185.0,2025-03-11,,9.3,1.0,7554.0,-2389.0,-0.3162562880593063,10,189.708254,day VWAP,2.4818392983575777,0.1411536066540368,0.8386878297582727,0.40509755336315123,before,4-14 days
Robinhood-main,COIN,2025-03-28,False,200.0,2025-03-11,,10.5,1.0,1050.0,-20.0,-0.01904761904761909,17,189.708254,day VWAP,5.425038596370187,0.2448294930214727,0.8402511684311316,0.4307729275761214,before,15+ days
Robinhood-main,COIN,2025-04-04,False,220.0,2025-03-11,,6.3,2.0,1260.0,0.0,0.0,24,189.708254,day VWAP,15.967542456007205,0.6155736205892473,0.7893131757060282,0.27901941523294443,before,15+ days
Robinhood-main,COIN,2025-06-13,True,237.5,2025-06-11,2025-06-11 13:57:00-04:00,0.36,1.0,36.0,93.0,2.5833333333333335,2,254.1,exact minute,6.532861078315621,0.7059600338700456,0.48131626726093846,0.06845015212592442,before,1-3 days
Robinhood-main,COIN,2025-06-20,True,245.0,2025-06-18,,1.8,1.0,180.0,-140.0,-0.7777777777777778,2,285.039309,day VWAP,14.046942907793817,2.6862629703087593,1.253076837894675,0.10111839968264613,before,1-3 days
Robinhood-main,COIN,2025-06-20,True,265.0,2025-06-18,2025-06-18 12:37:00-04:00,1.06,1.0,106.0,-54.0,-0.5094339622641509,2,282.65,exact minute,6.244471961790192,1.1892905746207907,0.5792692911345225,0.12673282386281226,before,1-3 days
Robinhood-main,COIN,2026-03-27,True,170.0,2026-03-26,,1.14,1.0,113.99999999999999,71.00000000000001,0.6228070175438598,1,174.848231,day VWAP,2.772822448515363,0.48343839997622334,0.5563520160787059,0.24933662532732548,best run,1-3 days
Robinhood-main,COIN,2026-03-27,True,172.5,2026-03-26,,2.02,1.0,202.0,86.0,0.4257425742574257,1,174.848231,day VWAP,1.343011013934707,0.23415242330956726,0.5708807697484034,0.37107394362099433,best run,1-3 days
Robinhood-main,COIN,2026-03-27,True,175.0,2026-03-26,,3.5,1.0,665.0,143.0,0.21503759398496247,1,174.848231,day VWAP,-0.08680042064594956,-0.015133553357088849,0.6359540124200217,0.4972675866017082,best run,1-3 days
Robinhood-main,COIN,2026-03-27,True,180.0,2026-03-25,,3.0,2.0,600.0,200.0,0.33333333333333326,2,184.509504,day VWAP,2.444049711390473,0.28183880355270885,0.6809308819585175,0.34503925142840397,best run,1-3 days
Robinhood-main,COIN,2026-04-02,True,170.0,2026-03-26,,5.5,1.0,1100.0,20.0,0.018181818181818077,7,174.848231,day VWAP,2.772822448515363,0.25246747040050216,0.7563683881786203,0.3792229594473834,best run,4-14 days
Robinhood-main,COIN,2026-04-02,True,175.0,2026-03-26,,8.0,1.0,800.0,-15.0,-0.018750000000000044,7,174.848231,day VWAP,-0.08680042064594956,-0.007903240484047527,0.7690178830624703,0.4803926083671809,best run,4-14 days
Robinhood-main,COIN,2026-04-02,True,180.0,2026-03-25,,6.25,1.0,625.0,101.0,0.16159999999999997,8,184.509504,day VWAP,2.444049711390473,0.17478900597800154,0.7121241911582389,0.39222041498643123,best run,4-14 days
Robinhood-main,COIN,2026-04-02,True,195.0,2026-03-24,,7.9,1.0,790.0,485.0,0.6139240506329113,9,183.801678,day VWAP,-6.092611406953527,-0.4580546511837748,,,best run,4-14 days
Robinhood-main,CRM,2026-04-02,True,175.0,2026-03-30,2026-03-30 14:50:00-04:00,1.05,1.0,105.0,-30.0,-0.2857142857142857,3,183.63,exact minute,4.69966781027065,1.0799093116120286,0.4922443647102221,0.18452708106517246,best run,1-3 days
Robinhood-main,CRM,2026-07-24,True,150.0,2026-07-23,,0.36,2.0,72.0,-14.000000000000007,-0.19444444444444453,1,157.651684,day VWAP,4.853537752251342,1.514015237506322,0.5384130481348655,0.11151840624098364,after,1-3 days
Robinhood-main,CRWV,2025-05-23,True,94.0,2025-05-23,2025-05-23 09:58:00-04:00,0.6,1.0,60.0,-60.0,-1.0,0,100.56,exact minute,6.523468575974545,0.8852478990486483,1.1485997726978976,0.15803050123576945,before,0DTE
Robinhood-main,CRWV,2025-06-06,True,133.0,2025-06-04,2025-06-04 14:59:00-04:00,1.16,1.0,115.99999999999999,4.000000000000014,0.034482758620689724,2,164.05,exact minute,18.927156354769892,1.3644264097270413,1.777283536471547,0.08716293558324684,before,1-3 days
Robinhood-main,CRWV,2025-06-20,True,140.0,2025-06-18,2025-06-18 09:35:00-04:00,0.58,1.0,57.99999999999999,-31.999999999999993,-0.5517241379310345,2,168.66,exact minute,16.992766512510375,0.953588249427814,1.1503050225681426,0.060606394946159936,before,1-3 days
Robinhood-main,CVNA,2024-10-25,True,190.0,2024-10-23,2024-10-23 13:00:00-04:00,0.55,1.0,55.00000000000001,-39.00000000000001,-0.7090909090909091,2,197.26,exact minute,3.6804217783635766,1.3109950822829732,0.3673859909159269,0.14665438206600978,before,1-3 days
Robinhood-main,CVNA,2024-11-15,True,190.0,2024-11-04,2024-11-04 11:36:00-05:00,0.85,1.0,85.0,13.0,0.15294117647058814,11,227.1206,exact minute,16.34400402253252,1.1407521430503247,0.63020417481915,0.06593074164126167,before,4-14 days
Robinhood-main,CVNA,2024-11-15,True,220.0,2024-11-12,2024-11-12 09:32:00-05:00,0.3,1.0,30.0,-12.0,-0.4,3,246.45,exact minute,10.73240008115236,1.199279190146304,0.5360369226681014,0.043088412111519925,before,1-3 days
Robinhood-main,CVNA,2024-12-20,True,225.0,2024-12-13,2024-12-13 11:57:00-05:00,0.85,1.0,85.0,-35.0,-0.4117647058823529,7,245.4658,exact minute,8.337536227042627,1.47745328565228,0.4696975792799873,0.10099976765676155,before,4-14 days
Robinhood-main,CVNA,2025-03-28,True,210.0,2025-03-26,2025-03-26 09:33:00-04:00,2.6,3.0,1027.0000000000002,1648.9999999999998,1.6056475170399214,2,220.68,exact minute,4.839586731919524,0.4113003561101534,0.7067277939394154,0.247415236128953,before,1-3 days
Robinhood-main,CVNA,2025-05-16,True,287.5,2025-05-15,2025-05-15 09:35:00-04:00,1.12,1.0,112.00000000000001,108.00000000000001,0.9642857142857142,1,302.595,exact minute,4.9885160032386615,0.8513451799290555,0.554160980586221,0.14355533126640974,before,1-3 days
Robinhood-main,CVNA,2025-06-06,True,317.5,2025-06-04,2025-06-04 09:42:00-04:00,0.82,1.0,82.0,-42.0,-0.5121951219512195,2,339.43,exact minute,6.4608313938072675,1.1088892666918648,0.48175078290180734,0.0962242811190066,before,1-3 days
Robinhood-main,CVNA,2025-06-20,True,307.5,2025-06-20,2025-06-20 09:33:00-04:00,1.22,1.0,122.0,-113.0,-0.9262295081967213,0,313.0,exact minute,1.7571884984025559,0.5783503004329801,0.4194933030817424,0.24615928329466996,before,0DTE
Robinhood-main,CVNA,2026-07-17,True,60.0,2026-07-08,,1.15,1.0,114.99999999999999,28.000000000000014,0.24347826086956537,9,65.847501,day VWAP,8.880368899648893,0.716314357495713,0.7577147004186918,0.21864146136993823,after,4-14 days
Robinhood-main,CVNA,2026-07-17,True,62.5,2026-07-08,,2.53,1.0,252.99999999999997,7.000000000000028,0.027667984189723382,9,65.847501,day VWAP,5.083717603800932,0.41006628780931476,0.9026456969132935,0.33983478994691474,after,4-14 days
Robinhood-main,CVNA,2026-07-17,True,64.0,2026-07-08,,1.97,1.0,197.0,-35.0,-0.17766497461928932,9,65.847501,day VWAP,2.8057268262921538,0.22631744599747564,0.6263541792788949,0.37547218224599244,after,4-14 days
Robinhood-main,DG,2024-01-12,True,125.0,2024-01-09,,0.18,1.0,36.0,-30.0,-0.8333333333333334,3,136.064704,day VWAP,8.13194287329652,1.6380009261633885,0.4608276974308273,0.05604176845285358,before,1-3 days
Robinhood-main,DG,2024-01-12,True,127.0,2024-01-09,,0.08,1.0,8.0,-2.0,-0.25,3,136.064704,day VWAP,6.662053959269265,1.3419241533616242,0.3314477152380208,0.03716888812298902,before,1-3 days
Robinhood-main,DG,2024-01-12,True,130.0,2024-01-09,,0.64,1.0,64.0,-51.0,-0.796875,3,136.064704,day VWAP,4.457220588228381,0.8978089941589772,0.4210497588722052,0.17266302635468833,before,1-3 days
Robinhood-main,DG,2024-01-26,True,125.0,2024-01-25,,0.16,3.0,48.0,-33.0,-0.6875,1,131.841183,day VWAP,5.188957535370417,1.8551074583208844,0.4800651765232199,0.0725355344989771,before,1-3 days
Robinhood-main,DG,2024-01-26,True,128.0,2024-01-22,,0.5,1.0,89.0,-31.0,-0.348314606741573,4,134.173938,day VWAP,4.601443538163121,0.9822710595180397,0.34915235800564864,0.15081170082542128,before,4-14 days
Robinhood-main,DG,2024-02-09,True,120.0,2024-01-29,,0.32,5.0,160.0,-110.0,-0.6875,11,133.310645,day VWAP,9.984682768581605,1.4073789462806987,0.37911624812133576,0.07134639627610606,before,4-14 days
Robinhood-main,DIS,2024-01-05,True,91.0,2024-01-04,,0.39,1.0,39.0,16.000000000000007,0.41025641025641035,1,90.536577,day VWAP,-0.511862735875254,-0.369243901488583,,,before,1-3 days
Robinhood-main,EBAY,2025-09-12,True,87.0,2025-09-09,2025-09-09 10:02:00-04:00,0.13,1.0,13.0,-10.0,-0.7692307692307692,3,91.465,exact minute,4.88164871808889,1.2618186339955908,0.29438410644070706,0.08351298936290397,before,1-3 days
Robinhood-main,EBAY,2025-09-12,True,89.0,2025-09-09,2025-09-09 10:00:00-04:00,0.44,1.0,44.0,-43.0,-0.9772727272727273,3,91.465,exact minute,2.695019952987485,0.6961588662904603,0.29458358544754515,0.22312867687995253,before,1-3 days
Robinhood-main,EBAY,2025-09-19,True,85.0,2025-09-08,2025-09-08 10:17:00-04:00,0.2,1.0,20.0,-13.0,-0.6499999999999999,11,92.1976,exact minute,7.806710803751936,1.2719826930300853,0.29756065977697777,0.07940738713046858,before,4-14 days
Robinhood-main,FSLY,2024-01-05,False,18.5,2024-01-02,,0.15,1.0,15.0,-12.0,-0.8,3,17.49987,day VWAP,5.715071026241901,0.9070797928379687,0.589137437840914,0.221910107374565,before,1-3 days
Robinhood-main,GDX,2025-09-26,True,73.0,2025-09-24,2025-09-24 09:30:00-04:00,0.6,2.0,120.0,120.0,1.0,2,73.87,exact minute,1.177744686611621,0.39226957723057687,0.3046381407793734,0.3545551312498214,before,1-3 days
Robinhood-main,GDX,2025-10-03,True,73.5,2025-09-30,2025-09-30 09:35:00-04:00,0.44,1.0,44.0,-26.0,-0.5909090909090908,3,75.78,exact minute,3.008709422011086,0.8269336177998763,0.33826293277823577,0.22987747017247795,before,1-3 days
Robinhood-main,GDX,2025-10-10,True,76.0,2025-10-07,2025-10-07 09:33:00-04:00,0.53,1.0,53.0,-21.0,-0.39622641509433965,3,78.62,exact minute,3.3324853726787134,0.97213935626993,0.38314125837704727,0.23363743594258612,before,1-3 days
Robinhood-main,GLD,2025-09-15,True,330.0,2025-09-11,,0.55,1.0,55.00000000000001,-32.00000000000001,-0.5818181818181818,4,334.364088,day VWAP,1.3051904066922346,1.07757211277794,0.15359004072801516,0.19312266832175173,before,4-14 days
Robinhood-main,GLD,2025-09-24,True,325.0,2025-09-10,2025-09-10 09:30:00-04:00,0.86,1.0,86.0,-63.0,-0.7325581395348837,14,335.73,exact minute,3.196020611801155,1.244236944430355,0.15343006106932147,0.15166319221043156,before,4-14 days
Robinhood-main,GLD,2025-11-03,False,372.0,2025-11-03,2025-11-03 10:29:00-05:00,0.1,1.0,10.0,5.0,0.5,0,369.615,exact minute,0.6452660200478852,0.30752712083178885,0.08953334394055285,0.10836458648575442,best run,0DTE
Robinhood-main,GLD,2026-02-25,True,462.0,2026-02-23,,1.37,1.0,137.0,-5.0,-0.03649635036496346,2,478.624715,day VWAP,3.4734342960120603,0.5957305250215682,0.35363404056582554,0.1535614962467604,best run,1-3 days
Robinhood-main,GLD,2026-04-01,True,434.0,2026-04-01,,1.55,1.0,155.0,-127.0,-0.8193548387096774,0,437.350831,day VWAP,0.7661654585949621,0.4717941615804535,0.37783212043486586,0.32082023820469474,best run,0DTE
Robinhood-main,GLD,2026-04-13,True,434.0,2026-04-13,2026-04-13 12:44:00-04:00,0.5,1.0,50.0,-33.0,-0.6599999999999999,0,435.04,exact minute,0.2390584773813949,0.14654225218439912,0.11997598317091955,0.32657247442583526,best run,0DTE
Robinhood-main,GLD,2026-04-20,True,410.0,2026-04-13,2026-04-13 09:40:00-04:00,0.96,1.0,96.0,-71.0,-0.7395833333333333,7,434.13,exact minute,5.558242922626862,0.9882033268434073,0.2957540432302588,0.10052453805328532,best run,4-14 days
Robinhood-main,GLD,2026-04-22,True,425.0,2026-04-13,,4.05,1.0,405.0,-220.0,-0.5432098765432098,9,434.474618,day VWAP,2.180706906105162,0.34603586380700746,0.2671368350566231,0.30802167016918813,best run,4-14 days
Robinhood-main,GLD,2026-05-15,True,429.0,2026-05-13,,2.7,1.0,270.0,-90.0,-0.33333333333333337,2,430.589778,day VWAP,0.3692094149062739,0.16939514415958662,0.20121055871505486,0.4228577388916629,after,1-3 days
Robinhood-main,GME,2024-02-02,True,13.0,2024-01-29,,0.06,2.0,12.0,-8.0,-0.6666666666666667,4,14.648354,day VWAP,11.252827450783887,1.8550219744831244,0.6945587778428144,0.09132889596501792,before,4-14 days
Robinhood-main,GME,2024-07-19,False,27.0,2024-07-18,2024-07-18 15:57:00-04:00,0.33,2.0,66.0,-54.0,-0.8181818181818181,1,25.85,exact minute,4.448742746615082,1.3189732764236939,1.1565433002738144,0.28877052807804,before,1-3 days
Robinhood-main,GOOG,2024-02-09,True,135.0,2024-01-31,,0.28,3.0,84.00000000000001,-33.000000000000014,-0.3928571428571429,9,143.178306,day VWAP,5.711972873879366,1.8503255910734848,0.2607063195039196,0.09172556959735989,before,4-14 days
Robinhood-main,GOOG,2024-03-01,True,135.0,2024-02-28,,0.31,1.0,121.0,-77.0,-0.6363636363636364,2,137.453493,day VWAP,1.7849622781139571,0.49967630213312075,0.21076529427708957,0.19257319177068832,before,1-3 days
Robinhood-main,GOOG,2025-09-05,True,210.0,2025-09-03,2025-09-03 09:32:00-04:00,0.17,1.0,24.0,-16.0,-0.6666666666666667,2,226.4,exact minute,7.243816254416964,3.772967449495091,0.4028671211269294,0.04144891940997919,before,1-3 days
Robinhood-main,GOOG,2025-09-19,True,245.0,2025-09-16,2025-09-16 09:31:00-04:00,1.23,1.0,123.0,23.0,0.1869918699186992,3,252.35,exact minute,2.912621359223299,0.6455547035681355,0.30703106342151276,0.21660126150789827,before,1-3 days
Robinhood-main,GOOG,2025-09-19,True,250.0,2025-09-18,2025-09-18 14:59:00-04:00,0.96,1.0,96.0,-94.0,-0.9791666666666666,1,252.06,exact minute,0.8172657303816561,0.33915794882024636,0.2662444078157096,0.32131878965647254,before,1-3 days
Robinhood-main,GOOG,2025-09-26,True,250.0,2025-09-22,2025-09-22 09:30:00-04:00,1.77,1.0,177.0,150.0,0.847457627118644,4,254.79,exact minute,1.879979591035752,0.38751028639508567,0.2594539484227428,0.29543401965205873,before,4-14 days
Robinhood-main,GOOG,2025-12-12,True,305.0,2025-12-10,2025-12-10 09:30:00-05:00,0.61,1.0,61.0,-37.0,-0.6065573770491803,2,316.58,exact minute,3.6578431991913525,0.9666724762430808,0.2947965940118264,0.12007400290087011,best run,1-3 days
Robinhood-main,GOOG,2026-06-12,False,380.0,2026-06-09,,1.48,1.0,148.0,-31.0,-0.20945945945945943,3,361.983726,day VWAP,4.977095020012035,1.417648782624567,0.4102169801509635,0.16341160031627028,after,1-3 days
Robinhood-main,GOOG,2026-06-12,True,355.0,2026-06-09,,4.1,1.0,712.0,-135.0,-0.1896067415730337,3,361.983726,day VWAP,1.9292928102519147,0.5495293123363642,0.4182314528196166,0.3372814853822137,after,1-3 days
Robinhood-main,GOOG,2026-06-12,True,357.5,2026-06-10,,3.0,1.0,300.0,-15.0,-0.050000000000000044,2,357.455162,day VWAP,-0.01254367114162056,-0.004375045130564991,0.20961946863271072,0.49823198627925736,after,1-3 days
Robinhood-main,GOOG,2026-06-18,True,350.0,2026-06-08,,3.7,1.0,730.0,-130.0,-0.17808219178082196,10,360.662761,day VWAP,2.9564352500478943,0.5400826689570736,0.304071511314225,0.28593304120936813,after,4-14 days
Robinhood-main,GOOG,2026-07-17,True,350.0,2026-07-16,,1.08,1.0,238.0,40.0,0.16806722689075637,1,362.282241,day VWAP,3.3902409806502214,1.2413929232502137,0.45552371347427806,0.1589061895421494,after,1-3 days
Robinhood-main,GOOG,2026-07-31,True,305.0,2026-07-24,,1.17,1.0,117.0,-79.0,-0.6752136752136753,7,319.790911,day VWAP,4.625181795739027,0.7360882197639166,0.31494922369755307,0.14892973764055717,after,4-14 days
Robinhood-main,HOOD,2025-09-19,True,100.0,2025-09-08,,1.5,1.0,150.0,-91.0,-0.6066666666666667,11,115.141071,day VWAP,13.150017511996218,1.507262125492114,0.7727639506163011,0.15512774781107463,before,4-14 days
Robinhood-main,HOOD,2025-09-19,True,108.0,2025-09-15,2025-09-15 10:08:00-04:00,0.89,1.0,89.0,36.0,0.404494382022472,4,114.96,exact minute,6.054279749478074,0.6449559451234428,0.5244608911779047,0.18664641474978882,before,4-14 days
Robinhood-main,HOOD,2025-09-19,True,110.0,2025-09-10,2025-09-10 09:30:00-04:00,1.2,1.0,184.0,-30.0,-0.1630434782608695,9,120.95,exact minute,9.05332782141381,0.732301757169898,0.5880302703049075,0.16899756678324485,before,4-14 days
Robinhood-main,HOOD,2025-09-19,True,120.0,2025-09-18,2025-09-18 15:01:00-04:00,0.94,1.0,94.0,-82.0,-0.8723404255319149,1,121.86,exact minute,1.5263417035942881,0.36561194231295346,0.5249348842213823,0.32590727430562216,before,1-3 days
Robinhood-main,HOOD,2025-10-03,True,135.0,2025-10-01,2025-10-01 09:34:00-04:00,1.01,1.0,201.0,28.99999999999997,0.14427860696517403,2,141.55,exact minute,4.627340162486761,0.6178885178748657,0.5496836376304117,0.20575156846037368,before,1-3 days
Robinhood-main,HOOD,2025-10-10,True,140.0,2025-10-06,,1.9,1.0,190.0,0.0,0.0,4,147.457249,day VWAP,5.057227807091389,0.5397083674628832,0.6164547457738658,0.25105707710678116,before,4-14 days
Robinhood-main,HOOD,2025-10-10,True,150.0,2025-10-10,,0.52,1.0,112.0,578.0,5.160714285714286,0,144.65322,day VWAP,-3.696274441730364,-1.5383080648510752,,,before,0DTE
Robinhood-main,HOOD,2025-10-17,True,135.0,2025-10-06,,2.32,1.0,231.99999999999997,36.00000000000003,0.15517241379310365,11,147.457249,day VWAP,8.448041099695269,0.6205076017155116,0.6234994328479807,0.21487376293621518,before,4-14 days
Robinhood-main,HOOD,2026-07-10,True,103.0,2026-07-07,,0.41,1.0,41.0,3.0,0.07317073170731714,3,114.552662,day VWAP,10.085022729545996,1.2080540490279323,0.6965218333735473,0.09075878445036367,after,1-3 days
Robinhood-main,HOOD,2026-07-10,True,106.0,2026-07-06,,1.73,1.0,173.0,-39.0,-0.22543352601156075,4,116.400293,day VWAP,8.934937131129047,0.9234959674139386,0.9144427082357981,0.2041076138644271,after,4-14 days
Robinhood-main,IBM,2024-02-02,True,182.5,2024-01-29,,0.39,4.0,200.0,-140.0,-0.7,4,187.080293,day VWAP,2.4483033068587354,0.5125671656581985,0.18689959961217337,0.15745587718224474,before,4-14 days
Robinhood-main,IBM,2024-02-09,True,175.0,2024-02-01,,0.18,2.0,90.0,-60.0,-0.6666666666666667,8,186.07752,day VWAP,5.953174784358687,1.0122959646001728,0.24463394570811997,0.05684308618063427,before,4-14 days
Robinhood-main,IBM,2025-06-13,True,277.5,2025-06-13,2025-06-13 09:31:00-04:00,1.1,1.0,110.00000000000001,-50.000000000000014,-0.4545454545454546,0,278.25,exact minute,0.2695417789757413,0.21047571073372845,0.20706850290700002,0.41539149162857747,before,0DTE
Robinhood-main,INTC,2026-05-22,True,113.0,2026-05-21,,1.25,1.0,125.0,-124.0,-0.992,1,116.737169,day VWAP,3.201353118302873,0.36445762635324136,0.7694796247809365,0.28171479766135654,after,1-3 days
Robinhood-main,INTC,2026-05-22,True,117.0,2026-05-22,,0.78,1.0,89.0,-77.0,-0.8651685393258427,0,120.583524,day VWAP,2.9718189360596203,0.5828415312963241,0.9968123176594502,0.24144785472146624,after,0DTE
Robinhood-main,INTC,2026-05-29,True,100.0,2026-05-20,,1.12,2.0,224.00000000000003,-208.00000000000003,-0.9285714285714286,9,118.110257,day VWAP,15.333348229019606,0.7807650358044301,0.8755584460760331,0.11950205824534055,after,4-14 days
Robinhood-main,INTC,2026-06-12,False,115.0,2026-06-05,,1.82,1.0,182.0,-14.0,-0.07692307692307687,7,102.0683,day VWAP,12.669653555511365,1.1248275661975062,0.983412368423236,0.22709705421652165,after,4-14 days
Robinhood-main,INTC,2026-06-12,True,95.0,2026-06-05,,2.45,1.0,459.0,51.0,0.11111111111111116,7,102.0683,day VWAP,6.925068801968871,0.6148162025220058,0.9040191055689181,0.2728800891607944,after,4-14 days
Robinhood-main,INTC,2026-06-12,True,100.0,2026-06-04,,1.14,1.0,921.0,185.0,0.2008686210640609,8,110.56892,day VWAP,9.558671641180908,0.7652057881651302,0.6866049611758159,0.16696203948640698,after,4-14 days
Robinhood-main,INTC,2026-06-12,True,110.0,2026-06-11,,2.4,1.0,240.0,-145.0,-0.6041666666666667,1,115.162785,day VWAP,4.483032431006249,0.7522811042429102,1.3052201265188412,0.30648981004929676,after,1-3 days
Robinhood-main,INTC,2026-06-18,True,116.0,2026-06-16,,1.1,1.0,110.00000000000001,130.0,1.1818181818181817,2,120.671795,day VWAP,3.8714887766441217,0.4704817522992744,0.6055513618238176,0.24673575387797309,after,1-3 days
Robinhood-main,INTC,2026-06-26,True,100.0,2026-06-16,,1.14,1.0,113.99999999999999,-2.9999999999999716,-0.02631578947368396,10,120.671795,day VWAP,17.13059377296907,1.1290098667053712,0.8963246150410162,0.1105191175994964,after,4-14 days
Robinhood-main,INTC,2026-06-26,True,125.0,2026-06-24,,2.08,1.0,208.0,-73.0,-0.35096153846153844,2,132.178401,day VWAP,5.430842668462912,0.5569914677037343,0.9492051703000383,0.2617729969509691,after,1-3 days
Robinhood-main,INTC,2026-06-26,True,128.0,2026-06-26,,0.86,1.0,86.0,-54.0,-0.627906976744186,0,128.562184,day VWAP,0.4372856640332137,0.10091681705575462,0.49074907193808476,0.4162835092785693,after,0DTE
Robinhood-main,INTC,2026-06-26,True,134.0,2026-06-25,,2.0,1.0,200.0,47.00000000000003,0.2350000000000001,1,131.324626,day VWAP,-2.03722186880624,-0.27088028515131346,,,after,1-3 days
Robinhood-main,INTC,2026-07-02,True,115.0,2026-06-30,,0.12,1.0,12.0,1.0,0.08333333333333326,2,138.949187,day VWAP,17.23593172229212,1.798074015816476,0.9755760922264628,0.022996986634771788,after,1-3 days
Robinhood-main,INTC,2026-07-02,True,118.0,2026-06-25,,2.45,1.0,300.00000000000006,-64.00000000000006,-0.21333333333333349,7,131.324626,day VWAP,10.146327011051222,0.7045506315023115,0.9879290639999818,0.21011729900846743,after,4-14 days
Robinhood-main,INTC,2026-07-10,True,107.0,2026-07-10,,0.54,1.0,54.0,-5.0,-0.09259259259259256,0,109.413932,day VWAP,2.2062382329884667,0.5272973853790578,0.7466317185544218,0.2459045211548413,after,0DTE
Robinhood-main,INTC,2026-07-10,True,115.0,2026-07-06,,1.76,1.0,176.0,-23.0,-0.13068181818181823,4,124.164189,day VWAP,7.38070217653497,0.5311679582936488,0.797727593022037,0.21989420294188788,after,4-14 days
Robinhood-main,INTC,2026-07-13,False,103.0,2026-07-13,,0.63,1.0,63.0,-5.000000000000007,-0.07936507936507953,0,103.713263,day VWAP,-0.6877259275894133,-0.16366004398832668,,,after,0DTE
Robinhood-main,INTC,2026-07-13,False,104.0,2026-07-13,,0.4,1.0,40.0,-16.0,-0.4,0,103.713263,day VWAP,0.2764709080650584,0.06579254781627722,0.28777136250499574,0.41723316520160764,after,0DTE
Robinhood-main,INTC,2026-07-13,True,102.0,2026-07-13,,0.85,1.0,135.0,-57.0,-0.4222222222222223,0,103.713263,day VWAP,1.6519227632438849,0.3931126357929305,0.8531061899472767,0.32371224080137795,after,0DTE
Robinhood-main,INTC,2026-07-13,True,103.0,2026-07-13,,0.31,1.0,31.0,0.0,0.0,0,103.713263,day VWAP,0.6877259275894133,0.16366004398832668,0.32691856418725884,0.31519311748872403,after,0DTE
Robinhood-main,INTC,2026-07-15,False,112.0,2026-07-13,,0.37,1.0,37.0,-4.0,-0.10810810810810811,2,103.713263,day VWAP,7.990045593300832,0.850337870487789,0.6348112610076673,0.11818420561585635,after,1-3 days
Robinhood-main,INTC,2026-07-15,False,114.0,2026-07-14,,0.59,1.0,102.0,-22.0,-0.21568627450980393,1,106.783964,day VWAP,6.757602667756371,0.9622370340813768,0.8422525030445391,0.16507517074376704,after,1-3 days
Robinhood-main,INTC,2026-07-15,False,120.0,2026-07-14,,0.18,1.0,18.0,-9.0,-0.5,1,106.783964,day VWAP,12.37642386079618,1.762319268217717,0.9328681298387345,0.05645505844591539,after,1-3 days
Robinhood-main,INTC,2026-07-15,True,95.0,2026-07-13,,0.65,1.0,65.0,-54.0,-0.8307692307692307,2,103.713263,day VWAP,8.401300612825187,0.8941055453334695,0.8489657665706116,0.14005926467826835,after,1-3 days
Robinhood-main,INTC,2026-07-15,True,100.0,2026-07-14,,0.51,1.0,51.0,-5.0,-0.0980392156862745,1,106.783964,day VWAP,6.352980116003184,0.90462151223675,0.8217950902993079,0.14299773600596288,after,1-3 days
Robinhood-main,INTC,2026-07-17,True,94.0,2026-07-13,,0.85,1.0,85.0,-11.0,-0.12941176470588234,4,103.713263,day VWAP,9.36549744847966,0.7429111234099205,0.748832709133982,0.15086571830476447,after,4-14 days
Robinhood-main,INTC,2026-07-17,True,96.0,2026-07-16,,0.85,1.0,85.0,-18.0,-0.21176470588235297,1,97.693477,day VWAP,1.7334596454172693,0.2513234171638889,0.5206930243175103,0.324419476625209,after,1-3 days
Robinhood-main,INTC,2026-07-22,True,104.0,2026-07-22,,0.38,2.0,731.0,24.0,0.03283173734610134,0,104.557397,day VWAP,0.5331014504884763,0.1500244954708403,0.3341625596608662,0.3569764507659309,after,0DTE
Robinhood-main,INTC,2026-07-22,True,105.0,2026-07-22,,1.02,1.0,147.0,71.0,0.48299319727891166,0,104.557397,day VWAP,-0.4233110355645191,-0.1191274652875451,0.4182594713412328,0.5860578887799885,after,0DTE
Robinhood-main,INTC,2026-07-24,True,96.0,2026-07-24,,1.25,1.0,125.0,21.0,0.16799999999999993,0,95.684269,day VWAP,-0.329971690539852,-0.09512586303992801,0.6369715053481371,0.5405899055509491,after,0DTE
Robinhood-main,INTC,2026-07-27,True,93.0,2026-07-24,,1.45,1.0,145.0,-37.0,-0.2551724137931034,3,95.684269,day VWAP,2.8053399247895183,0.46692464078767976,0.8861176466325428,0.3262135103536744,after,1-3 days
Robinhood-main,INTC,2026-07-27,True,96.0,2026-07-24,,2.6,1.0,260.0,-74.0,-0.2846153846153846,3,95.684269,day VWAP,-0.329971690539852,-0.05492094263299791,0.826900037113813,0.5078741499745782,after,1-3 days
Robinhood-main,IWM,2026-07-21,True,294.0,2026-07-21,,0.48,1.0,240.0,32.0,0.1333333333333333,0,295.316485,day VWAP,0.44578784689246187,0.935576013190596,0.19172127386000937,0.29894397331907174,after,0DTE
Robinhood-main,JPM,2024-01-26,True,167.5,2024-01-23,,0.45,2.0,302.0,-166.0,-0.5496688741721854,3,169.077967,day VWAP,0.9332777226970094,0.7703135194599038,0.13355037473600684,0.2730471730697648,before,1-3 days
Robinhood-main,KRE,2024-01-19,True,48.0,2024-01-17,,0.18,1.0,18.0,-7.0,-0.38888888888888884,2,49.169705,day VWAP,2.378914008127566,1.0586245381559798,0.30517991900353825,0.20975218090162406,before,1-3 days
Robinhood-main,KRE,2024-01-19,True,48.5,2024-01-12,,0.18,1.0,76.0,1.0,0.013157894736842035,7,50.557521,day VWAP,4.06966354224528,0.7951669963113127,0.2860611386112626,0.1576274049978259,before,4-14 days
Robinhood-main,KRE,2024-02-09,True,50.0,2024-01-29,,0.29,1.0,290.0,-118.0,-0.40689655172413797,11,52.608338,day VWAP,4.958031557659174,1.127716447928816,0.29063773356876416,0.1763530571788039,before,4-14 days
Robinhood-main,KRE,2024-02-23,True,45.5,2024-02-21,,0.05,13.0,95.0,-76.0,-0.8,2,47.899394,day VWAP,5.009236651302939,1.415065713492593,0.34908879930213155,0.06740566486394028,before,1-3 days
Robinhood-main,KRE,2024-03-01,True,45.0,2024-02-21,,0.17,5.0,85.00000000000001,-35.000000000000014,-0.41176470588235303,9,47.899394,day VWAP,6.053091193596313,0.9872375106728999,0.32277561035726204,0.12524204081888635,before,4-14 days
Robinhood-main,KRE,2024-04-05,True,49.0,2024-04-01,2024-04-01 09:41:00-04:00,0.36,1.0,36.0,37.0,1.0277777777777777,4,49.65,exact minute,1.3091641490433004,0.339638393455783,0.22886608746779752,0.3350509405914801,before,4-14 days
Robinhood-main,KRE,2024-05-03,True,49.0,2024-05-03,2024-05-03 09:56:00-04:00,0.02,1.0,2.0,-2.0,-1.0,0,49.96,exact minute,1.9215372297838287,1.1427465444017166,0.21568026252119596,0.06880627135800377,before,0DTE
Robinhood-main,KRE,2024-07-26,True,54.0,2024-07-19,2024-07-19 13:09:00-04:00,0.34,1.0,34.0,0.0,0.0,7,55.9803,exact minute,3.5374944400083597,0.8271967063279068,0.32430570969590633,0.21775890820813837,before,4-14 days
Robinhood-main,KRE,2025-01-31,True,64.5,2025-01-30,2025-01-30 14:37:00-05:00,0.23,1.0,23.0,16.0,0.6956521739130435,1,64.97,exact minute,0.7234108049869152,0.45370395159123406,0.23678528580047092,0.3262835590923858,before,1-3 days
Robinhood-main,KRE,2025-02-07,True,61.5,2025-02-03,2025-02-03 11:06:00-05:00,0.4,1.0,40.0,-13.0,-0.32499999999999996,4,63.18,exact minute,2.659069325735992,0.8366520721314723,0.3013252595653075,0.2508274901171782,before,4-14 days
Robinhood-main,KRE,2025-02-07,True,64.5,2025-01-30,2025-01-30 11:23:00-05:00,0.99,1.0,99.0,22.0,0.22222222222222232,8,64.52,exact minute,0.03099814011158714,0.008265172397513504,0.23811726995485852,0.4890675619513237,before,4-14 days
Robinhood-main,KRE,2025-02-14,True,62.0,2025-02-03,2025-02-03 09:34:00-05:00,1.31,1.0,226.0,-72.0,-0.31858407079646023,11,62.47,exact minute,0.7523611333440033,0.16330029663774706,0.3102756665400274,0.4391455057137301,before,4-14 days
Robinhood-main,KRE,2025-02-14,True,63.0,2025-02-13,2025-02-13 15:59:00-05:00,0.09,1.0,9.0,-8.0,-0.8888888888888888,1,63.635,exact minute,0.9978785259684104,0.7109729221606951,0.1930337434524214,0.20450725847771034,before,1-3 days
Robinhood-main,KRE,2025-02-14,True,64.5,2025-02-07,,0.84,1.0,84.0,-13.0,-0.15476190476190477,7,64.671864,day VWAP,0.2657477137198324,0.07373313744497423,0.24259312525162174,0.46328222121808416,before,4-14 days
Robinhood-main,KRE,2025-02-21,True,63.5,2025-02-19,2025-02-19 09:34:00-05:00,0.44,1.0,92.0,118.0,1.2826086956521738,2,63.92,exact minute,0.6570713391739701,0.30676959914729013,0.22676615256341945,0.39002656800417124,before,1-3 days
Robinhood-main,KRE,2025-02-28,True,60.0,2025-02-24,2025-02-24 10:07:00-05:00,0.59,1.0,59.0,-22.0,-0.3728813559322034,4,61.1,exact minute,1.800327332242228,0.5868696246832149,0.3114650548826573,0.33003946530117845,before,4-14 days
Robinhood-main,KRE,2025-03-07,True,59.0,2025-03-04,2025-03-04 13:19:00-05:00,0.78,2.0,156.0,100.0,0.641025641025641,3,59.745,exact minute,1.2469662733283078,0.4849023637066771,0.4038386345413743,0.3857173214026012,before,1-3 days
Robinhood-main,KRE,2025-03-07,True,60.0,2025-02-25,,0.74,1.0,74.0,-6.0,-0.08108108108108103,10,61.168663,day VWAP,1.9105583524034229,0.4761727956982073,0.27880552099197214,0.343719174637372,before,4-14 days
Robinhood-main,KRE,2025-03-07,True,61.0,2025-02-24,,0.98,1.0,402.0,176.0,0.43781094527363185,11,61.38852,day VWAP,0.6328870609684022,0.14824489696938778,0.24558180321807152,0.43762526415357017,before,4-14 days
Robinhood-main,KRE,2025-03-14,True,59.0,2025-03-04,,1.56,1.0,1872.0000000000002,35.99999999999977,0.019230769230769162,10,59.160203,day VWAP,0.2707952168453559,0.0667248865734082,0.37867613664037475,0.47059935036194134,before,4-14 days
Robinhood-main,KRE,2025-03-14,True,60.0,2025-02-25,,1.0,1.0,1660.0,328.0,0.19759036144578324,17,61.168663,day VWAP,1.9105583524034229,0.3778393266775449,0.27052204232508736,0.3671565823596066,before,15+ days
Robinhood-main,KRE,2025-04-17,True,60.0,2025-02-07,,1.17,1.0,117.0,12.0,0.10256410256410264,69,64.671864,day VWAP,7.223951361599844,0.6681080979461053,0.2663740815853669,0.24379211370314924,before,15+ days
Robinhood-main,KRE,2025-06-20,True,55.0,2025-06-13,2025-06-13 10:30:00-04:00,0.45,1.0,45.0,-28.0,-0.6222222222222222,7,56.375,exact minute,2.4390243902439024,0.7224070248298634,0.2923476223894461,0.2820360206477236,before,4-14 days
Robinhood-main,KRE,2026-02-20,True,72.5,2026-02-04,2026-02-04 09:44:00-05:00,1.5,2.0,300.0,109.99999999999994,0.3666666666666665,16,72.59,exact minute,0.12398401983744786,0.02021774539877235,0.23532836079022232,0.4800887560310806,best run,15+ days
Robinhood-main,LITE,2026-04-17,True,840.0,2026-04-17,2026-04-17 09:31:00-04:00,1.6,1.0,160.0,-105.0,-0.65625,0,912.0,exact minute,7.894736842105263,1.1557340523922806,0.8977785153712516,0.06887237577194394,best run,0DTE
Robinhood-main,LMT,2024-01-26,True,435.0,2024-01-24,,1.25,1.0,125.0,110.0,0.8799999999999999,2,434.816331,day VWAP,-0.04224059376463691,-0.022303939366862407,0.06687568355168623,0.5239505078491415,before,1-3 days
Robinhood-main,LMT,2024-02-02,True,420.0,2024-01-29,,0.77,1.0,291.0,-291.0,-1.0,4,428.380557,day VWAP,1.9563345868659512,0.7375225684765434,0.15299760722724426,0.16438972483431624,before,4-14 days
Robinhood-main,MCD,2025-01-03,True,285.0,2024-12-30,2024-12-30 12:58:00-05:00,0.68,2.0,136.0,-44.0,-0.32352941176470584,4,290.01,exact minute,1.7275266370125135,0.9865930193275134,0.1569498922676641,0.1992178107709579,before,4-14 days
Robinhood-main,MCD,2025-01-10,True,280.0,2025-01-06,2025-01-06 15:15:00-05:00,0.13,1.0,13.0,-4.0,-0.3076923076923077,4,292.765,exact minute,4.360152340614482,2.4802933928531683,0.20306086434797066,0.04173097599432207,before,4-14 days
Robinhood-main,MCD,2025-01-10,True,285.0,2025-01-08,,0.85,1.0,85.0,-28.000000000000007,-0.3294117647058824,2,287.249882,day VWAP,0.7832490597855193,0.592705437944097,0.15389043878966685,0.301297356874879,before,1-3 days
Robinhood-main,MCD,2025-01-17,False,290.0,2025-01-13,2025-01-13 12:25:00-05:00,0.59,1.0,59.0,-11.0,-0.18644067796610164,4,282.875,exact minute,2.5187803800265134,1.3537440196517647,0.18471109827320145,0.1611594391417575,before,4-14 days
Robinhood-main,MCD,2025-02-14,True,305.0,2025-02-11,2025-02-11 11:04:00-05:00,0.6,1.0,60.0,-10.0,-0.16666666666666663,3,310.12,exact minute,1.6509738165871288,0.6411826740683184,0.1542988816167193,0.1859785332493551,before,1-3 days
Robinhood-main,MCD,2025-03-14,True,320.0,2025-03-10,,2.22,1.0,2194.0,-423.0,-0.1927985414767548,4,320.304857,day VWAP,0.09517713932137681,0.028245864311404426,0.13882090355078702,0.47583640871443555,before,4-14 days
Robinhood-main,MCD,2025-05-02,True,310.0,2025-04-15,,5.45,1.0,1510.0,-130.0,-0.08609271523178808,17,313.212897,day VWAP,1.0257869426111141,0.15844215886286236,0.24117446772703902,0.41581050929091534,before,15+ days
Robinhood-main,META,2024-02-23,True,470.0,2024-02-22,,0.65,1.0,617.0,-539.0,-0.873581847649919,1,485.390854,day VWAP,3.170816646660588,0.5778312394253904,0.3381179670277311,0.10597188350591724,before,1-3 days
Robinhood-main,META,2024-02-23,True,475.0,2024-02-22,,0.97,2.0,312.0,-188.0,-0.6025641025641026,1,485.390854,day VWAP,2.140718951412296,0.39011220855634604,0.29189581066852527,0.16548613208502583,before,1-3 days
Robinhood-main,META,2024-03-01,True,460.0,2024-02-27,,0.79,1.0,79.0,-61.0,-0.7721518987341772,3,484.659193,day VWAP,5.087944963420928,0.5982978172407953,0.3329918510225327,0.08846383956521275,before,1-3 days
Robinhood-main,META,2024-03-08,True,475.0,2024-03-05,,1.04,1.0,104.0,-69.0,-0.6634615384615384,3,491.035903,day VWAP,3.26572922713556,0.9188765423594003,0.2593233019128703,0.13529752407100903,before,1-3 days
Robinhood-main,META,2024-03-22,True,455.0,2024-03-19,,0.54,1.0,54.0,-28.0,-0.5185185185185186,3,491.649109,day VWAP,7.454322265435044,1.9197042051789766,0.4121160024023467,0.052690072134913724,before,1-3 days
Robinhood-main,META,2024-03-28,True,487.5,2024-03-27,,0.95,1.0,95.0,120.0,1.263157894736842,1,492.600673,day VWAP,1.0354579844433083,0.42948046838373366,0.18493273181699382,0.23066929255862245,before,1-3 days
Robinhood-main,META,2024-04-05,True,475.0,2024-03-26,,1.11,1.0,111.00000000000001,93.99999999999996,0.8468468468468464,10,502.894654,day VWAP,5.546818558942168,0.9772107060870526,0.2474410267716709,0.10054523049334163,before,4-14 days
Robinhood-main,META,2024-04-05,True,485.0,2024-04-03,2024-04-03 10:57:00-04:00,0.38,1.0,38.0,-33.0,-0.868421052631579,2,504.7764,exact minute,3.9178535288099883,1.215886014544191,0.2528793841845252,0.06440019119266416,before,1-3 days
Robinhood-main,META,2024-04-05,True,505.0,2024-04-04,2024-04-04 09:51:00-04:00,0.51,1.0,88.0,-78.0,-0.8863636363636364,1,520.62,exact minute,3.0002689101455964,1.109629014573743,0.2617714058063945,0.09082629661816721,before,1-3 days
Robinhood-main,META,2024-04-05,True,515.0,2024-04-04,,0.69,1.0,69.0,-69.0,-1.0,1,520.755612,day VWAP,1.1052424337579758,0.465605527918888,0.1645002482162247,0.18887526698727175,before,1-3 days
Robinhood-main,META,2024-04-19,True,485.0,2024-04-05,,1.78,1.0,178.0,-13.0,-0.0730337078651685,14,524.925109,day VWAP,7.605867640063684,1.216395800222588,0.31863025459845284,0.10586993597074756,before,4-14 days
Robinhood-main,META,2024-06-14,True,480.0,2024-06-07,,2.88,1.0,288.0,-151.0,-0.5243055555555556,7,494.699462,day VWAP,2.9713923561938262,0.8514870021692198,0.28632800716005896,0.23139897774100548,before,4-14 days
Robinhood-main,META,2024-07-19,False,510.0,2024-07-17,2024-07-17 10:00:00-04:00,0.34,1.0,34.0,-12.0,-0.3529411764705882,2,474.8191,exact minute,7.409327046869009,2.0360074002485806,0.3824649905240089,0.043207366356809225,before,1-3 days
Robinhood-main,META,2024-08-09,True,460.0,2024-08-06,,1.03,1.0,229.0,-185.0,-0.8078602620087336,3,494.616518,day VWAP,6.9986578976321185,1.320253181064193,0.4540031142371493,0.08335956693970425,before,1-3 days
Robinhood-main,META,2024-08-16,True,460.0,2024-08-08,2024-08-08 15:48:00-04:00,1.39,1.0,139.0,-78.0,-0.5611510791366907,8,508.975,exact minute,9.622280072695126,1.3142077100614622,0.47663905949246843,0.07942207548848801,before,4-14 days
Robinhood-main,META,2024-08-16,True,480.0,2024-08-09,2024-08-09 15:55:00-04:00,1.4,1.0,140.0,-104.0,-0.7428571428571429,7,515.71,exact minute,6.924434275077084,1.0265635369514161,0.40353339731399823,0.09865093910413503,before,4-14 days
Robinhood-main,META,2024-08-23,True,450.0,2024-08-07,,4.43,1.0,443.0,-228.0,-0.5146726862302483,16,497.255869,day VWAP,9.503330568029961,0.8983377706159787,0.46750492758645107,0.15598331761325457,before,15+ days
Robinhood-main,META,2024-08-23,True,460.0,2024-08-07,,3.12,1.0,312.0,-26.0,-0.08333333333333337,16,497.255869,day VWAP,7.492293469541737,0.7082369874484998,0.35038320908461074,0.1498703561881638,before,15+ days
Robinhood-main,META,2024-08-30,True,505.0,2024-08-29,2024-08-29 09:31:00-04:00,1.03,1.0,131.0,-131.0,-1.0,1,519.44,exact minute,2.779916833513024,0.9380408633966761,0.30056239901293447,0.1429944506773907,before,1-3 days
Robinhood-main,META,2024-08-30,True,510.0,2024-08-29,2024-08-29 09:30:00-04:00,1.89,1.0,189.0,-189.0,-1.0,1,519.44,exact minute,1.8173417526567177,0.6128412451602855,0.2915339199538054,0.23602239706338812,before,1-3 days
Robinhood-main,META,2024-09-20,True,545.0,2024-09-19,,1.33,1.0,133.0,-85.0,-0.6390977443609023,1,556.528915,day VWAP,2.071575202880516,1.276454332926817,0.30530138683048624,0.18392822334764614,before,1-3 days
Robinhood-main,META,2024-10-04,True,560.0,2024-10-01,2024-10-01 09:30:00-04:00,1.58,1.0,158.0,232.0,1.4683544303797467,3,578.0685,exact minute,3.125667632815137,1.0742290672628434,0.2563306928093223,0.1587869353787441,before,1-3 days
Robinhood-main,META,2024-10-25,True,550.0,2024-10-23,2024-10-23 12:40:00-04:00,0.66,1.0,66.0,-47.0,-0.7121212121212122,2,569.03,exact minute,3.3442876473999563,1.9365040569479033,0.26135719900058946,0.09402359506771518,before,1-3 days
Robinhood-main,META,2024-11-08,True,550.0,2024-11-05,2024-11-05 09:30:00-05:00,2.8,1.0,280.0,-180.0,-0.6428571428571428,3,567.37,exact minute,3.0614942630029796,0.9828280875065137,0.31774559260095686,0.2128052520307374,before,1-3 days
Robinhood-main,META,2024-11-22,True,520.0,2024-11-19,2024-11-19 14:18:00-05:00,0.31,1.0,31.0,-4.0,-0.12903225806451613,3,557.82,exact minute,6.779964863217534,1.9115795528777058,0.34492695436229587,0.035243738779621836,before,1-3 days
Robinhood-main,META,2024-12-06,True,590.0,2024-12-05,,0.34,1.0,34.0,12.0,0.3529411764705883,1,611.060997,day VWAP,3.4466276040197084,1.6201523943372893,0.2905826491587474,0.05754731244667399,before,1-3 days
Robinhood-main,META,2024-12-06,True,595.0,2024-12-05,,0.59,1.0,59.0,27.0,0.4576271186440677,1,611.060997,day VWAP,2.6283786854097055,1.235519037631221,0.26900876946193536,0.09787881257032338,before,1-3 days
Robinhood-main,META,2024-12-13,True,605.0,2024-12-10,,1.89,1.0,222.0,-177.0,-0.7972972972972973,3,619.488103,day VWAP,2.3387217494312433,0.7248046775631729,0.23702254293149594,0.19457426843010894,before,1-3 days
Robinhood-main,META,2024-12-13,True,615.0,2024-12-12,2024-12-12 12:27:00-05:00,0.35,1.0,35.0,75.00000000000001,2.1428571428571432,1,634.39,exact minute,3.056479452702594,1.401151969989471,0.2595613886931488,0.0621524384532669,before,1-3 days
Robinhood-main,META,2024-12-13,True,617.5,2024-12-11,,1.04,1.0,104.0,-61.0,-0.5865384615384616,2,633.125655,day VWAP,2.468017979780025,0.9150615342383741,0.2328248059612037,0.13803017290634467,before,1-3 days
Robinhood-main,META,2025-01-31,True,685.0,2025-01-31,2025-01-31 12:55:00-05:00,0.12,1.0,12.0,24.0,2.0,0,698.95,exact minute,1.9958509192360034,1.6202122920966309,0.26199734006607545,0.03759909875600842,before,0DTE
Robinhood-main,META,2025-01-31,True,690.0,2025-01-31,,1.03,1.0,103.0,26.0,0.2524271844660195,0,695.744037,day VWAP,0.8255962961275151,0.6527999594411733,0.2508829738411203,0.22740247182281714,before,0DTE
Robinhood-main,META,2025-02-07,True,660.0,2025-02-03,2025-02-03 09:45:00-05:00,2.32,1.0,231.99999999999997,-225.99999999999997,-0.9741379310344828,4,696.03,exact minute,5.176501012887372,1.3311432660393114,0.34789716268474796,0.13279867812688728,before,4-14 days
Robinhood-main,META,2025-02-07,True,665.0,2025-02-05,2025-02-05 15:13:00-05:00,0.34,1.0,34.0,-27.0,-0.7941176470588235,2,703.95,exact minute,5.533063427800276,2.218097818073425,0.3508403642557815,0.03715311417253664,before,1-3 days
Robinhood-main,META,2025-02-07,True,675.0,2025-02-05,2025-02-05 09:32:00-05:00,1.08,1.0,108.0,-104.0,-0.962962962962963,2,703.5,exact minute,4.051172707889126,1.3665550691822037,0.29807268127351133,0.09871181763009107,before,1-3 days
Robinhood-main,META,2025-02-07,True,705.0,2025-02-06,,2.48,1.0,248.0,252.0,1.0161290322580645,1,711.680497,day VWAP,0.9386932799424383,0.5039021863127391,0.23598548847909867,0.2990569155196723,before,1-3 days
Robinhood-main,META,2025-02-07,True,710.0,2025-02-07,,0.38,1.0,38.0,-26.0,-0.6842105263157895,0,717.849065,day VWAP,1.0934143934560947,1.103672691741234,0.20777834801633682,0.11652449078361449,before,0DTE
Robinhood-main,META,2025-02-07,True,715.0,2025-02-06,,6.95,1.0,1216.0,-85.0,-0.06990131578947367,1,711.680497,day VWAP,-0.46643163807256255,-0.2503862840102671,0.2331940408157836,0.598573087572236,before,1-3 days
Robinhood-main,META,2025-02-14,True,700.0,2025-02-12,2025-02-12 10:11:00-05:00,2.02,1.0,202.0,-170.0,-0.8415841584158416,2,717.48,exact minute,2.4363048447343503,1.139361842915495,0.2591131401200153,0.18352631692396626,before,1-3 days
Robinhood-main,META,2025-02-28,True,650.0,2025-02-26,,1.73,1.0,173.0,6.0,0.034682080924855585,2,673.972799,day VWAP,3.5569386532467475,1.632144242580091,0.34645952636788935,0.1430346449131189,before,1-3 days
Robinhood-main,META,2025-02-28,True,655.0,2025-02-27,,1.9,1.0,1350.0,803.0,0.5948148148148149,1,668.36171,day VWAP,1.9991734715024319,1.1644814832237442,0.31987262104409464,0.2030922902379777,before,1-3 days
Robinhood-main,META,2025-02-28,True,660.0,2025-02-27,,1.74,1.0,455.0,520.0,1.1428571428571428,1,668.36171,day VWAP,1.2510755590711526,0.7287283186872655,0.2352166044805866,0.24108373922047455,before,1-3 days
Robinhood-main,META,2025-03-07,True,625.0,2025-03-07,,6.05,2.0,1210.0,775.0,0.640495867768595,0,617.160003,day VWAP,-1.2703345910120556,-0.9432221439574335,,,before,0DTE
Robinhood-main,META,2025-03-07,True,640.0,2025-03-04,,9.71,1.0,971.0000000000001,639.0000000000001,0.6580844490216273,3,635.606659,day VWAP,-0.6912043695250153,-0.23991273239692015,0.24358414099826634,0.5892437941315359,before,1-3 days
Robinhood-main,META,2025-03-07,True,645.0,2025-03-06,,9.21,1.0,921.0000000000001,-66.0,-0.07166123778501632,1,635.077933,day VWAP,-1.5623384917705792,-0.7609276536726168,,,before,1-3 days
Robinhood-main,META,2025-03-07,True,650.0,2025-02-28,,10.9,1.0,1090.0,-305.0,-0.2798165137614679,7,661.364329,day VWAP,1.7183159873746376,0.49135994573839753,0.41259922577953506,0.37644666332393273,before,4-14 days
Robinhood-main,META,2025-03-14,False,610.0,2025-03-13,,4.26,1.0,426.0,-1.0,-0.0023474178403756207,1,596.297556,day VWAP,2.29792053684017,0.8606339037584658,0.5168958147905971,0.2912429407888808,before,1-3 days
Robinhood-main,META,2025-03-14,True,600.0,2025-03-10,,11.7,1.0,1170.0,395.0,0.3376068376068375,4,596.461726,day VWAP,-0.5932105692226766,-0.1496160470256491,0.3082335571338035,0.5489463900302929,before,4-14 days
Robinhood-main,META,2025-03-14,True,605.0,2025-03-13,,9.0,1.0,900.0,125.0,0.13888888888888884,1,596.297556,day VWAP,-1.4594129914562344,-0.5465899624884031,0.14353887825580203,0.9036752145180225,before,1-3 days
Robinhood-main,META,2025-03-14,True,617.5,2025-03-13,,8.65,3.0,2595.0000000000005,1664.9999999999986,0.641618497109826,1,596.297556,day VWAP,-3.5556818549160742,-1.3316998156635602,,,before,1-3 days
Robinhood-main,META,2025-03-14,True,620.0,2025-03-07,,13.1,1.0,1310.0,600.0000000000002,0.4580152671755726,7,617.160003,day VWAP,-0.46017191428395915,-0.1030195456842951,0.31888965507674316,0.5294545852742556,before,4-14 days
Robinhood-main,META,2025-03-21,True,580.0,2025-03-17,,4.35,1.0,434.99999999999994,-141.99999999999994,-0.3264367816091953,4,603.715714,day VWAP,3.92829165284905,0.7522369366420056,0.4083612685586686,0.22312725567174185,before,4-14 days
Robinhood-main,META,2025-03-21,True,600.0,2025-03-07,,11.1,1.0,2030.0,1630.0,0.8029556650246306,14,617.160003,day VWAP,2.7804787926284265,0.45051141927972227,0.3718179976687858,0.34109119431568347,before,4-14 days
Robinhood-main,META,2025-03-21,True,605.0,2025-03-17,,11.4,2.0,2280.0,-319.9999999999998,-0.14035087719298234,4,603.715714,day VWAP,-0.2127302586660767,-0.04073617038948002,0.3335480145092303,0.5101281676007094,before,4-14 days
Robinhood-main,META,2025-03-28,True,580.0,2025-03-19,,14.85,1.0,1485.0,-625.0,-0.42087542087542085,9,583.151368,day VWAP,0.5404030879337742,0.07994291868300216,0.4092521221197467,0.45539174831966167,before,4-14 days
Robinhood-main,META,2025-03-28,True,595.0,2025-03-28,2025-03-28 09:32:00-04:00,3.35,1.0,670.0,140.0,0.20895522388059695,0,599.88,exact minute,0.8134960325398406,0.30793225034147015,0.36365512406375505,0.35609841873521586,before,0DTE
Robinhood-main,META,2025-03-28,True,600.0,2025-03-25,,1.17,1.0,3935.0,-567.0,-0.1440914866581957,3,627.150651,day VWAP,4.32920717800547,0.8566353772448484,0.3057727500685882,0.10635175807566621,before,1-3 days
Robinhood-main,META,2025-03-28,True,610.0,2025-03-25,,2.8,1.0,1140.0,1870.0000000000005,1.640350877192983,3,627.150651,day VWAP,2.7346939643055617,0.5411234665931123,0.304554752478871,0.21462419535920885,before,1-3 days
Robinhood-main,META,2025-04-04,False,587.5,2025-03-31,2025-03-31 09:36:00-04:00,3.2,1.0,320.0,-50.0,-0.15625,4,555.6,exact minute,5.741540676745855,0.9363761527274826,0.42401735329728,0.18237728234923783,before,4-14 days
Robinhood-main,META,2025-04-04,True,565.0,2025-04-01,2025-04-01 09:32:00-04:00,7.43,1.0,743.0,-353.0,-0.4751009421265141,3,570.72,exact minute,1.0022427810485048,0.18341775303897043,0.35172660936027605,0.4014479934928238,before,1-3 days
Robinhood-main,META,2025-04-04,True,575.0,2025-03-19,,16.45,1.0,1645.0,-540.0,-0.32826747720364746,16,583.151368,day VWAP,1.3978134061412417,0.16017214983617403,0.39400150332685085,0.4190625395330808,before,15+ days
Robinhood-main,META,2025-04-04,True,590.0,2025-03-24,2025-03-24 15:24:00-04:00,5.5,1.0,550.0,-277.0,-0.5036363636363637,11,617.18,exact minute,4.4039016170323,0.5725927810738262,0.3374661528474295,0.23127334753944173,before,4-14 days
Robinhood-main,META,2025-04-04,True,600.0,2025-02-26,,7.45,1.0,5300.0,734.0,0.1384905660377358,37,673.972799,day VWAP,10.975635679920074,1.5185024700292116,0.3766670024680793,0.1594892386841178,before,15+ days
Robinhood-main,META,2025-04-11,True,530.0,2025-04-08,2025-04-08 09:30:00-04:00,12.0,1.0,1200.0,593.0,0.49416666666666664,3,542.81,exact minute,2.359941784418111,0.35477236481229446,0.655650582506491,0.3705413652559857,before,1-3 days
Robinhood-main,META,2025-04-11,True,580.0,2025-04-02,2025-04-02 09:55:00-04:00,13.0,1.0,1300.0,2300.0,1.7692307692307692,9,587.0224,exact minute,1.1962746225697602,0.15443279966777562,0.39393605603410303,0.4179627081819477,before,4-14 days
Robinhood-main,META,2025-04-11,True,590.0,2025-03-27,,11.23,1.0,1123.0,2.0,0.0017809439002671734,15,606.376248,day VWAP,2.700674383934648,0.29778975040731037,0.35831409515363927,0.3460712232028491,before,15+ days
Robinhood-main,META,2025-04-17,True,500.0,2025-04-11,2025-04-11 09:34:00-04:00,9.0,1.0,900.0,-241.0,-0.2677777777777778,6,535.09,exact minute,6.557775327515003,0.6187430479548456,0.7677918691722707,0.24767737174543214,before,4-14 days
Robinhood-main,META,2025-04-25,True,535.0,2025-04-25,,1.31,1.0,131.0,-120.0,-0.916030534351145,0,544.300956,day VWAP,1.7087892088875993,0.5020196303581573,0.47099876635147647,0.20269998440108494,before,0DTE
Robinhood-main,META,2025-04-25,True,537.5,2025-04-25,,4.03,1.0,403.0,-384.0,-0.9528535980148883,0,544.300956,day VWAP,1.2494844855646443,0.3670819878302938,0.7183237452983209,0.3412834493359653,before,0DTE
Robinhood-main,META,2025-04-25,True,540.0,2025-04-25,2025-04-25 13:31:00-04:00,0.21,1.0,874.0,-276.9999999999999,-0.31693363844393585,0,548.68,exact minute,1.58197856674199,0.531688140741946,0.2869618848017782,0.0759645389356689,before,0DTE
Robinhood-main,META,2025-05-09,True,595.0,2025-05-09,2025-05-09 09:30:00-04:00,1.36,1.0,136.0,304.00000000000006,2.2352941176470593,0,603.87,exact minute,1.4688591915478504,0.4981088635473184,0.2961042485107398,0.21109132398121133,before,0DTE
Robinhood-main,META,2025-06-06,True,650.0,2025-06-03,2025-06-03 09:30:00-04:00,1.99,1.0,312.0,-238.0,-0.7628205128205128,3,671.35,exact minute,3.180159380353023,0.7185724171602584,0.26681781113480174,0.1639862129991826,before,1-3 days
Robinhood-main,META,2025-06-06,True,667.5,2025-06-05,2025-06-05 09:30:00-04:00,1.09,1.0,109.00000000000001,-34.000000000000014,-0.3119266055045873,1,692.3,exact minute,3.5822620251336064,1.1437045872952702,0.3352476651137161,0.10815881742863609,before,1-3 days
Robinhood-main,META,2025-06-06,True,690.0,2025-06-06,2025-06-06 09:30:00-04:00,1.78,1.0,178.0,-167.0,-0.9382022471910112,0,696.0,exact minute,0.8620689655172413,0.38768452827883176,0.2354534755242896,0.27720952417267064,before,0DTE
Robinhood-main,META,2025-06-13,True,667.5,2025-06-12,2025-06-12 09:55:00-04:00,0.66,1.0,66.0,-32.0,-0.48484848484848486,1,689.9,exact minute,3.246847369183937,1.553674801338422,0.27701442803821086,0.08509408319143463,before,1-3 days
Robinhood-main,META,2025-08-22,True,735.0,2025-08-19,2025-08-19 09:39:00-04:00,1.67,1.0,167.0,126.0,0.7544910179640718,3,760.67,exact minute,3.374656552775837,0.5721621541821237,0.25178805960956163,0.13542080043810678,before,1-3 days
Robinhood-main,META,2025-10-10,True,650.0,2025-10-03,2025-10-03 14:46:00-04:00,0.78,1.0,78.0,73.0,0.9358974358974359,7,713.68,exact minute,8.922766505997078,3.1788432758717646,0.3931157754912617,0.046003391180366004,before,4-14 days
Robinhood-main,META,2025-10-17,True,660.0,2025-10-06,2025-10-06 15:54:00-04:00,2.51,1.0,250.99999999999997,-32.99999999999994,-0.13147410358565714,11,712.48,exact minute,7.365820794969685,1.8716818993117668,0.33938593419802904,0.11047469278943978,before,4-14 days
Robinhood-main,META,2025-10-17,True,695.0,2025-10-16,,1.4,1.0,270.0,35.0,0.12962962962962954,1,714.195021,day VWAP,2.687644191795618,1.4226254652113615,0.3376342532537416,0.1448212853425419,before,1-3 days
Robinhood-main,META,2025-10-17,True,700.0,2025-10-17,2025-10-17 12:42:00-04:00,0.22,1.0,22.0,-12.0,-0.5454545454545454,0,712.39,exact minute,1.7392158789427121,1.5983049062879677,0.2550918566124273,0.062013764388425874,before,0DTE
Robinhood-main,META,2025-10-24,True,710.0,2025-10-22,2025-10-22 09:31:00-04:00,1.48,1.0,148.0,67.0,0.45270270270270263,2,733.54,exact minute,3.209095618507507,1.1622093872534165,0.27256313882690253,0.13304542946068154,before,1-3 days
Robinhood-main,META,2025-12-26,True,600.0,2025-12-12,2025-12-12 09:34:00-05:00,1.05,1.0,105.0,-27.0,-0.2571428571428571,14,650.0,exact minute,7.6923076923076925,1.3880763366219793,0.2597842394281729,0.06647824420899018,best run,4-14 days
Robinhood-main,META,2026-01-23,True,605.0,2026-01-06,2026-01-06 11:54:00-05:00,1.86,1.0,186.0,134.0,0.7204301075268817,17,653.3201,exact minute,7.396083481895019,1.7017185727116804,0.26073518564762177,0.09723841311037051,best run,15+ days
Robinhood-main,META,2026-02-04,True,685.0,2026-02-04,,4.9,1.0,490.00000000000006,790.0,1.6122448979591835,0,673.179566,day VWAP,-1.7559109926993797,-0.814538208641353,,,best run,0DTE
Robinhood-main,META,2026-02-06,True,685.0,2026-02-04,,7.82,1.0,782.0,948.0,1.2122762148337598,2,673.179566,day VWAP,-1.7559109926993797,-0.36427256095859434,,,best run,1-3 days
Robinhood-main,META,2026-02-25,True,640.0,2026-02-25,,1.63,1.0,468.0,-444.0,-0.9487179487179487,0,651.100266,day VWAP,1.7048474067126296,0.8466020009994343,0.47801056212128895,0.20661067410822542,best run,0DTE
Robinhood-main,META,2026-02-27,True,640.0,2026-02-26,,1.02,1.0,212.0,56.0,0.26415094339622636,1,655.489,day VWAP,2.362968714959371,0.6650810618591312,0.2866896210813189,0.1373721685148861,best run,1-3 days
Robinhood-main,META,2026-02-27,True,645.0,2026-02-25,,5.39,1.0,539.0,-254.0,-0.4712430426716141,2,651.100266,day VWAP,0.936916527077572,0.20807009959950032,0.3136417341179395,0.3756415507253832,best run,1-3 days
Robinhood-main,META,2026-03-02,True,635.0,2026-02-27,2026-02-27 12:56:00-05:00,2.98,1.0,298.0,102.0,0.34228187919463093,3,641.47,exact minute,1.0086208240447763,0.28648316675405017,0.2895359099382345,0.3194607939210451,best run,1-3 days
Robinhood-main,META,2026-03-02,True,640.0,2026-02-25,2026-02-25 13:41:00-05:00,4.6,1.0,1614.0,-530.0,-0.32837670384138784,5,649.73,exact minute,1.4975451341326425,0.287025961250933,0.28980669372719314,0.31994301637826095,best run,4-14 days
Robinhood-main,META,2026-06-05,True,620.0,2026-06-04,,2.3,1.0,229.99999999999997,30.00000000000003,0.1304347826086958,1,632.604048,day VWAP,1.9924071051786938,0.8280481929471544,0.35435714863433915,0.22668779138779738,after,1-3 days
Robinhood-main,META,2026-07-10,True,655.0,2026-07-10,,0.6,1.0,60.0,-38.0,-0.6333333333333333,0,668.986135,day VWAP,2.0906464675833663,0.8768293008186414,0.38571865929115295,0.1078010734409105,after,0DTE
Robinhood-main,MRNA,2024-01-05,True,103.0,2024-01-03,,0.48,1.0,48.0,-3.0,-0.0625,2,110.139598,day VWAP,6.482317104516766,1.009617014217346,0.6265649901501564,0.1345560325015025,before,1-3 days
Robinhood-main,MRNA,2024-01-26,True,87.0,2024-01-18,,0.32,1.0,70.0,-64.0,-0.9142857142857143,8,98.630166,day VWAP,11.791692614610424,1.1328109085118632,0.5650394824821805,0.07664749206378985,before,4-14 days
Robinhood-main,MRNA,2024-01-26,True,90.0,2024-01-19,,0.57,2.0,198.0,-82.99999999999999,-0.4191919191919191,7,99.411943,day VWAP,9.467617990325362,0.9855521564478864,0.6066085174877659,0.1241120863446814,before,4-14 days
Robinhood-main,MRNA,2024-01-26,True,95.0,2024-01-22,,0.76,1.0,76.0,-44.0,-0.5789473684210527,4,100.153588,day VWAP,5.145684845559401,0.6042816523421637,0.4904173058104711,0.20077007296726002,before,4-14 days
Robinhood-main,MSFT,2024-01-05,False,375.0,2024-01-03,,0.6,1.0,60.0,101.0,1.6833333333333331,2,371.174093,day VWAP,1.0307580922680324,0.6940060714034095,0.1310187346572595,0.2179019711660931,before,1-3 days
Robinhood-main,MSFT,2024-01-12,True,365.0,2024-01-09,,0.5,1.0,50.0,-45.0,-0.9,3,374.475021,day VWAP,2.5302144251699037,1.4503099677750224,0.18776863107963931,0.12116463301796077,before,1-3 days
Robinhood-main,MSFT,2024-01-19,False,400.0,2024-01-03,,0.3,2.0,60.0,-36.0,-0.6,16,371.174093,day VWAP,7.766141965085901,2.338443276991486,0.19627958246945998,0.04560245168347197,before,15+ days
Robinhood-main,MSFT,2024-03-08,True,395.0,2024-03-05,,0.65,1.0,65.0,27.0,0.41538461538461546,3,403.877927,day VWAP,2.198170884441526,1.0280700947638217,0.18055504277176257,0.14566584897292945,before,1-3 days
Robinhood-main,MSFT,2024-03-08,True,400.0,2024-03-04,,0.3,1.0,60.0,202.0,3.3666666666666663,4,415.13935,day VWAP,3.6468116067532454,1.4221758915813585,0.18592574038271106,0.06582092625124969,before,4-14 days
Robinhood-main,MSFT,2024-03-22,False,440.0,2024-03-19,,0.21,1.0,21.0,-8.0,-0.38095238095238093,3,420.341405,day VWAP,4.676816217997842,1.7736118706486832,0.2278379553135251,0.0456249996332872,before,1-3 days
Robinhood-main,MSFT,2024-04-12,True,420.0,2024-04-11,,0.16,1.0,82.0,-4.0,-0.04878048780487809,1,426.693917,day VWAP,1.5687866016613494,1.230432544800717,0.14318094556273794,0.07536926808663558,before,1-3 days
Robinhood-main,MSFT,2024-04-19,True,420.0,2024-04-11,,2.95,1.0,295.0,185.0,0.6271186440677967,8,426.693917,day VWAP,1.5687866016613494,0.5910806753419019,0.20943859411588062,0.3131621071269919,before,4-14 days
Robinhood-main,MSFT,2024-10-18,True,410.0,2024-10-15,,0.72,1.0,94.0,66.0,0.7021276595744681,3,418.273644,day VWAP,1.9780457407925973,1.0631273389322375,0.17210686210532672,0.1598341340046664,before,1-3 days
Robinhood-main,MSFT,2024-10-18,True,415.0,2024-10-17,,0.7,1.0,70.0,43.999999999999986,0.6285714285714283,1,417.517287,day VWAP,0.6029180295952656,0.516987273890095,0.1299398757099402,0.27151328748377823,before,1-3 days
Robinhood-main,MSFT,2024-10-25,True,390.0,2024-10-15,2024-10-15 12:50:00-04:00,0.48,1.0,48.0,7.000000000000007,0.14583333333333348,10,416.68,exact minute,6.402995104156668,2.2099602126918576,0.23601594145627425,0.06064287307785976,before,4-14 days
Robinhood-main,MSFT,2024-10-25,True,410.0,2024-10-22,2024-10-22 09:30:00-04:00,0.66,1.0,66.0,-50.0,-0.7575757575757576,3,418.35,exact minute,1.9959364168758271,1.1914022911684645,0.1571633431099356,0.1519495304592937,before,1-3 days
Robinhood-main,MSFT,2024-11-01,True,400.0,2024-10-28,2024-10-28 09:30:00-04:00,1.3,1.0,130.0,18.0,0.1384615384615384,4,431.3,exact minute,7.257129608161375,3.4113850047067324,0.4310288757371556,0.1018216251707329,before,4-14 days
Robinhood-main,MSFT,2024-12-06,True,425.0,2024-12-04,,0.45,2.0,90.0,-60.0,-0.6666666666666667,2,437.315164,day VWAP,2.8160843743346575,1.47177810829774,0.2231296251526537,0.09741563603802939,before,1-3 days
Robinhood-main,MSFT,2024-12-06,True,435.0,2024-12-04,2024-12-04 11:07:00-05:00,1.47,1.0,147.0,-132.0,-0.8979591836734694,2,438.2735,exact minute,0.7469080380173596,0.3721056429205313,0.15430464035339306,0.3180866092473432,before,1-3 days
Robinhood-main,MSFT,2025-02-07,True,410.0,2025-02-07,,0.52,1.0,52.0,34.0,0.6538461538461537,0,411.341005,day VWAP,0.32600810123464247,0.22060587835758522,0.14498360503295787,0.3054251835353827,before,0DTE
Robinhood-main,MSFT,2025-04-17,False,390.0,2025-04-04,2025-04-04 11:03:00-04:00,3.95,1.0,395.0,-170.99999999999997,-0.43291139240506327,13,367.9397,exact minute,5.995629175106678,1.2505923648046986,0.39864858697919875,0.2410588695992742,before,4-14 days
Robinhood-main,MSFT,2025-05-09,True,425.0,2025-05-06,2025-05-06 09:30:00-04:00,1.79,1.0,179.0,-140.0,-0.782122905027933,3,432.34,exact minute,1.697737891474297,0.2703439717402529,0.21112830879912367,0.25557913393083,before,1-3 days
Robinhood-main,MSFT,2025-06-20,True,400.0,2025-05-12,2025-05-12 09:39:00-04:00,1.99,1.0,199.0,-87.99999999999999,-0.4422110552763818,39,442.36,exact minute,9.57591102269645,0.771138229392896,0.24364501182733014,0.10751161793918185,before,15+ days
Robinhood-main,MSFT,2025-06-20,True,430.0,2025-06-02,2025-06-02 09:53:00-04:00,1.32,1.0,132.0,-17.000000000000014,-0.1287878787878789,18,460.72,exact minute,6.6678242750477565,1.6725127270380746,0.23055200949929092,0.10432764475397804,before,15+ days
Robinhood-main,MSFT,2025-09-12,True,487.5,2025-09-08,,1.66,1.0,166.0,-52.000000000000014,-0.3132530120481929,4,498.607056,day VWAP,2.22761709172443,1.1296302439505737,0.21026356711350505,0.2073000652233643,before,4-14 days
Robinhood-main,MSFT,2026-07-10,True,382.5,2026-07-10,,0.25,1.0,25.0,-10.0,-0.4,0,385.163541,day VWAP,0.6915350796403674,0.41343580335772506,0.16243987566642135,0.1678562487886084,after,0DTE
Robinhood-main,MSTR,2024-11-08,True,245.0,2024-11-07,2024-11-07 12:51:00-05:00,0.51,1.0,51.0,-48.0,-0.9411764705882353,1,275.95,exact minute,11.215799963761548,1.467677799376454,0.9952907490230151,0.05530965080407735,before,1-3 days
Robinhood-main,MSTR,2024-11-15,True,200.0,2024-11-06,2024-11-06 13:59:00-05:00,1.44,1.0,144.0,-87.0,-0.6041666666666667,9,257.335,exact minute,22.280296112071806,1.4298108260196591,1.0477365151290718,0.06658414693403836,before,4-14 days
Robinhood-main,MSTR,2025-05-30,True,357.5,2025-05-30,2025-05-30 09:33:00-04:00,1.16,1.0,115.99999999999999,-47.999999999999986,-0.4137931034482758,0,369.2,exact minute,3.1690140845070394,1.0056234558945232,0.5457944045410391,0.16918750921481285,before,0DTE
Robinhood-main,MSTR,2026-05-22,True,160.0,2026-05-20,,2.15,1.0,215.0,-140.0,-0.6511627906976745,2,166.586506,day VWAP,3.9538052379824893,0.5452693026252665,0.7295227412708585,0.27708757012434315,after,1-3 days
Robinhood-main,MU,2024-10-04,False,100.0,2024-10-02,2024-10-02 15:31:00-04:00,1.63,1.0,163.0,-39.0,-0.23926380368098155,2,100.07,exact minute,-0.06995103427599998,-0.011789479466492767,0.44048172371085786,0.5149534971588172,before,1-3 days
Robinhood-main,MU,2026-01-09,True,307.5,2026-01-07,,0.72,1.0,72.0,-30.0,-0.41666666666666663,2,340.891137,day VWAP,9.795249384849807,1.3184607863787265,0.7059166477029031,0.0666352533992981,best run,1-3 days
Robinhood-main,MU,2026-01-23,True,327.5,2026-01-20,2026-01-20 09:36:00-05:00,0.78,1.0,78.0,20.0,0.2564102564102564,3,373.07,exact minute,12.21486584287131,1.377438380802628,0.6708604401846818,0.05630957837851336,best run,1-3 days
Robinhood-main,MU,2026-02-20,True,400.0,2026-02-12,,8.05,1.0,805.0000000000001,454.9999999999999,0.5652173913043477,8,422.652274,day VWAP,5.359553323969571,0.4348043390872639,0.6467631907414705,0.2801988135599123,best run,4-14 days
Robinhood-main,MU,2026-03-20,True,430.0,2026-03-20,,0.82,1.0,82.0,108.0,1.3170731707317072,0,427.788142,day VWAP,-0.5170451872880587,-0.181625274253928,,,best run,0DTE
Robinhood-main,MU,2026-03-20,True,435.0,2026-03-20,,4.9,1.0,490.00000000000006,269.99999999999994,0.551020408163265,0,427.788142,day VWAP,-1.6858480383030363,-0.5921970068288209,,,best run,0DTE
Robinhood-main,NFLX,2024-07-12,False,662.5,2024-07-12,,0.18,1.0,18.0,-8.0,-0.4444444444444444,0,650.438543,day VWAP,1.8543576683462344,1.8138280916362601,0.2592750486404873,0.05646506437194171,before,0DTE
Robinhood-main,NFLX,2024-07-12,False,665.0,2024-07-12,,0.53,1.0,104.0,-94.0,-0.9038461538461539,0,650.438543,day VWAP,2.238713735019239,2.189783519665448,0.38630580292601624,0.10061361970647653,before,0DTE
Robinhood-main,NFLX,2024-07-26,True,610.0,2024-07-24,,0.6,1.0,60.0,-8.0,-0.1333333333333333,2,640.214671,day VWAP,4.719459326479564,2.237240028624697,0.32479270628405427,0.06544618764441856,before,1-3 days
Robinhood-main,NFLX,2024-08-09,True,580.0,2024-07-19,,2.33,1.0,233.0,-30.00000000000003,-0.1287553648068671,21,644.637866,day VWAP,10.027004215728157,1.926172688713928,0.3303478476024216,0.09165591011804763,before,15+ days
Robinhood-main,NFLX,2024-11-08,True,720.0,2024-11-05,2024-11-05 10:40:00-05:00,0.66,1.0,66.0,-54.0,-0.8181818181818181,3,763.5995,exact minute,5.709733963943145,1.0978320043121168,0.30104867971281646,0.054290394949145115,before,1-3 days
Robinhood-main,NFLX,2024-11-08,True,735.0,2024-11-06,2024-11-06 09:30:00-05:00,0.5,1.0,50.0,-26.0,-0.52,2,771.85,exact minute,4.774243700200819,1.0575642507896685,0.2762947143747325,0.050729489454157006,before,1-3 days
Robinhood-main,NFLX,2024-11-22,True,825.0,2024-11-19,2024-11-19 10:25:00-05:00,1.97,1.0,393.0,-234.0,-0.5954198473282443,3,851.0,exact minute,3.055229142185664,1.207029463344895,0.24280295574124452,0.14738290862716275,before,1-3 days
Robinhood-main,NFLX,2024-11-22,True,830.0,2024-11-20,2024-11-20 15:24:00-05:00,0.37,1.0,93.0,-59.0,-0.6344086021505376,2,879.0,exact minute,5.5745164960182025,2.87313587813198,0.34664769664473566,0.03349535655505664,before,1-3 days
Robinhood-main,NFLX,2024-11-29,False,890.0,2024-11-26,2024-11-26 15:49:00-05:00,1.67,1.0,327.0,-102.99999999999997,-0.31498470948012225,3,871.315,exact minute,2.1444598107458206,0.7996564021837167,0.19835194564689315,0.16728322280805757,before,1-3 days
Robinhood-main,NFLX,2024-11-29,True,860.0,2024-11-27,2024-11-27 15:43:00-05:00,0.37,1.0,37.0,-37.0,-1.0,2,878.76,exact minute,2.13482634621512,0.9736471450524086,0.16009696811142554,0.06629109937883837,before,1-3 days
Robinhood-main,NFLX,2024-12-06,True,885.0,2024-12-04,2024-12-04 11:10:00-05:00,1.09,1.0,109.00000000000001,-88.00000000000001,-0.8073394495412844,2,911.435,exact minute,2.9003713923647814,1.1901299249952275,0.22684303794259839,0.10467938475903327,before,1-3 days
Robinhood-main,NFLX,2025-02-21,True,985.0,2025-02-20,2025-02-20 09:58:00-05:00,0.65,1.0,65.0,0.0,0.0,1,1028.1518,exact minute,4.1970261589777005,1.284595651837775,0.3087215117904203,0.054663114298806326,before,1-3 days
Robinhood-main,NFLX,2025-02-28,True,950.0,2025-02-24,2025-02-24 12:58:00-05:00,1.45,1.0,145.0,405.0,2.793103448275862,4,999.5696,exact minute,4.959094394227279,1.764901622694803,0.2805225187974193,0.08370705719849969,before,4-14 days
Robinhood-main,NFLX,2025-03-28,True,875.0,2025-03-19,,3.55,1.0,355.0,-305.0,-0.8591549295774648,9,954.610924,day VWAP,8.339620048177865,1.0276312473119722,0.4150515100001251,0.10529440167325177,before,4-14 days
Robinhood-main,NFLX,2025-04-11,True,875.0,2025-03-27,,3.8,1.0,380.0,-154.00000000000003,-0.4052631578947369,15,979.595677,day VWAP,10.677433501985536,1.0064418654469067,0.41073229056460336,0.09163058453770367,before,15+ days
Robinhood-main,NFLX,2025-04-25,True,1090.0,2025-04-25,,4.3,1.0,430.0,-360.0,-0.8372093023255813,0,1099.116736,day VWAP,0.8294602112218176,0.3447091633424436,0.4139003717048549,0.32240162561902985,before,0DTE
Robinhood-main,NFLX,2025-05-02,True,1080.0,2025-05-01,2025-05-01 09:50:00-04:00,1.38,1.0,138.0,-84.0,-0.6086956521739131,1,1123.87,exact minute,3.9034763807201807,0.8840134794954921,0.33866237782273034,0.08820691331001274,before,1-3 days
Robinhood-main,NFLX,2025-05-02,True,1100.0,2025-05-01,2025-05-01 09:31:00-04:00,4.8,3.0,1439.9999999999998,-1139.9999999999998,-0.7916666666666666,1,1122.5,exact minute,2.0044543429844097,0.4483751831564598,0.33161312111223823,0.24177830171601322,before,1-3 days
Robinhood-main,NFLX,2025-06-20,True,1150.0,2025-06-16,2025-06-16 10:53:00-04:00,0.89,1.0,89.0,-46.0,-0.5168539325842696,4,1216.14,exact minute,5.438518591609527,2.1337242692372564,0.24959415916646616,0.05022015126321078,before,4-14 days
Robinhood-main,NFLX,2026-01-30,True,83.0,2026-01-29,,0.49,5.0,245.00000000000003,89.99999999999997,0.36734693877550995,1,82.954478,day VWAP,-0.05487588023880446,-0.03441246616223197,0.18280396327177723,0.5127027895057024,best run,1-3 days
Robinhood-main,NFLX,2026-02-06,False,87.0,2026-02-02,2026-02-02 12:11:00-05:00,0.25,2.0,295.0,-176.0,-0.5966101694915253,4,83.92,exact minute,3.670162059103906,1.2760693082264167,0.26476534956913017,0.1608032017908279,best run,4-14 days
Robinhood-main,NFLX,2026-03-13,True,98.0,2026-03-09,,1.84,1.0,184.0,-10.0,-0.05434782608695654,4,97.736331,day VWAP,-0.26977583187565435,-0.03482824115409742,0.32678912222223133,0.5158975016097774,best run,4-14 days
Robinhood-main,NFLX,2026-07-10,True,74.0,2026-07-08,,0.26,1.0,26.0,30.000000000000007,1.1538461538461542,2,75.739453,day VWAP,2.2966273601157345,0.5544570312388738,0.29095031548775147,0.20718235170563615,after,1-3 days
Robinhood-main,NVDA,2024-01-12,True,515.0,2024-01-10,,0.82,1.0,82.0,-54.0,-0.6585365853658536,2,541.765545,day VWAP,4.940429535805932,1.5087581361599356,0.3779088062987731,0.08614574104831907,before,1-3 days
Robinhood-main,NVDA,2024-01-12,True,535.0,2024-01-12,,0.26,1.0,26.0,-18.0,-0.6923076923076923,0,546.736455,day VWAP,2.1466384567314023,1.522757579755006,0.33430643875201094,0.07150246398464466,before,0DTE
Robinhood-main,NVDA,2024-01-12,True,537.5,2024-01-12,,0.23,1.0,23.0,-8.999999999999998,-0.3913043478260869,0,546.736455,day VWAP,1.689379757931082,1.198392688534657,0.269883660105459,0.07732365306246569,before,0DTE
Robinhood-main,NVDA,2024-01-19,True,557.5,2024-01-18,,0.75,1.0,75.0,136.0,1.8133333333333335,1,570.667641,day VWAP,2.3074097870567716,0.9009366784778221,0.2674141640371272,0.126765457055509,before,1-3 days
Robinhood-main,NVDA,2024-01-19,True,585.0,2024-01-19,,0.87,1.0,222.0,-214.0,-0.963963963963964,0,585.40252,day VWAP,0.06875952635119872,0.04694555106088519,0.1018444955801126,0.438848447714164,before,0DTE
Robinhood-main,NVDA,2024-01-19,True,587.5,2024-01-19,,0.45,1.0,45.0,-35.0,-0.7777777777777778,0,585.40252,day VWAP,-0.3582970568695227,-0.24462723452049812,,,before,0DTE
Robinhood-main,NVDA,2024-01-26,True,545.0,2024-01-19,,0.89,1.0,89.0,-32.99999999999999,-0.3707865168539325,7,585.40252,day VWAP,6.90166485788274,1.4207546581891413,0.3317735372145584,0.06896439246399266,before,4-14 days
Robinhood-main,NVDA,2024-01-26,True,600.0,2024-01-25,,1.62,1.0,685.0,97.0,0.14160583941605842,1,619.245556,day VWAP,3.1079037731519814,1.291081529786454,0.4106703599582735,0.15569314254236133,before,1-3 days
Robinhood-main,NVDA,2024-02-02,True,575.0,2024-01-31,,0.49,1.0,49.0,-34.0,-0.6938775510204082,2,615.154719,day VWAP,6.52758042160122,2.0488899719455187,0.4087447471748293,0.046630773126334235,before,1-3 days
Robinhood-main,NVDA,2024-02-02,True,580.0,2024-01-31,,0.51,1.0,51.0,-29.0,-0.5686274509803921,2,615.154719,day VWAP,5.714776773093404,1.7937655403755306,0.3691722075332919,0.052751691860884464,before,1-3 days
Robinhood-main,NVDA,2024-02-09,True,545.0,2024-01-29,,0.74,1.0,388.0,220.0,0.5670103092783505,11,617.871653,day VWAP,11.793978999713074,1.8960630216836685,0.3760951142290372,0.03962274341988059,before,4-14 days
Robinhood-main,NVDA,2024-02-09,True,575.0,2024-02-01,,1.28,2.0,256.0,-224.0,-0.875,8,624.246432,day VWAP,7.888940885448268,1.5935773322966988,0.36483738066696864,0.07610924998901392,before,4-14 days
Robinhood-main,NVDA,2024-02-09,True,650.0,2024-02-06,,1.37,1.0,137.0,-137.0,-1.0,3,677.572635,day VWAP,4.069325349894036,1.0234855672614196,0.2990385401176136,0.11576012295486504,before,1-3 days
Robinhood-main,NVDA,2024-04-12,True,830.0,2024-04-09,,2.34,1.0,234.0,626.0,2.675213675213675,3,848.039002,day VWAP,2.1271429683607854,0.46881020595017564,0.21486585195071584,0.19441101199634447,before,1-3 days
Robinhood-main,NVDA,2024-04-26,True,750.0,2024-04-25,2024-04-25 09:44:00-04:00,1.21,1.0,485.0,-380.0,-0.7835051546391752,1,794.47,exact minute,5.597442320037261,1.158089724559824,0.4704808652480904,0.07962947419128197,before,1-3 days
Robinhood-main,NVDA,2024-05-03,True,780.0,2024-05-02,2024-05-02 09:41:00-04:00,0.55,1.0,154.0,-148.0,-0.961038961038961,1,850.1262,exact minute,8.248916454992216,1.4922383476843721,0.5396615838549695,0.0338256516787071,before,1-3 days
Robinhood-main,NVDA,2024-05-10,True,850.0,2024-05-09,2024-05-09 11:44:00-04:00,0.75,1.0,75.0,-74.0,-0.9866666666666667,1,893.26,exact minute,4.842934867787653,0.9344507753763889,0.3974892196919015,0.05979265749525475,before,1-3 days
Robinhood-main,NVDA,2024-05-10,True,870.0,2024-05-10,,0.49,1.0,63.0,-61.0,-0.9682539682539683,0,900.613719,day VWAP,3.399206380510394,1.218264546828327,0.49534416617030474,0.05723569730163425,before,0DTE
Robinhood-main,NVDA,2024-05-10,True,880.0,2024-05-10,,0.19,1.0,19.0,-18.0,-0.9473684210526316,0,900.613719,day VWAP,2.288852430861088,0.8203172909498991,0.2968868904439415,0.03941563652207358,before,0DTE
Robinhood-main,NVDA,2024-05-10,True,890.0,2024-05-10,2024-05-10 14:20:00-04:00,0.18,1.0,18.0,-12.0,-0.6666666666666667,0,900.5201,exact minute,1.1682248958129815,0.5846659950085077,0.23846248256566036,0.06073175204382386,before,0DTE
Robinhood-main,NVDA,2024-06-07,True,980.0,2024-06-03,2024-06-03 10:00:00-04:00,0.47,1.0,47.0,-26.0,-0.5531914893617021,4,1134.49,exact minute,13.617572653791571,2.019718150794166,0.4979257652417252,0.01625136698759233,before,4-14 days
Robinhood-main,NVDA,2024-06-07,True,1065.0,2024-06-04,2024-06-04 14:51:00-04:00,1.15,1.0,114.99999999999999,-57.99999999999999,-0.5043478260869565,3,1163.08,exact minute,8.432781923857338,1.523503631541563,0.4694703171246624,0.044788234411063166,before,1-3 days
Robinhood-main,NVDA,2024-06-07,True,1090.0,2024-06-05,2024-06-05 12:10:00-04:00,0.86,1.0,86.0,14.0,0.16279069767441867,2,1199.0611,exact minute,9.095541503264505,1.8511713478147074,0.5221209124844667,0.03376560039662879,before,1-3 days
Robinhood-main,NVDA,2024-06-07,True,1180.0,2024-06-06,,2.84,1.0,284.0,566.0,1.992957746478873,1,1209.840187,day VWAP,2.466456918908746,0.6520131006976562,0.3392115514478086,0.16668431306799003,before,1-3 days
Robinhood-main,NVDA,2024-07-19,False,123.0,2024-07-18,,1.0,1.0,100.0,-54.0,-0.54,1,119.733566,day VWAP,2.7280854560032095,0.611760253483246,0.6074896596575842,0.2908732482490629,before,1-3 days
Robinhood-main,NVDA,2024-08-09,True,90.0,2024-07-18,,0.26,2.0,52.0,-14.0,-0.2692307692307693,22,119.733566,day VWAP,24.833108202924482,1.679028334417261,0.6316249320386351,0.03237176999718461,before,15+ days
Robinhood-main,NVDA,2024-08-16,True,90.0,2024-07-19,2024-07-19 11:42:00-04:00,0.42,1.0,42.0,-11.0,-0.26190476190476186,28,118.82,exact minute,24.255175896313748,1.4836608076180993,0.6075358159519929,0.04610176176678982,before,15+ days
Robinhood-main,NVDA,2024-09-13,True,90.0,2024-09-06,2024-09-06 10:53:00-04:00,0.42,2.0,135.0,-102.0,-0.7555555555555555,7,102.91,exact minute,12.544942182489551,1.2556961012778949,0.6676331356357258,0.08449167566601168,before,4-14 days
Robinhood-main,NVDA,2024-09-20,True,110.0,2024-09-18,2024-09-18 11:00:00-04:00,0.71,1.0,111.0,-101.0,-0.9099099099099099,2,115.17,exact minute,4.489016236867241,0.6837231178774619,0.5279464401287568,0.195568977938403,before,1-3 days
Robinhood-main,NVDA,2024-09-20,True,115.0,2024-09-18,,2.33,1.0,275.0,-225.0,-0.8181818181818181,2,115.085913,day VWAP,0.07465118689200911,0.011966726768826869,0.5191023897827988,0.4839287548814234,before,1-3 days
Robinhood-main,NVDA,2024-09-20,True,118.0,2024-09-19,2024-09-19 13:44:00-04:00,0.76,1.0,215.0,215.0,1.0,1,119.385,exact minute,1.1601122419064414,0.25343912033609733,0.386892857400351,0.33490060510195774,before,1-3 days
Robinhood-main,NVDA,2024-09-27,True,100.0,2024-09-18,2024-09-18 10:57:00-04:00,0.29,2.0,231.0,-141.0,-0.6103896103896104,9,115.17,exact minute,13.171832942606581,1.197156629008547,0.5335608936015918,0.06012719510714559,before,4-14 days
Robinhood-main,NVDA,2024-09-27,True,110.0,2024-09-24,,0.1,1.0,10.0,-2.999999999999999,-0.29999999999999993,3,119.586687,day VWAP,8.016516922155388,1.1184193126471142,0.41462990416149725,0.041415831299163264,before,1-3 days
Robinhood-main,NVDA,2024-09-27,True,115.0,2024-09-24,,1.24,1.0,124.0,-93.0,-0.75,3,119.586687,day VWAP,3.8354495095260877,0.5351003242170578,0.5424133462640663,0.2598614598818131,before,1-3 days
Robinhood-main,NVDA,2024-09-27,True,116.0,2024-09-23,,2.49,1.0,300.0,-63.0,-0.20999999999999996,4,115.977922,day VWAP,-0.019036381769276207,-0.002249875494664025,0.40094639378292934,0.49073072358076075,before,4-14 days
Robinhood-main,NVDA,2024-09-27,True,117.0,2024-09-25,,0.22,1.0,22.0,-5.0,-0.2272727272727273,2,123.632219,day VWAP,5.364474611589723,0.8631905574906291,0.4198091751605191,0.09019772613344212,before,1-3 days
Robinhood-main,NVDA,2024-09-27,True,119.0,2024-09-26,2024-09-26 13:25:00-04:00,0.38,3.0,114.00000000000001,-39.000000000000014,-0.3421052631578948,1,122.2,exact minute,2.6186579378068764,0.5608441798250188,0.40543968097984506,0.1856637694674277,before,1-3 days
Robinhood-main,NVDA,2024-09-27,True,120.0,2024-09-25,2024-09-25 15:14:00-04:00,0.53,1.0,155.0,-47.0,-0.3032258064516129,2,123.49,exact minute,2.8261397684022955,0.4940664994123013,0.3926288376245709,0.20769126298121576,before,1-3 days
Robinhood-main,NVDA,2024-10-25,True,137.0,2024-10-21,2024-10-21 15:40:00-04:00,0.85,1.0,164.0,38.0,0.23170731707317072,4,142.365,exact minute,3.7684824219436015,0.8055666193890726,0.3872239772057452,0.209851100510126,before,4-14 days
Robinhood-main,NVDA,2024-11-29,True,130.0,2024-11-27,,0.33,1.0,198.0,-198.0,-1.0,2,133.694807,day VWAP,2.7636129502023197,0.6610315187155107,0.2882747486075721,0.16098764413205757,before,1-3 days
Robinhood-main,NVDA,2024-11-29,True,134.0,2024-11-27,2024-11-27 15:40:00-05:00,0.71,1.0,71.0,-70.0,-0.9859154929577465,2,134.48,exact minute,0.3569303985722708,0.0942509637705155,0.19257134416079758,0.4150817147198278,before,1-3 days
Robinhood-main,NVDA,2025-01-03,True,135.0,2024-12-30,2024-12-30 13:23:00-05:00,0.72,1.0,72.0,127.0,1.7638888888888888,4,139.9889,exact minute,3.563782557045595,0.7970570866028129,0.33753323236993227,0.20166306683904012,before,4-14 days
Robinhood-main,NVDA,2025-01-10,False,140.0,2025-01-10,2025-01-10 09:33:00-05:00,0.22,1.0,22.0,-11.0,-0.5,0,137.44,exact minute,1.8626309662398155,0.6777829797628668,0.2972591676224323,0.16353444946604118,before,0DTE
Robinhood-main,NVDA,2025-01-10,True,133.0,2025-01-10,2025-01-10 09:31:00-05:00,0.36,1.0,36.0,-24.0,-0.6666666666666667,0,137.44,exact minute,3.230500582072175,1.1725040336339245,0.5171588297432136,0.15255055957068475,before,0DTE
Robinhood-main,NVDA,2025-01-10,True,143.0,2025-01-06,2025-01-06 12:23:00-05:00,0.68,1.0,68.0,140.0,2.0588235294117645,4,150.9498,exact minute,5.26651906792855,1.0646853960797398,0.406071491326636,0.15430443812200156,before,4-14 days
Robinhood-main,NVDA,2025-01-10,True,148.0,2025-01-06,2025-01-06 12:18:00-05:00,1.88,1.0,188.0,258.0,1.372340425531915,4,151.1494,exact minute,2.0836338086687833,0.42063837960865746,0.39981456677607885,0.33796088382152467,before,4-14 days
Robinhood-main,NVDA,2025-01-17,False,138.0,2025-01-13,2025-01-13 09:32:00-05:00,1.01,1.0,101.0,77.0,0.7623762376237624,4,129.97,exact minute,6.178348849734555,0.9957968214045732,0.49552908646674443,0.20484342779454684,before,4-14 days
Robinhood-main,NVDA,2025-01-17,True,136.0,2025-01-17,2025-01-17 10:44:00-05:00,0.16,1.0,16.0,-16.0,-1.0,0,137.6913,exact minute,1.2283274251895453,0.49049612234758255,0.22791186858715712,0.16782078386032273,before,0DTE
Robinhood-main,NVDA,2025-01-24,True,146.0,2025-01-23,2025-01-23 13:36:00-05:00,1.05,1.0,105.0,88.0,0.838095238095238,1,146.1,exact minute,0.06844626967829864,0.01963561664495955,0.25595835521711585,0.4817651401880072,before,1-3 days
Robinhood-main,NVDA,2025-01-31,False,135.0,2025-01-27,2025-01-27 09:32:00-05:00,1.87,1.0,187.0,-148.0,-0.7914438502673797,4,124.8,exact minute,8.173076923076925,1.2479648419749443,0.7599509883337208,0.2480011954455879,before,4-14 days
Robinhood-main,NVDA,2025-01-31,True,115.0,2025-01-30,2025-01-30 11:28:00-05:00,1.02,1.0,102.0,-98.0,-0.9607843137254902,1,118.9999,exact minute,3.361263328792711,0.46301392293050775,0.6614508562850859,0.25560441643658816,before,1-3 days
Robinhood-main,NVDA,2025-02-07,True,129.0,2025-02-07,,1.39,1.0,444.0,-164.0,-0.36936936936936937,0,129.090361,day VWAP,0.06999825494329624,0.018132405305366524,0.6256723342548266,0.48442130893996516,before,0DTE
Robinhood-main,NVDA,2025-02-14,True,127.0,2025-02-11,2025-02-11 11:55:00-05:00,0.7,1.0,70.0,7.0,0.10000000000000009,3,133.4801,exact minute,4.854731154681479,0.4655917236446969,0.45527224182062564,0.17404604804062207,before,1-3 days
Robinhood-main,NVDA,2025-02-21,True,137.0,2025-02-20,2025-02-20 15:39:00-05:00,0.44,1.0,189.0,263.0,1.3915343915343916,1,139.935,exact minute,2.09740236538393,0.3785914104716236,0.4093342500967863,0.20781972008995298,before,1-3 days
Robinhood-main,NVDA,2025-02-28,True,116.0,2025-02-25,,2.0,1.0,200.0,14.0,0.07000000000000006,3,127.459312,day VWAP,8.990564769406568,0.8949986611894353,1.065578046887343,0.2081183432182906,before,1-3 days
Robinhood-main,NVDA,2025-03-21,True,115.0,2025-03-13,,3.9,1.0,390.0,44.99999999999994,0.1153846153846152,8,116.027528,day VWAP,0.8855898403696093,0.08156360536833963,0.5940081940141633,0.44395765977556834,before,4-14 days
Robinhood-main,NVDA,2025-08-01,True,170.0,2025-07-28,2025-07-28 09:35:00-04:00,0.96,1.0,96.0,-15.0,-0.15625,4,175.07,exact minute,2.8959844633575105,0.7860390859693018,0.28848476292657327,0.22831301513356062,before,4-14 days
Robinhood-main,NVDA,2025-09-05,True,165.0,2025-09-04,2025-09-04 14:08:00-04:00,0.21,1.0,21.0,109.0,5.190476190476191,1,170.615,exact minute,3.291035372036462,2.057297626805589,0.3665913773067206,0.09846382668777176,before,1-3 days
Robinhood-main,NVDA,2025-09-05,True,170.0,2025-09-03,,2.07,1.0,206.99999999999997,-17.99999999999997,-0.08695652173913027,2,170.6388,day VWAP,0.37435800064229435,0.16679334602535917,0.3510563966161238,0.4503618460059793,before,1-3 days
Robinhood-main,NVDA,2025-09-12,True,160.0,2025-09-03,,0.98,1.0,98.0,-10.0,-0.10204081632653061,9,170.6388,day VWAP,6.234689882957453,1.6037838317361561,0.3865644738865444,0.15898126041954885,before,4-14 days
Robinhood-main,NVDA,2025-09-12,True,165.0,2025-09-04,,1.66,1.0,166.0,-55.999999999999986,-0.3373493975903613,8,170.785533,day VWAP,3.387601337403671,0.9423663010486223,0.36141990090161064,0.26672489762422047,before,4-14 days
Robinhood-main,NVDA,2025-09-12,True,175.0,2025-09-12,2025-09-12 09:35:00-04:00,0.22,1.0,22.0,-21.0,-0.9545454545454546,0,177.38,exact minute,1.3417521704814497,0.7604948201187262,0.2238201685911019,0.16570217225075956,before,0DTE
Robinhood-main,NVDA,2025-09-12,True,177.5,2025-09-12,2025-09-12 09:30:00-04:00,0.58,2.0,115.99999999999999,-95.99999999999999,-0.8275862068965517,0,177.86,exact minute,0.2024063870459989,0.11398461268847246,0.16709934904594437,0.4216223250494511,before,0DTE
Robinhood-main,NVDA,2025-09-19,True,165.0,2025-09-15,2025-09-15 10:08:00-04:00,0.38,1.0,38.0,-9.000000000000004,-0.23684210526315796,4,175.5555,exact minute,6.012628485009012,1.5278439746853012,0.3445426969548828,0.09436040438922366,before,4-14 days
Robinhood-main,NVDA,2025-09-26,True,175.0,2025-09-25,2025-09-25 15:46:00-04:00,0.63,1.0,63.0,-5.000000000000007,-0.07936507936507953,1,177.185,exact minute,1.2331743657758851,0.5700071428381254,0.3267396149844762,0.27332279576424234,before,1-3 days
Robinhood-main,NVDA,2025-10-03,True,165.0,2025-09-25,,1.0,1.0,163.0,-135.0,-0.8282208588957055,8,177.347936,day VWAP,6.962548467437481,1.2847710489011548,0.44507776585473624,0.14793093484924946,before,4-14 days
Robinhood-main,NVDA,2025-10-03,True,180.0,2025-10-01,2025-10-01 09:32:00-04:00,0.71,1.0,71.0,-36.0,-0.5070422535211268,2,185.21,exact minute,2.813023054910646,0.805831728231037,0.3143882781716425,0.19775553037380422,before,1-3 days
Robinhood-main,NVDA,2025-10-10,True,170.0,2025-09-30,2025-09-30 09:31:00-04:00,0.82,1.0,82.0,-30.0,-0.36585365853658536,10,182.1,exact minute,6.644700713893462,1.0962127520211402,0.3397126791106593,0.13496074691644533,before,4-14 days
Robinhood-main,NVDA,2025-12-12,True,180.0,2025-12-09,2025-12-09 09:30:00-05:00,1.5,1.0,150.0,62.0,0.41333333333333333,3,185.57,exact minute,3.001562752600093,0.6069596134328088,0.3945749731490979,0.2617706453224129,best run,1-3 days
Robinhood-main,NVDA,2026-01-02,True,182.5,2025-12-30,2025-12-30 09:34:00-05:00,0.47,1.0,47.0,-33.0,-0.7021276595744681,3,188.2499,exact minute,3.0543973728538485,0.7837137116533754,0.2449129075780734,0.15338671302861584,best run,1-3 days
Robinhood-main,NVDA,2026-01-09,True,180.0,2025-12-29,2025-12-29 09:37:00-05:00,1.87,1.0,246.0,-99.0,-0.4024390243902439,11,186.64,exact minute,3.55765109301328,0.568541295610411,0.30367258614495024,0.26448367607775247,best run,4-14 days
Robinhood-main,NVDA,2026-01-16,True,175.0,2026-01-05,2026-01-05 09:42:00-05:00,1.04,1.0,104.0,-18.0,-0.17307692307692313,11,191.097,exact minute,8.423470802786023,1.385068135801564,0.40678499526531237,0.12965154572686333,best run,4-14 days
Robinhood-main,NVDA,2026-01-16,True,176.0,2026-01-14,2026-01-14 09:30:00-05:00,0.44,1.0,44.0,37.0,0.8409090909090908,2,184.33,exact minute,4.51906906092335,1.5370576496678021,0.3661508253641571,0.11949732490280673,best run,1-3 days
Robinhood-main,NVDA,2026-01-16,True,180.0,2026-01-06,2026-01-06 11:08:00-05:00,2.03,1.0,202.99999999999997,-90.99999999999996,-0.4482758620689654,10,188.0733,exact minute,4.2926348397140845,0.7715912655085164,0.3713443626816328,0.2518402762499712,best run,4-14 days
Robinhood-main,NVDA,2026-01-23,True,180.0,2026-01-07,2026-01-07 15:38:00-05:00,2.18,1.0,1064.0,46.0,0.043233082706766846,16,189.0199,exact minute,4.7719314209773716,0.7310896482238795,0.345826450612253,0.2469176326061835,best run,15+ days
Robinhood-main,NVDA,2026-05-29,True,210.0,2026-05-29,,0.22,1.0,22.0,-18.0,-0.8181818181818181,0,213.506632,day VWAP,1.6423995672415443,0.9171602668651904,0.33859280410285525,0.13445981391696815,after,0DTE
Robinhood-main,NVDA,2026-06-12,True,202.5,2026-06-12,,0.09,3.0,27.0,-12.0,-0.4444444444444444,0,205.111618,day VWAP,1.273266734212975,0.6083607854518587,0.2203497697251035,0.09501637802060259,after,0DTE
Robinhood-main,NVDA,2026-06-12,True,205.0,2026-06-12,,1.17,1.0,117.0,-85.0,-0.7264957264957265,0,205.111618,day VWAP,0.054418175376098346,0.026000745189595657,0.33618102607177675,0.48251703456357786,after,0DTE
Robinhood-main,NVDA,2026-07-15,False,215.0,2026-07-15,,0.23,1.0,23.0,-8.999999999999998,-0.3913043478260869,0,210.487791,day VWAP,2.1436915550128095,1.1954547958634707,0.4069806166027272,0.12283177444634663,after,0DTE
Robinhood-main,NVDA,2026-07-15,True,207.5,2026-07-15,,0.24,1.0,24.0,-11.0,-0.45833333333333337,0,210.487791,day VWAP,1.4194604759760092,0.7915788209251146,0.3169647980768891,0.15395037139973966,after,0DTE
Robinhood-main,NVDA,2026-07-24,False,212.5,2026-07-24,,0.27,2.0,54.0,0.0,0.0,0,207.829406,day VWAP,2.2473210552312284,1.4067019622457586,0.4429609058630826,0.13210367754339253,after,0DTE
Robinhood-main,NVDA,2026-07-27,True,210.0,2026-07-22,,2.1,1.0,210.0,-10.0,-0.04761904761904767,5,211.693019,day VWAP,0.7997519275777311,0.17888426290391346,0.2892609624971317,0.4002925221433651,after,4-14 days
Robinhood-main,PDD,2024-11-29,True,100.0,2024-11-27,2024-11-27 13:07:00-05:00,1.38,1.0,138.0,149.0,1.0797101449275361,2,99.435,exact minute,-0.5682103886961308,-0.10739624635827992,0.2741547362559366,0.5778438191990509,before,1-3 days
Robinhood-main,PDD,2025-01-31,True,90.0,2025-01-13,2025-01-13 12:24:00-05:00,1.14,1.0,113.99999999999999,-41.999999999999986,-0.36842105263157887,18,96.2,exact minute,6.444906444906448,0.8008680412643931,0.37796526333811264,0.21803347067721912,before,15+ days
Robinhood-main,PENN,2025-03-14,True,17.5,2025-03-07,2025-03-07 12:26:00-05:00,0.6,5.0,300.0,25.0,0.08333333333333326,7,17.8,exact minute,1.68539325842697,0.26786603780172447,0.7089416214591068,0.4152048153814395,before,4-14 days
Robinhood-main,PG,2024-02-02,True,150.0,2024-01-24,,0.3,2.0,60.0,-22.0,-0.3666666666666667,9,152.962305,day VWAP,1.93662418986167,0.6549726007733007,0.12149115136282605,0.17270224646403687,before,4-14 days
Robinhood-main,PLTR,2024-09-20,True,35.0,2024-09-17,2024-09-17 12:48:00-04:00,0.37,3.0,110.99999999999999,-47.999999999999986,-0.43243243243243235,3,36.065,exact minute,2.9530015250242556,0.4748576087490975,0.4741663355370536,0.2860695038131633,before,1-3 days
Robinhood-main,PLTR,2024-09-20,True,36.5,2024-09-17,2024-09-17 11:17:00-04:00,0.67,1.0,67.0,2.0,0.029850746268656803,3,36.535,exact minute,0.09579854933624359,0.014914696120424733,0.3880718065585816,0.48249004523059824,before,1-3 days
Robinhood-main,PLTR,2024-09-27,True,35.0,2024-09-17,2024-09-17 11:17:00-04:00,0.49,3.0,147.0,-6.0,-0.04081632653061229,10,36.535,exact minute,4.2014506637470825,0.42742170984252426,0.410635813071064,0.2742730695758815,before,4-14 days
Robinhood-main,PLTR,2024-09-27,True,36.5,2024-09-25,,0.37,1.0,84.0,-26.000000000000007,-0.30952380952380965,2,36.790992,day VWAP,0.790932737013459,0.15363996285246273,0.34486118004299526,0.4019303926590757,before,1-3 days
Robinhood-main,PLTR,2024-10-25,True,42.0,2024-10-23,2024-10-23 12:59:00-04:00,0.35,1.0,70.0,-52.0,-0.7428571428571429,2,42.66,exact minute,1.5471167369901468,0.4202037418176443,0.37453015543911167,0.33014097938259024,before,1-3 days
Robinhood-main,PLTR,2024-12-06,True,66.0,2024-12-02,2024-12-02 12:17:00-05:00,1.15,1.0,137.0,-114.0,-0.8321167883211679,4,66.8462,exact minute,1.2658909556564115,0.10201667307362229,0.43045642812547186,0.4017892124890583,before,4-14 days
Robinhood-main,PLTR,2025-01-03,True,74.0,2024-12-30,2024-12-30 09:37:00-05:00,1.04,1.0,104.0,-27.0,-0.2596153846153846,4,77.261,exact minute,4.220758209187036,0.5210900036869565,0.5457020773875328,0.27412073371028356,before,4-14 days
Robinhood-main,PLTR,2025-01-31,True,69.0,2025-01-27,2025-01-27 13:11:00-05:00,0.79,1.0,79.0,-46.0,-0.5822784810126582,4,73.7258,exact minute,6.409967745348312,0.8511874868642637,0.6532673037437259,0.20958168959325585,before,4-14 days
Robinhood-main,PLTR,2025-02-07,True,70.0,2025-02-03,2025-02-03 12:39:00-05:00,1.35,1.0,135.0,-134.0,-0.9925925925925926,4,82.48,exact minute,15.130940834141615,1.8694731929289385,1.347813636022884,0.1587640246305133,before,4-14 days
Robinhood-main,PLTR,2025-02-14,True,89.0,2025-02-05,2025-02-05 09:30:00-05:00,0.65,1.0,65.0,-48.0,-0.7384615384615385,9,101.86,exact minute,12.625171804437462,0.7502017747916901,0.646142768844908,0.10937290091841034,before,4-14 days
Robinhood-main,PLTR,2025-02-14,True,100.0,2025-02-06,2025-02-06 14:32:00-05:00,1.39,1.0,254.0,-161.0,-0.6338582677165354,8,107.93,exact minute,7.3473547669786035,0.5053831391566601,0.6482731553994903,0.21188814952717305,before,4-14 days
Robinhood-main,PLTR,2025-02-21,True,118.0,2025-02-19,2025-02-19 09:30:00-05:00,0.92,1.0,92.0,239.0,2.597826086956522,2,123.89,exact minute,4.754217450964566,0.4952031116304396,0.5672236267554686,0.20668208532897037,before,1-3 days
Robinhood-main,PLTR,2025-04-17,False,95.0,2025-04-15,,2.48,1.0,708.0,312.0,0.44067796610169485,2,96.903644,day VWAP,-1.9644710161776786,-0.20893057163112286,0.3448586825774525,0.724006705044066,before,1-3 days
Robinhood-main,PLTR,2025-04-17,False,100.0,2025-04-15,,1.19,4.0,595.0,-15.000000000000114,-0.02521008403361369,2,96.903644,day VWAP,3.195293667181391,0.33983424897378767,0.6215280437688934,0.3166356333372171,before,1-3 days
Robinhood-main,PLTR,2025-04-17,True,95.0,2025-04-15,2025-04-15 12:14:00-04:00,1.63,1.0,163.0,-29.0,-0.17791411042944782,2,97.3,exact minute,2.3638232271325768,0.24749970186140807,0.6755356860909865,0.3504201394877031,before,1-3 days
Robinhood-main,PLTR,2025-04-25,False,95.0,2025-04-15,,4.35,1.0,869.9999999999999,230.0000000000001,0.26436781609195426,10,96.903644,day VWAP,-1.9644710161776786,-0.11330851139063257,0.4711925045098306,0.6073945911907344,before,4-14 days
Robinhood-main,PLTR,2025-04-25,False,100.0,2025-04-15,,2.28,1.0,227.99999999999997,75.00000000000003,0.3289473684210529,10,96.903644,day VWAP,3.195293667181391,0.1843009980308574,0.501961641052367,0.38396441512291113,before,4-14 days
Robinhood-main,PLTR,2025-05-30,True,100.0,2025-05-12,2025-05-12 09:38:00-04:00,1.01,1.0,101.0,-70.0,-0.693069306930693,18,117.18,exact minute,14.661204983785634,0.7578627914727472,0.5807724792237493,0.11693246405289548,before,15+ days
Robinhood-main,PLTR,2025-07-25,True,157.5,2025-07-25,2025-07-25 09:57:00-04:00,0.57,1.0,56.99999999999999,-50.99999999999999,-0.8947368421052632,0,159.495,exact minute,1.2508229098090877,0.39930880910298006,0.34804324336231734,0.2723729861942841,before,0DTE
Robinhood-main,PLTR,2025-11-14,True,170.0,2025-11-13,2025-11-13 09:31:00-05:00,0.38,1.0,38.0,16.0,0.42105263157894735,1,181.656,exact minute,6.416523538996788,1.15963574322111,0.5623509861733422,0.0885706486549177,best run,1-3 days
Robinhood-main,PLTR,2025-11-14,True,185.0,2025-11-11,2025-11-11 09:30:00-05:00,2.03,1.0,202.99999999999997,127.00000000000003,0.6256157635467983,3,190.25,exact minute,2.759526938239159,0.3629149090267136,0.43862641246335926,0.2966686667555143,best run,1-3 days
Robinhood-main,PLTR,2026-01-16,True,172.5,2026-01-15,2026-01-15 09:38:00-05:00,0.51,1.0,51.0,-14.0,-0.27450980392156865,1,179.0501,exact minute,3.658249841804046,0.8884642297915153,0.41093222364272236,0.1488239234301476,best run,1-3 days
Robinhood-main,PLTR,2026-07-24,True,133.0,2026-07-21,,2.95,1.0,295.0,-56.0,-0.18983050847457628,3,133.330378,day VWAP,0.2477889922430101,0.03781444905787979,0.49719075384703193,0.4714447953461214,after,1-3 days
Robinhood-main,QQQ,2024-01-04,False,405.0,2024-01-03,,0.18,1.0,18.0,-17.0,-0.9444444444444444,1,399.376503,day VWAP,1.4080690670978173,1.3580859340469211,0.13617300659039222,0.09247712855010481,before,1-3 days
Robinhood-main,QQQ,2024-02-08,True,430.0,2024-02-08,,0.03,3.0,9.0,-6.0,-0.6666666666666667,0,432.712504,day VWAP,0.6268605540458392,0.9586114781750656,0.0834933524730819,0.045257605045995075,before,0DTE
Robinhood-main,QQQ,2024-02-12,True,422.0,2024-02-08,,0.26,1.0,26.0,-23.0,-0.8846153846153846,4,432.712504,day VWAP,2.4756631483891725,1.6930829353250305,0.17648660969343963,0.0756629790750949,before,4-14 days
Robinhood-main,QQQ,2024-02-15,False,434.0,2024-02-15,,0.36,1.0,93.0,79.0,0.8494623655913978,0,433.48358,day VWAP,0.11913254015295859,0.1631270772185453,0.07552452073407892,0.3623317412709987,before,0DTE
Robinhood-main,QQQ,2024-02-27,True,435.0,2024-02-27,,0.17,2.0,34.0,-30.0,-0.8823529411764706,0,437.007675,day VWAP,0.45941412813859756,0.56521696819697,0.10395536922912264,0.15944520105781046,before,0DTE
Robinhood-main,QQQ,2024-03-21,True,427.0,2024-03-20,,0.23,1.0,23.0,-20.0,-0.8695652173913043,1,440.962869,day VWAP,3.166450053190309,2.267062606715701,0.26773903819791944,0.058437226088384975,before,1-3 days
Robinhood-main,QQQ,2024-04-01,True,444.0,2024-04-01,2024-04-01 09:55:00-04:00,0.15,1.0,15.0,13.999999999999996,0.9333333333333331,0,447.22,exact minute,0.7200035776575348,0.7788752199764106,0.09870840597149103,0.1142442235129858,before,0DTE
Robinhood-main,QQQ,2024-04-11,True,435.0,2024-04-08,,1.63,1.0,163.0,-90.0,-0.5521472392638036,3,440.88513,day VWAP,1.3348442937959835,0.8421362365582205,0.18862770321866434,0.26906977568494617,before,1-3 days
Robinhood-main,QQQ,2024-05-10,True,438.0,2024-05-09,2024-05-09 15:41:00-04:00,0.46,1.0,46.0,-44.0,-0.9565217391304348,1,440.9,exact minute,0.6577455205261913,0.5027979221640686,0.13080291217866752,0.21585014043422568,before,1-3 days
Robinhood-main,QQQ,2024-06-25,True,475.0,2024-06-25,,0.09,1.0,9.0,-7.0,-0.7777777777777778,0,477.965319,day VWAP,0.6204046365129731,1.0666261586264945,0.10354147176896167,0.08824166944002054,before,0DTE
Robinhood-main,QQQ,2024-06-26,True,470.0,2024-06-25,,0.38,1.0,38.0,-30.0,-0.7894736842105263,1,477.965319,day VWAP,1.6665056403391523,1.6541822490461804,0.1825829157704414,0.11505859739007207,before,1-3 days
Robinhood-main,QQQ,2024-06-28,True,470.0,2024-06-21,2024-06-21 12:50:00-04:00,0.98,1.0,98.0,16.999999999999986,0.1734693877551019,7,480.855,exact minute,2.2574372731904666,1.2814869552317332,0.15913240502604667,0.1625305354596409,before,4-14 days
Robinhood-main,QQQ,2024-07-03,True,485.0,2024-07-03,2024-07-03 10:40:00-04:00,0.15,1.0,15.0,-13.0,-0.8666666666666667,0,487.655,exact minute,0.5444422798904908,0.7788637217399172,0.08432091990181076,0.12775907295578093,before,0DTE
Robinhood-main,QQQ,2024-07-08,True,486.0,2024-07-05,2024-07-05 09:56:00-04:00,0.28,1.0,28.000000000000004,-22.000000000000004,-0.7857142857142858,3,492.93,exact minute,1.405879130911084,1.2989203429639147,0.12926018265251799,0.10451979277752277,before,1-3 days
Robinhood-main,QQQ,2024-07-26,False,467.0,2024-07-25,,0.9,1.0,90.0,15.0,0.16666666666666674,1,462.041523,day VWAP,1.073166967290084,0.6453657931040664,0.18750493173279206,0.23249562803412982,before,1-3 days
Robinhood-main,QQQ,2024-08-14,True,457.0,2024-08-14,2024-08-14 09:30:00-04:00,0.44,1.0,44.0,-43.0,-0.9772727272727273,0,463.5,exact minute,1.4023732470334414,0.7094640921967709,0.20918411444183183,0.1404386479697627,before,0DTE
Robinhood-main,QQQ,2024-08-16,True,448.0,2024-08-14,2024-08-14 15:43:00-04:00,0.37,1.0,37.0,-29.0,-0.7837837837837838,2,461.71,exact minute,2.96939637434753,1.0508436836909143,0.24086823695839193,0.08067493753296429,before,1-3 days
Robinhood-main,QQQ,2024-08-22,True,478.0,2024-08-22,2024-08-22 09:45:00-04:00,0.15,1.0,15.0,34.0,2.2666666666666666,0,484.5,exact minute,1.3415892672858616,0.7793385344145318,0.15147830917959554,0.07378407472526016,before,0DTE
Robinhood-main,QQQ,2024-09-04,True,462.0,2024-09-04,2024-09-04 12:37:00-04:00,0.59,1.0,59.0,97.0,1.6440677966101696,0,463.59,exact minute,0.3429754740179846,0.3237963108095968,0.14589817236018915,0.3010262494069491,before,0DTE
Robinhood-main,QQQ,2024-09-10,True,450.0,2024-09-06,,1.83,1.0,183.0,217.0,1.1857923497267762,4,451.655669,day VWAP,0.36657770811684176,0.16190990717871998,0.14366237497417025,0.39596315751715816,before,4-14 days
Robinhood-main,QQQ,2024-09-11,True,440.0,2024-09-06,2024-09-06 10:48:00-04:00,2.07,1.0,206.99999999999997,-177.99999999999997,-0.8599033816425121,5,451.13,exact minute,2.467138075499301,0.8838509519915771,0.2786924637851624,0.22751485127939686,before,4-14 days
Robinhood-main,QQQ,2024-09-12,True,445.0,2024-09-10,2024-09-10 14:50:00-04:00,0.56,1.0,56.00000000000001,-32.00000000000001,-0.5714285714285715,2,458.06,exact minute,2.8511548705409777,1.3261812424110162,0.25288633414020506,0.10717345964756242,before,1-3 days
Robinhood-main,QQQ,2024-09-25,True,478.0,2024-09-24,,0.45,1.0,45.0,-24.0,-0.5333333333333333,1,484.11757,day VWAP,1.2636537855876622,0.7534940432164975,0.15804218606690684,0.14707569508221485,before,1-3 days
Robinhood-main,QQQ,2024-09-26,True,480.0,2024-09-25,,0.42,1.0,42.0,-8.0,-0.19047619047619047,1,486.0356,day VWAP,1.2418020408381585,0.7501958610587811,0.15248459874293085,0.14274980534367532,before,1-3 days
Robinhood-main,QQQ,2024-10-01,True,480.0,2024-10-01,2024-10-01 15:17:00-04:00,0.11,1.0,11.0,-5.0,-0.4545454545454546,0,482.5,exact minute,0.5181347150259068,1.1883267490165421,0.20339633116969394,0.11063561460676041,before,0DTE
Robinhood-main,QQQ,2024-10-10,True,491.0,2024-10-10,2024-10-10 11:10:00-04:00,0.78,1.0,120.0,-82.0,-0.6833333333333333,0,492.0399,exact minute,0.2113446490823181,0.2751507170949416,0.1155366583691605,0.36683700317487156,before,0DTE
Robinhood-main,QQQ,2024-10-14,True,493.0,2024-10-14,2024-10-14 09:56:00-04:00,0.15,1.0,15.0,-13.0,-0.8666666666666667,0,497.82,exact minute,0.968221445502389,1.1445534595068771,0.11924080888823778,0.08941559549950484,before,0DTE
Robinhood-main,QQQ,2024-10-21,True,485.0,2024-10-15,,0.76,1.0,76.0,86.0,1.1315789473684212,6,492.279177,day VWAP,1.4786684751445427,0.797568223259523,0.12082444778787782,0.1759963273254337,before,4-14 days
Robinhood-main,QQQ,2024-10-21,True,490.0,2024-10-14,2024-10-14 09:31:00-04:00,2.1,1.0,210.0,-62.0,-0.2952380952380952,7,495.83,exact minute,1.1758062239073843,0.5483182743239087,0.1455812074402959,0.29533364329042977,before,4-14 days
Robinhood-main,QQQ,2024-10-30,True,493.0,2024-10-30,,0.57,2.0,113.99999999999999,-105.99999999999999,-0.9298245614035088,0,498.218661,day VWAP,1.047463976866173,1.8637640908085324,0.26053447854086487,0.1805817886528447,before,0DTE
Robinhood-main,QQQ,2024-11-19,True,490.0,2024-11-18,2024-11-18 09:34:00-05:00,0.56,1.0,56.00000000000001,-35.00000000000001,-0.625,1,498.13,exact minute,1.6321040692188777,0.9254551684448911,0.17377271306018116,0.14154044503345387,before,1-3 days
Robinhood-main,QQQ,2024-11-25,True,506.0,2024-11-25,2024-11-25 09:47:00-05:00,0.25,1.0,25.0,169.0,6.76,0,510.96,exact minute,0.9707217786128033,0.8304808806828032,0.13489288762445342,0.11940388937111224,before,0DTE
Robinhood-main,QQQ,2024-11-26,True,500.0,2024-11-25,2024-11-25 12:21:00-05:00,0.45,1.0,45.0,-40.0,-0.8888888888888888,1,505.86,exact minute,1.158423279168152,0.7756180568576315,0.143949572544998,0.15058234505094026,before,1-3 days
Robinhood-main,QQQ,2024-12-02,True,500.0,2024-11-25,2024-11-25 12:20:00-05:00,1.69,1.0,169.0,-107.0,-0.6331360946745562,7,505.86,exact minute,1.158423279168152,0.41089105847890617,0.1323845728844266,0.27353347630515756,before,4-14 days
Robinhood-main,QQQ,2024-12-04,True,508.0,2024-12-02,2024-12-02 12:25:00-05:00,0.38,1.0,38.0,-30.0,-0.7894736842105263,2,516.23,exact minute,1.5942506247215424,0.9807829464779525,0.13262022103064713,0.11294334323943889,before,1-3 days
Robinhood-main,QQQ,2024-12-05,True,518.0,2024-12-04,2024-12-04 14:58:00-05:00,0.32,1.0,32.0,-30.0,-0.9375,1,522.55,exact minute,0.8707300736771515,0.7927299547269774,0.12183167248447006,0.14397823287526368,before,1-3 days
Robinhood-main,QQQ,2024-12-11,True,519.0,2024-12-09,,0.58,1.0,57.99999999999999,5.000000000000007,0.0862068965517242,2,523.174441,day VWAP,0.7979061423606514,0.6218030528677524,0.09736145377397316,0.20300085917483046,before,1-3 days
Robinhood-main,QQQ,2024-12-13,True,508.0,2024-12-09,2024-12-09 11:12:00-05:00,0.48,1.0,48.0,-26.0,-0.5416666666666667,4,521.4999,exact minute,2.588667802237359,1.465307215071975,0.1477248808327959,0.09596653731819826,before,4-14 days
Robinhood-main,QQQ,2024-12-13,True,515.0,2024-12-06,,0.74,1.0,74.0,59.0,0.7972972972972974,7,525.691214,day VWAP,2.0337440906897,1.0112808593509788,0.13071647420782867,0.1414899614357561,before,4-14 days
Robinhood-main,QQQ,2024-12-13,True,520.0,2024-12-10,,2.08,1.0,208.0,-186.0,-0.8942307692307693,3,521.941145,day VWAP,0.3719087905974544,0.2376460800263985,0.12041865237878435,0.39371506761598996,before,1-3 days
Robinhood-main,QQQ,2024-12-16,True,515.0,2024-12-10,2024-12-10 12:40:00-05:00,1.18,1.0,239.0,-199.0,-0.8326359832635983,6,522.32,exact minute,1.4014397304334603,0.7886396872625963,0.13578132619576608,0.2159870204961467,before,4-14 days
Robinhood-main,QQQ,2024-12-17,True,522.0,2024-12-13,2024-12-13 15:58:00-05:00,0.31,1.0,31.0,-18.0,-0.5806451612903225,4,530.4,exact minute,1.5837104072398147,1.1915035781418162,0.1393611750509435,0.09888188746771309,before,4-14 days
Robinhood-main,QQQ,2024-12-17,True,526.0,2024-12-16,,0.24,1.0,24.0,-24.0,-1.0,1,536.694699,day VWAP,1.9926969690453404,1.7585343317287374,0.17956290357903945,0.07216561978751346,before,1-3 days
Robinhood-main,QQQ,2024-12-17,True,527.0,2024-12-16,2024-12-16 09:30:00-05:00,0.39,1.0,39.0,-33.0,-0.8461538461538461,1,533.0304,exact minute,1.1313426025982734,0.8646380915471126,0.11743554118158672,0.13724555206292077,before,1-3 days
Robinhood-main,QQQ,2024-12-17,True,529.0,2024-12-16,2024-12-16 09:33:00-05:00,0.61,1.0,61.0,-51.0,-0.8360655737704918,1,533.0304,exact minute,0.7561294815455153,0.5789928310269319,0.10702440601190802,0.21117432409806236,before,1-3 days
Robinhood-main,QQQ,2024-12-18,True,530.0,2024-12-16,2024-12-16 15:13:00-05:00,0.58,1.0,57.99999999999999,-43.99999999999999,-0.7586206896551724,2,539.08,exact minute,1.6843511167173777,1.2501651790484487,0.16963588470645116,0.13579303944158727,before,1-3 days
Robinhood-main,QQQ,2024-12-26,True,526.0,2024-12-26,2024-12-26 11:10:00-05:00,0.2,1.0,20.0,-19.0,-0.95,0,529.67,exact minute,0.6928842486831346,0.6578382479950451,0.11160918417908432,0.12509819221001517,before,0DTE
Robinhood-main,QQQ,2025-01-02,False,530.0,2024-12-20,2024-12-20 09:33:00-05:00,1.11,1.0,111.00000000000001,173.0,1.5585585585585582,13,510.64,exact minute,3.7913206955976846,1.0236023709618374,0.1654953527016356,0.13291622411905557,before,4-14 days
Robinhood-main,QQQ,2025-01-06,True,517.0,2025-01-06,2025-01-06 09:32:00-05:00,0.23,1.0,23.0,-21.0,-0.9130434782608696,0,524.0,exact minute,1.3358778625954197,1.0342841631449955,0.16188803280905723,0.09221276854518501,before,0DTE
Robinhood-main,QQQ,2025-01-09,True,509.0,2025-01-08,,1.11,1.0,111.00000000000001,-99.00000000000001,-0.8918918918918919,1,514.490503,day VWAP,1.0671728570274484,0.6388861770809453,0.19782158401717123,0.2386623831940008,before,1-3 days
Robinhood-main,QQQ,2025-01-09,True,513.0,2025-01-08,2025-01-08 13:51:00-05:00,1.21,1.0,121.0,-63.00000000000001,-0.5206611570247934,1,514.77,exact minute,0.34384288128678475,0.21854607578926963,0.13221179692706528,0.3581897890704031,before,1-3 days
Robinhood-main,QQQ,2025-01-09,True,514.0,2025-01-08,,1.44,1.0,144.0,-57.0,-0.39583333333333337,1,514.490503,day VWAP,0.09533761986661778,0.057075933938425846,0.10575125079353094,0.45185088416140184,before,1-3 days
Robinhood-main,QQQ,2025-01-24,True,529.0,2025-01-23,2025-01-23 15:52:00-05:00,0.84,1.0,84.0,-70.0,-0.8333333333333333,1,531.06,exact minute,0.38790343840619623,0.3206499690129288,0.12425574011764463,0.31013263871337526,before,1-3 days
Robinhood-main,QQQ,2025-02-05,True,516.0,2025-02-05,2025-02-05 09:58:00-05:00,0.31,1.0,31.0,-29.0,-0.935483870967742,0,521.81,exact minute,1.1134320921408072,0.9027150727414169,0.15983053872262598,0.1232014860008479,before,0DTE
Robinhood-main,QQQ,2025-02-13,True,520.0,2025-02-11,2025-02-11 10:38:00-05:00,0.91,1.0,91.0,106.0,1.1648351648351647,2,529.03,exact minute,1.7068975294406694,0.8551827429826057,0.17396489293572953,0.17263598798896718,before,1-3 days
Robinhood-main,QQQ,2025-02-18,True,530.0,2025-02-14,2025-02-14 09:36:00-05:00,0.97,1.0,97.0,-97.0,-1.0,4,536.2187,exact minute,1.1597320272493317,0.599259406565832,0.13609274494969187,0.213303261901433,before,4-14 days
Robinhood-main,QQQ,2025-02-25,True,519.0,2025-02-24,2025-02-24 13:40:00-05:00,0.6,1.0,60.0,109.0,1.8166666666666669,1,525.11,exact minute,1.1635657290853372,0.8891738777244932,0.1689115451058129,0.17111896759913559,before,1-3 days
Robinhood-main,QQQ,2025-02-28,True,500.0,2025-02-28,,1.09,1.0,109.00000000000001,42.999999999999986,0.39449541284403655,0,502.500714,day VWAP,0.4976538202491024,0.6400026682525294,0.23673269533210614,0.31618702096269025,before,0DTE
Robinhood-main,QQQ,2025-03-03,True,500.0,2025-02-28,2025-02-28 15:21:00-05:00,2.34,1.0,564.0,-162.0,-0.2872340425531915,3,503.33,exact minute,0.6615937853893041,0.5736335170819925,0.28536615877918714,0.3588626614807633,before,1-3 days
Robinhood-main,QQQ,2025-03-03,True,501.0,2025-02-28,2025-02-28 15:18:00-05:00,2.42,1.0,242.0,-56.0,-0.23140495867768596,3,503.7,exact minute,0.5360333531864182,0.4631500208128307,0.2717335322075696,0.3792907660610193,before,1-3 days
Robinhood-main,QQQ,2025-03-03,True,503.0,2025-02-28,,3.32,1.0,664.0,504.0,0.7590361445783131,3,502.500714,day VWAP,-0.09936025682940296,-0.0737745417188425,0.19800166436094332,0.5228756938385947,before,1-3 days
Robinhood-main,QQQ,2025-03-03,True,505.0,2025-02-27,,2.45,1.0,245.00000000000003,375.0,1.5306122448979589,4,507.923933,day VWAP,0.5756635610238072,0.39934906552766225,0.1854004573426133,0.3737752895956139,before,4-14 days
Robinhood-main,QQQ,2025-03-03,True,510.0,2025-02-27,,4.56,1.0,455.99999999999994,343.00000000000006,0.7521929824561406,4,507.923933,day VWAP,-0.4087358096591253,-0.2835480212517979,0.16921917896311536,0.5923463807768458,before,4-14 days
Robinhood-main,QQQ,2025-03-04,True,510.0,2025-03-03,,2.93,1.0,586.0,166.0,0.2832764505119454,1,503.013194,day VWAP,-1.3889906036937874,-0.9761862277074753,,,before,1-3 days
Robinhood-main,QQQ,2025-03-06,False,500.0,2025-03-05,2025-03-05 10:20:00-05:00,2.87,1.0,575.0,-88.99999999999994,-0.15478260869565208,1,495.1299,exact minute,0.9836004652516399,0.578052196420027,0.28799663810635223,0.35125529532165933,before,1-3 days
Robinhood-main,QQQ,2025-03-06,True,496.0,2025-02-28,,5.74,3.0,1722.0,-338.9999999999998,-0.19686411149825767,6,502.500714,day VWAP,1.2936725896871095,0.5545715217795872,0.32323496608047736,0.3733273883138981,before,4-14 days
Robinhood-main,QQQ,2025-03-07,True,486.0,2025-03-06,2025-03-06 11:49:00-05:00,2.2,1.0,220.00000000000003,166.99999999999997,0.7590909090909088,1,494.42,exact minute,1.7030055418470156,1.0640501650832228,0.3417419672673472,0.26233426969276896,before,1-3 days
Robinhood-main,QQQ,2025-03-07,True,490.0,2025-03-05,2025-03-05 10:30:00-05:00,4.56,1.0,901.0,-107.0,-0.11875693673695897,2,494.0303,exact minute,0.8158001644838406,0.388805195299706,0.30554475546908955,0.3941567993338029,before,1-3 days
Robinhood-main,QQQ,2025-03-07,True,500.0,2025-02-27,,4.16,1.0,416.0,45.00000000000006,0.1081730769230771,8,507.923933,day VWAP,1.5600629317067398,0.6711805713080301,0.2311170748006559,0.3291843384482672,before,4-14 days
Robinhood-main,QQQ,2025-03-07,True,510.0,2025-02-26,,5.61,2.0,1122.0,194.0,0.17290552584670227,9,515.703396,day VWAP,1.1059450149519663,0.4150949961641834,0.23080379916331067,0.38238991894775265,before,4-14 days
Robinhood-main,QQQ,2025-03-10,False,500.0,2025-03-04,,4.4,1.0,440.00000000000006,-73.00000000000006,-0.165909090909091,6,494.678081,day VWAP,1.075834811447807,0.4055791008055022,0.2537953390760164,0.38263598494742435,before,4-14 days
Robinhood-main,QQQ,2025-03-10,True,480.0,2025-03-07,2025-03-07 12:20:00-05:00,4.47,1.0,915.0,-263.0,-0.2874316939890711,3,481.16,exact minute,0.2410840468866957,0.14153785516217332,0.33293653297209497,0.45813301190684574,before,1-3 days
Robinhood-main,QQQ,2025-03-10,True,485.0,2025-03-07,,2.87,1.0,287.0,68.0,0.23693379790940772,3,487.780509,day VWAP,0.5700328218731665,0.34173619862205945,0.274643539684376,0.38959121695136945,before,1-3 days
Robinhood-main,QQQ,2025-03-10,True,490.0,2025-03-06,,5.45,1.0,1090.0,-164.0,-0.15045871559633028,4,491.340337,day VWAP,0.27279197311251424,0.13819882042518092,0.3127125836060679,0.45887217337022246,before,4-14 days
Robinhood-main,QQQ,2025-03-11,False,514.0,2025-02-28,,3.71,1.0,371.0,-30.0,-0.08086253369272234,11,502.500714,day VWAP,2.288411872783923,0.7598764849921649,0.2347263683452805,0.29511408391254423,before,4-14 days
Robinhood-main,QQQ,2025-03-11,True,480.0,2025-03-10,,4.49,2.0,898.0,152.0,0.16926503340757248,1,475.296269,day VWAP,-0.9896418942855207,-0.5897471401235337,,,before,1-3 days
Robinhood-main,QQQ,2025-03-11,True,482.0,2025-03-07,,5.96,3.0,1788.0,189.0,0.10570469798657722,4,487.780509,day VWAP,1.1850635466863222,0.5503112433136672,0.44331616839358684,0.3851182050238382,before,4-14 days
Robinhood-main,QQQ,2025-03-11,True,490.0,2025-03-06,2025-03-06 10:27:00-05:00,4.59,1.0,2299.0,63.0,0.02740321879077867,5,497.16,exact minute,1.440180223670453,0.5876414336947496,0.31387842206478267,0.34710985300713926,before,4-14 days
Robinhood-main,QQQ,2025-03-13,True,482.0,2025-03-07,,7.98,1.0,798.0,-126.0,-0.1578947368421053,6,487.780509,day VWAP,1.1850635466863222,0.4101777829439288,0.4109229039139565,0.40339982911100536,before,4-14 days
Robinhood-main,QQQ,2025-03-14,True,478.0,2025-03-12,,5.21,3.0,1563.0,123.0,0.07869481765834929,2,477.271746,day VWAP,-0.15258686609954752,-0.06314106245313963,0.254873459898388,0.5188899842265475,before,1-3 days
Robinhood-main,QQQ,2025-03-14,True,480.0,2025-03-10,,6.87,5.0,8170.0,1940.0,0.23745410036719705,4,475.296269,day VWAP,-0.9896418942855207,-0.34049067010413414,0.16084441141810227,0.6727149404744157,before,4-14 days
Robinhood-main,QQQ,2025-03-17,False,486.0,2025-03-17,2025-03-17 15:19:00-04:00,0.19,7.0,133.0,-49.0,-0.368421052631579,0,484.9,exact minute,0.22685089709218864,0.4187279490070795,0.14712274082316928,0.22585620453914562,before,0DTE
Robinhood-main,QQQ,2025-03-19,True,472.0,2025-03-18,,1.65,1.0,330.0,136.0,0.4121212121212121,1,474.903647,day VWAP,0.6114181304655212,0.29739983898948014,0.19701932663309002,0.34050919105810884,before,1-3 days
Robinhood-main,QQQ,2025-03-19,True,478.0,2025-03-19,,2.42,1.0,242.0,10.0,0.04132231404958686,0,480.028591,day VWAP,0.42259795312900555,0.35404585822997914,0.39198532650866363,0.400800714087459,before,0DTE
Robinhood-main,QQQ,2025-03-19,True,479.0,2025-03-19,,0.99,1.0,99.0,-83.0,-0.8383838383838383,0,480.028591,day VWAP,0.21427702834475662,0.17951789363288778,0.16975166507018596,0.38687634695073203,before,0DTE
Robinhood-main,QQQ,2025-03-20,True,475.0,2025-03-18,,3.43,3.0,2964.0,-1019.0,-0.3437921727395412,2,474.903647,day VWAP,-0.020288957688299643,-0.007644300974255129,0.1791795647833838,0.5009749932219796,before,1-3 days
Robinhood-main,QQQ,2025-03-21,True,477.0,2025-03-18,,4.91,2.0,982.0,646.0,0.6578411405295315,3,474.903647,day VWAP,-0.44142701645751353,-0.14056361999631148,0.1684669724249194,0.5839152795197703,before,1-3 days
Robinhood-main,QQQ,2025-03-21,True,490.0,2025-03-06,,10.43,1.0,1043.0,-165.0000000000001,-0.15819750719079584,15,491.340337,day VWAP,0.27279197311251424,0.06443553226981044,0.26517635737003803,0.4694925673952174,before,15+ days
Robinhood-main,QQQ,2025-03-25,True,492.0,2025-03-25,,0.64,1.0,64.0,47.000000000000014,0.7343750000000002,0,492.335555,day VWAP,0.06815575202566863,0.05390196548275241,0.09107564845371527,0.43247042480013076,before,0DTE
Robinhood-main,QQQ,2025-03-25,True,493.0,2025-03-25,,0.85,2.0,344.0,160.0,0.4651162790697674,0,492.335555,day VWAP,-0.1349577525433849,-0.10673329694144783,0.050293073388225314,0.726047180877343,before,0DTE
Robinhood-main,QQQ,2025-03-27,True,483.0,2025-03-27,2025-03-27 10:34:00-04:00,0.96,1.0,96.0,50.0,0.5208333333333333,0,484.69,exact minute,0.3486764736223148,0.20992512915039319,0.15030809025843428,0.3417070685854551,before,0DTE
Robinhood-main,QQQ,2025-04-07,True,418.0,2025-04-04,2025-04-04 14:44:00-04:00,5.35,1.0,535.0,674.0,1.2598130841121495,3,425.06,exact minute,1.6609419846609896,0.7628025694065214,0.726621919669427,0.3595115064033765,before,1-3 days
Robinhood-main,QQQ,2025-04-08,True,386.0,2025-04-07,2025-04-07 09:54:00-04:00,2.16,1.0,216.0,-152.0,-0.7037037037037037,1,408.32,exact minute,5.46630094043887,1.6490484790763529,0.6757762906911888,0.16401765417974645,before,1-3 days
Robinhood-main,QQQ,2025-04-08,True,410.0,2025-04-07,2025-04-07 12:36:00-04:00,5.5,1.0,550.0,-178.0,-0.3236363636363636,1,421.61,exact minute,2.753729750243119,0.9371926577981455,0.7972174085164074,0.31507030755625665,before,1-3 days
Robinhood-main,QQQ,2025-04-09,True,443.0,2025-04-09,2025-04-09 13:39:00-04:00,2.57,1.0,257.0,-170.0,-0.6614785992217899,0,451.895,exact minute,1.9683776098429906,1.4341422698310722,0.8870657094079887,0.271435341432237,before,0DTE
Robinhood-main,QQQ,2025-04-10,True,444.0,2025-04-10,,2.79,1.0,279.0,698.9999999999999,2.505376344086021,0,445.435344,day VWAP,0.32223397162664,0.12990421735154944,0.43789041602302803,0.4304519839528994,before,0DTE
Robinhood-main,QQQ,2025-04-10,True,446.0,2025-04-10,,3.96,1.0,396.0,409.0000000000001,1.0328282828282833,0,445.435344,day VWAP,-0.12676497444711385,-0.05110356524488831,0.4634568157416285,0.5203549001122733,before,0DTE
Robinhood-main,QQQ,2025-04-11,True,430.0,2025-04-10,2025-04-10 15:27:00-04:00,2.05,1.0,204.99999999999997,59.00000000000003,0.28780487804878074,1,446.73,exact minute,3.7449913818189997,1.0250613793827688,0.6700887260821938,0.1866720646582466,before,1-3 days
Robinhood-main,QQQ,2025-04-11,True,445.0,2025-04-10,,6.27,1.0,1691.0,1175.0,0.6948551153163809,1,445.435344,day VWAP,0.09773449858976312,0.02274778885304943,0.4732818362968016,0.48203919415949326,before,1-3 days
Robinhood-main,QQQ,2025-04-11,True,449.0,2025-04-11,2025-04-11 12:54:00-04:00,1.75,1.0,175.0,-158.0,-0.9028571428571428,0,453.5,exact minute,0.9922822491730982,0.39729983465550595,0.45408880032571924,0.3033832602861164,before,0DTE
Robinhood-main,QQQ,2025-04-14,True,444.0,2025-04-11,,9.04,2.0,1807.9999999999998,-719.9999999999998,-0.3982300884955752,3,450.227413,day VWAP,1.3831705534109742,0.3122751571515442,0.8645417505516517,0.4043253073167541,before,1-3 days
Robinhood-main,QQQ,2025-04-14,True,458.0,2025-04-14,2025-04-14 14:37:00-04:00,0.87,1.0,115.0,-68.0,-0.5913043478260869,0,459.0,exact minute,0.2178649237472767,0.13128791379359556,0.24638331759011428,0.37896915805207965,before,0DTE
Robinhood-main,QQQ,2025-04-14,True,460.0,2025-04-14,,2.71,1.0,271.0,244.0,0.9003690036900369,0,458.829807,day VWAP,-0.2550385746844,-0.10026862189030428,0.2538672991959149,0.5869063318077938,before,0DTE
Robinhood-main,QQQ,2025-04-15,True,454.0,2025-04-14,,2.77,1.0,277.0,-113.0,-0.40794223826714804,1,458.829807,day VWAP,1.0526358415071357,0.23893330990110945,0.34195142510034754,0.3393265657505794,before,1-3 days
Robinhood-main,QQQ,2025-04-17,False,448.0,2025-04-17,,0.94,1.0,516.0,90.0,0.17441860465116288,0,444.846607,day VWAP,0.7088719910141956,0.2770016637763077,0.27233470016650335,0.28222896182899476,before,0DTE
Robinhood-main,QQQ,2025-04-17,True,400.0,2025-04-10,,2.64,1.0,264.0,237.0,0.8977272727272727,7,445.435344,day VWAP,10.200210785249226,1.2398373932532,0.6478020189709311,0.12059078577364868,before,4-14 days
Robinhood-main,QQQ,2025-04-17,True,460.0,2025-03-18,,8.32,1.0,3100.0,1180.0,0.38064516129032255,30,474.903647,day VWAP,3.138246483080805,0.39413394248934813,0.26164627347271774,0.32746345343495953,before,15+ days
Robinhood-main,QQQ,2025-04-21,False,450.0,2025-04-17,,1.7,1.0,2547.0,-358.0,-0.14055751864939148,4,444.846607,day VWAP,1.158465169545509,0.20244755656164132,0.20940085569948189,0.29397265668851486,before,4-14 days
Robinhood-main,QQQ,2025-04-21,True,435.0,2025-04-17,2025-04-17 15:08:00-04:00,1.21,3.0,485.0,71.0,0.1463917525773195,4,445.18,exact minute,2.286715485870885,0.43259583740146124,0.28616234755431175,0.18626339698198136,before,4-14 days
Robinhood-main,QQQ,2025-04-23,True,438.0,2025-04-22,,1.31,1.0,131.0,102.0,0.7786259541984732,1,443.053044,day VWAP,1.140505424447552,0.25539282815520753,0.23796385738319215,0.26305249479840054,before,1-3 days
Robinhood-main,QQQ,2025-04-23,True,458.0,2025-04-23,2025-04-23 09:30:00-04:00,2.69,1.0,1559.0,1114.0,0.7145606157793458,0,458.24,exact minute,0.05237430167597964,0.014273669554424894,0.24393985715405317,0.48333897266493386,before,0DTE
Robinhood-main,QQQ,2025-04-28,True,470.0,2025-04-28,,1.22,1.0,668.0,1150.0,1.7215568862275448,0,470.341744,day VWAP,0.07265865816919827,0.02723935861098384,0.1656674843795177,0.45930422231343493,before,0DTE
Robinhood-main,QQQ,2025-04-29,True,460.0,2025-04-28,,0.65,1.0,65.0,48.999999999999986,0.7538461538461536,1,470.341744,day VWAP,2.1987723037400664,0.47591471655530454,0.2626020395056369,0.1340374541115682,before,1-3 days
Robinhood-main,QQQ,2025-04-30,True,464.0,2025-04-30,2025-04-30 11:17:00-04:00,0.59,1.0,185.0,-163.0,-0.8810810810810811,0,469.32,exact minute,1.133554930537798,0.3571446758138272,0.2354950811495314,0.18181838529261296,before,0DTE
Robinhood-main,QQQ,2025-04-30,True,465.0,2025-04-30,,2.71,1.0,271.0,52.0,0.19188191881918826,0,469.664954,day VWAP,0.9932514572931117,0.3769959918630282,0.5632007398054723,0.34073928050553537,before,0DTE
Robinhood-main,QQQ,2025-05-01,True,463.0,2025-04-30,,3.39,1.0,339.0,69.0,0.20353982300884965,1,469.664954,day VWAP,1.4190869348961521,0.3109753005865933,0.42899528316543856,0.3269405462765467,before,1-3 days
Robinhood-main,QQQ,2025-05-01,True,470.0,2025-04-28,,4.83,1.0,483.0,240.0,0.49689440993788825,3,470.341744,day VWAP,0.07265865816919827,0.010295509822509864,0.22615315003411182,0.4838083135764313,before,1-3 days
Robinhood-main,QQQ,2025-05-02,True,456.0,2025-04-30,,2.81,1.0,281.0,-192.0,-0.6832740213523132,2,469.664954,day VWAP,2.9095111065067933,0.49386987869286725,0.42497044963852293,0.23615258343148438,before,1-3 days
Robinhood-main,QQQ,2025-05-06,True,475.0,2025-05-06,2025-05-06 09:35:00-04:00,0.46,1.0,46.0,-41.0,-0.8913043478260869,0,480.5388,exact minute,1.152622847520321,0.370981719501017,0.18501525442148972,0.15698306799574246,before,0DTE
Robinhood-main,QQQ,2025-05-06,True,481.0,2025-05-05,2025-05-05 10:19:00-04:00,1.07,1.0,107.0,-49.00000000000001,-0.4579439252336449,1,485.7401,exact minute,0.9758510775618451,0.2035539007659407,0.17022021852885938,0.2497310365289248,before,1-3 days
Robinhood-main,QQQ,2025-05-09,True,481.0,2025-05-08,2025-05-08 09:32:00-04:00,1.27,1.0,127.0,-94.0,-0.7401574803149606,1,488.47,exact minute,1.529264847380602,0.34987263523303336,0.22813386136636993,0.22083189430906502,before,1-3 days
Robinhood-main,QQQ,2025-05-14,True,512.0,2025-05-14,2025-05-14 10:58:00-04:00,0.2,1.0,20.0,-15.0,-0.75,0,517.8201,exact minute,1.1239617774590103,0.7565670353329793,0.15606058021405822,0.0949430296867203,before,0DTE
Robinhood-main,QQQ,2025-05-19,True,519.0,2025-05-16,2025-05-16 09:30:00-04:00,2.58,1.0,258.0,218.0,0.8449612403100775,3,520.7,exact minute,0.3264835797964366,0.1589252174550348,0.18198436815434574,0.41690645640813984,before,1-3 days
Robinhood-main,QQQ,2025-05-20,True,508.0,2025-05-16,2025-05-16 09:34:00-04:00,0.79,1.0,79.0,18.0,0.2278481012658229,4,520.7,exact minute,2.439024390243911,0.9710590498651673,0.20591077927170134,0.13303179650231978,before,4-14 days
Robinhood-main,QQQ,2025-06-02,False,523.0,2025-06-02,2025-06-02 12:57:00-04:00,0.29,1.0,28.999999999999996,9.000000000000004,0.3103448275862071,0,521.245,exact minute,0.3366938771594923,0.39614685560224927,0.1013489263149282,0.22171908590177236,before,0DTE
Robinhood-main,QQQ,2025-06-04,True,505.0,2025-06-02,,0.63,1.0,63.0,-34.0,-0.5396825396825398,2,520.481386,day VWAP,2.974436054087829,1.5161733825843453,0.2429085807345495,0.10380789833016724,before,1-3 days
Robinhood-main,QQQ,2025-06-04,True,512.0,2025-06-03,2025-06-03 09:38:00-04:00,0.32,1.0,32.0,-22.0,-0.6875,1,523.2399,exact minute,2.1481351097269212,1.2535140960111033,0.17866867112868268,0.08390821491863676,before,1-3 days
Robinhood-main,QQQ,2025-06-06,True,530.0,2025-06-06,2025-06-06 14:32:00-04:00,0.28,1.0,28.000000000000004,6.9999999999999964,0.24999999999999978,0,531.15,exact minute,0.21651134331167793,0.38249621694982955,0.11243129725077466,0.25916125487669905,before,0DTE
Robinhood-main,QQQ,2025-06-09,True,525.0,2025-06-09,2025-06-09 09:34:00-04:00,0.35,1.0,35.0,-25.0,-0.7142857142857143,0,530.18,exact minute,0.9770266701874742,0.825120726692986,0.146092508769935,0.14075012682208954,before,0DTE
Robinhood-main,QQQ,2025-06-09,True,528.0,2025-06-09,2025-06-09 11:31:00-04:00,0.28,1.0,28.000000000000004,-14.000000000000002,-0.5,0,530.7907,exact minute,0.5257627912470989,0.5318858507414642,0.10761676528498,0.1738383101584009,before,0DTE
Robinhood-main,QQQ,2025-06-11,True,524.0,2025-06-10,2025-06-10 09:32:00-04:00,0.8,1.0,80.0,-49.0,-0.6125,1,531.16,exact minute,1.3479930717674464,0.804244931360684,0.1695642641018825,0.18217078756945937,before,1-3 days
Robinhood-main,QQQ,2025-06-24,True,522.0,2025-06-23,2025-06-23 10:09:00-04:00,0.58,1.0,57.99999999999999,44.00000000000001,0.7586206896551726,1,528.895,exact minute,1.303661407273652,1.0904060864657779,0.15162780976836945,0.1578669654871514,before,1-3 days
Robinhood-main,QQQ,2025-06-25,True,525.0,2025-06-23,2025-06-23 15:59:00-04:00,0.95,1.0,95.0,-76.0,-0.8,2,531.69,exact minute,1.2582519889409343,1.0225048084973722,0.173023935098898,0.204236263646705,before,1-3 days
Robinhood-main,QQQ,2025-07-22,True,558.0,2025-07-22,2025-07-22 12:45:00-04:00,0.22,1.0,22.0,-19.0,-0.8636363636363636,0,560.17,exact minute,0.38738240177088373,0.9273776913103243,0.0934228627511648,0.17494924953217872,before,0DTE
Robinhood-main,QQQ,2025-08-04,True,559.0,2025-08-04,2025-08-04 09:48:00-04:00,0.58,1.0,70.0,-64.0,-0.9142857142857143,0,561.3799,exact minute,0.4239375153973308,0.7065790030774964,0.10723310116057118,0.2587335250431573,before,0DTE
Robinhood-main,QQQ,2025-08-07,True,550.0,2025-08-05,2025-08-05 10:22:00-04:00,0.4,1.0,40.0,37.0,0.925,2,564.43,exact minute,2.5565614868096933,2.111470214195502,0.1758799098057474,0.0822698009674131,before,1-3 days
Robinhood-main,QQQ,2025-08-28,True,560.0,2025-08-27,2025-08-27 10:50:00-04:00,0.44,1.0,44.0,-7.0,-0.15909090909090906,1,573.0,exact minute,2.2687609075043627,1.7676894514133565,0.207290727650638,0.09332693430860117,before,1-3 days
Robinhood-main,QQQ,2025-08-28,True,569.0,2025-08-28,2025-08-28 09:30:00-04:00,0.25,1.0,25.0,-22.0,-0.88,0,574.08,exact minute,0.8848940914158375,0.9235875390766186,0.11935888649568466,0.11783286478046096,before,0DTE
Robinhood-main,QQQ,2025-08-29,True,572.0,2025-08-28,2025-08-28 09:30:00-04:00,1.49,1.0,149.0,-60.0,-0.40268456375838924,1,574.08,exact minute,0.36231884057971725,0.2674007922742124,0.11721225547099776,0.3621078942280658,before,1-3 days
Robinhood-main,QQQ,2025-09-02,True,560.0,2025-09-02,2025-09-02 10:39:00-04:00,0.39,1.0,419.0,-189.0,-0.45107398568019097,0,564.98,exact minute,0.8814471308718924,1.1098753602385873,0.15165956778807904,0.15249094912654315,before,0DTE
Robinhood-main,QQQ,2025-09-02,True,561.0,2025-08-29,2025-08-29 11:41:00-04:00,0.58,1.0,57.99999999999999,-25.999999999999993,-0.4482758620689654,4,570.13,exact minute,1.601389156858961,1.026090729652529,0.14354037042417145,0.1354035444144055,before,4-14 days
Robinhood-main,QQQ,2025-09-02,True,564.0,2025-09-02,,1.65,1.0,165.0,60.0,0.36363636363636354,0,562.999929,day VWAP,-0.17763252684176595,-0.28696943703298256,0.10753787099521965,0.6436033579556529,before,0DTE
Robinhood-main,QQQ,2025-09-02,True,574.0,2025-08-29,2025-08-29 09:30:00-04:00,2.22,1.0,222.00000000000003,298.0,1.342342342342342,4,574.67,exact minute,0.11658865087788803,0.07039794798004209,0.10163970330755813,0.4559121930399287,before,4-14 days
Robinhood-main,QQQ,2025-09-04,True,570.0,2025-09-04,,1.53,1.0,153.0,-106.0,-0.6928104575163399,0,572.498518,day VWAP,0.43642348782464274,0.7653288134042124,0.25510167852989585,0.34804948770547417,before,0DTE
Robinhood-main,QQQ,2025-09-05,True,576.0,2025-09-05,,0.43,1.0,43.0,87.0,2.0232558139534884,0,575.906276,day VWAP,-0.016274175834811003,-0.029379955757158408,0.037260071805147885,0.5387231105951757,before,0DTE
Robinhood-main,QQQ,2025-09-08,True,565.0,2025-09-04,2025-09-04 13:55:00-04:00,1.07,1.0,107.0,-38.0,-0.3551401869158879,4,573.59,exact minute,1.4975853832877197,1.2190585282381539,0.18225565202188512,0.1917386214206065,before,4-14 days
Robinhood-main,QQQ,2025-09-09,True,560.0,2025-09-04,2025-09-04 13:48:00-04:00,0.89,1.0,233.0,-95.0,-0.40772532188841204,5,572.99,exact minute,2.2670552714707077,1.5385579915668488,0.18662714482841014,0.14045421837328642,before,4-14 days
Robinhood-main,QQQ,2025-09-09,True,565.0,2025-09-04,2025-09-04 13:14:00-04:00,1.71,1.0,171.0,-33.0,-0.19298245614035092,5,572.8601,exact minute,1.3720801989874996,0.9192497530298396,0.17434205579580733,0.24514690011565465,before,4-14 days
Robinhood-main,QQQ,2025-09-11,True,579.0,2025-09-11,,0.36,1.0,36.0,25.0,0.6944444444444444,0,583.893127,day VWAP,0.8380175709792264,1.6787553760541463,0.18115524890259396,0.14756434978505806,before,0DTE
Robinhood-main,QQQ,2025-09-11,True,580.0,2025-09-10,,1.19,1.0,119.0,83.99999999999997,0.7058823529411762,1,581.632681,day VWAP,0.28070654441098153,0.3020380425743824,0.10602959463345801,0.3640253877931109,before,1-3 days
Robinhood-main,QQQ,2025-09-24,False,597.0,2025-09-24,2025-09-24 14:53:00-04:00,0.14,1.0,14.000000000000002,3.9999999999999982,0.2857142857142856,0,595.4199,exact minute,0.26537574575522516,1.0948639493521364,0.10369776665605994,0.16416442997801167,before,0DTE
Robinhood-main,QQQ,2025-09-25,True,589.0,2025-09-25,,0.22,1.0,22.0,-10.0,-0.4545454545454546,0,592.328354,day VWAP,0.5619102947754533,1.3291680890093558,0.11713561590460224,0.1394951453306239,before,0DTE
Robinhood-main,QQQ,2025-09-26,True,592.0,2025-09-25,,1.73,1.0,173.0,14.0,0.08092485549132955,1,592.328354,day VWAP,0.05543445586938597,0.07570631000611933,0.10369330349077513,0.47077917272455305,before,1-3 days
Robinhood-main,QQQ,2025-09-29,True,594.0,2025-09-29,,0.26,1.0,26.0,-19.0,-0.7307692307692307,0,599.542693,day VWAP,0.9244867904678118,2.150489502404305,0.17391933881398156,0.11453177044869878,before,0DTE
Robinhood-main,QQQ,2025-09-30,True,596.0,2025-09-29,,1.35,1.0,135.0,-44.0,-0.32592592592592595,1,599.542693,day VWAP,0.5908992039037303,0.7935775883410261,0.15045390946016682,0.3027984701044131,before,1-3 days
Robinhood-main,QQQ,2025-10-02,True,600.0,2025-10-02,2025-10-02 09:30:00-04:00,0.15,4.0,120.0,3.999999999999986,0.033333333333333215,0,607.04,exact minute,1.1597258829731096,2.5998389223941065,0.1259254129764922,0.07017450394623104,before,0DTE
Robinhood-main,QQQ,2025-10-06,True,600.0,2025-10-02,2025-10-02 09:30:00-04:00,1.05,1.0,210.0,-16.0,-0.07619047619047614,4,607.04,exact minute,1.1597258829731096,1.5010177016939041,0.13322863385948647,0.20904575940886105,before,4-14 days
Robinhood-main,QQQ,2025-10-07,False,610.0,2025-10-06,,1.06,2.0,616.0,-8.0,-0.012987012987012991,1,607.857403,day VWAP,0.3524834919218749,0.6404921806000219,0.10388066303018745,0.33177288638001956,before,1-3 days
Robinhood-main,QQQ,2025-10-07,True,600.0,2025-10-06,,0.44,1.0,44.0,-17.0,-0.38636363636363635,1,607.857403,day VWAP,1.2926391882735655,2.3488342330933363,0.14826498271093358,0.12649324476036483,before,1-3 days
Robinhood-main,QQQ,2025-10-07,True,607.0,2025-10-06,,0.97,2.0,194.0,-8.0,-0.04123711340206182,1,607.857403,day VWAP,0.1410533121367573,0.2563057435079857,0.07250652892064803,0.39931286438843583,before,1-3 days
Robinhood-main,QQQ,2025-10-07,True,608.0,2025-10-06,,1.09,2.0,218.00000000000003,11.999999999999943,0.0550458715596327,1,607.857403,day VWAP,-0.023458955882786774,-0.04262689786135018,0.05435537916301049,0.5214672536572076,before,1-3 days
Robinhood-main,QQQ,2025-10-09,True,599.0,2025-10-08,2025-10-08 13:44:00-04:00,0.19,1.0,19.0,-4.999999999999998,-0.26315789473684204,1,609.77,exact minute,1.7662397297341592,3.092383192149791,0.15873261474326966,0.06173418318689183,before,1-3 days
Robinhood-main,QQQ,2025-10-10,False,607.0,2025-10-10,2025-10-10 11:37:00-04:00,0.23,1.0,23.0,-3.0,-0.13043478260869568,0,597.2299,exact minute,1.6359026900695957,3.7370379970345904,0.21837128912604803,0.07624456956854218,before,0DTE
Robinhood-main,QQQ,2025-10-13,True,595.0,2025-10-06,,1.53,1.0,153.0,-38.000000000000014,-0.24836601307189554,7,607.857403,day VWAP,2.115200528371286,2.0072010750494504,0.1647839196583864,0.18663505787399748,before,4-14 days
Robinhood-main,QQQ,2025-10-13,True,600.0,2025-10-08,2025-10-08 13:38:00-04:00,0.9,1.0,90.0,70.0,0.7777777777777777,5,609.89,exact minute,1.6216038957844836,1.7976882846048403,0.14592811625671834,0.1640163366906745,before,4-14 days
Robinhood-main,QQQ,2025-10-17,True,580.0,2025-10-03,2025-10-03 14:35:00-04:00,1.96,1.0,196.0,-83.99999999999999,-0.4285714285714285,14,603.5344,exact minute,3.8994297590990676,2.882604643991169,0.19751465110644711,0.15387561659594828,before,4-14 days
Robinhood-main,QQQ,2025-10-27,True,618.0,2025-10-27,2025-10-27 09:45:00-04:00,0.21,1.0,21.0,-19.0,-0.9047619047619048,0,625.05,exact minute,1.1279097672186151,0.9998893234950784,0.13544292694132584,0.08691754416758812,before,0DTE
Robinhood-main,QQQ,2025-10-27,True,623.0,2025-10-27,2025-10-27 12:59:00-04:00,0.12,1.0,12.0,-8.0,-0.6666666666666667,0,626.96,exact minute,0.6316192420569153,0.8059521761450369,0.10937614891886317,0.08814837690007449,before,0DTE
Robinhood-main,QQQ,2025-10-28,True,626.0,2025-10-28,2025-10-28 09:31:00-04:00,0.41,1.0,41.0,-40.0,-0.975609756097561,0,630.36,exact minute,0.6916682530617446,0.5755814400260928,0.11513067121112452,0.16806146108382725,before,0DTE
Robinhood-main,QQQ,2025-10-28,True,629.0,2025-10-28,2025-10-28 13:51:00-04:00,0.09,1.0,9.0,-7.0,-0.7777777777777778,0,632.6,exact minute,0.5690799873537816,0.8223604162379996,0.11124357302847586,0.07808768302194313,before,0DTE
Robinhood-main,QQQ,2025-10-29,True,631.0,2025-10-29,2025-10-29 09:38:00-04:00,1.22,1.0,122.0,25.0,0.20491803278688514,0,635.875,exact minute,0.7666601140161196,0.6407372433049192,0.19418455326232129,0.260513401883656,before,0DTE
Robinhood-main,QQQ,2025-11-03,True,632.0,2025-11-03,2025-11-03 09:31:00-05:00,0.76,1.0,76.0,62.0,0.8157894736842106,0,635.05,exact minute,0.48027714353199824,0.3794690870889346,0.12012215641826295,0.26081793950661725,best run,0DTE
Robinhood-main,QQQ,2025-11-04,False,627.0,2025-11-04,,0.83,1.0,83.0,40.0,0.4819277108433735,0,622.2397,day VWAP,0.7650267252314549,0.8568459074052884,0.2278256730561539,0.22785957637479365,best run,0DTE
Robinhood-main,QQQ,2025-11-04,False,628.0,2025-11-04,2025-11-04 09:30:00-05:00,0.62,1.0,62.0,27.0,0.435483870967742,0,623.24,exact minute,0.7637507220332441,0.6048709897411916,0.1424975362082656,0.19958276082478654,best run,0DTE
Robinhood-main,QQQ,2025-11-04,False,632.0,2025-11-04,2025-11-04 09:36:00-05:00,0.08,1.0,8.0,6.000000000000002,0.7500000000000002,0,621.69,exact minute,1.6583827952838142,1.3236177937144278,0.14560898174227255,0.035727920874755674,best run,0DTE
Robinhood-main,QQQ,2025-11-05,True,614.0,2025-11-05,,0.98,1.0,98.0,-92.0,-0.9387755102040817,0,623.097559,day VWAP,1.4600537056509388,1.5278681092502124,0.3620766248586137,0.1787813228410734,best run,0DTE
Robinhood-main,QQQ,2025-11-05,True,617.0,2025-11-05,2025-11-05 12:41:00-05:00,0.07,1.0,74.0,-70.0,-0.9459459459459459,0,625.17,exact minute,1.3068445382855798,1.353728991374293,0.1647296972243732,0.037673116602421564,best run,0DTE
Robinhood-main,QQQ,2025-11-06,True,610.0,2025-11-05,,1.25,1.0,125.0,-109.0,-0.872,1,623.097559,day VWAP,2.1020077531711285,1.2699619862480322,0.28883721265632106,0.16740601606713434,best run,1-3 days
Robinhood-main,QQQ,2025-11-06,True,611.0,2025-11-06,2025-11-06 09:30:00-05:00,0.25,1.0,25.0,12.0,0.48,0,621.79,exact minute,1.7353125653355579,1.2985737637222117,0.1927176814383818,0.07380482532431532,best run,0DTE
Robinhood-main,QQQ,2025-11-06,True,624.0,2025-11-05,,2.27,1.0,227.0,-91.0,-0.4008810572687225,1,623.097559,day VWAP,-0.1448314131495343,-0.08750224105358845,0.0928740884304524,0.5786329175844005,best run,1-3 days
Robinhood-main,QQQ,2025-11-10,True,610.0,2025-11-06,2025-11-06 09:30:00-05:00,1.27,1.0,127.0,209.0,1.6456692913385829,4,621.79,exact minute,1.8961385676836175,0.8192158705320908,0.1923747574062105,0.1781258777411462,best run,4-14 days
Robinhood-main,QQQ,2025-11-14,True,615.0,2025-11-13,2025-11-13 09:30:00-05:00,2.48,1.0,248.0,131.0,0.528225806451613,1,617.57,exact minute,0.41614715740726554,0.2602483805208609,0.16531066297546393,0.3857067179684879,best run,1-3 days
Robinhood-main,QQQ,2025-11-21,False,614.0,2025-11-20,2025-11-20 12:03:00-05:00,0.69,1.0,69.0,-19.0,-0.2753623188405797,1,595.765,exact minute,3.060770605859695,1.9709115556265533,0.2964603845624214,0.10358785709672752,best run,1-3 days
Robinhood-main,QQQ,2025-11-25,True,598.0,2025-11-24,2025-11-24 15:52:00-05:00,0.75,1.0,75.0,172.00000000000003,2.293333333333334,1,605.77,exact minute,1.2826650378856632,0.978178756146838,0.21366283268393174,0.16947144589740393,best run,1-3 days
Robinhood-main,QQQ,2025-12-04,True,613.0,2025-12-03,2025-12-03 09:30:00-05:00,1.48,1.0,148.0,-121.0,-0.8175675675675675,1,619.58,exact minute,1.0620097485393396,0.5529016739310838,0.1791095725903177,0.24916823531426335,best run,1-3 days
Robinhood-main,QQQ,2025-12-08,True,622.0,2025-12-08,2025-12-08 13:40:00-05:00,0.43,1.0,43.0,-26.0,-0.6046511627906976,0,623.38,exact minute,0.22137380089191108,0.3099374099841462,0.10317858354185531,0.28398483894559756,best run,0DTE
Robinhood-main,QQQ,2025-12-08,True,626.0,2025-12-08,2025-12-08 09:30:00-05:00,0.96,1.0,96.0,39.0,0.40625,0,627.22,exact minute,0.19450910366379057,0.16316215194644243,0.09469938642638993,0.3709429709247134,best run,0DTE
Robinhood-main,QQQ,2025-12-11,True,607.0,2025-12-10,2025-12-10 09:32:00-05:00,0.49,1.0,49.0,-37.0,-0.7551020408163265,1,623.83,exact minute,2.697850375903698,1.7587816340308782,0.2254160890653517,0.0847717909047343,best run,1-3 days
Robinhood-main,QQQ,2025-12-15,True,615.0,2025-12-15,2025-12-15 09:31:00-05:00,0.82,1.0,82.0,124.0,1.5121951219512195,0,618.33,exact minute,0.5385473776139021,0.5006232689445117,0.13396118942900337,0.2594818880743416,best run,0DTE
Robinhood-main,QQQ,2025-12-17,True,603.0,2025-12-16,2025-12-16 09:31:00-05:00,1.26,1.0,126.0,-63.0,-0.5,1,608.26,exact minute,0.864761779502185,0.5644779212716345,0.1502367028421657,0.25590469259586457,best run,1-3 days
Robinhood-main,QQQ,2025-12-22,True,607.0,2025-12-19,2025-12-19 09:36:00-05:00,1.46,1.0,146.0,-108.0,-0.7397260273972603,3,614.155,exact minute,1.165015346288799,0.7176419913100809,0.18859823305580645,0.2393080773505717,best run,1-3 days
Robinhood-main,QQQ,2025-12-22,True,620.0,2025-12-22,2025-12-22 09:30:00-05:00,1.18,1.0,118.0,-36.0,-0.30508474576271183,0,621.36,exact minute,0.2188747264065942,0.21374244758143576,0.11397652337141802,0.3787482410206324,best run,0DTE
Robinhood-main,QQQ,2025-12-24,True,613.0,2025-12-23,2025-12-23 09:33:00-05:00,0.41,1.0,41.0,-31.0,-0.7560975609756098,1,618.2,exact minute,0.8411517308314533,0.5854618375689876,0.09323059806663116,0.15312150367554844,best run,1-3 days
Robinhood-main,QQQ,2025-12-31,True,617.0,2025-12-31,2025-12-31 13:06:00-05:00,0.63,1.0,120.0,28.0,0.2333333333333334,0,617.385,exact minute,0.0623597917020969,0.1122614224348571,0.0779828173608019,0.4239697714325136,best run,0DTE
Robinhood-main,QQQ,2025-12-31,True,618.0,2025-12-31,,1.26,1.0,126.0,46.0,0.3650793650793651,0,616.834624,day VWAP,-0.18892843473067386,-0.3212776613443227,0.0419812921161848,0.8433751935158909,best run,0DTE
Robinhood-main,QQQ,2026-01-02,True,610.0,2026-01-02,2026-01-02 13:16:00-05:00,0.49,1.0,49.0,-46.0,-0.9387755102040817,0,611.35,exact minute,0.22082276928110292,0.40930699038513685,0.10318672427559991,0.29924768743436514,best run,0DTE
Robinhood-main,QQQ,2026-01-02,True,620.0,2026-01-02,,1.25,1.0,217.0,215.0,0.9907834101382489,0,615.030842,day VWAP,-0.8079526522346326,-1.3733961928433738,,,best run,0DTE
Robinhood-main,QQQ,2026-01-02,True,621.0,2026-01-02,,1.45,1.0,145.0,91.0,0.6275862068965516,0,615.030842,day VWAP,-0.9705461242543659,-1.649780279009154,,,best run,0DTE
Robinhood-main,QQQ,2026-01-08,True,616.0,2026-01-06,2026-01-06 13:29:00-05:00,0.87,1.0,87.0,-70.0,-0.8045977011494253,2,622.48,exact minute,1.040997301118111,0.7908063227431197,0.12835915029186282,0.1993699321783975,best run,1-3 days
Robinhood-main,QQQ,2026-01-08,True,627.0,2026-01-07,2026-01-07 12:13:00-05:00,1.63,1.0,163.0,144.0,0.8834355828220859,1,627.645,exact minute,0.1027650981048175,0.09379029964389841,0.09760330278005139,0.4455870983709671,best run,1-3 days
Robinhood-main,QQQ,2026-01-09,True,610.0,2026-01-05,2026-01-05 09:35:00-05:00,2.13,1.0,213.0,-88.0,-0.41314553990610325,4,617.98,exact minute,1.2913039256933911,0.6973028382244972,0.15002750039542245,0.2655371654740618,best run,4-14 days
Robinhood-main,QQQ,2026-01-12,True,610.0,2026-01-06,2026-01-06 11:44:00-05:00,1.67,1.0,167.0,-119.0,-0.7125748502994012,6,620.61,exact minute,1.7096082886192638,0.9298953211839301,0.16168067345209894,0.21313344669100087,best run,4-14 days
Robinhood-main,QQQ,2026-01-13,True,618.0,2026-01-13,2026-01-13 09:49:00-05:00,0.08,1.0,8.0,-6.0,-0.75,0,628.2391,exact minute,1.6298094149186204,1.8548764606548276,0.1481833473944471,0.0351925643596559,best run,0DTE
Robinhood-main,QQQ,2026-01-22,False,624.0,2026-01-21,2026-01-21 15:46:00-05:00,0.3,1.0,30.0,-7.0,-0.23333333333333328,1,616.43,exact minute,1.2280388689713433,1.5338787281898882,0.1514202896123102,0.10521536773990997,best run,1-3 days
Robinhood-main,QQQ,2026-01-22,True,617.0,2026-01-22,,0.49,1.0,49.0,17.0,0.346938775510204,0,620.35176,day VWAP,0.5402999098447006,0.9661935250846659,0.1503134632342214,0.20825349899303525,best run,0DTE
Robinhood-main,QQQ,2026-01-23,True,620.0,2026-01-22,,2.3,3.0,690.0,435.0,0.6304347826086956,1,620.35176,day VWAP,0.056703312971984304,0.058543277743778155,0.12950656063524152,0.4753759315400967,best run,1-3 days
Robinhood-main,QQQ,2026-01-23,True,621.0,2026-01-22,,2.65,1.0,631.0,103.0,0.16323296354992078,1,620.35176,day VWAP,-0.10449555265225442,-0.10788632694059755,0.1209932965150558,0.5426910461006533,best run,1-3 days
Robinhood-main,QQQ,2026-01-23,True,622.0,2026-01-23,,1.47,1.0,147.0,-111.0,-0.7551020408163265,0,622.673908,day VWAP,0.10822807754456015,0.1903605277033367,0.16156186593463065,0.43877774178968565,best run,0DTE
Robinhood-main,QQQ,2026-01-23,True,623.0,2026-01-23,2026-01-23 10:51:00-05:00,0.61,1.0,61.0,-17.0,-0.2786885245901639,0,624.58,exact minute,0.25296999583720914,0.3534630620923709,0.08912119339659956,0.3052491210560452,best run,0DTE
Robinhood-main,QQQ,2026-01-28,True,620.0,2026-01-26,,1.63,1.0,163.0,15.0,0.09202453987730053,2,625.976815,day VWAP,0.9547981421644168,0.7546215735840401,0.15810231799256297,0.26858135290216745,best run,1-3 days
Robinhood-main,QQQ,2026-02-02,True,611.0,2026-01-27,2026-01-27 10:18:00-05:00,1.12,1.0,112.00000000000001,-14.000000000000014,-0.1250000000000001,6,630.74,exact minute,3.1296572280178854,1.763385689140205,0.20176514498837697,0.1257191406553424,best run,4-14 days
Robinhood-main,QQQ,2026-02-03,True,614.0,2026-02-02,2026-02-02 15:48:00-05:00,0.22,1.0,22.0,4.0,0.18181818181818188,1,626.0801,exact minute,1.9294815471694462,2.216678575348687,0.19991228883129683,0.062977297559901,best run,1-3 days
Robinhood-main,QQQ,2026-02-05,False,610.0,2026-02-05,2026-02-05 11:39:00-05:00,0.26,1.0,138.0,-33.0,-0.23913043478260865,0,601.33,exact minute,1.4418040011308197,1.8022673046023399,0.2052353650425065,0.08879719433882927,best run,0DTE
Robinhood-main,QQQ,2026-02-05,True,601.0,2026-02-05,,2.66,1.0,266.0,-5.0,-0.018796992481203034,0,598.96206,day VWAP,-0.34024525693664953,-0.49204860571736886,0.13255505378566262,0.7164473339137145,best run,0DTE
Robinhood-main,QQQ,2026-02-10,True,595.0,2026-02-05,,7.6,2.0,1520.0,-396.0,-0.2605263157894737,5,598.96206,day VWAP,0.6614876408031507,0.3615668785826699,0.3366615759916488,0.4257854591109105,best run,4-14 days
Robinhood-main,QQQ,2026-02-11,True,613.0,2026-02-10,2026-02-10 13:06:00-05:00,1.92,1.0,192.0,93.0,0.484375,1,615.21,exact minute,0.3592269306415754,0.26507458938946865,0.15580466126006395,0.3779743865905756,best run,1-3 days
Robinhood-main,QQQ,2026-02-11,True,615.0,2026-02-11,,1.76,1.0,176.0,353.0,2.0056818181818183,0,612.568341,day VWAP,-0.3969612592172745,-0.4972811020143673,,,best run,0DTE
Robinhood-main,QQQ,2026-02-12,True,608.0,2026-02-11,2026-02-11 14:38:00-05:00,0.77,1.0,77.0,8.0,0.10389610389610393,1,614.58,exact minute,1.0706498747111914,0.8620800750605512,0.17573132620997015,0.186740196646056,best run,1-3 days
Robinhood-main,QQQ,2026-02-12,True,615.0,2026-02-11,2026-02-11 09:50:00-05:00,2.82,1.0,282.0,-2.0,-0.007092198581560294,1,615.97,exact minute,0.15747520171437362,0.09992554221570338,0.15200838442322262,0.4504267292975177,best run,1-3 days
Robinhood-main,QQQ,2026-02-13,True,605.0,2026-02-13,2026-02-13 13:15:00-05:00,1.27,1.0,127.0,59.0,0.46456692913385833,0,605.22,exact minute,0.03635041802981185,0.046730348478888226,0.1392339555386183,0.4734576330244652,best run,0DTE
Robinhood-main,QQQ,2026-02-13,True,608.0,2026-02-12,,2.66,1.0,266.0,37.0,0.13909774436090228,1,605.519807,day VWAP,-0.4095973362602135,-0.29535191281846274,0.05054269319091774,0.8522891237536502,best run,1-3 days
Robinhood-main,QQQ,2026-02-13,True,610.0,2026-02-12,,2.03,2.0,780.0,458.0,0.5871794871794871,1,605.519807,day VWAP,-0.7398920643400168,-0.533520404398323,,,best run,1-3 days
Robinhood-main,QQQ,2026-02-13,True,615.0,2026-02-12,,3.5,2.0,700.0,717.0,1.0242857142857145,1,605.519807,day VWAP,-1.5656288845395252,-1.1289416333479743,,,best run,1-3 days
Robinhood-main,QQQ,2026-02-17,True,593.0,2026-02-17,,1.67,1.0,334.0,120.0,0.35928143712574845,0,599.396864,day VWAP,1.067216794781237,1.2650569951090243,0.3868673446119707,0.2639380816695971,best run,0DTE
Robinhood-main,QQQ,2026-02-17,True,597.0,2026-02-17,,1.27,1.0,127.0,102.99999999999997,0.8110236220472438,0,599.396864,day VWAP,0.3998793026718355,0.47400875953045685,0.21354028859669913,0.3350538043255641,best run,0DTE
Robinhood-main,QQQ,2026-02-17,True,602.0,2026-02-13,2026-02-13 13:15:00-05:00,2.72,1.0,272.0,120.0,0.4411764705882353,4,605.22,exact minute,0.5320379366180938,0.2857974031936445,0.17498522688282533,0.37468286800267814,best run,4-14 days
Robinhood-main,QQQ,2026-02-17,True,615.0,2026-02-11,,4.65,1.0,465.00000000000006,670.0,1.440860215053763,6,612.568341,day VWAP,-0.3969612592172745,-0.1657603673381224,0.10061603175280545,0.6133008705147363,best run,4-14 days
Robinhood-main,QQQ,2026-02-18,False,608.0,2026-02-18,,0.51,2.0,102.0,22.0,0.21568627450980382,0,606.211104,day VWAP,0.29509456164630443,0.3498164831092507,0.11102076717480225,0.27646647060691354,best run,0DTE
Robinhood-main,QQQ,2026-02-18,True,601.0,2026-02-18,,2.74,1.0,274.0,-58.0,-0.21167883211678828,0,606.211104,day VWAP,0.859618698109492,1.019025183351362,0.45795891804678807,0.33235436910576643,best run,0DTE
Robinhood-main,QQQ,2026-02-19,True,586.0,2026-02-17,2026-02-17 12:27:00-05:00,1.5,1.0,150.0,-51.0,-0.33999999999999997,2,599.39,exact minute,2.233937836800745,1.1734678800320149,0.2501019749638929,0.181079950643109,best run,1-3 days
Robinhood-main,QQQ,2026-02-19,True,600.0,2026-02-19,2026-02-19 14:49:00-05:00,0.5,1.0,50.0,-33.0,-0.6599999999999999,0,601.345,exact minute,0.22366528365580945,0.47126506629032044,0.16094582191237775,0.30160852892939294,best run,0DTE
Robinhood-main,QQQ,2026-02-19,True,602.0,2026-02-19,2026-02-19 12:45:00-05:00,1.11,1.0,222.00000000000003,-72.00000000000003,-0.32432432432432445,0,602.98,exact minute,0.162526120269332,0.20663396282250351,0.14486478392865965,0.3992453858395627,best run,0DTE
Robinhood-main,QQQ,2026-02-19,True,603.0,2026-02-19,,2.62,1.0,262.0,-141.0,-0.5381679389312977,0,602.999355,day VWAP,-0.00010696528853884881,-0.00013599451841099245,0.24447706185607848,0.4978669805093302,best run,0DTE
Robinhood-main,QQQ,2026-02-20,True,595.0,2026-02-04,2026-02-04 10:20:00-05:00,6.1,1.0,610.0,416.0,0.6819672131147541,16,610.43,exact minute,2.5277263568304233,0.7620722074342304,0.22650319046628736,0.2995390186800664,best run,15+ days
Robinhood-main,QQQ,2026-02-20,True,602.0,2026-02-19,,3.89,1.0,389.0,5.0,0.01285347043701801,1,602.999355,day VWAP,0.16573069137031446,0.1216524475861501,0.23573546513052343,0.4600557532755192,best run,1-3 days
Robinhood-main,QQQ,2026-02-20,True,603.0,2026-02-19,,2.7,1.0,270.0,172.0,0.6370370370370371,1,602.999355,day VWAP,-0.00010696528853884881,-7.85164718129e-05,0.14545937739538858,0.49779948401579366,best run,1-3 days
Robinhood-main,QQQ,2026-02-20,True,605.0,2026-02-20,2026-02-20 09:45:00-05:00,2.34,1.0,736.0,-460.0,-0.625,0,605.08,exact minute,0.01322139221260675,0.01263428618047552,0.1596091276014952,0.4926835247354059,best run,0DTE
Robinhood-main,QQQ,2026-02-20,True,609.0,2026-02-20,2026-02-20 11:07:00-05:00,1.25,2.0,250.0,234.0,0.9359999999999999,0,609.95,exact minute,0.1557504713501181,0.1683777549066602,0.12675469852160745,0.4095595358331593,best run,0DTE
Robinhood-main,QQQ,2026-02-23,True,602.0,2026-02-18,,6.57,1.0,657.0,-226.00000000000006,-0.3439878234398783,5,606.211104,day VWAP,0.694659661001521,0.3112448136804061,0.2996520972944367,0.4148637339522583,best run,4-14 days
Robinhood-main,QQQ,2026-02-24,True,603.0,2026-02-23,,2.03,1.0,202.99999999999997,93.00000000000003,0.4581280788177342,1,601.961394,day VWAP,-0.17253697834315912,-0.1311505076851078,0.07831595924226435,0.6111377848641898,best run,1-3 days
Robinhood-main,QQQ,2026-02-24,True,607.0,2026-02-24,,0.51,1.0,51.0,-20.0,-0.3921568627450981,0,606.41021,day VWAP,-0.09725924634415267,-0.12528334684708914,,,best run,0DTE
Robinhood-main,QQQ,2026-02-25,True,585.0,2026-02-23,2026-02-23 15:13:00-05:00,1.27,1.0,127.0,-3.0,-0.023622047244094446,2,599.58,exact minute,2.4317021915340806,1.5546167857036965,0.2725367704713627,0.1593359769232121,best run,1-3 days
Robinhood-main,QQQ,2026-02-25,True,597.0,2026-02-24,,3.34,1.0,334.0,-280.0,-0.8383233532934131,1,606.41021,day VWAP,1.5517895056549273,1.1540765855541468,0.3818229131330644,0.2926585961863266,best run,1-3 days
Robinhood-main,QQQ,2026-02-25,True,602.0,2026-02-24,2026-02-24 14:05:00-05:00,1.22,1.0,122.0,7.0,0.05737704918032782,1,607.875,exact minute,0.9664815957228049,0.7736199340216136,0.1950668421342549,0.24148224587848288,best run,1-3 days
Robinhood-main,QQQ,2026-02-25,True,605.0,2026-02-24,,2.01,1.0,200.99999999999997,-15.999999999999972,-0.0796019900497511,1,606.41021,day VWAP,0.2325505040556633,0.172949417889114,0.14243047840726056,0.4139612469050903,best run,1-3 days
Robinhood-main,QQQ,2026-02-25,True,607.0,2026-02-24,,2.68,1.0,268.0,-40.00000000000003,-0.14925373134328368,1,606.41021,day VWAP,-0.09725924634415267,-0.07233237402714415,0.12710099335077907,0.5375374181295737,best run,1-3 days
Robinhood-main,QQQ,2026-02-25,True,609.0,2026-02-25,,0.44,1.0,44.0,3.0,0.06818181818181812,0,615.12923,day VWAP,0.9964133878014555,1.2525063677581298,0.21382519498022973,0.14544665974321158,best run,0DTE
Robinhood-main,QQQ,2026-02-26,True,602.0,2026-02-26,2026-02-26 12:17:00-05:00,0.36,1.0,36.0,3.0,0.08333333333333326,0,606.505,exact minute,0.7427803563037395,0.8488363942379977,0.15428410142988136,0.15430566859024908,best run,0DTE
Robinhood-main,QQQ,2026-02-27,True,600.0,2026-02-26,,0.83,1.0,83.0,-1.0,-0.012048192771084376,1,608.563084,day VWAP,1.4070988242855698,0.9928020853443542,0.1937447758210502,0.16966108781366618,best run,1-3 days
Robinhood-main,QQQ,2026-02-27,True,606.0,2026-02-27,,1.08,1.0,108.0,36.0,0.33333333333333326,0,606.059155,day VWAP,0.009760598369318006,0.011725567701269148,0.10300746213440844,0.4905986318798786,best run,0DTE
Robinhood-main,QQQ,2026-03-02,True,600.0,2026-02-25,2026-02-25 13:58:00-05:00,1.7,1.0,170.0,134.0,0.7882352941176471,5,615.79,exact minute,2.564185842576197,1.2522064466331544,0.24836185692923424,0.17710680075197782,best run,4-14 days
Robinhood-main,QQQ,2026-03-03,True,595.0,2026-02-24,,6.35,1.0,635.0,-317.0,-0.49921259842519683,7,606.41021,day VWAP,1.8815992560547432,0.7307910785760502,0.3146241780199131,0.332903465307103,best run,4-14 days
Robinhood-main,QQQ,2026-03-04,True,598.0,2026-03-03,2026-03-03 11:47:00-05:00,2.82,1.0,282.0,-59.99999999999997,-0.21276595744680837,1,599.01,exact minute,0.16861154237825593,0.11419303055699903,0.17089217004356339,0.44868066515037797,best run,1-3 days
Robinhood-main,QQQ,2026-03-05,True,599.0,2026-03-05,2026-03-05 11:11:00-05:00,0.21,1.0,21.0,-8.0,-0.38095238095238093,0,607.7,exact minute,1.4316274477538333,1.4240640514608545,0.18621947568898106,0.07592763595652996,best run,0DTE
Robinhood-main,QQQ,2026-03-05,True,608.0,2026-03-05,,0.94,1.0,94.0,75.0,0.7978723404255319,0,607.042959,day VWAP,-0.1576562228110785,-0.19091596200775934,,,best run,0DTE
Robinhood-main,QQQ,2026-03-06,True,595.0,2026-02-27,,5.5,1.0,921.0,-177.0,-0.19218241042345274,7,606.059155,day VWAP,1.8247649439434723,0.6609491102026663,0.28479930291331684,0.3232102276286666,best run,4-14 days
Robinhood-main,QQQ,2026-03-06,True,602.0,2026-03-06,2026-03-06 14:09:00-05:00,0.68,1.0,68.0,-19.0,-0.27941176470588236,0,602.96,exact minute,0.15921454159480503,0.27166706456579964,0.13538351368120294,0.3622356678568336,best run,0DTE
Robinhood-main,QQQ,2026-03-09,True,595.0,2026-03-09,,1.6,1.0,160.0,-119.0,-0.74375,0,599.776068,day VWAP,0.7963085316034999,1.020729349206972,0.3277302882505217,0.2894595979334633,best run,0DTE
Robinhood-main,QQQ,2026-03-09,True,600.0,2026-03-06,2026-03-06 12:30:00-05:00,3.54,1.0,354.0,59.0,0.16666666666666674,3,603.4,exact minute,0.5634736493205134,0.4135363923999306,0.26974949624806227,0.39026128508732727,best run,1-3 days
Robinhood-main,QQQ,2026-03-10,True,595.0,2026-03-04,2026-03-04 15:08:00-05:00,2.24,1.0,224.00000000000003,76.99999999999997,0.3437499999999998,6,612.275,exact minute,2.821444612306558,1.203466187678859,0.26315145616447116,0.19322799816639924,best run,4-14 days
Robinhood-main,QQQ,2026-03-11,False,610.0,2026-03-11,2026-03-11 10:34:00-04:00,1.09,1.0,109.00000000000001,70.99999999999999,0.6513761467889907,0,608.75,exact minute,0.20533880903490762,0.21955082801970327,0.11711299967198062,0.38180372899548126,best run,0DTE
Robinhood-main,QQQ,2026-03-11,False,615.0,2026-03-11,,0.5,1.0,50.0,41.0,0.8200000000000001,0,607.962813,day VWAP,1.1575028685183772,1.600212324303969,0.24490415413657002,0.14697065435448003,best run,0DTE
Robinhood-main,QQQ,2026-03-11,True,589.0,2026-03-09,2026-03-09 11:29:00-04:00,2.32,1.0,231.99999999999997,-16.99999999999997,-0.07327586206896541,2,598.75,exact minute,1.62839248434238,0.899092283812957,0.24371985801995724,0.25333890742161214,best run,1-3 days
Robinhood-main,QQQ,2026-03-11,True,607.0,2026-03-10,2026-03-10 10:58:00-04:00,1.95,1.0,195.0,126.0,0.6461538461538461,1,611.1,exact minute,0.6709212894779942,0.4846913476853074,0.1784568507474647,0.32382181138927724,best run,1-3 days
Robinhood-main,QQQ,2026-03-12,False,612.0,2026-03-11,,3.06,1.0,306.0,48.0,0.15686274509803932,1,607.962813,day VWAP,0.6640516350134096,0.5300254920770409,0.25627134244696964,0.3726425798441877,best run,1-3 days
Robinhood-main,QQQ,2026-03-12,True,597.0,2026-03-11,2026-03-11 11:15:00-04:00,1.02,1.0,102.0,-24.0,-0.23529411764705888,1,607.96,exact minute,1.8027501809329618,1.3395425150350169,0.22819504234652338,0.16567209906599523,best run,1-3 days
Robinhood-main,QQQ,2026-03-13,True,595.0,2026-03-06,2026-03-06 09:32:00-05:00,8.12,1.0,811.9999999999999,-499.9999999999999,-0.6157635467980296,7,600.31,exact minute,0.884542986123827,0.3288610495379321,0.2872841141109894,0.41189642517694347,best run,4-14 days
Robinhood-main,QQQ,2026-03-13,True,605.0,2026-03-04,2026-03-04 13:16:00-05:00,5.97,1.0,597.0,288.0,0.48241206030150763,9,611.58,exact minute,1.0759017626475753,0.34250604289725844,0.21312590031069742,0.3767359766829286,best run,4-14 days
Robinhood-main,QQQ,2026-03-18,True,595.0,2026-03-18,,0.26,1.0,26.0,16.0,0.6153846153846154,0,599.309284,day VWAP,0.719041756075991,0.9862076028059156,0.14574836929486765,0.1324674012908269,best run,0DTE
Robinhood-main,QQQ,2026-03-18,True,600.0,2026-03-18,,1.75,2.0,350.0,181.0,0.5171428571428571,0,599.309284,day VWAP,-0.11525201067967306,-0.1580748380890273,0.12922480353821375,0.578176792012291,best run,0DTE
Robinhood-main,QQQ,2026-03-18,True,603.0,2026-03-17,2026-03-17 12:42:00-04:00,2.84,1.0,284.0,-30.0,-0.10563380281690138,1,603.05,exact minute,0.008291186468776142,0.006585398732702441,0.15396183796759924,0.49484703738971525,best run,1-3 days
Robinhood-main,QQQ,2026-03-19,False,591.0,2026-03-19,,0.34,1.0,34.0,51.0,1.5,0,591.047292,day VWAP,-0.008001390183168347,-0.010647774923872434,0.030066585752312483,0.5240879790011611,best run,0DTE
Robinhood-main,QQQ,2026-03-19,False,592.0,2026-03-19,,0.18,1.0,41.0,11.0,0.2682926829268293,0,591.047292,day VWAP,0.16118980881821376,0.2145018259362965,0.0499029978268382,0.23470110728868054,best run,0DTE
Robinhood-main,QQQ,2026-03-19,True,590.0,2026-03-19,2026-03-19 15:16:00-04:00,0.09,1.0,9.0,2.0,0.22222222222222232,0,595.0401,exact minute,0.8470185454728264,2.372888327569678,0.2626763745003945,0.06260764150577014,best run,0DTE
Robinhood-main,QQQ,2026-03-19,True,593.0,2026-03-17,2026-03-17 12:45:00-04:00,1.26,1.0,126.0,-10.000000000000014,-0.07936507936507953,2,603.73,exact minute,1.7772845477282921,1.0962477459938862,0.20396824662054364,0.18596678132487865,best run,1-3 days
Robinhood-main,QQQ,2026-03-20,False,582.0,2026-03-20,2026-03-20 14:37:00-04:00,1.13,1.0,112.99999999999999,-34.999999999999986,-0.3097345132743362,0,582.34,exact minute,-0.058385135831306764,-0.11918710913617853,0.1408011184705243,0.5575562553329848,best run,0DTE
Robinhood-main,QQQ,2026-03-20,False,593.0,2026-03-19,,1.98,1.0,198.0,90.0,0.4545454545454546,1,591.047292,day VWAP,0.3303810078195959,0.2538328696105424,0.15643652540614972,0.3946383756924219,best run,1-3 days
Robinhood-main,QQQ,2026-03-20,True,584.0,2026-03-18,2026-03-18 15:58:00-04:00,1.45,1.0,145.0,129.0,0.8896551724137931,2,595.45,exact minute,1.9229154421026189,1.31448882769863,0.2534487839973459,0.1925560433809419,best run,1-3 days
Robinhood-main,QQQ,2026-03-20,True,592.0,2026-03-18,2026-03-18 15:22:00-04:00,2.88,1.0,288.0,35.0,0.12152777777777768,2,596.915,exact minute,0.8234003166279896,0.5513989291668796,0.22898023755595523,0.342285510555683,best run,1-3 days
Robinhood-main,QQQ,2026-03-20,True,600.0,2026-02-25,2026-02-25 13:57:00-05:00,7.47,1.0,747.0,274.0000000000001,0.3668005354752344,23,615.79,exact minute,2.564185842576197,0.5477202746615962,0.21975277757536057,0.3157021486628866,best run,15+ days
Robinhood-main,QQQ,2026-03-24,True,580.0,2026-03-24,2026-03-24 09:42:00-04:00,1.41,1.0,141.0,-35.0,-0.24822695035460995,0,583.7,exact minute,0.6338872708583253,0.578203419978154,0.20083286072785633,0.3026533553673707,best run,0DTE
Robinhood-main,QQQ,2026-03-24,True,585.0,2026-03-19,,6.77,1.0,677.0,-286.0,-0.4224519940915805,5,591.047292,day VWAP,1.0231485841914612,0.514615782061932,0.3432381779878481,0.3918641844739177,best run,4-14 days
Robinhood-main,QQQ,2026-03-25,True,584.0,2026-03-24,,3.46,1.0,346.0,39.0,0.11271676300578037,1,584.824117,day VWAP,0.14091706823369615,0.1033237574834855,0.21448603921110998,0.46275682467017865,best run,1-3 days
Robinhood-main,QQQ,2026-03-26,True,573.0,2026-03-26,2026-03-26 14:29:00-04:00,0.32,1.0,32.0,-17.0,-0.53125,0,576.0593,exact minute,0.5310737974371749,1.0622149060229973,0.18977115937620906,0.17747837100885744,best run,0DTE
Robinhood-main,QQQ,2026-03-26,True,588.0,2026-03-25,,3.11,1.0,311.0,-59.0,-0.18971061093247588,1,588.612511,day VWAP,0.10406013948963454,0.07835571379781948,0.18818304988402168,0.46852819293558223,best run,1-3 days
Robinhood-main,QQQ,2026-03-27,True,560.0,2026-03-27,2026-03-27 14:06:00-04:00,0.26,1.0,26.0,-18.0,-0.6923076923076923,0,563.565,exact minute,0.6325800928020822,1.0395512004925072,0.17814354147399453,0.14709730481209893,best run,0DTE
Robinhood-main,QQQ,2026-03-27,True,571.0,2026-03-26,2026-03-26 15:11:00-04:00,1.88,1.0,188.0,26.0,0.13829787234042556,1,574.96,exact minute,0.6887435647697294,0.6271963283829128,0.22977971455982357,0.32357919083877174,best run,1-3 days
Robinhood-main,QQQ,2026-03-31,False,565.0,2026-03-31,,2.72,2.0,544.0,314.0,0.5772058823529411,0,571.816194,day VWAP,-1.1920253521186557,-1.4254098299768745,,,best run,0DTE
Robinhood-main,QQQ,2026-03-31,False,568.0,2026-03-31,,0.86,1.0,86.0,51.0,0.5930232558139534,0,571.816194,day VWAP,-0.6673812389440645,-0.7980465991283062,,,best run,0DTE
Robinhood-main,QQQ,2026-03-31,False,580.0,2026-03-31,2026-03-31 12:51:00-04:00,0.27,1.0,27.0,1.0000000000000036,0.0370370370370372,0,573.375,exact minute,1.1554392849356878,1.4034204171507434,0.20998614475787042,0.10694222314538865,best run,0DTE
Robinhood-main,QQQ,2026-03-31,True,555.0,2026-03-30,,1.56,1.0,156.0,48.0,0.3076923076923077,1,561.442362,day VWAP,1.1474663181899343,0.7898759625636579,0.23157572515404243,0.2562684343537389,best run,1-3 days
Robinhood-main,QQQ,2026-03-31,True,560.0,2026-03-30,,2.68,1.0,268.0,-176.0,-0.6567164179104478,1,561.442362,day VWAP,0.2569029516871409,0.17684306984227904,0.19420913128928283,0.42890252187067146,best run,1-3 days
Robinhood-main,QQQ,2026-03-31,True,565.0,2026-03-30,,4.17,1.0,417.0,535.0,1.2829736211031175,1,561.442362,day VWAP,-0.6336604148156524,-0.4361898228790998,0.10842580873513971,0.7736497114696501,best run,1-3 days
Robinhood-main,QQQ,2026-04-01,False,570.0,2026-03-31,,1.85,1.0,680.0,347.0,0.5102941176470588,1,571.816194,day VWAP,-0.31761849682767046,-0.21928019869253015,0.027198936103205885,0.9353728375670567,best run,1-3 days
Robinhood-main,QQQ,2026-04-01,False,580.0,2026-03-30,,0.7,5.0,350.0,-5.0,-0.014285714285714235,2,561.442362,day VWAP,3.3053505143240325,1.7624308944715383,0.25618846601567385,0.1035378989013353,best run,1-3 days
Robinhood-main,QQQ,2026-04-01,True,540.0,2026-03-27,2026-03-27 14:06:00-04:00,1.27,1.0,127.0,-86.0,-0.6771653543307087,5,563.565,exact minute,4.181416518059151,2.0474990455839417,0.32475124022420204,0.12114808210310857,best run,4-14 days
Robinhood-main,QQQ,2026-04-01,True,545.0,2026-03-30,2026-03-30 15:27:00-04:00,1.39,1.0,139.0,-124.0,-0.8920863309352518,2,556.12,exact minute,1.9995684384665189,1.1675833266860909,0.2577561326265359,0.1912506260997846,best run,1-3 days
Robinhood-main,QQQ,2026-04-01,True,550.0,2026-03-30,,1.1,1.0,472.0,-151.0,-0.31991525423728817,2,561.442362,day VWAP,2.0380296846927277,1.0866885265531718,0.21741952459618363,0.16810916625059558,best run,1-3 days
Robinhood-main,QQQ,2026-04-01,True,560.0,2026-03-30,,3.87,1.0,1023.0,-17.0,-0.016617790811339184,2,561.442362,day VWAP,0.2569029516871409,0.13698205287826837,0.2044351754993083,0.44570911376806577,best run,1-3 days
Robinhood-main,QQQ,2026-04-01,True,583.0,2026-04-01,,0.42,1.0,42.0,54.0,1.2857142857142856,0,584.59218,day VWAP,0.2723573893855345,0.2678288042342821,0.09886583109597696,0.267135083411014,best run,0DTE
Robinhood-main,QQQ,2026-04-01,True,586.0,2026-04-01,,1.36,1.0,136.0,149.0,1.0955882352941178,0,584.59218,day VWAP,-0.24082087447697562,-0.23681665840364452,,,best run,0DTE
Robinhood-main,QQQ,2026-04-02,True,560.0,2026-03-31,2026-03-31 12:47:00-04:00,1.46,1.0,146.0,-91.0,-0.6232876712328766,2,573.83,exact minute,2.4101214645452553,1.2901911943043012,0.2668654039585267,0.17565467323686956,best run,1-3 days
Robinhood-main,QQQ,2026-04-02,True,574.0,2026-04-02,,1.02,1.0,102.0,-90.0,-0.8823529411764706,0,580.762457,day VWAP,1.1644101505686757,1.1584418487110775,0.3291873110405158,0.21009359321590027,best run,0DTE
Robinhood-main,QQQ,2026-04-02,True,579.0,2026-04-02,,2.15,1.0,373.0,-369.0,-0.9892761394101877,0,580.762457,day VWAP,0.3034729567582982,0.3019174754610364,0.28606325263105165,0.40326861744568443,best run,0DTE
Robinhood-main,QQQ,2026-04-02,True,580.0,2026-03-24,2026-03-24 09:39:00-04:00,8.66,1.0,1081.0,-273.0,-0.25254394079555964,9,585.971,exact minute,1.0189924074740906,0.32399288109530144,0.2754854201220412,0.4076968883831965,best run,4-14 days
Robinhood-main,QQQ,2026-04-02,True,581.0,2026-04-02,,1.52,1.0,152.0,-147.0,-0.9671052631578947,0,580.762457,day VWAP,-0.040901920765852744,-0.040692273838979984,0.1354350966669543,0.5258212191916036,best run,0DTE
Robinhood-main,QQQ,2026-04-06,True,570.0,2026-04-02,,4.15,2.0,2057.0,-1567.0,-0.7617890131259115,4,580.762457,day VWAP,1.8531599056169776,0.8245104200152984,0.37027525186460275,0.29957126305043635,best run,4-14 days
Robinhood-main,QQQ,2026-04-07,False,570.0,2026-03-31,,5.95,2.0,1190.0,765.9999999999998,0.6436974789915964,7,571.816194,day VWAP,-0.31761849682767046,-0.114515348957686,0.14828493534874554,0.5620507475897129,best run,4-14 days
Robinhood-main,QQQ,2026-04-07,True,570.0,2026-04-01,,3.48,1.0,348.0,140.99999999999994,0.4051724137931032,6,584.59218,day VWAP,2.4961298661230784,0.8182086029995436,0.2907130938105413,0.2513925451116743,best run,4-14 days
Robinhood-main,QQQ,2026-04-08,True,603.0,2026-04-08,2026-04-08 09:45:00-04:00,1.0,1.0,191.0,114.0,0.5968586387434556,0,606.235,exact minute,0.5336214504276418,0.4004789040954185,0.15156221811201376,0.2822444644565677,best run,0DTE
Robinhood-main,QQQ,2026-04-08,True,605.0,2026-04-08,,0.9,1.0,450.0,330.0,0.7333333333333334,0,605.573681,day VWAP,0.09473347637113791,0.09859347358072276,0.10824949210233804,0.4211421269973036,best run,0DTE
Robinhood-main,QQQ,2026-04-09,True,600.0,2026-04-08,,1.12,1.0,224.00000000000003,91.99999999999997,0.4107142857142856,1,605.573681,day VWAP,0.92039683607055,0.5530433604388163,0.1699760790301788,0.23833983676349124,best run,1-3 days
Robinhood-main,QQQ,2026-04-09,True,604.0,2026-04-09,2026-04-09 09:40:00-04:00,1.19,1.0,119.0,-69.0,-0.5798319327731092,0,605.5,exact minute,0.2477291494632535,0.16458789677411945,0.12289875688857677,0.3713078791538431,best run,0DTE
Robinhood-main,QQQ,2026-04-10,True,612.0,2026-04-10,,1.69,1.0,619.0,232.0,0.3747980613893376,0,611.38687,day VWAP,-0.10028511080062211,-0.09254056427491332,0.12524961956913122,0.5701959464613944,best run,0DTE
Robinhood-main,QQQ,2026-04-13,True,606.0,2026-04-10,,1.54,1.0,154.0,46.0,0.2987012987012987,3,611.38687,day VWAP,0.8810902334229135,0.46941335853059646,0.1928180768563363,0.2734728883206309,best run,1-3 days
Robinhood-main,QQQ,2026-04-14,True,570.0,2026-04-01,,6.33,1.0,633.0,-141.0,-0.22274881516587675,13,584.59218,day VWAP,2.4961298661230784,0.5631297813490423,0.27445157140494264,0.30818059831904066,best run,4-14 days
Robinhood-main,QQQ,2026-04-14,True,608.0,2026-04-10,,2.9,1.0,290.0,21.0,0.07241379310344831,4,611.38687,day VWAP,0.5539651186817348,0.22860888318384587,0.18108276490816153,0.375617460384954,best run,4-14 days
Robinhood-main,QQQ,2026-04-14,True,620.0,2026-04-14,,0.33,2.0,580.0,-508.0,-0.8758620689655172,0,625.331668,day VWAP,0.8526144241266918,0.8148912553277755,0.1743265586572902,0.13423445092707031,best run,0DTE
Robinhood-main,QQQ,2026-04-14,True,621.0,2026-04-14,,1.11,2.0,316.0,-280.0,-0.8860759493670887,0,625.331668,day VWAP,0.6926992861010897,0.6620514207154611,0.24833977210964134,0.263069505243801,best run,0DTE
Robinhood-main,QQQ,2026-04-15,True,622.0,2026-04-14,2026-04-14 12:27:00-04:00,0.88,1.0,88.0,-7.0,-0.07954545454545459,1,626.46,exact minute,0.7119369153657116,0.38694313323325563,0.12830093982240162,0.2370048993484305,best run,1-3 days
Robinhood-main,QQQ,2026-04-15,True,627.0,2026-04-15,,0.95,1.0,255.0,-246.0,-0.9647058823529412,0,633.399608,day VWAP,1.0103586928648596,0.9464790824651672,0.28353007726329515,0.20885895686670186,best run,0DTE
Robinhood-main,QQQ,2026-04-16,True,623.0,2026-04-15,,1.03,1.0,103.0,-71.0,-0.6893203883495146,1,633.399608,day VWAP,1.6418715560682737,0.8880020937644955,0.22811697871364983,0.17119701243089525,best run,1-3 days
Robinhood-main,QQQ,2026-04-16,True,625.0,2026-04-15,,1.41,2.0,282.0,-196.0,-0.6950354609929078,1,633.399608,day VWAP,1.3261151244665665,0.7172260234040548,0.22665893163082512,0.22001130034149785,best run,1-3 days
Robinhood-main,QQQ,2026-04-16,True,628.0,2026-04-15,,0.97,1.0,97.0,-25.0,-0.25773195876288657,1,633.399608,day VWAP,0.8524804770640061,0.461061917863394,0.14970376149474202,0.22752455444995556,best run,1-3 days
Robinhood-main,QQQ,2026-04-16,True,632.0,2026-04-16,2026-04-16 09:52:00-04:00,0.58,1.0,57.99999999999999,-50.99999999999999,-0.8793103448275862,0,637.88,exact minute,0.9218034740076496,0.6197785122676843,0.1606621553627745,0.17184536699985764,best run,0DTE
Robinhood-main,QQQ,2026-04-17,True,600.0,2026-04-08,,4.4,1.0,440.00000000000006,92.99999999999994,0.2113636363636362,9,605.573681,day VWAP,0.92039683607055,0.24732850968922226,0.16458811725915626,0.36698541876636526,best run,4-14 days
Robinhood-main,QQQ,2026-04-17,True,610.0,2026-04-10,,5.25,1.0,525.0,86.0,0.16380952380952385,7,611.38687,day VWAP,0.22684000394055637,0.0631130238189551,0.16439546172285646,0.4579300601470998,best run,4-14 days
Robinhood-main,QQQ,2026-04-17,True,644.0,2026-04-17,2026-04-17 09:30:00-04:00,1.38,1.0,138.0,-128.0,-0.927536231884058,0,645.52,exact minute,0.23546907919196644,0.15915453235459018,0.12657794334269842,0.3822244829641711,best run,0DTE
Robinhood-main,QQQ,2026-04-20,True,646.0,2026-04-20,2026-04-20 09:31:00-04:00,1.24,1.0,124.0,-94.0,-0.7580645161290323,0,647.98,exact minute,0.3055649865736625,0.20614002154047575,0.12819712944052217,0.35068327302982727,best run,0DTE
Robinhood-main,QQQ,2026-04-21,True,641.0,2026-04-21,2026-04-21 09:34:00-04:00,0.42,1.0,42.0,-21.0,-0.5,0,648.34,exact minute,1.1321220347348662,0.8158611664460906,0.1607881398922,0.12819611715989243,best run,0DTE
Robinhood-main,QQQ,2026-04-22,False,654.0,2026-04-22,2026-04-22 09:36:00-04:00,0.3,1.0,30.0,26.999999999999993,0.8999999999999997,0,648.8,exact minute,0.8014796547472327,0.5752917626339208,0.11331031892616847,0.13060404473089865,best run,0DTE
Robinhood-main,QQQ,2026-04-24,True,657.0,2026-04-24,2026-04-24 09:34:00-04:00,1.36,1.0,136.0,23.0,0.1691176470588236,0,658.52,exact minute,0.2308206280750747,0.16291928605468564,0.12344634405108633,0.38110900588097996,best run,0DTE
Robinhood-main,QQQ,2026-05-08,True,708.0,2026-05-08,,0.98,1.0,132.0,0.0,0.0,0,707.699941,day VWAP,-0.0423991839784586,-0.06589676984045649,0.06528975824298956,0.5573701743448236,after,0DTE
Robinhood-main,QQQ,2026-05-14,True,715.0,2026-05-14,,0.56,1.0,56.00000000000001,-45.00000000000001,-0.8035714285714286,0,719.485066,day VWAP,0.6233716600866822,0.8893958114918221,0.16286424022223495,0.1933546555547967,after,0DTE
Robinhood-main,QQQ,2026-05-20,True,700.0,2026-05-19,,3.39,1.0,339.0,330.0,0.9734513274336283,1,701.040318,day VWAP,0.1483963152030803,0.11165149456996439,0.18032514036290245,0.45473768637614165,after,1-3 days
Robinhood-main,QQQ,2026-05-22,True,690.0,2026-05-20,,2.07,1.0,206.99999999999997,-132.99999999999997,-0.642512077294686,2,709.627396,day VWAP,2.7658734866543933,1.5962750264468764,0.30638176685793894,0.17505232457049402,after,1-3 days
Robinhood-main,QQQ,2026-06-02,True,725.0,2026-06-01,,0.73,1.0,73.0,-52.0,-0.7123287671232876,1,741.146312,day VWAP,2.1785593125908944,1.7634164754675903,0.23561117628433587,0.1110791607906032,after,1-3 days
Robinhood-main,QQQ,2026-06-02,True,737.0,2026-06-02,,1.08,1.0,108.0,-86.0,-0.7962962962962963,0,744.231877,day VWAP,0.9717236285486403,1.3695398773014493,0.2733133494081487,0.20949815215785406,after,0DTE
Robinhood-main,QQQ,2026-06-03,True,741.0,2026-06-03,,0.54,1.0,54.0,-43.0,-0.7962962962962963,0,744.50353,day VWAP,0.47058608305053373,0.6716011088110106,0.13377878636308166,0.2134369332469952,after,0DTE
Robinhood-main,QQQ,2026-06-04,True,735.0,2026-06-04,,0.34,1.0,34.0,-21.0,-0.6176470588235294,0,738.8079,day VWAP,0.5154113809557285,0.7377599414761654,0.11883851644782104,0.16383070938996425,after,0DTE
Robinhood-main,QQQ,2026-06-05,True,740.0,2026-06-04,,2.22,1.0,764.0,68.0,0.08900523560209428,1,738.8079,day VWAP,-0.16135452801736178,-0.1333464923852796,0.06819298165159228,0.6193635876458041,after,1-3 days
Robinhood-main,QQQ,2026-06-08,False,725.0,2026-06-05,,1.65,1.0,471.0,11.0,0.023354564755838636,3,715.849961,day VWAP,1.2782062580848548,1.1211610460764243,0.2224639006674345,0.23226008972995021,after,1-3 days
Robinhood-main,QQQ,2026-06-08,True,700.0,2026-06-05,,4.08,1.0,1284.0,-36.0,-0.028037383177570097,3,715.849961,day VWAP,2.2141456818491054,1.9421074440262547,0.46289068455159055,0.25952520714774385,after,1-3 days
Robinhood-main,QQQ,2026-06-08,True,705.0,2026-06-05,,2.16,1.0,216.0,50.0,0.2314814814814814,3,715.849961,day VWAP,1.5156752938623137,1.3294537460057192,0.2796020152434224,0.236136689704894,after,1-3 days
Robinhood-main,QQQ,2026-06-09,False,706.0,2026-06-09,,1.84,1.0,184.0,-120.0,-0.6521739130434783,0,703.687506,day VWAP,0.3286251326451738,0.321889715631894,0.22738425432272918,0.37491646100215625,after,0DTE
Robinhood-main,QQQ,2026-06-09,True,698.0,2026-06-09,,0.62,1.0,62.0,27.0,0.435483870967742,0,703.687506,day VWAP,0.808243140812562,0.7916775952692954,0.20064703520142305,0.18076115792910996,after,0DTE
Robinhood-main,QQQ,2026-06-09,True,699.0,2026-06-09,,0.86,1.0,86.0,-29.999999999999993,-0.34883720930232553,0,703.687506,day VWAP,0.666134606630345,0.6524816814066468,0.2043124553127269,0.22996841574711802,after,0DTE
Robinhood-main,QQQ,2026-06-09,True,700.0,2026-06-05,,2.59,1.0,259.0,-63.0,-0.2432432432432432,4,715.849961,day VWAP,2.2141456818491054,1.5043499574518273,0.2910932028312791,0.21571537291967902,after,4-14 days
Robinhood-main,QQQ,2026-06-09,True,709.0,2026-06-09,,0.23,1.0,23.0,1.0,0.04347826086956519,0,703.687506,day VWAP,-0.7549507351918247,-0.7394774572198399,,,after,0DTE
Robinhood-main,QQQ,2026-06-10,True,688.0,2026-06-09,,2.94,1.0,294.0,-133.0,-0.45238095238095233,1,703.687506,day VWAP,2.2293284826347315,1.2607232561270847,0.40169582781062846,0.22874978792706724,after,1-3 days
Robinhood-main,QQQ,2026-06-10,True,697.0,2026-06-10,,2.95,1.0,520.0,35.0,0.06730769230769229,0,700.196008,day VWAP,0.45644476167879067,0.44020045356359666,0.3514503986946746,0.38206470055035646,after,0DTE
Robinhood-main,QQQ,2026-06-10,True,698.0,2026-06-10,,1.89,1.0,497.0,160.0,0.32193158953722345,0,700.196008,day VWAP,0.3136276092565221,0.3024659880792813,0.22977845973038624,0.37751216663986575,after,0DTE
Robinhood-main,QQQ,2026-06-10,True,699.0,2026-06-10,,1.89,1.0,551.0,45.0,0.08166969147005454,0,700.196008,day VWAP,0.1708104568342535,0.16473152259496593,0.19641056674172327,0.42082648604277506,after,0DTE
Robinhood-main,QQQ,2026-06-10,True,701.0,2026-06-10,,3.39,1.0,339.0,29.0,0.08554572271386429,0,700.196008,day VWAP,-0.11482384801028368,-0.11073740837366483,0.23861414762044494,0.54088174653587,after,0DTE
Robinhood-main,QQQ,2026-06-10,True,702.0,2026-06-09,,2.91,1.0,478.0,399.0,0.8347280334728033,1,703.687506,day VWAP,0.23980900408369404,0.13561607938533857,0.1706806541644519,0.4250802237746151,after,1-3 days
Robinhood-main,QQQ,2026-06-10,True,703.0,2026-06-09,,1.92,1.0,192.0,100.0,0.5208333333333333,1,703.687506,day VWAP,0.0977004699014771,0.055251281046642425,0.10379762086464951,0.44984029223547994,after,1-3 days
Robinhood-main,QQQ,2026-06-11,False,711.0,2026-06-11,,1.6,1.0,160.0,9.0,0.05624999999999991,0,706.839388,day VWAP,0.5886219798492631,0.5467390010467036,0.2593734182255016,0.3077603658239223,after,0DTE
Robinhood-main,QQQ,2026-06-11,True,688.0,2026-06-10,,3.77,1.0,497.0,-17.0,-0.03420523138832998,1,700.196008,day VWAP,1.741799133479208,0.9698391268788662,0.39857407016705354,0.27867136433176576,after,1-3 days
Robinhood-main,QQQ,2026-06-11,True,690.0,2026-06-10,,4.12,1.0,1752.0,44.0,0.02511415525114158,1,700.196008,day VWAP,1.456164828634671,0.8107970654307488,0.3848411036908441,0.30541502629496575,after,1-3 days
Robinhood-main,QQQ,2026-06-11,True,692.0,2026-06-10,,3.82,1.0,382.0,133.0,0.3481675392670156,1,700.196008,day VWAP,1.1705305237901338,0.6517550039826315,0.3354466905439194,0.3199299069540704,after,1-3 days
Robinhood-main,QQQ,2026-06-11,True,695.0,2026-06-09,,2.95,1.0,295.0,10.0,0.03389830508474567,2,703.687506,day VWAP,1.2345687433592127,0.5407998992093946,0.2293678656244876,0.28938463079745336,after,1-3 days
Robinhood-main,QQQ,2026-06-11,True,699.0,2026-06-11,,1.7,1.0,170.0,128.0,0.7529411764705882,0,706.839388,day VWAP,1.1090762814140156,1.0301607465289944,0.3678475080202975,0.24545891279928034,after,0DTE
Robinhood-main,QQQ,2026-06-11,True,701.0,2026-06-09,,1.99,1.0,199.0,15.0,0.07537688442211055,2,703.687506,day VWAP,0.381917538265911,0.16729806850488943,0.11298440968083219,0.36480188489746035,after,1-3 days
Robinhood-main,QQQ,2026-06-11,True,702.0,2026-06-09,,1.37,1.0,137.0,65.99999999999997,0.4817518248175181,2,703.687506,day VWAP,0.23980900408369404,0.10504776338747186,0.07544826025531884,0.37325100990985416,after,1-3 days
Robinhood-main,QQQ,2026-06-11,True,710.0,2026-06-11,,1.31,1.0,246.0,-78.0,-0.31707317073170727,0,706.839388,day VWAP,-0.4471471247439899,-0.41533068874872875,,,after,0DTE
Robinhood-main,QQQ,2026-06-12,False,715.0,2026-06-10,,2.65,1.0,513.0,-56.0,-0.10916179337231968,2,700.196008,day VWAP,2.114263981922044,0.9118774320242112,0.28294962685207115,0.23321686800695907,after,1-3 days
Robinhood-main,QQQ,2026-06-12,False,717.0,2026-06-11,,1.75,1.0,175.0,-7.0,-0.040000000000000036,1,706.839388,day VWAP,1.4374711104809024,0.7708716563047224,0.24502445993327873,0.22797315857540973,after,1-3 days
Robinhood-main,QQQ,2026-06-12,False,720.0,2026-06-10,,1.03,1.0,103.0,-24.0,-0.23300970873786409,2,700.196008,day VWAP,2.828349744033387,1.219861059691739,0.24077247126224252,0.12486073322287283,after,1-3 days
Robinhood-main,QQQ,2026-06-12,False,723.0,2026-06-12,,1.19,1.0,370.0,78.0,0.21081081081081088,0,719.340011,day VWAP,0.5087981961287005,0.42619720395515664,0.20472474744693941,0.29048457370922326,after,0DTE
Robinhood-main,QQQ,2026-06-12,False,724.0,2026-06-12,,0.95,1.0,95.0,17.999999999999986,0.18947368421052624,0,719.340011,day VWAP,0.64781451451892,0.5426448774195187,0.2069978912719265,0.2433050121122839,after,0DTE
Robinhood-main,QQQ,2026-06-12,False,725.0,2026-06-12,,1.62,1.0,331.0,23.0,0.06948640483383683,0,719.340011,day VWAP,0.7868308329091396,0.6590925508838809,0.29594227871339723,0.27828077063391954,after,0DTE
Robinhood-main,QQQ,2026-06-12,True,682.0,2026-06-11,,3.26,1.0,326.0,-86.0,-0.2638036809815951,1,706.839388,day VWAP,3.514148818203661,1.8845302004599338,0.5486521318487058,0.19316469435535955,after,1-3 days
Robinhood-main,QQQ,2026-06-12,True,685.0,2026-06-11,,3.53,1.0,353.0,6.0,0.016997167138810276,1,706.839388,day VWAP,3.089724252887841,1.6569243270229632,0.5243395219278064,0.21300341404760026,after,1-3 days
Robinhood-main,QQQ,2026-06-12,True,686.0,2026-06-11,,2.91,1.0,291.0,-105.0,-0.3608247422680413,1,706.839388,day VWAP,2.9482493977825674,1.5810557025439729,0.47052124729846806,0.19974850431407398,after,1-3 days
Robinhood-main,QQQ,2026-06-12,True,688.0,2026-06-09,,3.05,1.0,305.0,-10.0,-0.032786885245901676,3,703.687506,day VWAP,2.2293284826347315,0.8253371073705094,0.26733432240422467,0.23228094849194503,after,1-3 days
Robinhood-main,QQQ,2026-06-12,True,700.0,2026-06-12,,0.96,1.0,96.0,4.0,0.04166666666666674,0,719.340011,day VWAP,2.688577126846348,2.2520992857251714,0.5188871350973664,0.11688416214171138,after,0DTE
Robinhood-main,QQQ,2026-06-12,True,718.0,2026-06-12,,0.53,1.0,53.0,-33.0,-0.6226415094339622,0,719.340011,day VWAP,0.186283395822397,0.15604116336665377,0.08371011777706716,0.307862721816748,after,0DTE
Robinhood-main,QQQ,2026-06-15,False,742.0,2026-06-15,,1.27,1.0,127.0,-13.000000000000014,-0.1023622047244096,0,742.098512,day VWAP,-0.01327478743146003,-0.011135534045838445,0.09252476441335807,0.5136700304629689,after,0DTE
Robinhood-main,QQQ,2026-06-15,True,700.0,2026-06-12,,2.64,1.0,687.0,-75.0,-0.10917030567685593,3,719.340011,day VWAP,2.688577126846348,1.3002501288551915,0.4245930754025874,0.19812116100515653,after,1-3 days
Robinhood-main,QQQ,2026-06-15,True,701.0,2026-06-12,,2.08,1.0,208.0,9.0,0.04326923076923084,3,719.340011,day VWAP,2.5495608084561283,1.2330190332340365,0.3742295245267266,0.1816931734709759,after,1-3 days
Robinhood-main,QQQ,2026-06-15,True,742.0,2026-06-15,,1.21,1.0,121.0,-96.0,-0.7933884297520661,0,742.098512,day VWAP,0.01327478743146003,0.011135534045838445,0.09544958136892404,0.4866975471616094,after,0DTE
Robinhood-main,QQQ,2026-06-16,True,730.0,2026-06-15,,1.05,1.0,571.0,-28.0,-0.04903677758318736,1,742.098512,day VWAP,1.6303107746967194,0.7895747401226958,0.21608742721578889,0.16003906127079826,after,1-3 days
Robinhood-main,QQQ,2026-06-16,True,733.0,2026-06-16,,1.08,1.0,108.0,16.0,0.14814814814814814,0,735.70808,day VWAP,0.36809164852450654,0.2927035349204854,0.16633162966034884,0.30803143196608906,after,0DTE
Robinhood-main,QQQ,2026-06-17,False,751.0,2026-06-15,,1.84,1.0,184.0,-4.0,-0.021739130434782594,2,742.098512,day VWAP,1.1995022030174844,0.4499865389798972,0.17199990581117164,0.2459035128708359,after,1-3 days
Robinhood-main,QQQ,2026-06-17,True,723.0,2026-06-16,,1.45,1.0,212.0,68.0,0.320754716981132,1,735.70808,day VWAP,1.7273264145746499,0.7930230128131908,0.2530580156271145,0.18347041340265968,after,1-3 days
Robinhood-main,QQQ,2026-06-17,True,724.0,2026-06-15,,1.77,1.0,346.0,-61.0,-0.17630057803468213,2,742.098512,day VWAP,2.4388287683293495,0.9149129646151495,0.2623319626230125,0.16902663845183175,after,1-3 days
Robinhood-main,QQQ,2026-06-17,True,725.0,2026-06-16,,2.41,1.0,241.0,21.0,0.08713692946058083,1,735.70808,day VWAP,1.4554794613646211,0.6682169031863721,0.2840873394822157,0.24828348268409228,after,1-3 days
Robinhood-main,QQQ,2026-06-18,False,739.0,2026-06-18,,1.41,1.0,141.0,25.0,0.17730496453900702,0,738.142373,day VWAP,0.11618720606898143,0.08886081732839146,0.1376320612995777,0.42608742265885735,after,0DTE
Robinhood-main,QQQ,2026-06-18,False,741.0,2026-06-18,,0.84,1.0,170.0,-22.0,-0.12941176470588234,0,738.142373,day VWAP,0.3871376450569895,0.29608567691978394,0.14792062276140838,0.27990263686212885,after,0DTE
Robinhood-main,QQQ,2026-06-18,False,742.0,2026-06-18,,0.8,1.0,80.0,-11.0,-0.13749999999999996,0,738.142373,day VWAP,0.5226128645509935,0.3996981067154802,0.16838075740927796,0.24471144356048358,after,0DTE
Robinhood-main,QQQ,2026-06-18,True,710.0,2026-06-16,,1.7,1.0,170.0,-59.999999999999986,-0.3529411764705882,2,735.70808,day VWAP,3.494331610439836,1.2426565636734315,0.33070345920874306,0.1364733623299037,after,1-3 days
Robinhood-main,QQQ,2026-06-18,True,715.0,2026-06-16,,1.84,1.0,360.0,17.0,0.047222222222222276,2,735.70808,day VWAP,2.8147142274147643,1.0009705716286283,0.29314946465696723,0.16049569234901773,after,1-3 days
Robinhood-main,QQQ,2026-06-18,True,729.0,2026-06-18,,0.78,1.0,78.0,100.0,1.282051282051282,0,738.142373,day VWAP,1.238564988871059,0.947263480628571,0.2820861155333098,0.15910208722342312,after,0DTE
Robinhood-main,QQQ,2026-06-18,True,730.0,2026-06-18,,1.31,1.0,217.0,-167.0,-0.7695852534562212,0,738.142373,day VWAP,1.103089769377055,0.8436510508328747,0.32032455779366015,0.21636453585709403,after,0DTE
Robinhood-main,QQQ,2026-06-18,True,732.0,2026-06-18,,0.89,1.0,89.0,-54.0,-0.6067415730337078,0,738.142373,day VWAP,0.8321393303890469,0.6364261912414823,0.2309887130228716,0.20688136282550562,after,0DTE
Robinhood-main,QQQ,2026-06-18,True,739.0,2026-06-18,,0.66,1.0,226.0,-39.0,-0.17256637168141598,0,738.142373,day VWAP,-0.11618720606898143,-0.08886081732839146,,,after,0DTE
Robinhood-main,QQQ,2026-06-18,True,740.0,2026-06-18,,0.97,1.0,97.0,-5.0,-0.05154639175257736,0,738.142373,day VWAP,-0.25166242556298546,-0.19247324712408767,,,after,0DTE
Robinhood-main,QQQ,2026-06-22,False,737.0,2026-06-22,,1.4,2.0,280.0,-98.0,-0.35,0,738.514516,day VWAP,-0.2050759960959194,-0.1531741808795176,,,after,0DTE
Robinhood-main,QQQ,2026-06-22,False,738.0,2026-06-22,,0.59,1.0,249.0,-79.0,-0.31726907630522083,0,738.514516,day VWAP,-0.06966904358044572,-0.05203680043618001,0.019360645559326078,0.7906190847446393,after,0DTE
Robinhood-main,QQQ,2026-06-22,False,749.0,2026-06-18,,0.9,1.0,90.0,6.0,0.06666666666666665,4,738.142373,day VWAP,1.4709394010090218,0.5031086382906977,0.14634580005341874,0.15999302165869667,after,4-14 days
Robinhood-main,QQQ,2026-06-22,True,708.0,2026-06-15,,1.73,1.0,173.0,3.0,0.01734104046242768,7,742.098512,day VWAP,4.594876751349695,1.162146821635254,0.27176817536294806,0.11670025444692245,after,4-14 days
Robinhood-main,QQQ,2026-06-22,True,715.0,2026-06-18,,1.11,1.0,111.00000000000001,-38.000000000000014,-0.3423423423423424,4,738.142373,day VWAP,3.135218061787116,1.0723455288015922,0.2685009953786625,0.11420229613676691,after,4-14 days
Robinhood-main,QQQ,2026-06-22,True,716.0,2026-06-18,,1.74,1.0,174.0,-46.0,-0.26436781609195403,4,738.142373,day VWAP,2.999742842293111,1.0260086415341716,0.29975050594965286,0.15032333109500073,after,4-14 days
Robinhood-main,QQQ,2026-06-22,True,723.0,2026-06-18,,1.29,1.0,129.0,-29.0,-0.22480620155038755,4,738.142373,day VWAP,2.051416305835083,0.7016504306622298,0.20970754125076527,0.1579811496453143,after,4-14 days
Robinhood-main,QQQ,2026-06-22,True,735.0,2026-06-22,,0.83,1.0,83.0,-37.0,-0.4457831325301205,0,738.514516,day VWAP,0.4758899011268667,0.3554489417661928,0.16380181653159448,0.2554495121036755,after,0DTE
Robinhood-main,QQQ,2026-06-22,True,736.0,2026-06-22,,0.92,2.0,184.0,0.0,0.0,0,738.514516,day VWAP,0.340482948611393,0.25431156132285515,0.14663555963980507,0.29964020041132033,after,0DTE
Robinhood-main,QQQ,2026-06-22,True,737.0,2026-06-22,,0.93,2.0,384.0,92.0,0.23958333333333326,0,738.514516,day VWAP,0.2050759960959194,0.1531741808795176,0.11994112363270994,0.349409263948114,after,0DTE
Robinhood-main,QQQ,2026-06-23,False,723.0,2026-06-23,,2.77,1.0,277.0,-45.00000000000003,-0.16245487364620947,0,716.963757,day VWAP,0.8419174527395271,0.6275175144989608,0.40993898600541095,0.32635216939160105,after,0DTE
Robinhood-main,QQQ,2026-06-23,True,734.0,2026-06-22,,3.42,1.0,342.0,-90.0,-0.26315789473684215,1,738.514516,day VWAP,0.6112968536423403,0.2636102360359735,0.23733722607998556,0.3654148645133203,after,1-3 days
Robinhood-main,QQQ,2026-06-24,True,700.0,2026-06-15,,1.83,1.0,183.0,2.0,0.010928961748633892,9,742.098512,day VWAP,5.672900742859868,1.228691998243312,0.2763453573096572,0.10585893191425255,after,4-14 days
Robinhood-main,QQQ,2026-06-24,True,706.0,2026-06-24,,0.84,1.0,84.0,11.0,0.13095238095238093,0,711.969196,day VWAP,0.8384064975754949,0.5780455284814868,0.230016082147042,0.20415512132434088,after,0DTE
Robinhood-main,QQQ,2026-06-24,True,715.0,2026-06-24,,1.46,1.0,146.0,101.00000000000003,0.6917808219178083,0,711.969196,day VWAP,-0.42569313630810357,-0.293497264942179,,,after,0DTE
Robinhood-main,QQQ,2026-06-24,True,725.0,2026-06-22,,2.9,1.0,290.0,-31.0,-0.10689655172413792,2,738.514516,day VWAP,1.8299594262816032,0.6112617147390355,0.2710683510760756,0.24272484296793906,after,1-3 days
Robinhood-main,QQQ,2026-06-25,True,695.0,2026-06-24,,2.9,1.0,290.0,17.0,0.05862068965517242,1,711.969196,day VWAP,2.383417161211004,0.9487392003979516,0.4127520020007723,0.2196308200281254,after,1-3 days
Robinhood-main,QQQ,2026-06-25,True,700.0,2026-06-23,,2.73,2.0,1516.0,226.0,0.14907651715039583,2,716.963757,day VWAP,2.3660550250101395,0.7886715553068248,0.3092917636346864,0.21398204088017492,after,1-3 days
Robinhood-main,QQQ,2026-06-25,True,703.0,2026-06-24,,2.13,1.0,213.0,83.0,0.3896713615023475,1,711.969196,day VWAP,1.259773042203361,0.5014632302704566,0.25201088262971766,0.2540603726074634,after,1-3 days
Robinhood-main,QQQ,2026-06-25,True,705.0,2026-06-23,,4.19,1.0,419.00000000000006,-1.0000000000000568,-0.0023866348448688957,2,716.963757,day VWAP,1.668669703760212,0.5562137467839765,0.31592757257546233,0.2909891257088797,after,1-3 days
Robinhood-main,QQQ,2026-06-25,True,714.0,2026-06-25,,2.62,1.0,480.0,121.0,0.25208333333333344,0,714.562193,day VWAP,0.07867656664561026,0.0553902319445099,0.2278751192348684,0.46707813531997733,after,0DTE
Robinhood-main,QQQ,2026-06-25,True,720.0,2026-06-22,,2.41,1.0,559.0,910.0,1.6279069767441858,3,738.514516,day VWAP,2.5069941888589713,0.7077421224683437,0.25407649378493524,0.19409756094699426,after,1-3 days
Robinhood-main,QQQ,2026-06-26,False,716.0,2026-06-26,,0.99,1.0,99.0,-7.0,-0.07070707070707072,0,710.164522,day VWAP,0.8217079027780504,0.5753304820849455,0.24175349026759024,0.2252565196344367,after,0DTE
Robinhood-main,QQQ,2026-06-26,False,717.0,2026-06-26,,0.35,1.0,35.0,-10.0,-0.2857142857142857,0,710.164522,day VWAP,0.9625203439830476,0.6739223167358428,0.18404713354528504,0.12213859734859334,after,0DTE
Robinhood-main,QQQ,2026-06-26,False,720.0,2026-06-26,,0.1,1.0,10.0,-4.0,-0.4,0,710.164522,day VWAP,1.3849576675980395,0.9696978206885346,0.17966737770062197,0.04320306413147993,after,0DTE
Robinhood-main,QQQ,2026-06-26,True,690.0,2026-06-23,,3.59,1.0,694.0,-201.0,-0.2896253602305475,3,716.963757,day VWAP,3.760825667509995,1.0594745323868235,0.38709181846563046,0.1940393699266767,after,1-3 days
Robinhood-main,QQQ,2026-06-26,True,698.0,2026-06-24,,3.16,1.0,316.0,15.0,0.04746835443037978,2,711.969196,day VWAP,1.962050616583138,0.6049682958473899,0.29812739313871967,0.24756653390785632,after,1-3 days
Robinhood-main,QQQ,2026-06-26,True,704.0,2026-06-25,,2.2,1.0,518.0,-124.0,-0.23938223938223935,1,714.562193,day VWAP,1.4781348780371284,0.6008156291600752,0.27833630545109816,0.24065149912448702,after,1-3 days
Robinhood-main,QQQ,2026-06-26,True,705.0,2026-06-26,,0.25,1.0,113.0,-9.0,-0.07964601769911506,0,710.164522,day VWAP,0.7272289504769196,0.5091796990749247,0.13793482409750202,0.11682337436776491,after,0DTE
Robinhood-main,QQQ,2026-06-26,True,708.0,2026-06-26,,1.59,1.0,350.0,-16.0,-0.04571428571428571,0,710.164522,day VWAP,0.30479162686192784,0.21340419512223283,0.20046459777480133,0.364550828127028,after,0DTE
Robinhood-main,QQQ,2026-06-26,True,709.0,2026-06-26,,1.45,1.0,145.0,-74.0,-0.5103448275862069,0,710.164522,day VWAP,0.16397918565693057,0.11481236047133553,0.15686234248259948,0.4057965971229983,after,0DTE
Robinhood-main,QQQ,2026-06-26,True,711.0,2026-06-26,,1.7,1.0,320.0,-16.0,-0.050000000000000044,0,710.164522,day VWAP,-0.11764569675306398,-0.08237130883045904,0.09801559898641544,0.6053115238242499,after,0DTE
Robinhood-main,QQQ,2026-06-29,False,724.0,2026-06-29,,0.3,1.0,30.0,7.0,0.2333333333333334,0,717.696496,day VWAP,0.8782966107723585,0.6127193317836663,0.16443922252476523,0.11698576041428987,after,0DTE
Robinhood-main,QQQ,2026-06-29,False,727.0,2026-06-29,,0.19,1.0,19.0,-3.0,-0.1578947368421053,0,717.696496,day VWAP,1.2963006022534593,0.904328252052616,0.19471500792639687,0.06935028703868674,after,0DTE
Robinhood-main,QQQ,2026-06-29,True,714.0,2026-06-29,,0.46,1.0,46.0,-11.0,-0.23913043478260865,0,717.696496,day VWAP,0.515050027497978,0.35931040244616635,0.13431809927873298,0.19322552127457637,after,0DTE
Robinhood-main,QQQ,2026-06-30,False,740.0,2026-06-30,,0.14,1.0,14.000000000000002,1.9999999999999982,0.1428571428571428,0,734.085969,day VWAP,0.8056319354606848,0.5399480934069568,0.12554289947076255,0.07605959719804693,after,0DTE
Robinhood-main,QQQ,2026-06-30,True,721.0,2026-06-30,,0.23,1.0,23.0,-8.999999999999998,-0.3913043478260869,0,734.085969,day VWAP,1.782620776395738,1.1947424712404284,0.26292644351951855,0.06157635610203849,after,0DTE
Robinhood-main,QQQ,2026-06-30,True,723.0,2026-06-30,,0.14,1.0,14.000000000000002,-3.0000000000000018,-0.2142857142857144,0,734.085969,day VWAP,1.5101731225161146,1.0121434644354403,0.20747047161257146,0.04934763667830944,after,0DTE
Robinhood-main,QQQ,2026-07-01,False,734.0,2026-07-01,,0.25,1.0,25.0,-10.0,-0.4,0,728.079447,day VWAP,0.8131740326409792,0.5366891188420276,0.14718775971264048,0.10897321898852091,after,0DTE
Robinhood-main,QQQ,2026-07-01,True,722.0,2026-07-01,,0.21,1.0,21.0,-10.0,-0.47619047619047616,0,728.079447,day VWAP,0.8349977499090095,0.551092618118065,0.1442710400100825,0.09543596089143347,after,0DTE
Robinhood-main,QQQ,2026-07-01,True,724.0,2026-07-01,,0.27,1.0,27.0,7.0,0.2592592592592593,0,728.079447,day VWAP,0.5603024528173448,0.36979566195804964,0.11684876571042901,0.13959768432507424,after,0DTE
Robinhood-main,QQQ,2026-07-06,True,722.0,2026-07-06,,0.27,1.0,27.0,-18.0,-0.6666666666666667,0,723.223481,day VWAP,0.16917053056799083,0.10903646619374284,0.05628739016288169,0.24934474266857887,after,0DTE
Robinhood-main,QQQ,2026-07-07,True,701.0,2026-07-07,,0.48,1.0,48.0,23.0,0.47916666666666674,0,709.922753,day VWAP,1.2568625195197742,0.799504289019004,0.2466505628745333,0.12369136197807662,after,0DTE
Robinhood-main,QQQ,2026-07-08,False,712.0,2026-07-08,,0.91,1.0,91.0,-18.0,-0.19780219780219777,0,707.389881,day VWAP,0.6517083610926087,0.46864298906003005,0.20519040710243566,0.24004658537687618,after,0DTE
Robinhood-main,QQQ,2026-07-08,True,699.0,2026-07-08,,0.7,1.0,70.0,-6.0,-0.08571428571428574,0,707.389881,day VWAP,1.1860335050509363,0.8528757955484192,0.26796597003357026,0.15731468883330824,after,0DTE
Robinhood-main,QQQ,2026-07-08,True,701.0,2026-07-08,,1.08,1.0,223.0,35.0,0.15695067264573992,0,707.389881,day VWAP,0.9033039871826986,0.6495652133009654,0.2676277950472293,0.2214992220934946,after,0DTE
Robinhood-main,QQQ,2026-07-08,True,702.0,2026-07-08,,1.17,1.0,229.0,-30.0,-0.13100436681222705,0,707.389881,day VWAP,0.7619392282485797,0.5479099221772386,0.25235941719880134,0.2463443693627696,after,0DTE
Robinhood-main,QQQ,2026-07-09,False,721.0,2026-07-09,,1.62,1.0,162.0,11.0,0.06790123456790131,0,721.230946,day VWAP,-0.03202108856821254,-0.02339912704492621,0.11717120849655534,0.5255036112515736,after,0DTE
Robinhood-main,QQQ,2026-07-09,True,698.0,2026-07-08,,2.42,1.0,242.0,-43.0,-0.1776859504132231,1,707.389881,day VWAP,1.327398263985055,0.5510987798400294,0.27641573148629295,0.26197621154031303,after,1-3 days
Robinhood-main,QQQ,2026-07-09,True,706.0,2026-07-09,,0.21,1.0,21.0,-5.0,-0.23809523809523814,0,721.230946,day VWAP,2.1117987358240753,1.5431782341689602,0.2962370718352617,0.0521732328491914,after,0DTE
Robinhood-main,QQQ,2026-07-09,True,721.0,2026-07-09,,0.2,1.0,20.0,5.0,0.25,0,721.230946,day VWAP,0.03202108856821254,0.02339912704492621,0.023528235317050495,0.3797609519650983,after,0DTE
Robinhood-main,QQQ,2026-07-09,True,724.0,2026-07-09,,0.91,1.0,91.0,86.0,0.945054945054945,0,721.230946,day VWAP,-0.3839344408829599,-0.2805566943798805,,,after,0DTE
Robinhood-main,QQQ,2026-07-10,False,726.0,2026-07-09,,2.01,1.0,200.99999999999997,1.0000000000000284,0.004975124378109541,1,721.230946,day VWAP,0.6612381271837416,0.2789721332374196,0.1770991252426126,0.31720805767701715,after,1-3 days
Robinhood-main,QQQ,2026-07-10,False,729.0,2026-07-09,,1.3,1.0,130.0,2.0,0.01538461538461533,1,721.230946,day VWAP,1.077193656634914,0.4544611085587855,0.1816618574406528,0.22438882687079947,after,1-3 days
Robinhood-main,QQQ,2026-07-10,False,730.0,2026-07-09,,1.11,1.0,111.00000000000001,-10.000000000000014,-0.09009009009009017,1,721.230946,day VWAP,1.215845499785305,0.5129574336659075,0.1827040100701136,0.19757864392256974,after,1-3 days
Robinhood-main,QQQ,2026-07-10,True,711.0,2026-07-09,,2.5,1.0,250.0,-98.0,-0.392,1,721.230946,day VWAP,1.418539520072121,0.5984727433694104,0.28793896652137707,0.25648152796955703,after,1-3 days
Robinhood-main,QQQ,2026-07-10,True,714.0,2026-07-09,,1.71,1.0,171.0,-48.0,-0.2807017543859649,1,721.230946,day VWAP,1.0025839906209484,0.4229837680480444,0.1998975348969938,0.2542825221671715,after,1-3 days
Robinhood-main,QQQ,2026-07-10,True,718.0,2026-07-09,,2.05,1.0,398.0,-17.0,-0.042713567839196,1,721.230946,day VWAP,0.447976618019385,0.18899846761955635,0.15465652963225449,0.35113778572161813,after,1-3 days
Robinhood-main,QQQ,2026-07-10,True,721.0,2026-07-10,,0.2,1.0,149.0,-101.0,-0.6778523489932886,0,723.478122,day VWAP,0.34252894795897987,0.24826294241005434,0.07619447550325345,0.15561204382807992,after,0DTE
Robinhood-main,QQQ,2026-07-10,True,722.0,2026-07-10,,2.81,1.0,584.0,3.0,0.005136986301369939,0,723.478122,day VWAP,0.20430776758166916,0.14808105370156627,0.27245669147261026,0.430702377754031,after,0DTE
Robinhood-main,QQQ,2026-07-10,True,723.0,2026-07-10,,1.98,1.0,406.0,97.0,0.23891625615763545,0,723.478122,day VWAP,0.06608658720435845,0.04789916499307821,0.17202085450672022,0.46410092858376095,after,0DTE
Robinhood-main,QQQ,2026-07-10,True,724.0,2026-07-10,,0.67,1.0,129.0,-14.0,-0.10852713178294571,0,723.478122,day VWAP,-0.07213459317295225,-0.052282723715409846,0.027109857193946228,0.7245909473785,after,0DTE
Robinhood-main,QQQ,2026-07-10,True,725.0,2026-07-10,,1.25,1.0,357.0,-56.0,-0.1568627450980392,0,723.478122,day VWAP,-0.21035577355026294,-0.15246461242389792,,,after,0DTE
Robinhood-main,QQQ,2026-07-13,False,716.0,2026-07-13,,0.47,1.0,47.0,12.0,0.25531914893617014,0,713.970691,day VWAP,0.2842286140846658,0.213122991913608,0.09655802392639184,0.25534951007899204,after,0DTE
Robinhood-main,QQQ,2026-07-13,False,722.0,2026-07-13,,0.23,1.0,23.0,-4.0,-0.17391304347826086,0,713.970691,day VWAP,1.1245992449289508,0.8432576591730744,0.1833587648791176,0.08610140744592437,after,0DTE
Robinhood-main,QQQ,2026-07-13,True,708.0,2026-07-13,,0.67,1.0,67.0,24.0,0.3582089552238805,0,713.970691,day VWAP,0.8362655603743807,0.6270565644323471,0.20991403946034967,0.18331406523318017,after,0DTE
Robinhood-main,QQQ,2026-07-13,True,711.0,2026-07-13,,0.36,1.0,312.0,77.0,0.2467948717948718,0,713.970691,day VWAP,0.4160802449522383,0.311989230802614,0.1073561552585856,0.1909778118842309,after,0DTE
Robinhood-main,QQQ,2026-07-13,True,712.0,2026-07-13,,0.86,1.0,86.0,-62.0,-0.7209302325581395,0,713.970691,day VWAP,0.2760184731448574,0.20696678625936954,0.1312457975665987,0.31713948498015965,after,0DTE
Robinhood-main,QQQ,2026-07-13,True,715.0,2026-07-10,,2.62,1.0,262.0,-77.0,-0.29389312977099236,3,723.478122,day VWAP,1.1718560302228442,0.49037491911287784,0.26733721367710755,0.2803417892581417,after,1-3 days
Robinhood-main,QQQ,2026-07-14,False,727.0,2026-07-14,,0.1,1.0,10.0,-2.0,-0.19999999999999996,0,719.497482,day VWAP,1.0427441634882622,0.8216551501348687,0.14298069996207702,0.05201838811168135,after,0DTE
Robinhood-main,QQQ,2026-07-14,True,694.0,2026-07-13,,0.63,1.0,134.0,3.0,0.02238805970149249,1,713.970691,day VWAP,2.7971303656777122,1.2109175890640633,0.27522465839791965,0.08904216864736725,after,1-3 days
Robinhood-main,QQQ,2026-07-14,True,709.0,2026-07-14,,0.41,1.0,93.0,-31.0,-0.33333333333333337,0,719.497482,day VWAP,1.4590019093353812,1.1496553755349954,0.2613995287817668,0.10238170749599518,after,0DTE
Robinhood-main,QQQ,2026-07-16,False,716.0,2026-07-16,,0.21,1.0,21.0,-1.0,-0.04761904761904767,0,707.908264,day VWAP,1.1430486704983527,0.9773214898981069,0.18186828756183224,0.08091649731968731,after,0DTE
Robinhood-main,QQQ,2026-07-16,False,717.0,2026-07-16,,0.33,1.0,33.0,-19.0,-0.5757575757575757,0,707.908264,day VWAP,1.2843099116582666,1.0981016895855547,0.22249301991414208,0.09980116988758525,after,0DTE
Robinhood-main,QQQ,2026-07-16,True,700.0,2026-07-16,,0.21,1.0,21.0,-11.0,-0.5238095238095238,0,707.908264,day VWAP,1.1171311880602697,0.9551617051010588,0.1807378072874838,0.08083844747923574,after,0DTE
Robinhood-main,QQQ,2026-07-17,False,698.0,2026-07-17,,1.03,1.0,103.0,26.0,0.2524271844660195,0,695.695044,day VWAP,0.3313170073409273,0.28560707846200717,0.15923812424802494,0.3217597330739,after,0DTE
Robinhood-main,QQQ,2026-07-17,False,699.0,2026-07-17,,1.23,1.0,123.0,55.0,0.44715447154471555,0,695.695044,day VWAP,0.4750581491852553,0.4095170700028495,0.2056808178747588,0.30407547504867544,after,0DTE
Robinhood-main,QQQ,2026-07-17,False,701.0,2026-07-17,,1.28,1.0,268.0,-27.0,-0.10074626865671643,0,695.695044,day VWAP,0.7625404328739112,0.6573370530845339,0.2635529487058335,0.26069224084753917,after,0DTE
Robinhood-main,QQQ,2026-07-17,False,702.0,2026-07-17,,0.89,1.0,89.0,-17.0,-0.1910112359550562,0,695.695044,day VWAP,0.9062815747182392,0.7812470446253763,0.24678550843174968,0.20747043502244727,after,0DTE
Robinhood-main,QQQ,2026-07-17,False,706.0,2026-07-17,,0.29,1.0,28.999999999999996,-17.999999999999996,-0.6206896551724137,0,695.695044,day VWAP,1.4812461420955512,1.2768870107887456,0.2400130364511382,0.08534392263099361,after,0DTE
Robinhood-main,QQQ,2026-07-17,False,707.0,2026-07-17,,0.13,1.0,13.0,3.0,0.23076923076923084,0,695.695044,day VWAP,1.6249872839398791,1.400797002329588,0.21567453891382066,0.04715592178578525,after,0DTE
Robinhood-main,QQQ,2026-07-17,False,708.0,2026-07-17,,0.15,1.0,28.0,1.0,0.03571428571428581,0,695.695044,day VWAP,1.768728425784207,1.52470699387043,0.23732266257568183,0.04914012216083644,after,0DTE
Robinhood-main,QQQ,2026-07-17,True,682.0,2026-07-17,,1.53,1.0,153.0,-108.0,-0.7058823529411764,0,695.695044,day VWAP,1.9685412621683205,1.6969527861914695,0.4961441914901292,0.18123305663494071,after,0DTE
Robinhood-main,QQQ,2026-07-17,True,684.0,2026-07-17,,1.74,1.0,288.0,89.0,0.3090277777777777,0,695.695044,day VWAP,1.6810589784796646,1.449132803109785,0.47379648848695427,0.2078622362126037,after,0DTE
Robinhood-main,QQQ,2026-07-17,True,688.0,2026-07-17,,0.14,1.0,14.000000000000002,-3.0000000000000018,-0.2142857142857144,0,695.695044,day VWAP,1.1060944111023525,0.9534928369464157,0.16382884006487583,0.06328021099317105,after,0DTE
Robinhood-main,QQQ,2026-07-17,True,689.0,2026-07-17,,0.65,1.0,65.0,19.0,0.2923076923076924,0,695.695044,day VWAP,0.9623532692580246,0.8295828454055735,0.2291290762457052,0.17040194612121995,after,0DTE
Robinhood-main,QQQ,2026-07-17,True,690.0,2026-07-17,,0.81,1.0,81.0,-64.0,-0.7901234567901234,0,695.695044,day VWAP,0.8186121274136966,0.7056728538647312,0.22549381441544142,0.20514637265299396,after,0DTE
Robinhood-main,QQQ,2026-07-17,True,691.0,2026-07-17,,1.24,1.0,344.0,-65.0,-0.18895348837209303,0,695.695044,day VWAP,0.6748709855693685,0.5817628623238889,0.24556348629386346,0.2661358171351502,after,0DTE
Robinhood-main,QQQ,2026-07-17,True,692.0,2026-07-17,,0.1,1.0,10.0,-2.0,-0.19999999999999996,0,695.695044,day VWAP,0.5311298437250406,0.45785287078304654,0.08607314599753332,0.08212435519830907,after,0DTE
Robinhood-main,QQQ,2026-07-17,True,693.0,2026-07-17,,0.18,1.0,18.0,-5.0,-0.2777777777777778,0,695.695044,day VWAP,0.3873887018807126,0.3339428792422043,0.0809781392098375,0.1405470542477889,after,0DTE
Robinhood-main,QQQ,2026-07-21,True,690.0,2026-07-20,,1.49,1.0,149.0,14.0,0.09395973154362425,1,700.29752,day VWAP,1.4704493027477756,0.7241678916805733,0.2362895348537221,0.2056215812961455,after,1-3 days
Robinhood-main,QQQ,2026-07-21,True,694.0,2026-07-20,,2.99,1.0,299.0,3.0,0.010033444816053505,1,700.29752,day VWAP,0.8992635016042843,0.44286991248535884,0.26018465479367325,0.3227421004798847,after,1-3 days
Robinhood-main,QQQ,2026-07-21,True,695.0,2026-07-20,,2.74,1.0,539.0,81.0,0.15027829313543606,1,700.29752,day VWAP,0.7564670513184115,0.37254541768655525,0.23023705482767476,0.33128667231393605,after,1-3 days
Robinhood-main,QQQ,2026-07-21,True,697.0,2026-07-20,,3.6,1.0,360.0,-19.0,-0.05277777777777781,1,700.29752,day VWAP,0.47087415074666594,0.23189642808894814,0.2362106686088763,0.3943100522487387,after,1-3 days
Robinhood-main,QQQ,2026-07-22,False,709.0,2026-07-22,,1.71,1.0,171.0,9.0,0.05263157894736836,0,707.10994,day VWAP,0.26729365450582526,0.23469981044084723,0.20219464331668457,0.385188962060302,after,0DTE
Robinhood-main,QQQ,2026-07-22,True,705.0,2026-07-22,,1.28,1.0,128.0,35.0,0.2734375,0,707.10994,day VWAP,0.29838924340393963,0.26200359673321844,0.17329548750940033,0.3479014410536213,after,0DTE
Robinhood-main,QQQ,2026-07-23,False,693.0,2026-07-23,,1.73,1.0,519.0,-98.0,-0.18882466281310217,0,692.490422,day VWAP,0.07358628853353776,0.07256971298797245,0.16038073264722935,0.4604121069812613,after,0DTE
Robinhood-main,QQQ,2026-07-23,False,694.0,2026-07-23,,2.09,1.0,1012.0,-37.0,-0.0365612648221344,0,692.490422,day VWAP,0.21799261795422106,0.21498110631336662,0.22564971837501496,0.4162018666394839,after,0DTE
Robinhood-main,QQQ,2026-07-23,False,695.0,2026-07-23,,0.89,2.0,178.0,-4.0,-0.022471910112359605,0,692.490422,day VWAP,0.36239894737490436,0.3573924996387608,0.15289802218143117,0.2988393836819345,after,0DTE
Robinhood-main,QQQ,2026-07-23,False,697.0,2026-07-23,,0.41,1.0,41.0,-4.0,-0.09756097560975607,0,692.490422,day VWAP,0.6512116062162709,0.642215286289549,0.1502330074813989,0.16686406667621106,after,0DTE
Robinhood-main,QQQ,2026-07-23,True,687.0,2026-07-23,,0.38,1.0,38.0,8.0,0.21052631578947367,0,692.490422,day VWAP,0.792851687990562,0.7818986469643926,0.1679463694518966,0.1428064495426793,after,0DTE
Robinhood-main,QQQ,2026-07-23,True,692.0,2026-07-22,,0.85,1.0,806.0,-222.0,-0.2754342431761787,1,707.10994,day VWAP,2.1368586616106753,1.0832763460804649,0.2464949451165146,0.1260392674829226,after,1-3 days
Robinhood-main,QQQ,2026-07-23,True,693.0,2026-07-23,,1.85,1.0,474.0,3.0,0.006329113924050667,0,692.490422,day VWAP,-0.07358628853353776,-0.07256971298797245,0.12852367529329975,0.5499866184515916,after,0DTE
Robinhood-main,QQQ,2026-07-23,True,694.0,2026-07-23,,2.67,1.0,525.0,235.0,0.4476190476190476,0,692.490422,day VWAP,-0.21799261795422106,-0.21498110631336662,0.14743114396623108,0.6286581274525751,after,0DTE
Robinhood-main,QQQ,2026-07-23,True,696.0,2026-07-22,,1.7,1.0,495.0,-28.0,-0.0565656565656566,1,707.10994,day VWAP,1.5711757637009105,0.7965045002411137,0.2585259453095313,0.21071208706810762,after,1-3 days
Robinhood-main,QQQ,2026-07-23,True,697.0,2026-07-23,,2.67,1.0,267.0,-5.0,-0.01872659176029967,0,692.490422,day VWAP,-0.6512116062162709,-0.642215286289549,,,after,0DTE
Robinhood-main,QQQ,2026-07-23,True,702.0,2026-07-22,,2.85,1.0,285.0,-8.0,-0.028070175438596467,1,707.10994,day VWAP,0.7226514168362632,0.3663467314820871,0.2303236076755766,0.3383267032163917,after,1-3 days
Robinhood-main,QQQ,2026-07-23,True,703.0,2026-07-22,,2.68,1.0,268.0,33.0,0.12313432835820892,1,707.10994,day VWAP,0.5812306923588221,0.29465377002224935,0.20436468004468666,0.35286585991110486,after,1-3 days
Robinhood-main,QQQ,2026-07-24,False,684.0,2026-07-24,,0.66,1.0,66.0,-3.0,-0.045454545454545414,0,686.893457,day VWAP,-0.42123810767351827,-0.399354130873183,,,after,0DTE
Robinhood-main,QQQ,2026-07-24,False,689.0,2026-07-24,,1.18,1.0,1098.0,-37.0,-0.033697632058287796,0,686.893457,day VWAP,0.30667681843997935,0.290744479324206,0.16885857492711473,0.34334696606167364,after,0DTE
Robinhood-main,QQQ,2026-07-24,False,690.0,2026-07-24,,0.66,1.0,1759.0,-38.0,-0.021603183627060818,0,686.893457,day VWAP,0.4522598036626789,0.4287642013636839,0.14740565143102113,0.24700091964113302,after,0DTE
Robinhood-main,QQQ,2026-07-24,False,691.0,2026-07-24,,1.73,1.0,173.0,5.0,0.028901734104046284,0,686.893457,day VWAP,0.5978427888853785,0.5667839234031616,0.2773509345968838,0.3169299563336044,after,0DTE
Robinhood-main,QQQ,2026-07-24,False,692.0,2026-07-24,,1.37,1.0,498.0,44.0,0.08835341365461846,0,686.893457,day VWAP,0.743425774108078,0.7048036454426394,0.2707023666363468,0.27151750009169007,after,0DTE
Robinhood-main,QQQ,2026-07-24,False,693.0,2026-07-24,,1.26,1.0,126.0,-22.0,-0.17460317460317465,0,686.893457,day VWAP,0.8890087593307776,0.8428233674821173,0.28527559462618773,0.24504489765086312,after,0DTE
Robinhood-main,QQQ,2026-07-24,True,670.0,2026-07-20,,1.58,1.0,158.0,-5.0,-0.03164556962025311,4,700.29752,day VWAP,4.326378308465231,1.230135847254536,0.28482286350881814,0.1187920953188385,after,4-14 days
Robinhood-main,QQQ,2026-07-24,True,680.0,2026-07-20,,2.91,1.0,675.0,10.0,0.014814814814814836,4,700.29752,day VWAP,2.8984138056065034,0.8241171872273994,0.26985840680469725,0.20223799510739893,after,4-14 days
Robinhood-main,QQQ,2026-07-24,True,681.0,2026-07-24,,1.1,1.0,110.00000000000001,-31.000000000000014,-0.28181818181818186,0,686.893457,day VWAP,0.8579870633416168,0.8134132969916164,0.26542695175537984,0.23125125368684207,after,0DTE
Robinhood-main,QQQ,2026-07-24,True,683.0,2026-07-23,,1.76,1.0,279.0,55.0,0.19713261648745517,1,692.490422,day VWAP,1.3704770056732953,0.7803144193922402,0.24471506851387778,0.22954641856071334,after,1-3 days
Robinhood-main,QQQ,2026-07-24,True,684.0,2026-07-24,,1.18,1.0,978.0,5.0,0.005112474437627856,0,686.893457,day VWAP,0.42123810767351827,0.399354130873183,0.19281700513715166,0.31002358655655615,after,0DTE
Robinhood-main,QQQ,2026-07-24,True,686.0,2026-07-23,,3.72,1.0,1120.0,152.0,0.13571428571428568,1,692.490422,day VWAP,0.9372580174112454,0.5336506505759823,0.30416917710248875,0.3398002576939817,after,1-3 days
Robinhood-main,QQQ,2026-07-24,True,687.0,2026-07-24,,1.18,1.0,570.0,125.0,0.2192982456140351,0,686.893457,day VWAP,-0.015510847994580306,-0.014705035245250405,0.0922348454724707,0.5142377054519983,after,0DTE
Robinhood-main,QQQ,2026-07-24,True,688.0,2026-07-24,,0.81,2.0,1017.0,145.0,0.14257620452310715,0,686.893457,day VWAP,-0.16109383321727985,-0.15272475728472823,,,after,0DTE
Robinhood-main,QQQ,2026-07-24,True,689.0,2026-07-23,,3.09,1.0,1537.0,139.0,0.09043591411841256,1,692.490422,day VWAP,0.5040390291491955,0.28698688175972425,0.21764628871095215,0.3785371182943924,after,1-3 days
Robinhood-main,QQQ,2026-07-24,True,690.0,2026-07-22,,2.05,1.0,2024.0,-155.0,-0.07658102766798414,2,707.10994,day VWAP,2.4197001105655582,0.9501685078517094,0.2807730817465258,0.18676987917535048,after,1-3 days
Robinhood-main,QQQ,2026-07-24,True,691.0,2026-07-24,,1.27,1.0,259.0,73.0,0.28185328185328196,0,686.893457,day VWAP,-0.5978427888853785,-0.5667839234031616,,,after,0DTE
Robinhood-main,QQQ,2026-07-24,True,695.0,2026-07-22,,2.28,1.0,227.99999999999997,1.0000000000000284,0.004385964912280826,2,707.10994,day VWAP,1.7125964881783518,0.6725028620774675,0.238889396332449,0.23028980282810607,after,1-3 days
Robinhood-main,QQQ,2026-07-24,True,698.0,2026-07-22,,2.87,1.0,287.0,416.0,1.4494773519163764,2,707.10994,day VWAP,1.2883343147460282,0.5059034746129223,0.2301204910615208,0.2819023587925982,after,1-3 days
Robinhood-main,QQQ,2026-07-27,False,679.0,2026-07-27,,1.14,1.0,257.0,-46.0,-0.17898832684824906,0,681.588419,day VWAP,-0.3797627611979781,-0.36041653284673403,,,after,0DTE
Robinhood-main,QQQ,2026-07-27,False,680.0,2026-07-27,,0.94,1.0,94.0,-23.0,-0.24468085106382975,0,681.588419,day VWAP,-0.23304665333523578,-0.22117457362501303,,,after,0DTE
Robinhood-main,QQQ,2026-07-27,False,682.0,2026-07-27,,0.42,1.0,123.0,2.0,0.016260162601626105,0,681.588419,day VWAP,0.06038556239024882,0.05730934481842896,0.04981446137400835,0.3932152196199705,after,0DTE
Robinhood-main,QQQ,2026-07-27,False,691.0,2026-07-24,,1.6,1.0,622.0,25.0,0.04019292604501601,3,686.893457,day VWAP,0.5978427888853785,0.3272328507491676,0.15320480605311368,0.30911060683381464,after,1-3 days
Robinhood-main,QQQ,2026-07-27,False,693.0,2026-07-24,,2.29,1.0,229.0,2.0,0.008733624454148492,3,686.893457,day VWAP,0.8890087593307776,0.4866042980951073,0.22270328367853548,0.30624169770808385,after,1-3 days
Robinhood-main,QQQ,2026-07-27,False,695.0,2026-07-24,,1.72,1.0,545.0,-74.0,-0.13577981651376148,3,686.893457,day VWAP,1.1801747297761767,0.645975745441047,0.2211396432882147,0.24852274569057248,after,1-3 days
Robinhood-main,QQQ,2026-07-27,True,675.0,2026-07-24,,1.99,1.0,352.0,-15.0,-0.042613636363636354,3,686.893457,day VWAP,1.731484974677814,0.9477387280183497,0.2961377729909534,0.21890253294331186,after,1-3 days
Robinhood-main,QQQ,2026-07-27,True,676.0,2026-07-24,,2.17,1.0,703.0,-74.0,-0.10526315789473684,3,686.893457,day VWAP,1.5859019894551147,0.86805300434538,0.2927437581565606,0.2360421116997724,after,1-3 days
Robinhood-main,QQQ,2026-07-27,True,677.0,2026-07-27,,0.45,1.0,387.0,-12.0,-0.03100775193798455,0,681.588419,day VWAP,0.6731949769234626,0.638900451290176,0.1606401760163554,0.17167449453906336,after,0DTE
Robinhood-main,QQQ,2026-07-27,True,678.0,2026-07-24,,2.74,1.0,844.0,21.0,0.024881516587677677,3,686.893457,day VWAP,1.2947360190097155,0.7086815569994402,0.29508629062913366,0.27967689080533154,after,1-3 days
Robinhood-main,QQQ,2026-07-27,True,680.0,2026-07-20,,2.95,1.0,3430.0,100.0,0.029154518950437414,7,700.29752,day VWAP,2.8984138056065034,0.7454420436317334,0.2454699529223956,0.2034982769734356,after,4-14 days
Robinhood-main,QQQ,2026-07-27,True,681.0,2026-07-24,,2.09,1.0,209.0,56.0,0.2679425837320575,3,686.893457,day VWAP,0.8579870633416168,0.4696243859805307,0.21027268635539295,0.2948510732275911,after,1-3 days
Robinhood-main,QQQ,2026-07-27,True,685.0,2026-07-24,,2.61,1.0,261.0,31.0,0.11877394636015315,3,686.893457,day VWAP,0.27565512245081875,0.15088149128865141,0.16460429340706031,0.4114917377173448,after,1-3 days
Robinhood-main,QQQ,2026-07-27,True,686.0,2026-07-24,,3.3,1.0,330.0,-36.0,-0.10909090909090913,3,686.893457,day VWAP,0.13007213722811922,0.07119576761568158,0.17652892617115365,0.4592290203738686,after,1-3 days
Robinhood-main,QQQ,2026-07-27,True,688.0,2026-07-24,,3.94,1.0,773.0,-1.0,-0.001293661060802087,3,686.893457,day VWAP,-0.16109383321727985,-0.0881756797302581,0.1586916651705425,0.5498764898302899,after,1-3 days
Robinhood-main,QQQ,2026-07-28,False,677.0,2026-07-28,,0.86,1.0,122.0,-49.0,-0.4016393442622951,0,674.353509,day VWAP,0.39244861406956344,0.378742326982225,0.1579589981830567,0.29007744622219733,after,0DTE
Robinhood-main,QQQ,2026-07-28,False,678.0,2026-07-28,,0.6,1.0,102.0,23.0,0.22549019607843146,0,674.353509,day VWAP,0.5407387892749838,0.5218534605482297,0.15723395935923143,0.2216930668888656,after,0DTE
Robinhood-main,QQQ,2026-07-28,False,679.0,2026-07-28,,0.42,1.0,42.0,-16.0,-0.38095238095238093,0,674.353509,day VWAP,0.6890289644804041,0.6649645941142345,0.1586014516214679,0.16641247198017922,after,0DTE
Robinhood-main,QQQ,2026-07-28,False,680.0,2026-07-28,,0.61,1.0,584.0,-30.0,-0.05136986301369861,0,674.353509,day VWAP,0.8373191396858245,0.8080757276802393,0.2054646447726643,0.18233416416741988,after,0DTE
Robinhood-main,QQQ,2026-07-28,False,681.0,2026-07-28,,0.65,1.0,135.0,14.0,0.10370370370370363,0,674.353509,day VWAP,0.9856093148912448,0.951186861246244,0.23300431225479895,0.1736613757315249,after,0DTE
Robinhood-main,QQQ,2026-07-28,False,684.0,2026-07-27,,2.05,1.0,407.99999999999994,-9.999999999999943,-0.02450980392156854,1,681.588419,day VWAP,0.3538177781157334,0.19387033093630407,0.14789142764119673,0.380624821656576,after,1-3 days
Robinhood-main,QQQ,2026-07-28,True,657.0,2026-07-28,,0.14,1.0,14.000000000000002,-2.0000000000000018,-0.14285714285714302,0,674.353509,day VWAP,2.573354890038843,2.48348034433787,0.32616770456865296,0.035797958327458135,after,0DTE
Robinhood-main,QQQ,2026-07-28,True,658.0,2026-07-28,,0.38,1.0,96.0,-19.0,-0.19791666666666663,0,674.353509,day VWAP,2.4250647148334226,2.3403692107718648,0.38247588887487904,0.0736008216173557,after,0DTE
Robinhood-main,QQQ,2026-07-28,True,664.0,2026-07-28,,1.25,1.0,298.0,-40.0,-0.13422818791946312,0,674.353509,day VWAP,1.535323663600901,1.4817024093758366,0.39773995937944034,0.18884125409784824,after,0DTE
Robinhood-main,QQQ,2026-07-28,True,671.0,2026-07-28,,1.61,1.0,161.0,24.0,0.14906832298136652,0,674.353509,day VWAP,0.49729243716295846,0.47992447441380337,0.2503503039684323,0.3254072748165353,after,0DTE
Robinhood-main,QQQ,2026-07-28,True,673.0,2026-07-28,,1.96,1.0,196.0,20.0,0.1020408163265305,0,674.353509,day VWAP,0.20071208675211785,0.19370220728179394,0.21555255013853364,0.41525254947047086,after,0DTE
Robinhood-main,QQQ,2026-07-28,True,674.0,2026-07-28,,0.71,1.0,71.0,-5.0,-0.07042253521126762,0,674.353509,day VWAP,0.05242191154669752,0.05059107371578919,0.07307105584451093,0.4353663734479858,after,0DTE
Robinhood-main,QQQ,2026-07-28,True,675.0,2026-07-24,,3.52,1.0,721.0,-167.0,-0.231622746185853,4,686.893457,day VWAP,1.731484974677814,0.7341152620341739,0.3000546941314569,0.27446055911158473,after,4-14 days
Robinhood-main,QQQ,2026-07-28,True,676.0,2026-07-28,,0.98,1.0,98.0,-22.0,-0.22448979591836737,0,674.353509,day VWAP,-0.24415843886414312,-0.23563119341622027,,,after,0DTE
Robinhood-main,QQQ,2026-07-28,True,677.0,2026-07-28,,0.74,1.0,418.0,52.0,0.12440191387559807,0,674.353509,day VWAP,-0.39244861406956344,-0.378742326982225,,,after,0DTE
Robinhood-main,QQQ,2026-07-29,False,686.0,2026-07-28,,1.22,1.0,122.0,-16.0,-0.1311475409836066,1,674.353509,day VWAP,1.7270601909183465,0.9622942478319808,0.24086500740802944,0.18084652732234607,after,1-3 days
Robinhood-main,QQQ,2026-07-29,True,662.0,2026-07-28,,1.0,1.0,100.0,6.0,0.06000000000000005,1,674.353509,day VWAP,1.8319040140117415,1.020711787888787,0.23731088602416184,0.1541051396472839,after,1-3 days
Robinhood-main,QQQ,2026-07-29,True,664.0,2026-07-28,,1.1,1.0,214.0,12.0,0.05607476635514019,1,674.353509,day VWAP,1.535323663600901,0.8554612849120563,0.21874973190547628,0.17742759005472097,after,1-3 days
Robinhood-main,QQQ,2026-08-03,True,650.0,2026-07-24,,3.05,1.0,305.0,8.0,0.026229508196721207,10,686.893457,day VWAP,5.371059605245303,1.412273544649604,0.34285624770283196,0.1514758230813411,after,4-14 days
Robinhood-main,RDDT,2024-11-29,True,137.0,2024-11-26,,1.24,1.0,124.0,136.0,1.096774193548387,3,138.509021,day VWAP,1.089474886982264,0.06112436951741574,0.29336160613113016,0.36913743725709947,before,1-3 days
Robinhood-main,RDDT,2024-12-06,False,145.0,2024-11-26,2024-11-26 15:42:00-05:00,2.7,1.0,270.0,30.0,0.11111111111111116,10,135.53,exact minute,6.98738286726186,0.2585541811698695,0.6348305746168107,0.29505074741100656,before,4-14 days
Robinhood-main,RDDT,2024-12-13,True,150.0,2024-12-09,2024-12-09 13:40:00-05:00,0.57,1.0,56.99999999999999,93.0,1.6315789473684212,4,172.205,exact minute,12.894515257977417,1.219667499553118,0.7463758098895714,0.0727773141037309,before,4-14 days
Robinhood-main,RDDT,2024-12-13,True,155.0,2024-12-09,2024-12-09 12:46:00-05:00,1.98,1.0,198.0,152.0,0.7676767676767677,4,167.67,exact minute,7.556509810938146,0.7036672646591356,0.7476451208192081,0.20140539735379126,before,4-14 days
Robinhood-main,RDDT,2025-02-07,True,215.0,2025-02-07,,0.94,1.0,94.0,-72.0,-0.7659574468085106,0,223.925038,day VWAP,3.985725794540225,1.8074269149369673,0.9929737714953956,0.17317566140275087,before,0DTE
Robinhood-main,RDDT,2025-04-17,True,70.0,2025-03-18,2025-03-18 15:15:00-04:00,0.71,1.0,71.0,-31.0,-0.43661971830985913,30,110.3,exact minute,36.53671804170444,0.9870906727521886,1.003601908143142,0.04666694274544225,before,15+ days
Robinhood-main,RDDT,2025-08-15,True,240.0,2025-08-15,2025-08-15 11:19:00-04:00,0.39,1.0,39.0,-21.0,-0.5384615384615384,0,246.1715,exact minute,2.5069920766620055,0.6799811656484736,0.4334354011127835,0.13412942329568267,before,0DTE
Robinhood-main,RDDT,2025-08-29,True,200.0,2025-08-19,2025-08-19 09:37:00-04:00,1.31,1.0,131.0,89.00000000000003,0.6793893129770994,10,234.37,exact minute,14.664846183385247,1.1183721108997817,0.6614441833671633,0.09137053809940143,before,4-14 days
Robinhood-main,RDDT,2025-09-26,True,220.0,2025-09-25,,1.8,1.0,180.0,-138.0,-0.7666666666666666,1,231.21678,day VWAP,4.851196353482649,1.0206071514561537,0.8283614192336691,0.20895343138126032,before,1-3 days
Robinhood-main,RDDT,2025-09-26,True,225.0,2025-09-25,2025-09-25 15:45:00-04:00,0.89,1.0,89.0,-83.0,-0.9325842696629214,1,234.535,exact minute,4.0654912912784855,1.0279528867810777,0.6728658006839241,0.16293142566770447,before,1-3 days
Robinhood-main,RDDT,2026-01-30,True,185.0,2026-01-28,2026-01-28 09:37:00-05:00,2.45,1.0,245.00000000000003,-110.00000000000003,-0.44897959183673475,2,192.725,exact minute,4.008301984693213,0.5446306813970062,0.6671340095551667,0.27425994688829636,best run,1-3 days
Robinhood-main,RDDT,2026-07-02,False,200.0,2026-06-22,,1.5,1.0,150.0,-16.0,-0.10666666666666669,10,173.477222,day VWAP,15.288910955698833,0.9599385389276512,0.6835719865361886,0.14220355130227408,after,4-14 days
Robinhood-main,RKLB,2026-01-23,True,90.0,2026-01-20,,2.3,1.0,229.99999999999997,179.99999999999997,0.7826086956521738,3,91.895736,day VWAP,2.0629205254964162,0.18884121794223332,0.7387392618695587,0.3886040243228659,best run,1-3 days
Robinhood-main,RKLB,2026-05-29,True,135.0,2026-05-28,,0.67,1.0,67.0,-44.0,-0.6567164179104478,1,147.164184,day VWAP,8.265723132742682,0.819378103514862,0.9784599747037843,0.11888043319726616,after,1-3 days
Robinhood-main,RKLB,2026-06-26,True,93.0,2026-06-22,,1.04,1.0,104.0,3.0,0.028846153846153744,4,99.949462,day VWAP,6.952975894957792,0.48455365092360575,0.6731931293092948,0.19875771094596129,after,4-14 days
Robinhood-main,RKLB,2026-07-17,True,77.0,2026-07-09,,1.96,1.0,196.0,40.0,0.20408163265306123,8,83.786061,day VWAP,8.099272025689338,0.45634329173808663,0.8893827266241614,0.25375325772497503,after,4-14 days
Robinhood-main,ROKU,2024-02-09,True,85.0,2024-02-06,,0.58,1.0,57.99999999999999,-56.99999999999999,-0.9827586206896551,3,92.127293,day VWAP,7.736353438714405,1.5011789659410855,0.6779248726686211,0.1473700804422916,before,1-3 days
Robinhood-main,ROKU,2024-07-26,True,60.0,2024-07-19,2024-07-19 12:25:00-04:00,0.44,1.0,44.0,-13.0,-0.2954545454545454,7,63.63,exact minute,5.704856199905708,1.0663966142894692,0.4539589232002648,0.18259915110602865,before,4-14 days
Robinhood-main,ROKU,2024-10-04,True,70.0,2024-09-30,,0.39,1.0,74.0,-26.0,-0.3513513513513513,4,74.542625,day VWAP,6.093996555661946,0.9331243634413554,0.4755130817021722,0.15356304278258437,before,4-14 days
Robinhood-main,ROKU,2024-10-04,True,71.0,2024-09-30,2024-09-30 09:35:00-04:00,0.59,1.0,191.0,-65.00000000000001,-0.34031413612565453,4,74.69,exact minute,4.940420404337927,0.718588046668324,0.4621517769807868,0.20844955236954976,before,4-14 days
Robinhood-main,ROKU,2024-11-08,False,68.0,2024-11-04,2024-11-04 09:31:00-05:00,0.79,2.0,158.0,94.0,0.5949367088607596,4,64.79,exact minute,4.954468282142296,0.45607389845657903,0.535902124872337,0.27324555303791775,before,4-14 days
Robinhood-main,ROKU,2025-05-02,True,64.0,2025-04-30,,3.7,1.0,370.0,-78.0,-0.21081081081081077,2,67.460577,day VWAP,5.129776758357701,0.523644418708294,2.013838668250561,0.3583668376161877,before,1-3 days
Robinhood-main,ROKU,2026-01-30,True,100.0,2026-01-22,,1.05,4.0,420.0,-240.0,-0.5714285714285714,8,106.601282,day VWAP,6.192497760017555,1.2814418961832554,0.5096836176372679,0.2055766680765615,best run,4-14 days
Robinhood-main,ROKU,2026-02-06,True,100.0,2026-01-28,2026-01-28 12:35:00-05:00,2.01,1.0,200.99999999999997,39.00000000000003,0.19402985074626877,9,101.68,exact minute,1.6522423288749082,0.29615995867190326,0.3984277351277023,0.3911209883707022,best run,4-14 days
Robinhood-main,ROKU,2026-05-15,True,90.0,2026-04-01,,6.5,1.0,650.0,130.0,0.19999999999999996,44,95.511651,day VWAP,5.7706582833543525,0.2989690295292633,0.6782332309850788,0.35725093452326284,best run,15+ days
Robinhood-main,SHOP,2024-02-09,True,79.0,2024-02-05,,0.66,1.0,66.0,-65.0,-0.9848484848484849,4,81.270447,day VWAP,2.7936932597405355,0.476359512835076,0.35950007065037715,0.2696638566185975,before,4-14 days
Robinhood-main,SHOP,2024-03-08,True,65.0,2024-02-21,,0.26,1.0,26.0,-15.0,-0.5769230769230769,16,75.917606,day VWAP,14.380861799040403,0.8781193621699074,0.48686139465928574,0.06862827734781551,before,15+ days
Robinhood-main,SHOP,2024-03-08,True,70.0,2024-03-05,,0.37,2.0,74.0,-54.0,-0.7297297297297297,3,73.480788,day VWAP,4.737004181283417,0.6045111610811023,0.4493506803112943,0.17287439907339963,before,1-3 days
Robinhood-main,SHOP,2024-05-24,False,60.0,2024-05-16,2024-05-16 13:09:00-04:00,0.66,1.0,66.0,-33.0,-0.5,8,58.3013,exact minute,2.913657156873007,0.21798480191072003,0.355792667518616,0.31683280606110487,before,4-14 days
Robinhood-main,SHOP,2024-06-14,True,64.0,2024-06-13,2024-06-13 13:48:00-04:00,0.28,1.0,99.00000000000001,-95.00000000000001,-0.9595959595959596,1,64.6,exact minute,0.928792569659434,0.5138589116919106,0.2816372094113834,0.3210069033519227,before,1-3 days
Robinhood-main,SLV,2025-12-17,True,59.5,2025-12-17,2025-12-17 12:04:00-05:00,0.11,1.0,11.0,-10.0,-0.9090909090909091,0,60.26,exact minute,1.2612014603385298,0.7037268372941904,0.31882437794876445,0.2060515754475114,best run,0DTE
Robinhood-main,SLV,2025-12-22,True,62.0,2025-12-22,2025-12-22 09:31:00-05:00,0.18,1.0,18.0,1.0,0.05555555555555558,0,62.61,exact minute,0.9742852579460141,0.40190407470846046,0.26586244718577784,0.27635400062330084,best run,0DTE
Robinhood-main,SLV,2025-12-24,True,60.0,2025-12-22,2025-12-22 09:30:00-05:00,0.25,2.0,50.0,-44.0,-0.88,2,62.61,exact minute,4.168663152850981,0.9915507592770925,0.4099247159613874,0.16493331693057933,best run,1-3 days
Robinhood-main,SLV,2025-12-24,True,62.5,2025-12-23,2025-12-23 09:30:00-05:00,0.38,2.0,76.0,-40.0,-0.5263157894736843,1,63.68,exact minute,1.8530150753768841,0.5539987013102607,0.3754009633482668,0.28230930897983564,best run,1-3 days
Robinhood-main,SLV,2025-12-24,True,64.0,2025-12-24,2025-12-24 10:05:00-05:00,0.24,1.0,47.0,-35.0,-0.7446808510638299,0,64.325,exact minute,0.5052467936261218,0.22102394392534874,0.24740580654150957,0.3638873783876613,best run,0DTE
Robinhood-main,SLV,2025-12-26,True,66.0,2025-12-26,2025-12-26 09:54:00-05:00,0.12,1.0,23.0,-21.0,-0.9130434782608696,0,67.555,exact minute,2.301828140034056,0.9977700612018893,0.37179091117749113,0.1496964989588696,best run,0DTE
Robinhood-main,SLV,2025-12-29,True,68.0,2025-12-26,2025-12-26 15:24:00-05:00,0.67,1.0,67.0,-7.0,-0.10447761194029848,3,70.5902,exact minute,3.6693478698176176,1.4742875677235727,0.9079375579086042,0.2561433379909762,best run,1-3 days
Robinhood-main,SLV,2025-12-31,True,64.0,2025-12-30,2025-12-30 11:39:00-05:00,0.1,1.0,10.0,-4.0,-0.4,1,69.08,exact minute,7.353792704111173,1.6841326748097514,0.6268152157780402,0.0639096017444597,best run,1-3 days
Robinhood-main,SLV,2025-12-31,True,66.0,2025-12-26,2025-12-26 09:33:00-05:00,1.15,1.0,114.99999999999999,95.00000000000001,0.8260869565217392,5,67.83,exact minute,2.6979212737726646,0.5670000308448504,0.5740913174712474,0.3392078010917736,best run,4-14 days
Robinhood-main,SLV,2026-01-02,True,67.5,2025-12-30,2025-12-30 09:32:00-05:00,1.49,1.0,149.0,-70.0,-0.4697986577181208,3,69.11,exact minute,2.3296194472579934,0.3448709943511718,0.6419991634310456,0.3699333483782852,best run,1-3 days
Robinhood-main,SLV,2026-01-12,True,76.5,2026-01-12,2026-01-12 09:32:00-05:00,0.72,1.0,72.0,-64.0,-0.8888888888888888,0,76.12,exact minute,-0.49921177088806545,-0.11789261840723518,0.26532801596663647,0.6142316389496333,best run,0DTE
Robinhood-main,SLV,2026-01-21,True,85.0,2026-01-21,,0.47,1.0,235.0,310.0000000000001,1.3191489361702131,0,84.031617,day VWAP,-1.1524031484482833,-0.3567118720792524,,,best run,0DTE
Robinhood-main,SLV,2026-01-23,True,85.0,2026-01-21,,1.8,2.0,900.0,678.0,0.7533333333333334,2,84.031617,day VWAP,-1.1524031484482833,-0.15952639887008352,0.37428680840916195,0.6136001286652244,best run,1-3 days
Robinhood-main,SLV,2026-01-26,True,80.0,2026-01-20,,1.09,1.0,109.00000000000001,-1.0000000000000142,-0.009174311926605672,6,85.475525,day VWAP,6.405956558909705,0.6631303409935553,0.6999716185612033,0.2252618898828347,best run,4-14 days
Robinhood-main,SLV,2026-01-26,True,99.0,2026-01-26,2026-01-26 10:51:00-05:00,0.42,2.0,962.0,-794.0,-0.8253638253638254,0,101.265,exact minute,2.2367056732335957,0.5289243138311567,0.5519461432109872,0.2277153922647187,best run,0DTE
Robinhood-main,SLV,2026-02-13,True,80.0,2026-01-20,2026-01-20 15:59:00-05:00,3.97,1.0,397.0,-101.0,-0.2544080604534005,24,85.4258,exact minute,6.35147695426908,0.3286283548331864,0.7172224666834945,0.33065898700801943,best run,15+ days
Robinhood-main,SLV,2026-02-20,True,60.0,2026-01-05,2026-01-05 09:39:00-05:00,1.98,1.0,198.0,-48.0,-0.24242424242424243,46,69.16,exact minute,13.244650086755346,0.5743262782620818,0.5604329125747065,0.2162642143706004,best run,15+ days
Robinhood-main,SLV,2026-02-20,True,85.0,2026-01-20,2026-01-20 15:59:00-05:00,7.17,1.0,717.0,-128.0,-0.1785216178521618,31,85.4258,exact minute,0.49844426391089725,0.02281670063013564,0.7198958576494213,0.4475937619033531,best run,15+ days
Robinhood-main,SLV,2026-04-01,True,68.0,2026-04-01,,0.67,2.0,201.0,-192.0,-0.9552238805970149,0,68.193971,day VWAP,0.28444010101714823,0.1059800914324896,0.6305956598371917,0.4540431224853141,best run,0DTE
Robinhood-main,SLV,2026-04-02,True,67.0,2026-04-01,,0.82,15.0,1950.0,-470.0,-0.24102564102564106,1,68.193971,day VWAP,1.7508453936492492,0.37663496570851507,0.6406563483295951,0.35120289265688076,best run,1-3 days
Robinhood-main,SMCI,2024-05-24,True,875.0,2024-05-24,2024-05-24 15:08:00-04:00,0.45,1.0,70.0,-60.0,-0.8571428571428572,0,883.25,exact minute,0.93405038211152,0.42676749542198433,0.3558172768599812,0.12493027365725218,before,0DTE
Robinhood-main,SNAP,2025-05-02,True,8.5,2025-04-29,2025-04-29 14:42:00-04:00,0.52,2.0,104.0,54.0,0.5192307692307692,3,9.175,exact minute,7.356948228882841,0.6409373565416103,2.052733420341056,0.3277944733975743,before,1-3 days
Robinhood-main,SNAP,2025-08-22,True,7.0,2025-08-20,2025-08-20 10:38:00-04:00,0.12,3.0,36.0,-18.0,-0.5,2,7.0099,exact minute,0.14122883350689766,0.01813766211591409,0.4220676311258095,0.4784800968117794,before,1-3 days
Robinhood-main,SNAP,2026-05-22,True,5.5,2026-05-19,,0.13,2.0,49.0,8.0,0.16326530612244894,3,5.599881,day VWAP,1.7836271877920244,0.2713706952418888,0.6725247145036765,0.39484959177928014,after,1-3 days
Robinhood-main,SPY,2024-01-19,False,490.0,2024-01-03,,0.17,5.0,123.00000000000001,-69.00000000000001,-0.5609756097560976,16,469.620528,day VWAP,4.339561578960625,1.9392819668867813,0.10695431017613907,0.03824411915674321,before,15+ days
Robinhood-main,SPY,2024-01-24,True,487.0,2024-01-24,,0.3,1.0,30.0,52.0,1.7333333333333334,0,486.91111,day VWAP,-0.018255898905242096,-0.04457154029753333,0.02925428203270897,0.5554458976553676,before,0DTE
Robinhood-main,SPY,2024-01-24,True,488.0,2024-01-24,,0.63,1.0,63.0,94.0,1.492063492063492,0,486.91111,day VWAP,-0.22363219438554036,-0.5459951008503208,,,before,0DTE
Robinhood-main,SPY,2024-01-29,True,475.0,2024-01-24,,0.08,25.0,200.0,25.0,0.125,5,486.91111,day VWAP,2.4462596468583366,2.2573970430851684,0.11334513267061416,0.03138778939626963,before,4-14 days
Robinhood-main,SPY,2024-01-30,False,491.0,2024-01-29,,0.38,1.0,38.0,63.0,1.6578947368421053,1,489.136747,day VWAP,0.38092680859244177,0.5312073091554408,0.07037283711369495,0.24272780285602202,before,1-3 days
Robinhood-main,SPY,2024-01-30,True,483.0,2024-01-29,,0.24,2.0,48.0,-42.0,-0.875,1,489.136747,day VWAP,1.2546076404273945,1.7495664093055292,0.1296894267705305,0.1026096852350078,before,1-3 days
Robinhood-main,SPY,2024-01-31,False,492.0,2024-01-29,,0.77,1.0,77.0,79.0,1.0259740259740258,2,489.136747,day VWAP,0.5853686147199212,0.6323063780502077,0.09549565450958428,0.2713032175888961,before,1-3 days
Robinhood-main,SPY,2024-01-31,True,480.0,2024-01-26,,0.54,3.0,162.0,-63.0,-0.38888888888888884,5,487.732215,day VWAP,1.5853402260910725,1.4537660238610695,0.12781375012394453,0.14266175607692566,before,4-14 days
Robinhood-main,SPY,2024-02-05,True,477.0,2024-02-01,,0.22,4.0,115.0,-105.0,-0.9130434782608696,4,486.677249,day VWAP,1.988432584404622,1.7809005563848803,0.13922885003903354,0.07279886200717955,before,4-14 days
Robinhood-main,SPY,2024-02-05,True,480.0,2024-01-29,,0.97,1.0,302.0,226.0,0.7483443708609272,7,489.136747,day VWAP,1.8679330588098328,1.3603419689216278,0.13919296693199523,0.1769001542570301,before,4-14 days
Robinhood-main,SPY,2024-02-09,True,475.0,2024-01-30,,0.39,5.0,195.00000000000003,169.99999999999997,0.8717948717948716,10,490.920671,day VWAP,3.2430231482348857,1.8410002523109403,0.12615154577432805,0.07571093164303222,before,4-14 days
Robinhood-main,SPY,2024-02-21,False,501.0,2024-02-21,,0.11,1.0,11.0,-3.0,-0.2727272727272727,0,495.496013,day VWAP,1.1108034889475478,2.0486007403434,0.16620426549629388,0.06831776764678263,before,0DTE
Robinhood-main,SPY,2024-02-21,True,494.0,2024-02-21,,0.83,1.0,83.0,10.0,0.12048192771084332,0,495.496013,day VWAP,0.3019223083032163,0.5568205992062416,0.16575828249594998,0.3397200276822203,before,0DTE
Robinhood-main,SPY,2024-02-22,False,502.0,2024-02-21,,0.39,1.0,39.0,-5.0,-0.1282051282051282,1,495.496013,day VWAP,1.3126214599833712,1.3976517191480973,0.15177260849893504,0.1339656190391948,before,1-3 days
Robinhood-main,SPY,2024-02-22,True,490.0,2024-02-21,,0.55,5.0,275.0,70.0,0.25454545454545463,1,495.496013,day VWAP,1.10919419244651,1.181046643837127,0.15429767527137336,0.17286204202783761,before,1-3 days
Robinhood-main,SPY,2024-02-23,True,460.0,2024-01-24,,0.72,1.0,72.0,1.0,0.01388888888888884,30,486.91111,day VWAP,5.526904079062811,2.0115465675176827,0.13662064149028927,0.07880934453832134,before,15+ days
Robinhood-main,SPY,2024-02-29,True,440.0,2024-01-29,,0.43,2.0,86.0,-18.0,-0.2093023255813954,31,489.136747,day VWAP,10.045605303909014,3.5392424380274243,0.19612862271563308,0.03612333264479273,before,15+ days
Robinhood-main,SPY,2024-02-29,True,460.0,2024-01-24,,0.94,1.0,94.0,3.0,0.03191489361702127,36,486.91111,day VWAP,5.526904079062811,1.8535248505653124,0.13477337075776571,0.0929595381631978,before,15+ days
Robinhood-main,SPY,2024-02-29,True,500.0,2024-02-27,,0.22,1.0,22.0,-6.0,-0.2727272727272727,2,506.164792,day VWAP,1.2179416856793108,0.8734298555163541,0.09509937788874832,0.09706684663011877,before,1-3 days
Robinhood-main,SPY,2024-03-01,True,480.0,2024-01-26,,3.43,1.0,343.0,-17.0,-0.04956268221574345,35,487.732215,day VWAP,1.5853402260910725,0.5385901997195242,0.10726284827551726,0.3136932826163843,before,15+ days
Robinhood-main,SPY,2024-03-07,True,507.0,2024-03-06,,0.61,2.0,122.0,-114.0,-0.9344262295081968,1,510.133504,day VWAP,0.6142517547720246,0.6631330418675868,0.11165174891794023,0.235891318755443,before,1-3 days
Robinhood-main,SPY,2024-03-08,False,519.0,2024-03-06,,0.12,1.0,12.0,14.0,1.1666666666666665,2,510.133504,day VWAP,1.738073647481892,1.4534431928714016,0.10654401285132879,0.05278222754524221,before,1-3 days
Robinhood-main,SPY,2024-03-11,True,500.0,2024-03-05,,0.85,1.0,85.0,-47.0,-0.5529411764705883,6,507.450575,day VWAP,1.468236586390707,0.9644851847154428,0.12402122772435653,0.18385435174348008,before,4-14 days
Robinhood-main,SPY,2024-03-15,True,500.0,2024-03-07,,0.78,1.0,78.0,25.0,0.3205128205128205,8,514.502448,day VWAP,2.8187325553793983,1.4547524436163597,0.1546244454805015,0.12225614038866561,before,4-14 days
Robinhood-main,SPY,2024-04-01,True,515.0,2024-03-28,,0.11,5.0,55.00000000000001,-20.000000000000007,-0.36363636363636376,4,523.585937,day VWAP,1.6398333861285401,1.6236203026230644,0.10108084247308063,0.04974701558970429,before,4-14 days
Robinhood-main,SPY,2024-04-01,True,520.0,2024-03-28,,0.59,2.0,118.0,-60.00000000000001,-0.5084745762711864,4,523.585937,day VWAP,0.6848803122074582,0.6781088793368961,0.08962966014133623,0.21938390541479258,before,4-14 days
Robinhood-main,SPY,2024-04-03,True,520.0,2024-03-28,,0.95,1.0,95.0,-33.0,-0.34736842105263155,6,523.585937,day VWAP,0.6848803122074582,0.5054325167811674,0.08319088238085696,0.26639526273793146,before,4-14 days
Robinhood-main,SPY,2024-04-05,True,520.0,2024-03-28,,1.61,1.0,161.0,-43.0,-0.26708074534161486,8,523.585937,day VWAP,0.6848803122074582,0.4205452743556874,0.09203135088319638,0.31833901789782937,before,4-14 days
Robinhood-main,SPY,2024-04-12,True,514.0,2024-04-11,,0.77,1.0,77.0,55.0,0.7142857142857142,1,516.326992,day VWAP,0.45068184233142283,0.5826722852263022,0.1061944985974571,0.28930514141970964,before,1-3 days
Robinhood-main,SPY,2024-04-15,True,501.0,2024-04-10,,0.55,2.0,110.00000000000001,-52.00000000000002,-0.4727272727272729,5,513.895741,day VWAP,2.509408031852135,2.120600503240347,0.1750662125584924,0.10709588339773357,before,4-14 days
Robinhood-main,SPY,2024-04-15,True,513.0,2024-04-11,,1.23,2.0,246.0,226.0,0.9186991869918699,4,516.326992,day VWAP,0.6443575585914785,0.6452928498358069,0.12500842611095192,0.29964942528742144,before,4-14 days
Robinhood-main,SPY,2024-04-17,True,511.0,2024-04-11,,1.41,1.0,141.0,131.0,0.9290780141843971,6,516.326992,day VWAP,1.0317089911115895,0.7701066761779483,0.12551133993156144,0.2654236316672245,before,4-14 days
Robinhood-main,SPY,2024-04-18,True,497.0,2024-04-18,2024-04-18 14:06:00-04:00,0.36,2.0,108.0,-92.0,-0.8518518518518519,0,499.31,exact minute,0.46263844104864765,1.1855657027899047,0.1728015014893212,0.21451272318223702,before,0DTE
Robinhood-main,SPY,2024-04-19,False,512.0,2024-04-16,,1.13,1.0,112.99999999999999,-29.999999999999986,-0.26548672566371667,3,504.154817,day VWAP,1.5561059292626018,1.1157393655090035,0.16094580786658008,0.21052566198931727,before,1-3 days
Robinhood-main,SPY,2024-04-19,False,514.0,2024-04-15,,1.33,1.0,133.0,-85.0,-0.6390977443609023,4,508.554344,day VWAP,1.0708110282113694,0.6960503516104742,0.12390568864360572,0.26271351298592804,before,4-14 days
Robinhood-main,SPY,2024-04-19,False,520.0,2024-04-12,,1.45,1.0,145.0,-3.0,-0.020689655172413834,7,511.756783,day VWAP,1.6107684888272435,1.0503557156215344,0.14458803794244351,0.23044114914535652,before,4-14 days
Robinhood-main,SPY,2024-04-19,True,498.0,2024-04-18,,1.22,1.0,122.0,44.0,0.360655737704918,1,500.798291,day VWAP,0.5587660841278721,0.6321038585690582,0.15353087209526373,0.3159798054390317,before,1-3 days
Robinhood-main,SPY,2024-04-19,True,500.0,2024-04-10,,1.23,3.0,369.0,126.0,0.3414634146341464,9,513.895741,day VWAP,2.7040000317885573,1.5609811522180443,0.16228211545064225,0.16032143109296415,before,4-14 days
Robinhood-main,SPY,2024-04-19,True,505.0,2024-04-12,,1.98,2.0,396.0,-36.0,-0.09090909090909094,7,511.756783,day VWAP,1.3203113714273886,0.8609533927427105,0.15313131141359265,0.2746464831927439,before,4-14 days
Robinhood-main,SPY,2024-04-19,True,508.0,2024-04-12,,2.71,1.0,542.0,56.0,0.10332103321033204,7,511.756783,day VWAP,0.7340953993764621,0.47869157106986154,0.144144227125334,0.36067873284702134,before,4-14 days
Robinhood-main,SPY,2024-04-22,True,500.0,2024-04-11,,1.16,1.0,231.99999999999997,52.00000000000003,0.22413793103448287,11,516.326992,day VWAP,3.1621418699722015,1.8283134280588031,0.17655713154112324,0.14227331696291579,before,4-14 days
Robinhood-main,SPY,2024-04-23,True,495.0,2024-04-19,,2.24,1.0,648.0,-495.0,-0.7638888888888888,4,496.609293,day VWAP,0.32405615897324336,0.302998232322747,0.15106598608722702,0.41167346194315746,before,4-14 days
Robinhood-main,SPY,2024-04-23,True,497.0,2024-04-22,,0.57,1.0,56.99999999999999,-56.99999999999999,-1.0,1,498.90643,day VWAP,0.38212175377254615,0.4588658614833284,0.08534788863957256,0.27936843249333576,before,1-3 days
Robinhood-main,SPY,2024-04-23,True,500.0,2024-04-12,,1.67,1.0,167.0,10.0,0.05988023952095811,11,511.756783,day VWAP,2.297337991512266,1.2828588829816134,0.1645524646935697,0.20245099282943868,before,4-14 days
Robinhood-main,SPY,2024-04-23,True,505.0,2024-04-11,,1.41,1.0,141.0,155.0,1.099290780141844,12,516.326992,day VWAP,2.193763288671923,1.1914620985527566,0.13993443516218562,0.19052715578983126,before,4-14 days
Robinhood-main,SPY,2024-04-24,False,504.0,2024-04-19,,0.95,1.0,190.0,-50.0,-0.26315789473684215,5,496.609293,day VWAP,1.488233729045425,1.1760531245272385,0.14711692514104863,0.19950884815248232,before,4-14 days
Robinhood-main,SPY,2024-04-24,True,495.0,2024-04-22,2024-04-22 13:35:00-04:00,0.79,1.0,79.0,-67.0,-0.8481012658227848,2,500.18,exact minute,1.0356271742172831,0.9889958980682864,0.13496409378245802,0.21138726732441193,before,1-3 days
Robinhood-main,SPY,2024-04-26,False,504.0,2024-04-19,,2.11,2.0,422.0,-110.0,-0.26066350710900477,7,496.609293,day VWAP,1.488233729045425,0.9381658441279774,0.16798967176092502,0.2800018538221387,before,4-14 days
Robinhood-main,SPY,2024-04-30,False,512.0,2024-04-29,2024-04-29 15:34:00-04:00,0.29,1.0,28.999999999999996,20.000000000000004,0.6896551724137934,1,508.6,exact minute,0.6685017695635032,0.8075720832790456,0.10324401350877337,0.16143924227965373,before,1-3 days
Robinhood-main,SPY,2024-05-03,False,515.0,2024-05-01,2024-05-01 14:10:00-04:00,0.22,1.0,22.0,20.0,0.9090909090909092,2,501.42,exact minute,2.708308404132261,2.0658012814501268,0.17962661063583693,0.05999943782256243,before,1-3 days
Robinhood-main,SPY,2024-06-06,True,532.0,2024-06-06,2024-06-06 13:40:00-04:00,0.08,3.0,112.0,107.0,0.9553571428571428,0,534.37,exact minute,0.4435129217583331,1.329956690864504,0.08971527575307674,0.09435301401837215,before,0DTE
Robinhood-main,SPY,2024-07-12,True,547.0,2024-07-08,2024-07-08 11:38:00-04:00,0.53,1.0,53.0,-34.0,-0.6415094339622642,4,555.175,exact minute,1.4725086684378719,1.8227158056180637,0.10026309729298095,0.13709096628120754,before,4-14 days
Robinhood-main,SPY,2024-07-12,True,560.0,2024-07-12,2024-07-12 13:09:00-04:00,0.21,1.0,21.0,-19.0,-0.9047619047619048,0,561.59,exact minute,0.28312469951388586,0.9026902362776874,0.08062235569322218,0.1991200997711482,before,0DTE
Robinhood-main,SPY,2024-07-15,True,560.0,2024-07-12,2024-07-12 14:03:00-04:00,0.39,1.0,39.0,111.0,2.8461538461538463,3,563.0499,exact minute,0.5416749030592102,1.0029834720183701,0.08855157524018205,0.19567700897862372,before,1-3 days
Robinhood-main,SPY,2024-07-19,True,554.0,2024-07-12,2024-07-12 13:10:00-04:00,0.53,1.0,53.0,1.0,0.018867924528301883,7,561.66,exact minute,1.3638144072926626,1.2349415002553206,0.08785072896217833,0.14214671882853236,before,4-14 days
Robinhood-main,SPY,2024-07-25,True,539.0,2024-07-25,2024-07-25 10:26:00-04:00,1.23,1.0,123.0,-98.0,-0.7967479674796748,0,540.13,exact minute,0.20920889415511,0.2720310738113421,0.13840806089303,0.3960474080361063,before,0DTE
Robinhood-main,SPY,2024-07-25,True,540.0,2024-07-25,,1.38,1.0,138.0,116.99999999999997,0.8478260869565215,0,541.737207,day VWAP,0.3206733777102395,0.5457040865218014,0.22235623598769988,0.37098838552576385,before,0DTE
Robinhood-main,SPY,2024-07-25,True,541.0,2024-07-24,,0.69,1.0,69.0,38.0,0.5507246376811594,1,543.775404,day VWAP,0.5103952807692604,0.648998915568973,0.10399638343083788,0.2605123903575528,before,1-3 days
Robinhood-main,SPY,2024-07-26,False,545.0,2024-07-26,,0.68,2.0,229.0,12.0,0.05240174672489073,0,544.081331,day VWAP,0.16884773427376112,0.28524021931508625,0.11135916021957423,0.36782144228177227,before,0DTE
Robinhood-main,SPY,2024-07-26,True,537.5,2024-07-25,2024-07-25 14:54:00-04:00,1.12,1.0,112.00000000000001,13.999999999999986,0.12499999999999978,1,540.99,exact minute,0.6451135880515368,0.7179023477533054,0.16955548245467497,0.2856458332804195,before,1-3 days
Robinhood-main,SPY,2024-07-26,True,538.0,2024-07-25,,1.57,2.0,314.0,242.0,0.7707006369426752,1,541.737207,day VWAP,0.6898560689039053,0.6777853251759528,0.1856708972284377,0.31192114331429943,before,1-3 days
Robinhood-main,SPY,2024-07-26,True,546.0,2024-07-26,,1.1,1.0,110.00000000000001,118.99999999999999,1.0818181818181816,0,544.081331,day VWAP,-0.3526437851623368,-0.5957331382174104,,,before,0DTE
Robinhood-main,SPY,2024-07-29,True,540.0,2024-07-26,,1.84,1.0,525.0,51.0,0.0971428571428572,3,544.081331,day VWAP,0.7501325201691175,0.7316323341433745,0.21036657656037497,0.31844828490535293,before,1-3 days
Robinhood-main,SPY,2024-07-31,False,548.0,2024-07-26,,2.87,1.0,573.0,-77.0,-0.13438045375218155,5,544.081331,day VWAP,0.7202358869394883,0.459876546572504,0.17778285474990704,0.3699262450964792,before,4-14 days
Robinhood-main,SPY,2024-08-01,True,550.0,2024-08-01,,0.72,1.0,357.0,319.0,0.8935574229691876,0,544.809871,day VWAP,-0.9526495895666244,-1.4316817902153471,,,before,0DTE
Robinhood-main,SPY,2024-08-02,True,530.0,2024-07-30,2024-07-30 12:22:00-04:00,1.27,1.0,127.0,-113.0,-0.889763779527559,3,540.85,exact minute,2.006101506887311,1.2187624543183277,0.19294703988875864,0.18532727448387953,before,1-3 days
Robinhood-main,SPY,2024-08-02,True,535.0,2024-07-29,2024-07-29 11:37:00-04:00,1.92,1.0,192.0,-99.0,-0.515625,4,542.9899,exact minute,1.4714638338576895,0.7761269645365035,0.16788197110781444,0.25470142516892247,before,4-14 days
Robinhood-main,SPY,2024-08-02,True,542.5,2024-08-01,2024-08-01 10:46:00-04:00,1.15,1.0,114.99999999999999,26.000000000000014,0.22608695652173938,1,548.7,exact minute,1.129943502824867,0.8937190636991902,0.18371406569329873,0.2300687894598501,before,1-3 days
Robinhood-main,SPY,2024-08-05,True,529.0,2024-08-02,,1.7,1.0,170.0,275.0,1.6176470588235294,3,531.726908,day VWAP,0.5128399482841257,0.42381431504756883,0.1751159493634968,0.34926023616899715,before,1-3 days
Robinhood-main,SPY,2024-08-06,True,532.0,2024-08-01,2024-08-01 12:35:00-04:00,0.98,1.0,98.0,75.0,0.7653061224489797,5,544.36,exact minute,2.270556249540747,1.2850248860867495,0.19089653581172458,0.1518669896747391,before,4-14 days
Robinhood-main,SPY,2024-08-09,True,510.0,2024-08-06,2024-08-06 16:14:00-04:00,1.93,1.0,193.0,4.0,0.020725388601036343,3,521.9891,exact minute,2.2968104123247035,1.088252458264612,0.2734345801138364,0.2141429658327667,before,1-3 days
Robinhood-main,SPY,2024-08-09,True,526.0,2024-08-02,,5.42,3.0,1625.9999999999998,3702.0,2.2767527675276757,7,531.726908,day VWAP,1.0770393436624766,0.4648251593459333,0.2553178943286131,0.37982138673584265,before,4-14 days
Robinhood-main,SPY,2024-08-09,True,528.0,2024-08-08,,3.58,1.0,358.0,-354.0,-0.9888268156424581,1,528.220388,day VWAP,0.0417227363817614,0.02817368937924208,0.22694857558278422,0.48700141714508605,before,1-3 days
Robinhood-main,SPY,2024-08-09,True,535.0,2024-07-26,,3.03,2.0,1850.0,-188.0,-0.10162162162162158,14,544.081331,day VWAP,1.669112774611996,0.6153065780914126,0.15023644046569726,0.2863093833198739,before,4-14 days
Robinhood-main,SPY,2024-08-12,True,520.0,2024-08-07,,4.59,1.0,601.0,-569.0,-0.9467554076539102,5,524.14742,day VWAP,0.7912697538413928,0.339604892532851,0.26289780051205486,0.39285054784251416,before,4-14 days
Robinhood-main,SPY,2024-08-13,True,528.0,2024-08-09,2024-08-09 15:51:00-04:00,1.72,1.0,172.0,-15.0,-0.08720930232558144,4,533.02,exact minute,0.9418033094442951,0.49319751313667126,0.19516187640168278,0.2911985297489035,before,4-14 days
Robinhood-main,SPY,2024-08-16,True,510.0,2024-08-08,,2.07,1.0,206.99999999999997,-135.99999999999997,-0.6570048309178744,8,528.220388,day VWAP,3.4493912794596557,1.1189285379232858,0.24451955782829046,0.1804893225978329,before,4-14 days
Robinhood-main,SPY,2024-08-16,True,520.0,2024-08-12,2024-08-12 09:50:00-04:00,1.68,1.0,168.0,-102.0,-0.6071428571428572,4,531.44,exact minute,2.152641878669286,0.7238685770882449,0.19228113524102902,0.2057973647763922,before,4-14 days
Robinhood-main,SPY,2024-08-22,True,560.0,2024-08-22,2024-08-22 09:33:00-04:00,0.49,1.0,49.0,134.0,2.7346938775510203,0,562.56,exact minute,0.4550625711035171,0.3546949705117888,0.1008472701790616,0.23456459888917292,before,0DTE
Robinhood-main,SPY,2024-08-26,True,545.0,2024-08-22,2024-08-22 11:43:00-04:00,0.35,3.0,104.99999999999999,-80.99999999999999,-0.7714285714285714,4,558.53,exact minute,2.4224303081302656,1.1534567368129467,0.17001460301993815,0.0788409932652181,before,4-14 days
Robinhood-main,SPY,2024-08-27,False,565.0,2024-08-23,2024-08-23 13:15:00-04:00,0.56,1.0,56.00000000000001,56.99999999999998,1.0178571428571423,4,559.4554,exact minute,0.9910709593651156,0.4909439803688025,0.10767802857303918,0.17651459715447487,before,4-14 days
Robinhood-main,SPY,2024-09-16,True,556.0,2024-09-13,2024-09-13 10:05:00-04:00,0.84,1.0,84.0,-65.0,-0.7738095238095238,3,561.03,exact minute,0.896565246065268,0.6830484600647515,0.13519547968412687,0.2203524895604585,before,1-3 days
Robinhood-main,SPY,2024-09-23,False,572.0,2024-09-23,,0.17,1.0,17.0,-8.0,-0.47058823529411764,0,569.293768,day VWAP,0.4753665246516452,0.728923176986154,0.09699683280686339,0.13665537988576915,before,0DTE
Robinhood-main,SPY,2024-09-23,True,568.0,2024-09-23,,1.05,1.0,153.0,-143.0,-0.934640522875817,0,569.293768,day VWAP,0.22725841608018446,0.3484762137329773,0.15982951538934698,0.3732967836764596,before,0DTE
Robinhood-main,SPY,2024-09-25,True,570.0,2024-09-24,,1.69,1.0,169.0,-70.0,-0.41420118343195267,1,570.179385,day VWAP,0.03146115147604377,0.028675953570534454,0.10133832594519876,0.48239030009828865,before,1-3 days
Robinhood-main,SPY,2024-09-30,True,565.0,2024-09-26,2024-09-26 13:36:00-04:00,0.62,1.0,62.0,-38.0,-0.6129032258064516,4,571.28,exact minute,1.0992858143117163,0.7964419094894956,0.12103946853794745,0.17163839420206584,before,4-14 days
Robinhood-main,SPY,2024-10-02,True,568.0,2024-10-02,,0.56,1.0,56.00000000000001,45.99999999999999,0.8214285714285712,0,568.373187,day VWAP,0.0656587975181929,0.12469304712858309,0.07244560084276074,0.4187281126447002,before,0DTE
Robinhood-main,SPY,2024-10-03,True,565.0,2024-10-02,,0.98,1.0,541.0,-237.0,-0.43807763401109057,1,568.373187,day VWAP,0.5934810221791884,0.6507220479097807,0.13073806513569583,0.2758621473780476,before,1-3 days
Robinhood-main,SPY,2024-10-04,True,565.0,2024-10-03,2024-10-03 15:53:00-04:00,1.97,1.0,197.0,-189.0,-0.9593908629441624,1,567.15,exact minute,0.3790884245790315,0.5073642250733982,0.20343406332274566,0.3820064503957381,before,1-3 days
Robinhood-main,SPY,2024-10-07,True,540.0,2024-09-23,,0.54,1.0,54.0,-6.0,-0.11111111111111116,14,569.293768,day VWAP,5.145633001202992,1.7217984980481442,0.17030914314531215,0.062149695896180246,before,4-14 days
Robinhood-main,SPY,2024-10-07,True,565.0,2024-10-03,2024-10-03 14:31:00-04:00,3.1,1.0,310.0,-244.0,-0.7870967741935484,4,567.01,exact minute,0.3544911024496907,0.32067863183340034,0.1896109598088805,0.417579312593757,before,4-14 days
Robinhood-main,SPY,2024-10-07,True,566.0,2024-10-04,2024-10-04 16:00:00-04:00,0.36,1.0,36.0,-13.0,-0.36111111111111116,3,572.91,exact minute,1.2061231257963674,1.6218659901821253,0.1646778257931032,0.12149771636551865,before,1-3 days
Robinhood-main,SPY,2024-10-08,True,563.0,2024-10-07,2024-10-07 09:54:00-04:00,0.45,1.0,45.0,-32.0,-0.7111111111111111,1,571.1,exact minute,1.4183155314305764,1.663469437707207,0.14284943490461,0.12581067344435226,before,1-3 days
Robinhood-main,SPY,2024-10-09,False,580.0,2024-10-04,2024-10-04 15:29:00-04:00,0.4,1.0,40.0,-20.0,-0.5,5,572.01,exact minute,1.3968287267705126,1.0771930048961502,0.10666803712273586,0.12089947733406553,before,4-14 days
Robinhood-main,SPY,2024-10-16,True,580.0,2024-10-15,,0.48,2.0,96.0,94.0,0.9791666666666667,1,581.362965,day VWAP,0.23444303852413972,0.2966233246483382,0.05703871452120722,0.29612639335763014,before,1-3 days
Robinhood-main,SPY,2024-10-18,False,590.0,2024-10-15,2024-10-15 12:37:00-04:00,0.46,1.0,46.0,-36.0,-0.782608695652174,3,582.44,exact minute,1.2979877755648555,1.0719665249799493,0.09841197216242561,0.1350373713489726,before,1-3 days
Robinhood-main,SPY,2024-10-18,True,570.0,2024-10-15,2024-10-15 12:56:00-04:00,0.42,5.0,210.0,24.99999999999997,0.11904761904761885,3,581.69,exact minute,2.00966150355001,1.6713194645019889,0.13395742779972505,0.0969681454290221,before,1-3 days
Robinhood-main,SPY,2024-10-22,True,570.0,2024-10-15,2024-10-15 12:48:00-04:00,0.84,1.0,84.0,21.0,0.25,7,581.92,exact minute,2.048391531481984,1.3544068086622738,0.1325338781381648,0.1428588206904451,before,4-14 days
Robinhood-main,SPY,2024-10-23,True,576.0,2024-10-23,,0.23,1.0,23.0,5.9999999999999964,0.26086956521739113,0,578.074711,day VWAP,0.35890014915390056,0.8998750153252332,0.08946413474708927,0.18293695429667345,before,0DTE
Robinhood-main,SPY,2024-10-30,True,576.0,2024-10-29,2024-10-29 09:31:00-04:00,1.3,1.0,130.0,-101.0,-0.7769230769230769,1,579.88,exact minute,0.6691039525419045,0.7921984877298007,0.13768798728687065,0.2898583852077221,before,1-3 days
Robinhood-main,SPY,2024-10-30,True,577.0,2024-10-30,,0.35,1.0,35.0,-29.0,-0.8285714285714285,0,581.088774,day VWAP,0.7036401635939958,1.79861535248927,0.16001672309899886,0.1600523279678252,before,0DTE
Robinhood-main,SPY,2024-10-30,True,580.0,2024-10-30,2024-10-30 11:21:00-04:00,0.43,1.0,43.0,11.0,0.2558139534883721,0,582.0,exact minute,0.3436426116838488,0.7343614831106685,0.09453514726409264,0.24637408890469037,before,0DTE
Robinhood-main,SPY,2024-11-04,True,568.0,2024-10-28,2024-10-28 14:45:00-04:00,0.99,1.0,99.0,-33.0,-0.33333333333333337,7,581.115,exact minute,2.256868261875878,1.6508630559927062,0.15382029997596722,0.14803554682959197,before,4-14 days
Robinhood-main,SPY,2024-11-25,True,585.0,2024-11-22,2024-11-22 10:38:00-05:00,0.28,1.0,28.000000000000004,-27.000000000000004,-0.9642857142857143,3,593.885,exact minute,1.4960808910816052,1.2425822231523602,0.13251947965360789,0.08979126139200877,before,1-3 days
Robinhood-main,SPY,2025-02-21,True,609.0,2025-02-21,,0.88,1.0,88.0,250.0,2.840909090909091,0,603.120085,day VWAP,-0.9749161313372581,-2.1362585638413045,,,before,0DTE
Robinhood-main,SPY,2025-02-28,True,580.0,2025-02-06,2025-02-06 14:37:00-05:00,1.99,1.0,199.0,28.0,0.14070351758793964,22,603.05,exact minute,3.82223696210927,1.104804312776126,0.15556205282069577,0.15686705916356347,before,15+ days
Robinhood-main,SPY,2025-03-03,False,600.0,2025-02-25,,2.25,5.0,1125.0,145.0,0.12888888888888883,6,593.758989,day VWAP,1.0511017290889313,0.6640571394565391,0.14864666469645862,0.3027657744471868,before,4-14 days
Robinhood-main,SPY,2025-03-14,False,557.0,2025-03-14,,2.24,2.0,448.00000000000006,305.99999999999994,0.683035714285714,0,560.667919,day VWAP,-0.6542052569267806,-0.8055876841863542,,,before,0DTE
Robinhood-main,SPY,2025-03-14,True,556.0,2025-03-14,,2.02,1.0,1005.9999999999999,64.00000000000011,0.06361829025844945,0,560.667919,day VWAP,0.8325639548497127,1.025218402363707,0.39506825020083275,0.3142327398793683,before,0DTE
Robinhood-main,SPY,2025-03-17,False,560.0,2025-03-14,,2.53,5.0,1264.9999999999998,615.0,0.4861660079051384,3,560.667919,day VWAP,-0.119129163157984,-0.08469470353482235,0.12638921877959766,0.5505764464418296,before,1-3 days
Robinhood-main,SPY,2025-03-17,False,564.0,2025-03-14,2025-03-14 11:07:00-04:00,1.83,1.0,183.0,62.00000000000003,0.3387978142076504,3,560.52,exact minute,0.6208520659387744,0.40850170445214756,0.1754332606533067,0.33874324818459156,before,1-3 days
Robinhood-main,SPY,2025-03-18,False,559.0,2025-03-14,,4.0,3.0,1200.0,378.0,0.31499999999999995,4,560.667919,day VWAP,-0.2974878610809162,-0.1638260784188002,0.1391010809878791,0.5878297038353533,before,4-14 days
Robinhood-main,SPY,2025-03-18,False,574.0,2025-03-17,2025-03-17 15:31:00-04:00,0.5,1.0,50.0,-16.0,-0.31999999999999995,1,569.045,exact minute,0.8707571457441927,0.6801850052814314,0.14210516465639922,0.17624977902374078,before,1-3 days
Robinhood-main,SPY,2025-03-18,True,562.0,2025-03-17,,1.0,1.0,2621.0,-2057.0,-0.784814956123617,1,566.424219,day VWAP,0.7810787130202131,0.5163615395322111,0.15224580588383005,0.25032838164847626,before,1-3 days
Robinhood-main,SPY,2025-03-19,False,560.0,2025-03-14,,4.69,4.0,1876.0000000000002,767.9999999999998,0.4093816631130063,5,560.667919,day VWAP,-0.119129163157984,-0.055445698558595345,0.1650567034267563,0.528303041127801,before,4-14 days
Robinhood-main,SPY,2025-03-21,False,572.0,2025-03-17,,2.48,5.0,1240.0,30.0,0.024193548387096753,4,566.424219,day VWAP,0.9843825198441958,0.37571830182325755,0.15676982877620813,0.32379353187566773,before,4-14 days
Robinhood-main,SPY,2025-04-04,True,560.0,2025-03-17,,9.8,1.0,980.0000000000001,-340.0000000000001,-0.34693877551020413,18,566.424219,day VWAP,1.1341709595930949,0.2411566467244515,0.2366933149421408,0.40932180291408704,before,15+ days
Robinhood-main,SPY,2025-08-21,False,640.0,2025-08-20,2025-08-20 09:39:00-04:00,1.35,2.0,270.0,-22.0,-0.08148148148148149,1,638.765,exact minute,0.19334183933058538,0.19911647147809566,0.08426074293400075,0.3993300145459866,before,1-3 days
Robinhood-main,SPY,2025-08-25,True,629.0,2025-08-21,2025-08-21 09:39:00-04:00,1.3,1.0,130.0,21.0,0.16153846153846163,4,635.8972,exact minute,1.0846407249473655,0.9374033630703894,0.13825202174188386,0.23169395533797665,before,4-14 days
Robinhood-main,SPY,2025-08-25,True,630.0,2025-08-21,2025-08-21 09:35:00-04:00,1.61,1.0,161.0,-151.0,-0.937888198757764,4,635.8972,exact minute,0.9273826020935455,0.8001155148755944,0.1405465473487952,0.26877284282147795,before,4-14 days
Robinhood-main,SPY,2025-09-02,False,641.0,2025-09-02,2025-09-02 11:01:00-04:00,0.23,1.0,23.0,-8.999999999999998,-0.3913043478260869,0,637.65,exact minute,0.5253665804124555,0.9169421929271969,0.08907198517444108,0.14364386923682998,before,0DTE
Robinhood-main,SPY,2025-09-03,True,620.0,2025-08-22,2025-08-22 09:31:00-04:00,1.73,1.0,173.0,-152.0,-0.8786127167630058,12,637.76,exact minute,2.7847466131460097,1.3701905308653557,0.1579303224915616,0.1681928611372423,before,4-14 days
Robinhood-main,SPY,2025-09-29,True,654.0,2025-09-26,2025-09-26 10:41:00-04:00,0.69,1.0,69.0,-67.0,-0.9710144927536232,3,659.44,exact minute,0.8249423753487891,1.2934156969186181,0.1138285572987605,0.19444451206365843,before,1-3 days
Robinhood-main,SPY,2025-09-30,True,659.0,2025-09-29,2025-09-29 14:38:00-04:00,0.47,1.0,47.0,-5.0,-0.1063829787234043,1,663.435,exact minute,0.6684905077362433,1.2609457769801453,0.10547967453271453,0.1784640247827527,before,1-3 days
Robinhood-main,SPY,2025-10-03,True,632.0,2025-09-26,2025-09-26 15:36:00-04:00,0.2,1.0,20.0,-7.0,-0.35,7,661.46,exact minute,4.453784053457508,4.184978332338195,0.1737364156401632,0.0312552388217906,before,4-14 days
Robinhood-main,SPY,2026-02-17,True,670.0,2026-02-17,,0.48,3.0,144.0,21.0,0.14583333333333326,0,681.104238,day VWAP,1.630328719229025,2.5628606297174032,0.3007133359382386,0.10862745691805242,best run,0DTE
Robinhood-main,SPY,2026-04-24,True,704.0,2026-04-24,2026-04-24 09:56:00-04:00,0.37,1.0,37.0,-17.0,-0.45945945945945943,0,709.485,exact minute,0.773095978068601,0.6935716920934812,0.1188582551753194,0.1408420964467889,best run,0DTE
Robinhood-main,SPY,2026-04-29,True,702.0,2026-04-29,2026-04-29 14:13:00-04:00,0.34,1.0,34.0,-25.0,-0.7352941176470589,0,708.84,exact minute,0.9649568308786229,2.030180221544533,0.24930483856462385,0.11843171715100376,best run,0DTE
Robinhood-main,SPY,2026-07-06,False,751.0,2026-07-06,,0.6,1.0,60.0,-3.000000000000007,-0.050000000000000155,0,750.63835,day VWAP,0.04817899325288326,0.06014122290966675,0.05750847166820271,0.4259270466603126,after,0DTE
Robinhood-main,SPY,2026-07-06,False,752.0,2026-07-06,,0.27,1.0,61.0,-12.0,-0.19672131147540983,0,750.63835,day VWAP,0.18139893865002424,0.22643798195752446,0.05737318218650255,0.2395075677665125,after,0DTE
Robinhood-main,SPY,2026-07-06,True,750.0,2026-07-06,,0.2,1.0,135.0,-102.0,-0.7555555555555555,0,750.63835,day VWAP,0.08504095214425772,0.10615553613819094,0.033654716721816906,0.28492553171952606,after,0DTE
Robinhood-main,SPY,2026-07-06,True,751.0,2026-07-06,,0.66,1.0,112.0,-5.0,-0.044642857142857095,0,750.63835,day VWAP,-0.04817899325288326,-0.06014122290966675,0.03421684827505127,0.6237209046844372,after,0DTE
Robinhood-main,SPY,2026-07-07,False,750.0,2026-07-07,,0.24,1.0,24.0,1.0,0.04166666666666674,0,747.716422,day VWAP,0.30540696082237906,0.3761580021419113,0.07438643569044535,0.17913627639634305,after,0DTE
Robinhood-main,SPY,2026-07-07,False,751.0,2026-07-06,,1.2,1.0,183.0,-6.0,-0.032786885245901676,1,750.63835,day VWAP,0.04817899325288326,0.03472255123628939,0.05944514655439138,0.4590880234466566,after,1-3 days
Robinhood-main,SPY,2026-07-07,True,744.0,2026-07-07,,0.73,1.0,73.0,2.0,0.027397260273972712,0,747.716422,day VWAP,0.4970362948642,0.6121804793338402,0.15701371623369112,0.2370156267152208,after,0DTE
Robinhood-main,SPY,2026-07-07,True,745.0,2026-07-07,,0.07,2.0,84.0,-15.0,-0.1785714285714286,0,747.716422,day VWAP,0.3632957522497702,0.4474573990878817,0.05813199789370213,0.07973474304285721,after,0DTE
Robinhood-main,SPY,2026-07-07,True,746.0,2026-07-07,,0.19,1.0,66.0,-24.0,-0.36363636363636365,0,747.716422,day VWAP,0.22955520963534032,0.28273431884192307,0.05715008319264826,0.18298227402936007,after,0DTE
Robinhood-main,SPY,2026-07-07,True,747.0,2026-07-07,,0.12,1.0,12.0,26.0,2.1666666666666665,0,747.716422,day VWAP,0.0958146670209105,0.11801123859596453,0.02816273698924426,0.22220109296579316,after,0DTE
Robinhood-main,SPY,2026-07-08,True,739.0,2026-07-07,,0.4,1.0,115.0,-3.0,-0.02608695652173909,1,747.716422,day VWAP,1.1657390079363492,0.8289571381447692,0.12597299095826434,0.11288150897173876,after,1-3 days
Robinhood-main,SPY,2026-07-08,True,740.0,2026-07-07,,0.75,1.0,75.0,-29.0,-0.3866666666666667,1,747.716422,day VWAP,1.0319984653219194,0.7338542234230209,0.14198612218952555,0.17043387715380542,after,1-3 days
Robinhood-main,SPY,2026-07-08,True,741.0,2026-07-07,,0.72,1.0,163.0,23.0,0.14110429447852768,1,747.716422,day VWAP,0.8982579227074895,0.6387513087012722,0.12800390756560548,0.17914981707729327,after,1-3 days
Robinhood-main,SPY,2026-07-08,True,743.0,2026-07-08,,1.21,1.0,121.0,-48.0,-0.39669421487603307,0,743.669568,day VWAP,0.0900356863869985,0.1294761442766941,0.11517243924417582,0.4293042091279593,after,0DTE
Robinhood-main,SPY,2026-07-09,False,746.0,2026-07-08,,1.7,1.0,170.0,50.00000000000003,0.2941176470588236,1,743.669568,day VWAP,0.31336928392368657,0.2601781827463753,0.11808205064270937,0.36734920295916906,after,1-3 days
Robinhood-main,SPY,2026-07-09,True,733.0,2026-07-08,,0.64,1.0,64.0,9.0,0.140625,1,743.669568,day VWAP,1.4347189207559488,1.191190651745649,0.1682041027936955,0.1313435195691477,after,1-3 days
Robinhood-main,SPY,2026-07-09,True,738.0,2026-07-08,,2.27,1.0,360.0,-28.0,-0.07777777777777772,1,743.669568,day VWAP,0.7623773035714736,0.6329718692487165,0.19973632464567773,0.3070148589078536,after,1-3 days
Robinhood-main,SPY,2026-07-09,True,739.0,2026-07-08,,2.4,1.0,454.0,30.0,0.06607929515418509,1,743.669568,day VWAP,0.6279089801345785,0.52132811274933,0.1902544681182872,0.3312500746215611,after,1-3 days
Robinhood-main,SPY,2026-07-09,True,740.0,2026-07-08,,0.97,1.0,499.0,-92.0,-0.18436873747494986,1,743.669568,day VWAP,0.49344065669768356,0.4096843562499436,0.10363360976506354,0.26674975792693856,after,1-3 days
Robinhood-main,SPY,2026-07-09,True,743.0,2026-07-08,,1.35,1.0,135.0,67.99999999999997,0.5037037037037035,1,743.669568,day VWAP,0.0900356863869985,0.07475308675178417,0.07270278884796406,0.4351045675765839,after,1-3 days
Robinhood-main,SPY,2026-07-16,False,757.0,2026-07-16,,0.14,1.0,14.000000000000002,-5.000000000000002,-0.3571428571428572,0,751.286609,day VWAP,0.7604808779441458,1.3834159356242923,0.11952871531052846,0.07776407912087491,after,0DTE
Robinhood-main,SPY,2026-07-16,True,747.0,2026-07-16,,0.07,1.0,7.000000000000001,-2.000000000000001,-0.2857142857142858,0,751.286609,day VWAP,0.570569067603333,1.0379410756922653,0.08233489839872973,0.059139514309819785,after,0DTE
Robinhood-main,SPY,2026-07-17,True,746.0,2026-07-16,,0.69,1.0,69.0,37.0,0.536231884057971,1,751.286609,day VWAP,0.7036740621580809,0.7390526716826793,0.10804723695984059,0.19730464176232443,after,1-3 days
Robinhood-main,SPY,2026-07-20,False,746.0,2026-07-20,,0.56,1.0,110.0,-4.0,-0.036363636363636376,0,744.417464,day VWAP,0.2125871673531835,0.3982879213371856,0.0896533114801396,0.29813417961851907,after,0DTE
Robinhood-main,SPY,2026-07-20,True,743.0,2026-07-20,,0.42,1.0,42.0,24.0,0.5714285714285714,0,744.417464,day VWAP,0.19041251294448344,0.3567430947101924,0.07325154018531235,0.2790186945979579,after,0DTE
Robinhood-main,SPY,2026-07-20,True,744.0,2026-07-20,,0.31,1.0,479.0,125.0,0.26096033402922747,0,744.417464,day VWAP,0.056079286178594465,0.10506608936106639,0.0371004155956437,0.36682866035405626,after,0DTE
Robinhood-main,SPY,2026-07-20,True,745.0,2026-07-20,,0.84,1.0,170.0,38.0,0.22352941176470598,0,744.417464,day VWAP,-0.07825394058729453,-0.14661091598805961,0.03741700660141625,0.6802869141975759,after,0DTE
Robinhood-main,SPY,2026-07-20,True,748.0,2026-07-20,,1.28,1.0,128.0,109.0,0.8515625,0,744.417464,day VWAP,-0.4812536208849615,-0.9016419320354376,,,after,0DTE
Robinhood-main,SPY,2026-07-21,False,745.0,2026-07-21,,1.5,1.0,150.0,-7.0,-0.046666666666666634,0,747.506782,day VWAP,-0.3353524088828994,-0.646217436883716,,,after,0DTE
Robinhood-main,SPY,2026-07-21,False,746.0,2026-07-21,,1.18,3.0,354.0,-45.0,-0.1271186440677966,0,747.506782,day VWAP,-0.20157435842502414,-0.38842978846287024,,,after,0DTE
Robinhood-main,SPY,2026-07-21,False,749.0,2026-07-21,,0.51,1.0,155.0,7.0,0.04516129032258065,0,747.506782,day VWAP,0.1997597929486018,0.3849331567996673,0.08265119488454192,0.2945257564573764,after,0DTE
Robinhood-main,SPY,2026-07-21,True,738.0,2026-07-20,,1.13,1.0,112.99999999999999,-24.999999999999986,-0.22123893805309724,1,744.417464,day VWAP,0.8620786467739283,0.9324946556982536,0.150075135925201,0.22555515116043567,after,1-3 days
Robinhood-main,SPY,2026-07-21,True,740.0,2026-07-20,,1.13,1.0,457.0,-138.0,-0.30196936542669583,1,744.417464,day VWAP,0.5934121932421504,0.6418830821239401,0.1226613658865833,0.26315420632150033,after,1-3 days
Robinhood-main,SPY,2026-07-21,True,741.0,2026-07-20,,0.92,1.0,181.0,9.0,0.04972375690607733,1,744.417464,day VWAP,0.45907896647626145,0.49657729533678335,0.09724072521515739,0.26859133506583743,after,1-3 days
Robinhood-main,SPY,2026-07-21,True,742.0,2026-07-20,,1.53,1.0,327.0,148.0,0.452599388379205,1,744.417464,day VWAP,0.32474573971037246,0.3512715085496265,0.11186651618466874,0.3515288196755041,after,1-3 days
Robinhood-main,SPY,2026-07-21,True,743.0,2026-07-20,,1.47,1.0,217.0,78.0,0.35944700460829493,1,744.417464,day VWAP,0.19041251294448344,0.20596572176246974,0.09189272160043531,0.3926656991486842,after,1-3 days
Robinhood-main,SPY,2026-07-21,True,744.0,2026-07-20,,2.33,1.0,626.0,-62.0,-0.09904153354632583,1,744.417464,day VWAP,0.056079286178594465,0.060659934975312954,0.11060856257023852,0.47209649756266536,after,1-3 days
Robinhood-main,SPY,2026-07-21,True,745.0,2026-07-20,,2.16,1.0,498.0,71.0,0.142570281124498,1,744.417464,day VWAP,-0.07825394058729453,-0.08464585181184384,0.08089321889898357,0.5486361622510156,after,1-3 days
Robinhood-main,SPY,2026-07-21,True,746.0,2026-07-21,,1.2,1.0,120.0,-46.0,-0.3833333333333333,0,747.506782,day VWAP,0.20157435842502414,0.38842978846287024,0.13993229815212377,0.37189543987813356,after,0DTE
Robinhood-main,SPY,2026-07-21,True,748.0,2026-07-21,,1.03,1.0,221.0,-25.0,-0.1131221719457014,0,747.506782,day VWAP,-0.06598174249072648,-0.12714550837882144,0.05703859721282685,0.6019288874734239,after,0DTE
Robinhood-main,SPY,2026-07-21,True,749.0,2026-07-21,,0.79,2.0,517.0,2.0,0.003868471953578423,0,747.506782,day VWAP,-0.1997597929486018,-0.3849331567996673,,,after,0DTE
Robinhood-main,SPY,2026-07-22,False,749.0,2026-07-21,,1.76,1.0,176.0,-8.0,-0.045454545454545414,1,747.506782,day VWAP,0.1997597929486018,0.22224126169830033,0.10571155240919283,0.40492993477905986,after,1-3 days
Robinhood-main,SPY,2026-07-22,True,742.0,2026-07-21,,1.32,1.0,132.0,-36.0,-0.2727272727272727,1,747.506782,day VWAP,0.7366865602565253,0.8195951157684512,0.1476428367772205,0.2562910579896791,after,1-3 days
Robinhood-main,SPY,2026-07-22,True,743.0,2026-07-21,,1.83,1.0,376.0,66.0,0.17553191489361697,1,747.506782,day VWAP,0.60290850979865,0.6707613475589153,0.1590896168853062,0.3089494396728487,after,1-3 days
Robinhood-main,SPY,2026-07-22,True,745.0,2026-07-21,,1.04,1.0,616.0,-68.0,-0.11038961038961037,1,747.506782,day VWAP,0.3353524088828994,0.3730938111398434,0.08945254112593329,0.3120012310530026,after,1-3 days
Robinhood-main,SPY,2026-07-22,True,746.0,2026-07-22,,1.63,1.0,163.0,-126.0,-0.7730061349693251,0,748.264626,day VWAP,0.3026504155496482,0.5669107495271491,0.19637311993941728,0.3628328308261525,after,0DTE
Robinhood-main,SPY,2026-07-22,True,747.0,2026-07-21,,2.02,1.0,202.0,-15.0,-0.07425742574257421,1,747.506782,day VWAP,0.06779630796714882,0.07542627472077156,0.09845218162517577,0.46291852635726904,after,1-3 days
Robinhood-main,SPY,2026-07-22,True,748.0,2026-07-21,,1.97,1.0,390.0,-13.0,-0.033333333333333326,1,747.506782,day VWAP,-0.06598174249072648,-0.07340749348876438,0.07439007260969507,0.5446108330786487,after,1-3 days
Robinhood-main,SPY,2026-07-23,True,747.0,2026-07-21,,2.5,1.0,250.0,-11.0,-0.04400000000000004,2,747.506782,day VWAP,0.06779630796714882,0.05842494117200275,0.09247586248798968,0.4688203728221133,after,1-3 days
Robinhood-main,SPY,2026-07-24,True,740.0,2026-07-20,,3.05,1.0,1982.0,-167.0,-0.08425832492431884,4,744.417464,day VWAP,0.5934121932421504,0.3705913702525235,0.12505377878058044,0.35773645844182067,after,4-14 days
Robinhood-main,SPY,2026-07-27,True,730.0,2026-07-20,,2.16,1.0,216.0,-32.0,-0.14814814814814814,7,744.417464,day VWAP,1.9367444609010402,1.0940472298224626,0.1652786111996765,0.20805873389153884,after,4-14 days
Robinhood-main,SPY,2026-07-27,True,735.0,2026-07-20,,2.88,1.0,288.0,-98.0,-0.3402777777777778,7,744.417464,day VWAP,1.2650783270715953,0.7146298684118626,0.14995866236729657,0.27901924134046696,after,4-14 days
Robinhood-main,SPY,2026-07-28,True,728.0,2026-07-27,,0.24,1.0,24.0,-5.0,-0.20833333333333337,1,739.300823,day VWAP,1.5285824996301993,1.7009918160987936,0.1356698759116064,0.06985516213715759,after,1-3 days
Robinhood-main,SPY,2026-07-28,True,730.0,2026-07-20,,2.23,1.0,223.0,6.999999999999972,0.03139013452914785,8,744.417464,day VWAP,1.9367444609010402,1.0063770799603682,0.15407079139094942,0.21105920804033018,after,4-14 days
Robinhood-main,SPY,2026-07-29,False,744.0,2026-07-29,,0.4,1.0,80.0,-6.0,-0.07499999999999996,0,734.819204,day VWAP,1.249395218582228,2.888480326867725,0.22765711153773796,0.11135336455443096,after,0DTE
Robinhood-main,SPY,2026-07-29,True,724.0,2026-07-29,,0.38,1.0,76.0,-4.0,-0.052631578947368474,0,734.819204,day VWAP,1.4723627174011653,3.4039595157509956,0.2563530152577159,0.09599616687363177,after,0DTE
Robinhood-main,SPY,2026-07-29,True,725.0,2026-07-29,,0.42,1.0,132.0,-12.0,-0.09090909090909094,0,734.819204,day VWAP,1.3362748206019956,3.0893375236200593,0.24537756050626,0.10817651600077915,after,0DTE
Robinhood-main,SPY,2026-07-29,True,731.0,2026-07-29,,1.08,1.0,108.0,-52.99999999999999,-0.4907407407407407,0,734.819204,day VWAP,0.5197474398069778,1.2016055708344435,0.19556173727397003,0.27339836382461735,after,0DTE
Robinhood-main,SPY,2026-07-31,True,714.0,2026-07-29,,1.14,1.0,113.99999999999999,-4.999999999999972,-0.04385964912280682,2,734.819204,day VWAP,2.833241685392862,2.9293292972176523,0.25197086535832736,0.12347882301748703,after,1-3 days
Robinhood-main,SPY,2026-07-31,True,716.0,2026-07-29,,1.19,1.0,119.0,4.0,0.03361344537815136,2,734.819204,day VWAP,2.561065891794523,2.6479228325691815,0.23782056735747575,0.13412130085430773,after,1-3 days
Robinhood-main,T,2024-03-01,True,16.5,2024-02-22,,0.17,3.0,150.0,-94.0,-0.6266666666666667,8,16.593397,day VWAP,0.5628564181282442,0.14715738278137294,0.20134258979087472,0.42437148098952526,before,4-14 days
Robinhood-main,T,2024-03-08,True,16.0,2024-02-26,,0.07,5.0,35.0,-20.0,-0.5714285714285714,11,16.624459,day VWAP,3.7562665949009326,0.9343599839496035,0.21948852566179863,0.17886237652220094,before,4-14 days
Robinhood-main,T,2024-03-08,True,16.5,2024-02-26,,0.16,4.0,116.0,-39.0,-0.3362068965517241,11,16.624459,day VWAP,0.7486499259915864,0.18622441063766385,0.16879586277547118,0.4029660018515262,before,4-14 days
Robinhood-main,T,2024-03-08,True,17.0,2024-03-05,,0.09,4.0,54.0,-24.0,-0.4444444444444444,3,17.217872,day VWAP,1.2653828533514468,0.5685686962867897,0.22147058868955244,0.30820161181814865,before,1-3 days
Robinhood-main,T,2024-05-24,False,17.5,2024-05-20,2024-05-20 09:55:00-04:00,0.09,1.0,9.0,-4.0,-0.4444444444444444,4,17.41,exact minute,0.5169442848937383,0.27815722930583564,0.13347209761125348,0.3948553521788382,before,4-14 days
Robinhood-main,T,2024-05-31,False,18.0,2024-05-20,2024-05-20 09:55:00-04:00,0.03,3.0,9.0,-6.0,-0.6666666666666667,11,17.41,exact minute,3.388856978747845,1.2852255997065993,0.14333703678287543,0.12369564853838177,before,4-14 days
Robinhood-main,TGT,2024-02-02,True,135.0,2024-01-24,,0.35,3.0,225.0,87.0,0.3866666666666667,9,140.006684,day VWAP,3.576032127151877,1.1366605709596869,0.1990364230618193,0.14058468299868032,before,4-14 days
Robinhood-main,TSLA,2024-01-26,True,175.0,2024-01-25,,0.45,1.0,87.0,103.0,1.1839080459770117,1,184.845428,day VWAP,5.3263032288794285,2.501128576581554,0.5874069031246354,0.10927417030235675,before,1-3 days
Robinhood-main,TSLA,2024-03-08,True,170.0,2024-02-23,,0.5,1.0,50.0,-21.000000000000004,-0.42000000000000004,14,193.969422,day VWAP,12.35731990787703,0.9887194162166282,0.43739727093054787,0.06400650606000591,before,4-14 days
Robinhood-main,TSLA,2024-03-15,True,165.0,2024-02-23,,0.61,1.0,82.0,80.0,0.975609756097561,21,193.969422,day VWAP,14.93504579293947,0.9835221200050828,0.4425611401555192,0.06318020571958782,before,15+ days
Robinhood-main,TSLA,2024-03-15,True,170.0,2024-02-23,,0.96,1.0,186.0,-54.0,-0.29032258064516125,21,193.969422,day VWAP,12.35731990787703,0.8137703520883667,0.4244329723075378,0.09582625360787023,before,15+ days
Robinhood-main,TSLA,2024-03-15,True,172.5,2024-03-11,,1.68,1.0,168.0,120.0,0.7142857142857142,4,178.991442,day VWAP,3.6266773022589573,0.5640885024655686,0.44213764474550304,0.25630625433270926,before,4-14 days
Robinhood-main,TSLA,2024-03-22,True,155.0,2024-03-19,,0.24,1.0,24.0,-22.0,-0.9166666666666666,3,170.802193,day VWAP,9.251750649360801,1.5807524436168219,0.5197686548517968,0.053102755718293926,before,1-3 days
Robinhood-main,TSLA,2024-03-22,True,162.5,2024-03-20,,0.41,1.0,41.0,-34.0,-0.8292682926829268,2,173.392991,day VWAP,6.282255665109321,1.2895277442441408,0.5109424489571345,0.09673591373976809,before,1-3 days
Robinhood-main,TSLA,2024-03-28,True,152.5,2024-03-19,,0.62,1.0,62.0,-51.0,-0.8225806451612903,9,170.802193,day VWAP,10.715432090500144,1.2506996298950783,0.5011073216809978,0.08782020973148463,before,4-14 days
Robinhood-main,TSLA,2024-04-19,True,143.0,2024-04-18,,0.52,1.0,101.0,-69.0,-0.6831683168316831,1,150.45591,day VWAP,4.955544783850624,1.4427105479918645,0.6207349751885876,0.13891108013301112,before,1-3 days
Robinhood-main,TSLA,2024-04-19,True,145.0,2024-04-18,2024-04-18 15:55:00-04:00,0.39,1.0,39.0,-23.0,-0.5897435897435898,1,150.2,exact minute,3.462050599201058,1.226593327810433,0.536348706673502,0.1461215670593925,before,1-3 days
Robinhood-main,TSLA,2024-04-19,True,160.0,2024-04-11,,1.25,1.0,125.0,-52.0,-0.41600000000000004,8,172.472538,day VWAP,7.231608083601104,0.9127605818565256,0.49914981286606513,0.16442109563411011,before,4-14 days
Robinhood-main,TSLA,2024-06-07,False,180.0,2024-06-06,,0.48,1.0,48.0,61.000000000000014,1.2708333333333335,1,176.303407,day VWAP,2.096722384950852,0.6936713161348657,0.31688193279853283,0.201426988086356,before,1-3 days
Robinhood-main,TSLA,2024-06-07,True,170.0,2024-06-06,,0.76,1.0,76.0,-33.0,-0.4342105263157895,1,176.303407,day VWAP,3.5753177475464177,1.1828439403049544,0.5401085127722947,0.1855136053226205,before,1-3 days
Robinhood-main,TSLA,2024-06-14,False,200.0,2024-06-06,,0.44,1.0,44.0,32.0,0.7272727272727273,8,176.303407,day VWAP,13.440802649945391,2.1361264632053913,0.5176797582408935,0.07007222147063062,before,4-14 days
Robinhood-main,TSLA,2024-06-14,True,170.0,2024-06-10,,2.38,1.0,238.0,114.0,0.47899159663865554,4,175.405541,day VWAP,3.0817390198636883,0.5967310756243092,0.4980972186095194,0.3072856125640029,before,4-14 days
Robinhood-main,TSLA,2024-07-05,True,230.0,2024-07-03,2024-07-03 09:37:00-04:00,1.47,1.0,147.0,-117.0,-0.7959183673469388,2,237.4153,exact minute,3.123345462571284,0.5662497626708459,0.41124125680321544,0.23218152091061972,before,1-3 days
Robinhood-main,TSLA,2024-07-19,True,232.5,2024-07-19,,0.14,1.0,14.000000000000002,-4.000000000000002,-0.2857142857142858,0,241.524185,day VWAP,3.736348390948918,1.3824227637486293,0.5417869608006125,0.05592231740415465,before,0DTE
Robinhood-main,TSLA,2024-07-19,True,240.0,2024-07-19,,0.68,1.0,68.0,24.0,0.3529411764705883,0,241.524185,day VWAP,0.6310693067859803,0.2334912283119408,0.3044840891120952,0.31791039739484794,before,0DTE
Robinhood-main,TSLA,2024-07-19,True,242.5,2024-07-19,,1.1,1.0,110.00000000000001,114.99999999999999,1.045454545454545,0,241.524185,day VWAP,-0.40402372126833236,-0.14948595016695537,0.10579003871046733,0.8032547416061897,before,0DTE
Robinhood-main,TSLA,2024-07-26,True,210.0,2024-07-19,,1.99,1.0,199.0,-112.0,-0.5628140703517588,7,241.524185,day VWAP,13.052185643437733,1.456063822504689,0.8644641238812955,0.1232278356939367,before,4-14 days
Robinhood-main,TSLA,2024-08-02,True,210.0,2024-07-26,2024-07-26 13:43:00-04:00,2.32,1.0,554.0,-360.0,-0.6498194945848376,7,220.0101,exact minute,4.549836575684477,0.38098148430427664,0.48449166231250984,0.243571757553801,before,4-14 days
Robinhood-main,TSLA,2024-09-06,True,230.0,2024-09-06,,1.76,1.0,176.0,354.0,2.0113636363636362,0,218.425428,day VWAP,-5.299095488094906,-2.249102189768455,,,before,0DTE
Robinhood-main,TSLA,2024-09-20,True,205.0,2024-09-12,,1.42,1.0,142.0,-58.0,-0.4084507042253521,8,229.004444,day VWAP,10.482086539770384,1.0568934110259325,0.6167292685046604,0.12151064658282906,before,4-14 days
Robinhood-main,TSLA,2024-09-27,True,205.0,2024-09-17,,0.88,1.0,88.0,26.999999999999986,0.30681818181818166,10,230.678221,day VWAP,11.131619139719309,1.063013299384197,0.4916245493421316,0.08815749929437,before,4-14 days
Robinhood-main,TSLA,2024-09-27,True,235.0,2024-09-24,2024-09-24 15:23:00-04:00,0.52,1.0,164.0,-84.0,-0.5121951219512195,3,252.91,exact minute,7.081570519157012,1.1024696329045605,0.48573965414217246,0.08205795856058296,before,1-3 days
Robinhood-main,TSLA,2024-10-04,False,255.0,2024-10-02,2024-10-02 15:50:00-04:00,1.91,1.0,191.0,-16.0,-0.08376963350785338,2,248.72,exact minute,2.52492762946285,0.521239563194187,0.4826574869986595,0.2895832135597432,before,1-3 days
Robinhood-main,TSLA,2024-10-04,True,230.0,2024-09-26,2024-09-26 13:21:00-04:00,1.8,1.0,180.0,-66.00000000000001,-0.3666666666666667,8,252.66,exact minute,8.968574368716851,1.0187996385311446,0.579933225727204,0.14403956360602033,before,4-14 days
Robinhood-main,TSLA,2024-10-04,True,240.0,2024-10-02,,2.33,1.0,233.0,148.0,0.6351931330472103,2,247.20837,day VWAP,2.91590855115464,0.5418431342648478,0.532322905495634,0.27939317080014026,before,1-3 days
Robinhood-main,TSLA,2024-10-04,True,245.0,2024-09-30,,2.77,1.0,444.0,382.0,0.8603603603603605,4,260.055672,day VWAP,5.789403432046663,0.7878328394518886,0.6086111713929777,0.21947987916486,before,4-14 days
Robinhood-main,TSLA,2024-10-25,True,250.0,2024-10-25,2024-10-25 09:51:00-04:00,0.14,1.0,14.000000000000002,-8.000000000000002,-0.5714285714285715,0,267.9601,exact minute,6.702527727075788,1.2814111853063042,0.6270996059758994,0.03402158803182498,before,0DTE
Robinhood-main,TSLA,2024-11-01,True,242.5,2024-10-28,2024-10-28 10:16:00-04:00,0.61,1.0,61.0,31.0,0.5081967213114753,4,269.53,exact minute,10.028568248432448,0.8404705395274441,0.5233954310122864,0.06850142150060778,before,4-14 days
Robinhood-main,TSLA,2024-11-01,True,247.5,2024-11-01,2024-11-01 14:39:00-04:00,0.49,1.0,173.0,-165.0,-0.953757225433526,0,248.345,exact minute,0.34025247136040543,0.13940745568684382,0.29802553110444424,0.3436066078716493,before,0DTE
Robinhood-main,TSLA,2024-11-22,True,310.0,2024-11-19,,1.96,1.0,196.0,-120.0,-0.6122448979591837,3,342.868436,day VWAP,9.586311409546015,0.7915721545545985,0.7667171260399724,0.12293206078052654,before,1-3 days
Robinhood-main,TSLA,2024-11-29,True,320.0,2024-11-27,2024-11-27 15:58:00-05:00,0.28,1.0,28.000000000000004,-21.000000000000004,-0.75,2,332.8262,exact minute,3.8537230542547354,0.5417067115670101,0.3007264311486124,0.07001794094004343,before,1-3 days
Robinhood-main,TSLA,2024-11-29,True,330.0,2024-11-26,2024-11-26 15:53:00-05:00,2.48,1.0,616.0,298.0,0.48376623376623384,3,338.16,exact minute,2.413058907026267,0.2758594184828652,0.38720363082206527,0.2750391401326462,before,1-3 days
Robinhood-main,TSLA,2024-12-06,True,330.0,2024-12-02,2024-12-02 12:18:00-05:00,1.05,1.0,105.0,-18.0,-0.17142857142857137,4,356.315,exact minute,7.385319169835679,0.6973107048376844,0.45411742732922067,0.09935146922787963,before,4-14 days
Robinhood-main,TSLA,2024-12-06,True,370.0,2024-12-06,2024-12-06 09:30:00-05:00,1.5,1.0,150.0,-146.0,-0.9733333333333334,0,377.5,exact minute,1.9867549668874174,0.49356681266684527,0.45089864975890104,0.23554454436733585,before,0DTE
Robinhood-main,TSLA,2024-12-20,True,440.0,2024-12-17,,4.09,1.0,409.0,-251.0,-0.6136919315403423,3,473.779226,day VWAP,7.129739791503647,1.2868434987489585,0.719686629244223,0.18022875890625578,before,1-3 days
Robinhood-main,TSLA,2025-02-14,True,335.0,2025-02-13,2025-02-13 09:30:00-05:00,2.52,1.0,252.0,-172.0,-0.6825396825396826,1,345.0,exact minute,2.898550724637681,0.6139148763953466,0.5211787353211914,0.2556800023546423,before,1-3 days
Robinhood-main,TSLA,2025-02-28,False,327.5,2025-02-25,2025-02-25 13:57:00-05:00,1.49,1.0,149.0,-5.0,-0.03355704697986572,3,302.28,exact minute,8.343257906576694,1.4823829992556405,0.6245613788545707,0.1394517042363569,before,1-3 days
Robinhood-main,TSLA,2025-02-28,True,275.0,2025-02-26,,1.97,1.0,197.0,-31.0,-0.15736040609137059,2,296.998498,day VWAP,7.406939142163603,1.3250793300349781,0.7925042479001166,0.15519779108786813,before,1-3 days
Robinhood-main,TSLA,2025-02-28,True,300.0,2025-02-26,,6.3,1.0,630.0,440.0,0.6984126984126984,2,296.998498,day VWAP,-1.0106118449124335,-0.18079544609175918,0.3917109847672594,0.5941453457977466,before,1-3 days
Robinhood-main,TSLA,2025-03-14,False,270.0,2025-03-10,,1.88,1.0,188.0,-8.0,-0.04255319148936165,4,232.310131,day VWAP,16.223945480879603,2.070870469921526,0.9561237736563066,0.13288561115449532,before,4-14 days
Robinhood-main,TSLA,2025-03-21,False,275.0,2025-03-10,2025-03-10 12:54:00-04:00,2.79,1.0,279.0,-33.99999999999997,-0.12186379928315405,11,230.9899,exact minute,19.0528243875598,1.6758239800664765,0.8225876473931377,0.155410575376902,before,4-14 days
Robinhood-main,TSLA,2025-04-04,False,260.0,2025-03-11,,10.25,1.0,1025.0,35.0,0.034146341463414664,24,229.314974,day VWAP,13.381169779170197,0.624198763809298,0.846826907301774,0.33264611740041167,before,15+ days
Robinhood-main,TSLA,2025-06-27,True,325.0,2025-06-24,2025-06-24 09:30:00-04:00,1.07,1.0,107.0,84.0,0.7850467289719627,3,356.21,exact minute,8.761685522584987,0.884952769321526,0.5568208148360582,0.08977286671606288,before,1-3 days
Robinhood-main,TSLA,2025-09-19,True,410.0,2025-09-18,,1.9,1.0,190.0,-71.0,-0.37368421052631584,1,424.710576,day VWAP,3.463670751632049,0.9956936214623221,0.5372086683325363,0.19181289993387474,before,1-3 days
Robinhood-main,TSLA,2025-09-19,True,415.0,2025-09-19,2025-09-19 11:06:00-04:00,0.41,1.0,41.0,-34.0,-0.8292682926829268,0,423.657,exact minute,2.043398315146447,0.82046300735953,0.31574131111865494,0.11426538316859558,before,0DTE
Robinhood-main,TSLA,2025-09-19,True,420.0,2025-09-19,,2.46,1.0,246.0,-225.0,-0.9146341463414634,0,425.25338,day VWAP,1.2353529088939852,0.6090505999624433,0.6150868996301637,0.32010812671528843,before,0DTE
Robinhood-main,TSLA,2025-09-26,True,390.0,2025-09-22,2025-09-22 09:34:00-04:00,0.89,1.0,89.0,-43.0,-0.4831460674157303,4,431.0,exact minute,9.51276102088167,1.5122165498016333,0.4852719270269586,0.06706256521167497,before,4-14 days
Robinhood-main,TSLA,2025-10-03,True,430.0,2025-10-03,,1.14,1.0,113.99999999999999,185.0,1.62280701754386,0,428.27685,day VWAP,-0.40234488509009425,-0.17787883004896,,,before,0DTE
Robinhood-main,TSLA,2025-10-10,True,420.0,2025-10-08,,3.73,1.0,373.0,-226.0,-0.6058981233243967,2,434.590574,day VWAP,3.3573148781639253,0.5995356194871144,0.5450526496190801,0.25585277143003016,before,1-3 days
Robinhood-main,TSLA,2025-12-05,True,410.0,2025-12-01,2025-12-01 09:30:00-05:00,3.6,1.0,360.0,-311.0,-0.8638888888888889,4,425.39,exact minute,3.6178565551611435,0.4812171690347821,0.39835775410152724,0.24674725589639301,best run,4-14 days
Robinhood-main,TSLA,2025-12-05,True,430.0,2025-12-04,2025-12-04 09:30:00-05:00,0.94,1.0,94.0,-69.0,-0.7340425531914894,1,449.8,exact minute,4.401956425077815,1.0026597540290147,0.42300217499365644,0.11247795156335649,best run,1-3 days
Robinhood-main,TSLA,2025-12-05,True,440.0,2025-12-04,2025-12-04 09:30:00-05:00,2.47,1.0,268.0,-162.0,-0.6044776119402986,1,449.8,exact minute,2.17874610938195,0.496265938862846,0.3903308812048942,0.25756594143560707,best run,1-3 days
Robinhood-main,TSLA,2025-12-05,True,450.0,2025-12-05,2025-12-05 10:32:00-05:00,0.77,1.0,141.0,-116.0,-0.8226950354609929,0,455.7701,exact minute,1.2660110876075488,0.46080079956940856,0.2626800285154032,0.1984466986417026,best run,0DTE
Robinhood-main,TSLA,2025-12-19,True,465.0,2025-12-18,2025-12-18 09:30:00-05:00,2.22,1.0,378.0,-234.0,-0.6190476190476191,1,478.01,exact minute,2.7217003828371773,0.7403044027173902,0.4086302135730848,0.21881277674248056,best run,1-3 days
Robinhood-main,TSLA,2025-12-19,True,467.5,2025-12-17,2025-12-17 09:30:00-05:00,2.43,1.0,243.00000000000003,141.99999999999997,0.5843621399176953,2,488.37,exact minute,4.273399266949241,1.0499097030816307,0.4520350940654931,0.18136808692382178,best run,1-3 days
Robinhood-main,TSLA,2026-02-11,True,410.0,2026-02-09,2026-02-09 10:51:00-05:00,3.6,1.0,360.0,-311.0,-0.8638888888888889,2,415.6282,exact minute,1.354142957576024,0.323374389508352,0.34605549033474187,0.3473473871312791,best run,1-3 days
Robinhood-main,TSLA,2026-02-27,True,405.0,2026-02-23,,7.04,1.0,704.0,151.0000000000001,0.21448863636363646,4,398.92443,day VWAP,-1.522987699700424,-0.3462685773086456,0.14467799832378755,0.7799854147235685,best run,4-14 days
Robinhood-main,TSLA,2026-03-02,True,380.0,2026-02-20,2026-02-20 09:53:00-05:00,2.6,1.0,260.0,140.0,0.5384615384615385,10,409.25,exact minute,7.147220525351253,1.1769312757100796,0.45710384929069936,0.15495176057509275,best run,4-14 days
Robinhood-main,TSLA,2026-03-02,True,400.0,2026-02-27,,3.6,1.0,2195.0,550.0,0.2505694760820045,3,401.984409,day VWAP,0.4936532252423819,0.17951135761045597,0.3665007920805559,0.42498632815190285,best run,1-3 days
Robinhood-main,TSLA,2026-03-06,True,410.0,2026-02-25,2026-02-25 14:14:00-05:00,7.4,1.0,740.0,132.0000000000001,0.17837837837837855,9,416.26,exact minute,1.5038677749483473,0.2590133001617469,0.3653341971112059,0.39158288594138546,best run,4-14 days
Robinhood-main,TSLA,2026-03-13,True,392.5,2026-03-12,2026-03-12 13:18:00-04:00,1.78,1.0,272.0,59.0,0.21691176470588225,1,400.0396,exact minute,1.884713413372078,0.8706616649744866,0.38827139623637924,0.2519297884794163,best run,1-3 days
Robinhood-main,TSLA,2026-03-13,True,395.0,2026-03-13,2026-03-13 13:31:00-04:00,1.65,1.0,165.0,116.0,0.7030303030303031,0,395.015,exact minute,0.003797324152243929,0.0031966273386268536,0.270132278668513,0.4964616703813962,best run,0DTE
Robinhood-main,TSLA,2026-03-13,True,400.0,2026-02-27,,11.0,1.0,1100.0,654.0,0.5945454545454545,14,401.984409,day VWAP,0.4936532252423819,0.06784891567840694,0.3665317953489121,0.45876206667705044,best run,4-14 days
Robinhood-main,TSLA,2026-03-16,True,390.0,2026-03-12,,2.38,1.0,238.0,237.0,0.9957983193277311,4,398.620915,day VWAP,2.162685066336779,0.7517347281954738,0.36254459058279265,0.26646581238734823,best run,4-14 days
Robinhood-main,TSLA,2026-04-10,False,350.0,2026-04-09,,2.17,1.0,452.0,-220.00000000000003,-0.48672566371681425,1,343.868382,day VWAP,1.7831293369682366,0.5473646617367802,0.43086759863510965,0.3032560201710285,best run,1-3 days
Robinhood-main,TSLA,2026-04-13,False,350.0,2026-04-09,,4.1,2.0,819.9999999999999,-47.999999999999886,-0.05853658536585349,4,343.868382,day VWAP,1.7831293369682366,0.42398684384180113,0.487946489793659,0.3671688172264944,best run,4-14 days
Robinhood-main,TSLA,2026-04-15,True,345.0,2026-04-14,,0.58,1.0,57.99999999999999,-43.99999999999999,-0.7586206896551724,1,363.051254,day VWAP,4.972095207251363,1.5695769781816171,0.49714815082501695,0.08869697592326498,best run,1-3 days
Robinhood-main,TSLA,2026-05-01,False,392.5,2026-04-30,2026-04-30 09:35:00-04:00,0.45,1.0,45.0,31.0,0.6888888888888889,1,370.565,exact minute,5.919339387152052,1.5213530757713634,0.43660800720780585,0.07161483540375416,best run,1-3 days
Robinhood-main,TSLA,2026-06-17,True,397.5,2026-06-17,,0.56,1.0,115.0,34.0,0.29565217391304355,0,400.177831,day VWAP,0.6691602564061141,0.31772480376533213,0.21771941231738146,0.2428492642505382,after,0DTE
Robinhood-main,TSLA,2026-06-29,True,360.0,2026-06-26,,2.0,1.0,200.0,-137.0,-0.685,3,380.455716,day VWAP,5.376635213965348,1.430583569595711,0.7580672084004185,0.16498346707181177,after,1-3 days
Robinhood-main,TSLA,2026-06-29,True,387.5,2026-06-29,,1.46,1.0,288.0,-116.0,-0.4027777777777778,0,402.677682,day VWAP,3.769188777638788,1.7245241632923445,0.9073856353123442,0.16582731354497948,after,0DTE
Robinhood-main,TSLA,2026-06-29,True,392.5,2026-06-29,,0.51,1.0,51.0,-38.0,-0.7450980392156863,0,402.677682,day VWAP,2.5275008908986427,1.1564123253673093,0.48875347291330173,0.11765964826684328,after,0DTE
Robinhood-main,TSLA,2026-06-29,True,397.5,2026-06-29,,0.24,1.0,24.0,-16.0,-0.6666666666666667,0,402.677682,day VWAP,1.2858130041584983,0.5883004874422746,0.2415027629986085,0.11344414159560245,after,0DTE
Robinhood-main,TSLA,2026-06-29,True,400.0,2026-06-29,,0.19,1.0,19.0,-9.0,-0.4736842105263158,0,402.677682,day VWAP,0.6649690607884259,0.30424456847975717,0.14191883374361236,0.14489574041646924,after,0DTE
Robinhood-main,TSLA,2026-07-01,True,415.0,2026-07-01,,1.0,1.0,100.0,-85.0,-0.85,0,426.302501,day VWAP,2.651286580183588,1.056059745891143,0.6159990688382763,0.16035137464725058,after,0DTE
Robinhood-main,TSLA,2026-07-01,True,417.5,2026-07-01,,0.32,1.0,32.0,-15.0,-0.46875,0,426.302501,day VWAP,2.064848547534092,0.8224699090286772,0.3639310693875906,0.0976273149968383,after,0DTE
Robinhood-main,TSLA,2026-07-08,True,390.0,2026-07-08,,1.22,1.0,210.0,66.0,0.3142857142857143,0,393.974115,day VWAP,1.0087249006194186,0.35396586975201655,0.39687891331287256,0.2801707848023729,after,0DTE
Robinhood-main,TSLA,2026-07-10,True,370.0,2026-07-08,,0.78,1.0,78.0,-15.0,-0.1923076923076923,2,393.974115,day VWAP,6.0852005467415,0.9549453979902806,0.47561550246562906,0.08867235244341765,after,1-3 days
Robinhood-main,TSLA,2026-07-13,True,387.5,2026-07-13,,0.76,1.0,76.0,-5.0,-0.06578947368421051,0,395.108079,day VWAP,1.9255690795429103,0.713025105535405,0.4654993202635346,0.17154388477821958,after,0DTE
Robinhood-main,TSLA,2026-07-15,True,392.5,2026-07-15,,0.4,1.0,40.0,15.000000000000007,0.3750000000000002,0,397.023721,day VWAP,1.1394082420581673,0.4305523107826115,0.26264338503733503,0.16222081253162446,after,0DTE
Robinhood-main,TSLA,2026-07-17,True,377.5,2026-07-16,,1.04,1.0,104.0,-35.0,-0.33653846153846156,1,390.424151,day VWAP,3.3102847164800506,0.7244750061529428,0.43118507471489564,0.15184511469123974,after,1-3 days
Robinhood-main,TSLA,2026-07-20,True,372.5,2026-07-20,,0.61,1.0,61.0,3.0,0.049180327868852514,0,373.915284,day VWAP,0.37850391801582134,0.1432045716488333,0.178783190594541,0.3155518702634269,after,0DTE
Robinhood-main,TSLA,2026-07-24,False,310.0,2026-07-24,,0.71,2.0,142.0,40.0,0.2816901408450705,0,311.861714,day VWAP,-0.5969677957968276,-0.168651458297032,,,after,0DTE
Robinhood-main,TSLA,2026-07-24,True,350.0,2026-07-20,,2.54,1.0,254.0,0.9999999999999716,0.003937007874015741,4,373.915284,day VWAP,6.395909721625603,0.8066173764606559,0.5396333137180576,0.1703869258876627,after,4-14 days
Robinhood-main,TSLA,2026-07-24,True,355.0,2026-07-20,,3.1,1.0,610.0,10.0,0.016393442622950838,4,373.915284,day VWAP,5.058708431934541,0.6379768166285719,0.5037514934906334,0.21046406477117596,after,4-14 days
Robinhood-main,UBER,2024-01-26,True,65.0,2024-01-25,,0.36,2.0,72.0,-38.0,-0.5277777777777778,1,65.389291,day VWAP,0.5953436626190061,0.2438089936485263,0.26519471626933266,0.38129708545095353,before,1-3 days
Robinhood-main,UBER,2024-03-15,True,76.0,2024-03-14,,0.23,1.0,23.0,17.0,0.7391304347826086,1,77.64564,day VWAP,2.1194235761338307,0.4905405366832985,0.3369346695767029,0.20127408574606598,before,1-3 days
Robinhood-main,UBER,2026-07-24,True,71.0,2026-07-21,,0.89,1.0,89.0,-4.0,-0.0449438202247191,3,71.805753,day VWAP,1.1221287519956733,0.22478362347166456,0.37292756643947095,0.3902229270088602,after,1-3 days
Robinhood-main,ULTA,2026-03-13,True,570.0,2026-03-13,,5.5,1.0,550.0,891.0,1.62,0,551.423041,day VWAP,-3.36891236287676,-2.4878773748902034,,,best run,0DTE
Robinhood-main,UNH,2024-04-05,False,480.0,2024-04-03,2024-04-03 09:40:00-04:00,0.32,1.0,32.0,-24.0,-0.75,2,456.32,exact minute,5.189340813464237,1.6701655306113303,0.28670383924904863,0.05384474468794943,before,1-3 days
Robinhood-main,UNH,2024-04-26,False,490.0,2024-04-15,,0.95,1.0,95.0,80.0,0.8421052631578947,11,445.953166,day VWAP,9.877008923398918,1.8825606368685925,0.3308846753745075,0.07578464808928194,before,4-14 days
Robinhood-main,UNH,2024-04-26,False,500.0,2024-04-25,2024-04-25 09:41:00-04:00,0.8,1.0,80.0,20.0,0.25,1,492.17,exact minute,1.5909137086778924,0.4836761870682204,0.19188396053616574,0.1784122250495549,before,1-3 days
Robinhood-main,UNH,2024-05-24,False,530.0,2024-05-23,,0.4,1.0,40.0,-16.0,-0.4,1,517.057982,day VWAP,2.503010967926603,2.29747884539592,0.23860175307329073,0.09114129417252848,before,1-3 days
Robinhood-main,UNH,2024-05-24,True,500.0,2024-05-16,2024-05-16 13:16:00-04:00,0.46,1.0,46.0,-28.0,-0.6086956521739131,8,523.1801,exact minute,4.430615766922334,1.4975127297803001,0.18994470682987685,0.06553890032983056,before,4-14 days
Robinhood-main,UNH,2024-07-19,True,545.0,2024-07-17,2024-07-17 10:56:00-04:00,0.3,1.0,76.0,-43.0,-0.5657894736842105,2,566.605,exact minute,3.813062009689293,1.086149930895061,0.22920679401334126,0.0518622111677387,before,1-3 days
Robinhood-main,UNH,2024-07-26,False,580.0,2024-07-22,,0.91,1.0,91.0,-34.99999999999999,-0.3846153846153846,4,559.850443,day VWAP,3.5990963751010123,0.7678231191028947,0.2183058146007075,0.115562341620919,before,4-14 days
Robinhood-main,UNH,2024-08-02,True,545.0,2024-07-29,2024-07-29 10:53:00-04:00,1.1,1.0,110.00000000000001,-86.00000000000001,-0.7818181818181819,4,565.25,exact minute,3.582485625829279,0.7356951393587726,0.23057466732484702,0.12224002541237378,before,4-14 days
Robinhood-main,UNH,2024-08-09,True,550.0,2024-08-06,2024-08-06 14:37:00-04:00,0.9,1.0,90.0,126.0,1.4,3,576.535,exact minute,4.602495945606072,1.2092588238635482,0.3183117701094001,0.09193559404550189,before,1-3 days
Robinhood-main,UNH,2024-08-09,True,560.0,2024-08-06,2024-08-06 14:38:00-04:00,1.6,1.0,160.0,340.0,2.125,3,576.535,exact minute,2.867995871889819,0.7538375097102641,0.27179310081428365,0.1675434142100638,before,1-3 days
Robinhood-main,UNH,2024-08-16,True,560.0,2024-08-15,2024-08-15 09:32:00-04:00,0.36,1.0,36.0,-19.0,-0.5277777777777778,1,578.64,exact minute,3.221346605834368,1.5947502478599418,0.2447204575808794,0.06492119060787038,before,1-3 days
Robinhood-main,UNH,2024-09-20,True,500.0,2024-08-02,,2.6,1.0,260.0,143.0,0.55,49,584.954906,day VWAP,14.523325666406162,1.3184163025399436,0.31068753500768365,0.08015368251613508,before,15+ days
Robinhood-main,UNH,2024-11-29,True,605.0,2024-11-27,2024-11-27 13:08:00-05:00,1.35,1.0,135.0,-101.0,-0.7481481481481482,2,608.69,exact minute,0.6062199148992187,0.19576994804432468,0.1183161270745551,0.29874890912951924,before,1-3 days
Robinhood-main,UNH,2026-01-30,True,275.0,2026-01-28,,1.5,2.0,840.0,-420.00000000000006,-0.5,2,291.522108,day VWAP,5.667531739994143,0.6898019518923831,0.6036912061804106,0.15856103636046082,best run,1-3 days
Robinhood-main,UNH,2026-02-06,True,270.0,2026-01-28,,1.91,1.0,382.0,-157.99999999999997,-0.4136125654450261,9,291.522108,day VWAP,7.382667526539703,0.5187799002101491,0.4545463461874947,0.15452000993805026,best run,4-14 days
Robinhood-main,USO,2024-01-10,True,67.0,2024-01-10,,0.03,5.0,15.0,60.0,4.0,0,67.132603,day VWAP,0.19752399590405148,0.1321184774080435,0.06649622654445575,0.2517458947045945,before,0DTE
Robinhood-main,USO,2024-02-02,True,68.0,2024-01-25,,0.24,3.0,72.0,3.0,0.04166666666666674,8,71.767366,day VWAP,5.249413779516439,1.1105643394838707,0.30730211143064445,0.1319465113687075,before,4-14 days
Robinhood-main,USO,2024-02-02,True,70.0,2024-01-26,,0.5,3.0,1242.0,-161.00000000000023,-0.12962962962962976,7,72.420901,day VWAP,3.3428208798451715,0.7643463564513635,0.330605400873739,0.23559602452501793,before,4-14 days
Robinhood-main,USO,2024-03-08,True,73.0,2024-03-06,,0.27,1.0,27.0,1.9999999999999964,0.07407407407407396,2,74.869963,day VWAP,2.4976144305026553,1.1795352461282935,0.31224560106294785,0.20360022495784214,before,1-3 days
Robinhood-main,USO,2024-03-13,True,71.0,2024-03-11,,0.18,1.0,18.0,-17.0,-0.9444444444444444,2,73.289297,day VWAP,3.1236443706098105,1.6023833869855666,0.31239059135494784,0.1502226318074229,before,1-3 days
Robinhood-main,USO,2024-03-15,True,72.0,2024-03-05,,0.8,1.0,80.0,-33.0,-0.4125,10,73.703715,day VWAP,2.3115727612916155,0.6014271064593815,0.2811532283336641,0.31606165077626835,before,4-14 days
Robinhood-main,USO,2024-04-17,True,80.0,2024-04-16,,0.25,2.0,50.0,-20.0,-0.4,1,81.346148,day VWAP,1.6548392678655166,1.3554985392614067,0.2961068261412492,0.22908736421563303,before,1-3 days
Robinhood-main,USO,2024-08-09,False,75.0,2024-08-06,,0.65,2.0,130.0,-2.0,-0.01538461538461533,3,72.782883,day VWAP,3.046206619762509,0.9507139879620384,0.4335884852390171,0.28716346470954934,before,1-3 days
Robinhood-main,USO,2024-08-09,False,76.0,2024-08-05,2024-08-05 15:42:00-04:00,0.52,2.0,104.0,-54.0,-0.5192307692307692,4,72.89,exact minute,4.266703251474825,1.2351238943745146,0.43123998429273913,0.23046922631591155,before,4-14 days
Robinhood-main,USO,2024-08-16,False,78.0,2024-08-05,2024-08-05 15:29:00-04:00,0.57,2.0,375.0,38.0,0.10133333333333328,11,72.88,exact minute,7.025246981339195,1.3575949624874577,0.3971677711425437,0.1940953491143269,before,4-14 days
Robinhood-main,USO,2024-12-27,False,74.0,2024-12-20,2024-12-20 15:57:00-05:00,0.56,1.0,56.00000000000001,-20.000000000000007,-0.3571428571428572,7,73.075,exact minute,1.2658227848101227,0.3893191353410948,0.23007368036806453,0.3551633775926338,before,4-14 days
Robinhood-main,USO,2025-01-03,False,76.0,2024-12-30,2024-12-30 13:15:00-05:00,0.42,1.0,42.0,-7.0,-0.16666666666666663,4,75.06,exact minute,1.2523314681588031,0.4866595055392115,0.20143721867031814,0.32527193542532973,before,4-14 days
Robinhood-main,USO,2025-01-03,False,78.0,2024-12-20,2024-12-20 09:46:00-05:00,0.16,5.0,80.0,-15.0,-0.1875,14,72.0376,exact minute,8.276788788077342,1.721673663738259,0.2740410232194445,0.08645478166162407,before,4-14 days
Robinhood-main,USO,2025-03-28,True,72.0,2025-03-18,2025-03-18 11:16:00-04:00,1.07,5.0,636.0,54.0,0.08490566037735858,10,72.85,exact minute,1.1667810569663615,0.24726862101425137,0.2707423517303355,0.3981575423745338,before,4-14 days
Robinhood-main,USO,2026-03-25,True,109.0,2026-03-25,,0.89,1.0,89.0,-72.0,-0.8089887640449438,0,111.730017,day VWAP,2.443405159421039,0.71741406520176,0.9994898679595433,0.28166591025528254,best run,0DTE
Robinhood-main,USO,2026-03-25,True,110.0,2026-03-25,,1.3,1.0,130.0,-90.0,-0.6923076923076923,0,111.730017,day VWAP,1.548390527856094,0.45462666673436614,1.0406209156874846,0.3594859062677225,best run,0DTE
Robinhood-main,WMT,2024-04-12,True,58.0,2024-04-02,2024-04-02 09:41:00-04:00,0.1,2.0,20.0,20.0,1.0,10,59.96,exact minute,3.2688458972648444,1.601853723706369,0.1505732970384922,0.11820954198039024,before,4-14 days
Robinhood-main,WMT,2024-05-24,True,65.0,2024-05-23,2024-05-23 10:00:00-04:00,0.14,2.0,92.0,184.0,2.0,1,65.39,exact minute,0.5964214711729631,0.2554407718785153,0.12978337320441652,0.29691128824223345,before,1-3 days
Robinhood-main,WMT,2024-05-31,True,64.0,2024-05-23,,0.11,2.0,138.0,-50.0,-0.3623188405797102,8,64.978795,day VWAP,1.5063298726915528,0.3509123773853502,0.1052907635515128,0.1824630727383052,before,4-14 days
Robinhood-main,WMT,2024-05-31,True,65.0,2024-05-24,,0.39,2.0,78.0,-14.0,-0.17948717948717952,7,65.364029,day VWAP,0.5569255836417337,0.13970728450605627,0.1439656843136694,0.39234246053884125,before,4-14 days
Robinhood-main,WMT,2024-06-14,True,65.0,2024-06-10,2024-06-10 09:41:00-04:00,0.09,1.0,9.0,-7.0,-0.7777777777777778,4,66.83,exact minute,2.738291186592845,0.7198477848655566,0.16717319399579145,0.11620756520822151,before,4-14 days
Robinhood-main,WMT,2024-06-14,True,66.0,2024-06-11,2024-06-11 11:29:00-04:00,0.13,3.0,147.0,-75.0,-0.5102040816326531,3,66.885,exact minute,1.3231666292890858,0.39927501712675967,0.13622081257083563,0.20731259493656662,before,1-3 days
Robinhood-main,WMT,2024-06-21,False,69.0,2024-06-21,2024-06-21 09:58:00-04:00,0.02,2.0,35.0,-35.0,-1.0,0,68.25,exact minute,1.098901098901099,1.4130418498137793,0.12919610477273913,0.08227706395724543,before,0DTE
Robinhood-main,WMT,2024-06-28,False,70.0,2024-06-21,2024-06-21 12:55:00-04:00,0.13,3.0,89.0,-32.999999999999986,-0.3707865168539324,7,68.525,exact minute,2.152499087924107,1.1397109962070506,0.14734565013155088,0.1660794308952373,before,4-14 days
Robinhood-main,WMT,2024-06-28,True,65.0,2024-06-07,2024-06-07 15:58:00-04:00,0.48,1.0,136.0,-46.000000000000014,-0.3382352941176472,21,65.855,exact minute,1.2983068863412102,0.20731965124400473,0.13170997488344222,0.33630246860807855,before,15+ days
Robinhood-main,WMT,2024-07-05,True,67.0,2024-06-28,,0.18,1.0,54.0,0.0,0.0,7,67.656548,day VWAP,0.9704130929056575,0.406035519556251,0.1086155679244038,0.2690339947462901,before,4-14 days
Robinhood-main,WMT,2024-07-12,True,66.0,2024-06-28,2024-06-28 11:24:00-04:00,0.2,1.0,20.0,-1.0,-0.050000000000000044,14,67.555,exact minute,2.301828140034056,0.6902615426847519,0.13259453696981982,0.1933329105038195,before,4-14 days
Robinhood-main,WMT,2024-07-19,False,71.0,2024-07-17,,0.17,1.0,85.0,45.0,0.5294117647058822,2,70.743544,day VWAP,0.36251505861792843,0.22721615936858733,0.09932620633464896,0.35911623018461747,before,1-3 days
Robinhood-main,WMT,2024-07-19,True,60.0,2024-05-31,2024-05-31 13:31:00-04:00,0.19,3.0,57.00000000000001,-9.000000000000007,-0.15789473684210542,49,64.455,exact minute,6.911798929485685,0.7098747196739398,0.1551907714292289,0.10370055177880899,before,15+ days
Robinhood-main,WMT,2024-07-19,True,65.0,2024-06-28,,0.15,3.0,44.99999999999999,-14.99999999999999,-0.33333333333333315,21,67.656548,day VWAP,3.92652016475922,0.9786574515833226,0.14236798810106646,0.12463175061754606,before,15+ days
Robinhood-main,WMT,2024-07-19,True,70.0,2024-07-17,2024-07-17 12:30:00-04:00,0.15,1.0,140.0,-63.0,-0.44999999999999996,2,70.705,exact minute,0.9971006293755722,0.6202072862524002,0.1453859162942096,0.24382315659582932,before,1-3 days
Robinhood-main,WMT,2024-07-26,True,68.0,2024-07-12,,0.24,2.0,48.0,4.0,0.08333333333333326,14,69.53882,day VWAP,2.212893460084599,0.6826142932595648,0.139186269278042,0.21132526696532106,before,4-14 days
Robinhood-main,WMT,2024-07-26,True,69.0,2024-07-24,2024-07-24 14:49:00-04:00,0.05,1.0,5.0,-1.0,-0.19999999999999996,2,70.66,exact minute,2.3492782337956366,1.5595448432207153,0.18896837934826036,0.08679538034104817,before,1-3 days
Robinhood-main,WMT,2024-07-26,True,70.0,2024-07-18,2024-07-18 12:09:00-04:00,0.44,1.0,106.0,31.0,0.2924528301886793,8,70.655,exact minute,0.9270398414832653,0.34552387514269683,0.1588033020133343,0.3536615379292709,before,4-14 days
Robinhood-main,WMT,2024-07-26,True,71.0,2024-07-22,2024-07-22 09:49:00-04:00,0.46,1.0,46.0,51.0,1.108695652173913,4,71.09,exact minute,0.12660008440006104,0.05413338363165066,0.12679250827671348,0.4680531913866668,before,4-14 days
Robinhood-main,WMT,2024-08-02,True,68.0,2024-07-24,2024-07-24 14:49:00-04:00,0.11,3.0,45.0,27.0,0.6000000000000001,9,70.66,exact minute,3.7645060854797574,1.377462045658977,0.18293816371798294,0.10421207752824135,before,4-14 days
Robinhood-main,WMT,2024-08-02,True,69.0,2024-07-26,2024-07-26 13:51:00-04:00,0.37,1.0,387.0,671.0,1.7338501291989665,7,69.6355,exact minute,0.9126092294878235,0.4590496805082129,0.15861657136256987,0.3412927006232751,before,4-14 days
Robinhood-main,WMT,2024-08-02,True,70.0,2024-07-22,2024-07-22 09:49:00-04:00,0.38,2.0,123.0,66.0,0.5365853658536586,11,71.09,exact minute,1.5332676888451306,0.4624539334488221,0.14504655466683927,0.290994186187273,before,4-14 days
Robinhood-main,WMT,2024-08-09,True,66.0,2024-08-05,2024-08-05 14:08:00-04:00,0.4,2.0,80.0,-42.0,-0.525,4,67.11,exact minute,1.6540008940545365,0.9423205844215475,0.2428604770128636,0.29378785647384364,before,4-14 days
Robinhood-main,WMT,2024-08-09,True,68.0,2024-07-29,2024-07-29 10:38:00-04:00,0.38,3.0,357.0,506.9999999999999,1.4201680672268906,11,69.17,exact minute,1.6914847477230037,0.6337738819348979,0.15516749892475484,0.28362604067651576,before,4-14 days
Robinhood-main,WMT,2024-08-09,True,69.0,2024-07-26,2024-07-26 13:44:00-04:00,0.58,1.0,241.99999999999997,-5.999999999999972,-0.024793388429751984,14,69.75,exact minute,1.0752688172043012,0.38818929088907395,0.1615514015192056,0.36444849352635766,before,4-14 days
Robinhood-main,WMT,2024-08-16,True,60.0,2024-06-28,2024-06-28 11:25:00-04:00,0.21,1.0,21.0,-3.0,-0.1428571428571429,49,67.58,exact minute,11.216336194140277,1.8419356091476387,0.22898357158215854,0.07731730791651514,before,15+ days
Robinhood-main,WMT,2024-08-23,True,74.0,2024-08-21,2024-08-21 09:33:00-04:00,0.13,1.0,13.0,-5.0,-0.3846153846153846,2,75.25,exact minute,1.6611295681063125,0.5584796746131443,0.16635822874013295,0.17538429953871004,before,1-3 days
Robinhood-main,WMT,2024-08-23,True,75.0,2024-08-21,2024-08-21 09:30:00-04:00,0.3,1.0,30.0,1.0,0.03333333333333344,2,75.25,exact minute,0.33222591362126247,0.11155264309336847,0.12631931991150358,0.4019354852808017,before,1-3 days
Robinhood-main,WMT,2024-09-06,True,76.0,2024-09-04,2024-09-04 12:37:00-04:00,0.14,1.0,53.0,-19.0,-0.3584905660377359,2,77.115,exact minute,1.445892498216942,0.6163803126704941,0.16932236452245972,0.19254886827847362,before,1-3 days
Robinhood-main,WMT,2024-09-06,True,77.0,2024-09-05,,0.29,5.0,145.0,180.0,1.2413793103448274,1,76.933189,day VWAP,-0.08684288389501348,-0.04791334934016105,0.10772853075829114,0.5399409463711489,before,1-3 days
Robinhood-main,WMT,2024-09-13,True,75.0,2024-09-04,2024-09-04 09:30:00-04:00,0.25,1.0,265.0,-51.0,-0.1924528301886792,9,77.27,exact minute,2.937750744143906,0.7029544122077148,0.18503281649771558,0.1785448074563839,before,4-14 days
Robinhood-main,WMT,2024-09-13,True,77.0,2024-09-06,,0.95,1.0,95.0,-71.0,-0.7473684210526316,7,76.654761,day VWAP,-0.45038167948890556,-0.1339661218626951,0.1689508273731891,0.5665343617686435,before,4-14 days
Robinhood-main,WMT,2024-09-20,True,60.0,2024-08-05,2024-08-05 14:46:00-04:00,0.6,2.0,729.0,-22.999999999999886,-0.03155006858710552,46,67.26,exact minute,10.793933987511158,2.1776125311469694,0.3094043642724656,0.14474879159977805,before,15+ days
Robinhood-main,WMT,2024-09-20,True,75.0,2024-09-06,,0.42,1.0,70.0,-34.0,-0.48571428571428577,14,76.654761,day VWAP,2.158719143354962,0.4647261462481245,0.1693528913941848,0.2583017589822951,before,4-14 days
Robinhood-main,WMT,2024-09-20,True,77.0,2024-09-11,2024-09-11 09:39:00-04:00,0.42,1.0,42.0,-22.0,-0.5238095238095238,9,78.19,exact minute,1.521933751119066,0.36537572291323733,0.16187393262186006,0.29222042191598996,before,4-14 days
Robinhood-main,WMT,2024-09-20,True,78.0,2024-09-10,2024-09-10 14:34:00-04:00,0.61,1.0,61.0,11.0,0.180327868852459,10,78.455,exact minute,0.5799502899751429,0.13934966268561555,0.1450124674052651,0.4070383761972993,before,4-14 days
Robinhood-main,WMT,2024-09-20,True,79.0,2024-09-16,2024-09-16 10:14:00-04:00,0.2,4.0,80.0,116.0,1.4500000000000002,4,80.58,exact minute,1.9607843137254881,1.5056162193319471,0.1658709773195702,0.19246969748270548,before,4-14 days
Robinhood-main,WMT,2024-09-20,True,80.0,2024-09-16,2024-09-16 15:21:00-04:00,0.38,1.0,228.0,180.0,0.7894736842105263,4,80.637,exact minute,0.7899599439463278,0.662257289455853,0.15887391901246692,0.34402700268887054,before,4-14 days
Robinhood-main,WMT,2024-10-04,True,79.0,2024-09-12,2024-09-12 10:51:00-04:00,1.12,1.0,112.00000000000001,-44.000000000000014,-0.3928571428571429,22,79.17,exact minute,0.21472780093469965,0.036388340149734,0.14772871213138497,0.469934046161923,before,15+ days
Robinhood-main,WMT,2024-10-04,True,80.0,2024-10-02,2024-10-02 15:33:00-04:00,0.41,5.0,316.0,-116.0,-0.36708860759493667,2,80.365,exact minute,0.4541778137248739,0.27955671641428004,0.19807257285834673,0.3964312159863581,before,1-3 days
Robinhood-main,WMT,2024-10-11,True,75.0,2024-09-19,,0.32,1.0,64.0,-40.0,-0.625,22,78.233886,day VWAP,4.133612895056752,1.168129165060834,0.17533498036102516,0.16768453032162944,before,15+ days
Robinhood-main,WMT,2024-10-11,True,79.0,2024-09-17,2024-09-17 11:44:00-04:00,1.03,1.0,103.0,39.0,0.3786407766990292,24,79.795,exact minute,0.9963030265054222,0.3840066557012751,0.16146894174688484,0.40134164655441995,before,15+ days
Robinhood-main,WMT,2024-10-11,True,80.0,2024-10-02,2024-10-02 15:33:00-04:00,0.84,1.0,84.0,-15.0,-0.1785714285714286,9,80.365,exact minute,0.4541778137248739,0.1512475383813493,0.18890369186274394,0.43656049943699426,before,4-14 days
Robinhood-main,WMT,2024-10-18,True,75.0,2024-09-06,2024-09-06 10:49:00-04:00,0.98,1.0,230.0,-113.0,-0.491304347826087,42,76.51,exact minute,1.9735982224545878,0.24808304242785725,0.15378960353941784,0.34544622557538196,before,15+ days
Robinhood-main,WMT,2024-10-25,True,82.0,2024-10-25,2024-10-25 13:49:00-04:00,0.02,1.0,35.0,-35.0,-1.0,0,82.62,exact minute,0.7504236262406251,1.2892076461369124,0.15533465335150645,0.091585513537633,before,0DTE
Robinhood-main,WMT,2024-11-01,True,80.0,2024-10-23,2024-10-23 15:32:00-04:00,0.15,1.0,15.0,-3.0,-0.19999999999999996,9,83.2,exact minute,3.8461538461538494,1.3572594415964425,0.19525787857971308,0.11210321655786315,before,4-14 days
Robinhood-main,WMT,2024-11-01,True,81.0,2024-10-30,2024-10-30 15:37:00-04:00,0.29,1.0,57.99999999999999,-25.999999999999993,-0.4482758620689654,2,81.53,exact minute,0.6500674598307385,0.44039512096570255,0.17468131270049497,0.3368978316433502,before,1-3 days
Robinhood-main,WMT,2024-11-15,True,70.0,2024-09-06,2024-09-06 10:51:00-04:00,0.52,1.0,154.0,-58.0,-0.37662337662337664,70,76.49,exact minute,8.484769250882461,0.8304943407488307,0.19492529132306838,0.14527169502119475,before,15+ days
Robinhood-main,WMT,2025-04-04,True,85.0,2025-03-25,,1.07,1.0,214.0,56.0,0.26168224299065423,10,85.291473,day VWAP,0.34173756150277335,0.05534100064431664,0.1939911477052629,0.45465988617413,before,4-14 days
Robinhood-main,WMT,2026-02-06,True,124.0,2026-02-03,2026-02-03 09:37:00-05:00,0.85,1.0,85.0,-48.0,-0.5647058823529412,3,124.95,exact minute,0.7603041216486617,0.2732019799316982,0.20326522921807005,0.3777215523275228,best run,1-3 days
Robinhood-main,WMT,2026-02-06,True,125.0,2026-02-05,,0.38,20.0,760.0,-360.0,-0.4736842105263158,1,127.749734,day VWAP,2.152438141280203,1.1885546039355783,0.34067593107918376,0.20017163236948177,best run,1-3 days
Robinhood-main,WMT,2026-02-13,True,126.0,2026-02-09,2026-02-09 12:02:00-05:00,0.55,3.0,165.0,123.0,0.7454545454545454,4,129.29,exact minute,2.544667027612338,0.7597838953217411,0.24919509490670153,0.21722666880578223,best run,4-14 days
Robinhood-main,WMT,2026-04-17,True,120.0,2026-04-01,,1.34,1.0,134.0,-34.0,-0.25373134328358204,16,124.440065,day VWAP,3.568034941158223,0.7558667610965003,0.2819662561006479,0.27094679851727854,best run,15+ days
Webull,AAPL,2025-11-21,True,260.0,2025-11-17,,1.02,1.0,307.0,-30.0,-0.09771986970684043,4,267.823388,day VWAP,2.9210996315228535,1.1334050529836466,0.26181175596130835,0.19355707695975166,best run,4-14 days
Webull,AAPL,2025-11-21,True,265.0,2025-11-19,,1.09,1.0,324.0,-284.0,-0.8765432098765432,2,269.350428,day VWAP,1.615155406398694,1.0163351062526864,0.25732023564507295,0.25844450765316185,best run,1-3 days
Webull,AAPL,2025-11-28,True,255.0,2025-11-17,,1.21,1.0,121.0,-6.000000000000014,-0.0495867768595043,11,267.823388,day VWAP,4.788001561685876,1.2786082790455504,0.26401605812812307,0.1628614659888311,best run,4-14 days
Webull,AAPL,2025-12-12,True,272.5,2025-12-11,,0.26,1.0,112.0,-7.0,-0.0625,1,277.100462,day VWAP,1.660214482067516,1.394092143954219,0.19131834224205385,0.12681269796288852,best run,1-3 days
Webull,AAPL,2025-12-12,True,275.0,2025-12-11,,0.41,1.0,145.0,67.0,0.4620689655172414,1,277.100462,day VWAP,0.7580146149305205,0.6365094577184556,0.1380448068672426,0.23583599721607773,best run,1-3 days
Webull,AAPL,2025-12-12,True,277.5,2025-12-12,,0.12,3.0,84.0,-44.0,-0.5238095238095238,0,278.24054,day VWAP,0.26615100732625446,0.3915199706400343,0.07717761165406105,0.21859443413657376,best run,0DTE
Webull,AAPL,2026-02-06,True,265.0,2026-02-03,,1.26,6.0,756.0,-198.0,-0.26190476190476186,3,269.684498,day VWAP,1.7370290227063843,0.5864039550905661,0.2423763263354267,0.26508810899071444,best run,1-3 days
Webull,AAPL,2026-02-06,True,275.0,2026-02-05,,1.3,1.0,364.0,-316.0,-0.8681318681318682,1,275.657966,day VWAP,0.23868927480948898,0.1232176224708563,0.18969577367193974,0.432267739599031,best run,1-3 days
Webull,AAPL,2026-02-09,True,265.0,2026-02-05,,0.64,1.0,107.0,-97.0,-0.9065420560747663,4,275.657966,day VWAP,3.866373301180053,1.5460350232920805,0.3556442499677002,0.12905735746814972,best run,4-14 days
Webull,AAPL,2026-02-09,True,270.0,2026-02-09,,0.16,3.0,48.0,-24.0,-0.5,0,273.907223,day VWAP,1.4264768037898687,1.2935315023929665,0.25888736264612544,0.10534473656643861,best run,0DTE
Webull,AAPL,2026-02-11,True,265.0,2026-02-09,,0.46,1.0,46.0,-45.0,-0.9782608695652174,2,273.907223,day VWAP,3.2519124185345007,1.3187611189676909,0.284794747474056,0.11907174069814386,best run,1-3 days
Webull,AAPL,2026-02-13,True,260.0,2026-02-12,,0.57,1.0,56.99999999999999,2.000000000000007,0.03508771929824572,1,264.353273,day VWAP,1.6467634202509007,0.8353753720278496,0.2544098173978244,0.19605984943600596,best run,1-3 days
Webull,AAPL,2026-02-18,True,260.0,2026-02-09,,0.79,1.0,124.0,-60.0,-0.4838709677419355,9,273.907223,day VWAP,5.077348033279132,1.1887857762947756,0.26674084964139433,0.1239705832480219,best run,4-14 days
Webull,AAPL,2026-02-18,True,262.5,2026-02-18,,0.04,3.0,12.0,15.0,1.25,0,264.62366,day VWAP,0.8025208327932478,0.5222362329861455,0.11958896341446307,0.06485069221215711,best run,0DTE
Webull,AAPL,2026-02-18,True,275.0,2026-02-09,,3.55,2.0,2755.0,-827.0,-0.30018148820326673,9,273.907223,day VWAP,-0.39895881095476343,-0.09341029149112601,0.15732839030955048,0.5529537855358986,best run,4-14 days
Webull,AAPL,2026-02-20,True,270.0,2026-02-12,,3.77,3.0,1374.0,798.0,0.5807860262008733,8,264.353273,day VWAP,-2.1360533712779106,-0.5205368829050137,,,best run,4-14 days
Webull,AAPL,2026-03-02,True,260.0,2026-02-18,,3.75,1.0,740.0,220.0,0.29729729729729737,12,264.62366,day VWAP,1.7472587296237883,0.27576772935941896,0.3002323653187981,0.36420256080581426,best run,4-14 days
Webull,AAPL,2026-04-15,True,255.0,2026-04-15,,0.15,2.0,30.0,-30.0,-1.0,0,264.032081,day VWAP,3.4208271077483214,3.965323374364279,0.5025364115419865,0.05865816172178684,best run,0DTE
Webull,AMD,2025-11-21,True,230.0,2025-11-17,,3.15,1.0,315.0,71.0,0.22539682539682548,4,242.705997,day VWAP,5.2351392866489395,0.6136643976907588,0.6302634276294592,0.2480758468375548,best run,4-14 days
Webull,AMD,2026-01-23,True,250.0,2026-01-22,,1.84,1.0,184.0,60.0,0.326086956521739,1,252.419294,day VWAP,0.9584425824438,0.29350815335360475,0.37376400626688144,0.3637727501472815,best run,1-3 days
Webull,AMD,2026-01-30,True,230.0,2026-01-29,,0.16,3.0,99.0,189.0,1.9090909090909092,1,249.424417,day VWAP,7.787696663234059,2.2412091937810397,0.5879187520636173,0.03513815208495241,best run,1-3 days
Webull,AMD,2026-01-30,True,235.0,2026-01-29,,0.35,1.0,92.0,307.0,3.336956521739131,1,249.424417,day VWAP,5.7830813733043644,1.664304055835062,0.5414123431539106,0.07394721331351717,best run,1-3 days
Webull,AMD,2026-01-30,True,237.5,2026-01-29,,0.4,1.0,40.0,230.0,5.75,1,249.424417,day VWAP,4.7807737283395175,1.3758514868620733,0.4829344339456092,0.09119582305873553,best run,1-3 days
Webull,AMD,2026-01-30,True,240.0,2026-01-26,,2.58,1.0,445.0,-108.0,-0.24269662921348312,4,252.627173,day VWAP,4.998343151312547,0.8779884063738019,0.5485401444086954,0.23081415766007451,best run,4-14 days
Webull,AMD,2026-02-06,True,230.0,2026-01-29,,4.05,1.0,1165.0,60.0,0.05150214592274671,8,249.424417,day VWAP,7.787696663234059,1.076642071473437,0.7286706128802772,0.22623188756592116,best run,4-14 days
Webull,AMD,2026-02-06,True,235.0,2026-02-02,,5.95,1.0,595.0,-5.0,-0.008403361344537785,4,246.365786,day VWAP,4.6133784177320845,0.669899363825062,0.83333110608567,0.3156772000515631,best run,4-14 days
Webull,AMD,2026-02-06,True,240.0,2026-01-22,,6.95,1.0,695.0,-75.0,-0.1079136690647482,15,252.419294,day VWAP,4.920104879146048,0.5441581513575546,0.580223746094292,0.319528669367275,best run,15+ days
Webull,AMD,2026-02-13,True,190.0,2026-02-05,,6.35,1.0,1266.0,-1174.0,-0.9273301737756714,8,194.76416,day VWAP,2.446117396547703,0.17766645778305437,0.6916781044537841,0.3903216415457953,best run,4-14 days
Webull,AMD,2026-02-13,True,230.0,2026-01-29,,6.1,1.0,610.0,225.0,0.3688524590163935,15,249.424417,day VWAP,7.787696663234059,0.8094296422109984,0.670249770325192,0.26178786459935743,best run,15+ days
Webull,AMD,2026-02-20,True,175.0,2026-02-12,,0.45,1.0,45.0,11.999999999999993,0.2666666666666666,8,209.33379,day VWAP,16.401456257969627,1.150700775891401,0.682820260379012,0.04566636681294267,best run,4-14 days
Webull,AMD,2026-02-20,True,180.0,2026-02-05,,4.03,1.0,403.0,-353.0,-0.8759305210918114,15,194.76416,day VWAP,7.580532270413613,0.4139382949436606,0.6064022005644344,0.25037167784131575,best run,15+ days
Webull,AMD,2026-02-20,True,197.5,2026-02-20,,0.59,1.0,257.0,-79.0,-0.30739299610894943,0,200.917763,day VWAP,1.7010755788675627,0.4542421512720515,0.5106823036363216,0.22195368659096248,best run,0DTE
Webull,AMD,2026-02-20,True,200.0,2026-02-18,,3.14,1.0,314.0,-275.0,-0.8757961783439491,2,199.793085,day VWAP,-0.10356464539301212,-0.011697832147541493,0.3821729885298467,0.5032554615361202,best run,1-3 days
Webull,AMD,2026-02-20,True,220.0,2026-01-30,,5.6,1.0,560.0,95.0,0.1696428571428572,21,239.709788,day VWAP,8.222354274494624,0.735673069259519,0.5802174312092585,0.25199891931601415,best run,15+ days
Webull,AMD,2026-02-20,True,225.0,2026-01-26,,4.6,1.0,459.99999999999994,10.000000000000057,0.021739130434782705,25,252.627173,day VWAP,10.935946704355512,0.922800984149404,0.5439701977928731,0.20016631600491508,best run,15+ days
Webull,AMD,2026-02-20,True,230.0,2026-02-02,,9.1,1.0,910.0,-145.0,-0.15934065934065933,18,246.365786,day VWAP,6.642881004588849,0.5373647997694272,0.7015874513288435,0.31115128448894447,best run,15+ days
Webull,AMD,2026-02-27,True,190.0,2026-02-12,,2.95,1.0,295.0,85.0,0.2881355932203389,15,209.33379,day VWAP,9.235866794367022,0.48715303731510246,0.5710238226771951,0.1961627841153749,best run,15+ days
Webull,AMD,2026-02-27,True,205.0,2026-02-24,,3.68,1.0,867.0,-58.0,-0.06689734717416373,3,212.226647,day VWAP,3.405155338481135,0.35019046725800873,0.6813932378296733,0.318614077509798,best run,1-3 days
Webull,AMD,2026-02-27,True,210.0,2026-02-25,,4.05,1.0,405.0,210.0,0.5185185185185186,2,212.186044,day VWAP,1.030248718902554,0.11605881399616048,0.6043202704811352,0.4199017579137915,best run,1-3 days
Webull,AMD,2026-03-06,True,180.0,2026-03-03,,1.94,1.0,194.0,33.0,0.17010309278350522,3,190.909314,day VWAP,5.7143958937487955,0.5557743918885063,0.6707576994573415,0.21655258722332982,best run,1-3 days
Webull,AMD,2026-03-06,True,200.0,2026-02-13,,7.7,1.0,1350.0,-558.0,-0.41333333333333333,21,207.345651,day VWAP,3.542708016576631,0.15974130728096356,0.5455546015045659,0.36909965906109155,best run,15+ days
Webull,AMD,2026-03-13,True,200.0,2026-02-27,,8.95,1.0,894.9999999999999,400.0000000000001,0.4469273743016762,14,199.782106,day VWAP,-0.10906582394321197,-0.005977420539990493,0.5433852347354441,0.48180203205883276,best run,4-14 days
Webull,AMD,2026-03-20,True,195.0,2026-03-19,,2.06,1.0,206.0,-154.0,-0.7475728155339806,1,200.522817,day VWAP,2.754208764182683,0.6782786778474179,0.7007214416575183,0.2933468533326301,best run,1-3 days
Webull,AMD,2026-03-27,True,195.0,2026-03-27,,0.67,3.0,201.00000000000003,2.9999999999999716,0.01492537313432818,0,200.971978,day VWAP,2.9715476055074737,1.183020619497727,0.7540195799800191,0.18011044419116795,best run,0DTE
Webull,AMD,2026-03-27,True,197.5,2026-03-27,,1.35,1.0,135.0,10.0,0.07407407407407418,0,200.971978,day VWAP,1.7275930876293644,0.687782433967855,0.7749583077175104,0.30079910948909916,best run,0DTE
Webull,AMD,2026-04-02,True,210.0,2026-03-25,,4.75,1.0,475.0,80.0,0.16842105263157903,8,218.473043,day VWAP,3.878301360960121,0.5540524088845751,0.6055852452732104,0.3244371530274608,best run,4-14 days
Webull,AMD,2026-04-10,True,215.0,2026-04-07,,3.1,3.0,1550.0,-50.0,-0.032258064516129004,3,218.846929,day VWAP,1.7578172184449472,0.28110450854985414,0.4686562325003569,0.3636539463484958,best run,1-3 days
Webull,AMD,2026-04-10,True,220.0,2026-04-08,,1.17,1.0,117.0,-37.0,-0.3162393162393162,2,230.921973,day VWAP,4.729724442463519,0.94387166993301,0.5323701009558929,0.17353933626838924,best run,1-3 days
Webull,AMD,2026-04-10,True,222.5,2026-04-08,,1.74,1.0,174.0,-62.999999999999986,-0.3620689655172413,2,230.921973,day VWAP,3.647107674764241,0.7278228686008219,0.5359056004999634,0.23492376966022377,best run,1-3 days
Webull,AMD,2026-04-10,True,242.5,2026-04-10,,1.28,1.0,128.0,-72.0,-0.5625,0,245.783849,day VWAP,1.3360719239123005,0.5703433740803718,0.598955444277431,0.30240376491212284,best run,0DTE
Webull,AMD,2026-04-17,True,220.0,2026-04-13,,0.61,1.0,61.0,-13.0,-0.21311475409836067,4,245.216054,day VWAP,10.283198668550476,1.5104012149543915,0.5691037660927234,0.07147640510311215,best run,4-14 days
Webull,AMD,2026-04-17,True,245.0,2026-04-10,,6.0,1.0,600.0,-40.0,-0.06666666666666665,7,245.783849,day VWAP,0.3189180262206747,0.041047743485135166,0.4415064129512896,0.4674881491672288,best run,4-14 days
Webull,AMZN,2026-03-18,True,200.0,2026-03-12,,1.34,4.0,536.0,-356.0,-0.664179104477612,6,209.765255,day VWAP,4.655325306376405,1.3117923301182914,0.42973890935079206,0.1952114660347738,best run,4-14 days
Webull,AVGO,2025-11-28,True,350.0,2025-11-25,,0.52,1.0,122.0,-54.0,-0.4426229508196722,3,380.831578,day VWAP,8.095856483833906,1.2845399557835027,0.4622967908803535,0.057419310748696994,best run,1-3 days
Webull,AVGO,2025-11-28,True,360.0,2025-11-25,,1.54,1.0,154.0,57.0,0.3701298701298701,3,380.831578,day VWAP,5.470023811943447,0.8679086838507124,0.4584729950305149,0.1427302389913656,best run,1-3 days
Webull,AVGO,2025-11-28,True,365.0,2025-11-25,,2.69,1.0,269.0,140.99999999999994,0.524163568773234,3,380.831578,day VWAP,4.157107475998217,0.6595930478843173,0.4744670405011113,0.21555232264039437,best run,1-3 days
Webull,AVGO,2025-11-28,True,370.0,2025-11-25,,3.8,1.0,380.0,65.0,0.17105263157894735,3,380.831578,day VWAP,2.8441911400529865,0.451277411917922,0.45830351056372115,0.28732086792711886,best run,1-3 days
Webull,AVGO,2025-11-28,True,380.0,2025-11-26,,0.81,1.0,426.0,-386.0,-0.9061032863849765,2,394.142604,day VWAP,3.5881946931065603,0.6815467557890128,0.3247949393170331,0.12595321366609524,best run,1-3 days
Webull,AVGO,2025-11-28,True,392.5,2025-11-28,,0.36,1.0,81.0,-79.0,-0.9753086419753086,0,400.772452,day VWAP,2.0641269026145506,0.8796408522046506,0.38227352990788854,0.10871172567224585,best run,0DTE
Webull,BA,2026-02-06,True,235.0,2026-01-26,,1.89,1.0,653.0,452.0,0.6921898928024501,11,249.24813,day VWAP,5.716444091275632,1.29627226035946,0.3603082301964343,0.19040833340043506,best run,4-14 days
Webull,BA,2026-02-06,True,240.0,2026-01-26,,3.1,1.0,310.0,-36.0,-0.11612903225806448,11,249.24813,day VWAP,3.710410986834687,0.8413801936954628,0.35572472332156724,0.28029452096353946,best run,4-14 days
Webull,BA,2026-02-06,True,245.0,2026-01-26,,4.89,1.0,488.99999999999994,-83.99999999999994,-0.17177914110429437,11,249.24813,day VWAP,1.7043778823937428,0.38648812703146557,0.3555328097574323,0.38837931892293787,best run,4-14 days
Webull,BA,2026-02-13,True,230.0,2026-02-03,,2.01,4.0,2466.0,809.0000000000005,0.3280616382806165,10,232.934253,day VWAP,1.2596915061693448,0.29209185014487793,0.19280791334479244,0.3535689127274031,best run,4-14 days
Webull,BA,2026-02-20,True,225.0,2026-01-30,,3.25,1.0,325.0,5.0,0.01538461538461533,21,232.524021,day VWAP,3.2358037537979807,0.4524484552220759,0.27892692279762443,0.30499538338561405,best run,15+ days
Webull,BA,2026-04-17,True,217.5,2026-04-15,,0.76,1.0,76.0,118.0,1.5526315789473686,2,223.382149,day VWAP,2.633222496216561,0.7035482596161209,0.3150406317973801,0.19321535213071606,best run,1-3 days
Webull,COIN,2025-11-21,True,250.0,2025-11-19,,4.0,1.0,400.0,155.0,0.38749999999999996,2,254.067458,day VWAP,1.6009362363911979,0.2078967916645541,0.580089208637109,0.3789598188442993,best run,1-3 days
Webull,COIN,2026-01-30,True,200.0,2026-01-26,,1.02,1.0,102.0,-16.0,-0.1568627450980392,4,213.504996,day VWAP,6.325377041762528,0.9230210327063648,0.47305398489070083,0.1433754700589671,best run,4-14 days
Webull,COIN,2026-02-06,False,165.0,2026-02-05,,0.8,1.0,80.0,2.0,0.02499999999999991,1,152.526663,day VWAP,8.177807574535336,2.4270124511408,0.9345960579666052,0.1459189671827078,best run,1-3 days
Webull,COIN,2026-03-27,False,160.0,2026-03-27,,2.26,1.0,225.99999999999997,97.00000000000003,0.42920353982300896,0,162.076778,day VWAP,-1.28135444548385,-0.37986857030001836,0.2953334398963003,0.8381543857830605,best run,0DTE
Webull,COIN,2026-03-27,False,162.5,2026-03-27,,1.0,1.0,100.0,36.0,0.3600000000000001,0,162.076778,day VWAP,0.261124391305465,0.07741257662567634,0.41600654322443537,0.4477026047353943,best run,0DTE
Webull,COIN,2026-03-27,True,160.0,2026-03-27,,1.51,2.0,302.0,-106.0,-0.3509933774834437,0,162.076778,day VWAP,1.28135444548385,0.37986857030001836,0.8412390489875796,0.3583407014301603,best run,0DTE
Webull,COIN,2026-03-27,True,170.0,2026-03-26,,1.31,1.0,131.0,59.0,0.45038167938931295,1,174.848231,day VWAP,2.772822448515363,0.48343839997622334,0.595522367832726,0.2627143297417338,best run,1-3 days
Webull,COIN,2026-03-27,True,175.0,2026-03-26,,2.46,1.0,246.0,144.0,0.5853658536585367,1,174.848231,day VWAP,-0.08680042064594956,-0.015133553357088849,0.44267459190019876,0.5033221678484144,best run,1-3 days
Webull,COIN,2026-03-27,True,180.0,2026-03-25,,3.2,2.0,640.0,215.0,0.3359375,2,184.509504,day VWAP,2.444049711390473,0.28183880355270885,0.7103866152144513,0.3500862156149297,best run,1-3 days
Webull,COIN,2026-03-27,True,182.5,2026-03-23,,1.4,1.0,140.0,-16.0,-0.11428571428571432,4,200.727973,day VWAP,9.08093312933519,0.8296480655172568,0.6932471179221692,0.14141832134554888,best run,4-14 days
Webull,COIN,2026-03-27,True,200.0,2026-03-23,,6.91,1.0,691.0,724.0,1.0477568740955139,4,200.727973,day VWAP,0.3626664431070559,0.03313376595405245,0.6806759912283319,0.46596239365216063,best run,4-14 days
Webull,COIN,2026-04-02,True,180.0,2026-03-25,,6.45,2.0,1290.0,190.0,0.1472868217054264,8,184.509504,day VWAP,2.444049711390473,0.17478900597800154,0.7296777944618066,0.39367960073027786,best run,4-14 days
Webull,COIN,2026-04-02,True,190.0,2026-03-23,,5.5,1.0,550.0,645.0,1.1727272727272728,10,200.727973,day VWAP,5.344533120951703,0.355279373326316,0.6963401926045917,0.31085341978825365,best run,4-14 days
Webull,CVNA,2026-02-06,True,390.0,2026-01-29,,4.75,1.0,475.0,240.0,0.5052631578947369,8,426.411704,day VWAP,8.53909582181637,0.7238865934029796,0.6562930812352973,0.18418502451135432,best run,4-14 days
Webull,GDX,2025-12-12,True,84.0,2025-12-11,,0.53,1.0,132.0,-96.0,-0.7272727272727273,1,86.106093,day VWAP,2.4459279554119373,0.779297650622121,0.5062990786109692,0.25672203548056816,best run,1-3 days
Webull,GDX,2025-12-12,True,85.0,2025-12-11,,0.65,1.0,65.0,-34.0,-0.523076923076923,1,86.106093,day VWAP,1.2845699548811271,0.40927711941950057,0.42421737603459325,0.3403921873855458,best run,1-3 days
Webull,GLD,2026-04-17,True,430.0,2026-04-13,,3.85,1.0,385.0,-271.0,-0.7038961038961039,4,434.474618,day VWAP,1.0298916932358106,0.21097924962111755,0.2523858332099952,0.37303998552126505,best run,4-14 days
Webull,GOOG,2025-11-28,True,290.0,2025-11-20,,1.66,1.0,166.0,104.0,0.6265060240963856,8,297.674065,day VWAP,2.5780092733305415,0.49474320204654826,0.23863930006336698,0.2417666993970855,best run,4-14 days
Webull,IWM,2026-01-16,True,264.0,2026-01-16,,0.16,1.0,16.0,-13.0,-0.8125,0,266.06257,day VWAP,0.7752199040999994,1.356937006236678,0.17052896099650053,0.1518943537419093,best run,0DTE
Webull,IWM,2026-01-20,True,263.0,2026-01-16,,0.66,1.0,66.0,-39.0,-0.5909090909090908,4,266.06257,day VWAP,1.1510713438571964,0.9010564749146506,0.1702624440989294,0.24472874872639538,best run,4-14 days
Webull,KRE,2026-02-06,True,70.0,2026-02-03,,0.34,6.0,204.0,36.00000000000003,0.17647058823529416,3,70.758643,day VWAP,1.072155948496647,0.33372322274328353,0.1964790880145713,0.3166431849487248,best run,1-3 days
Webull,KRE,2026-02-13,True,70.0,2026-02-03,,0.77,10.0,770.0,20.0,0.025974025974025983,10,70.758643,day VWAP,1.072155948496647,0.2141465036985253,0.2149339925230168,0.38483279018159355,best run,4-14 days
Webull,KRE,2026-02-20,True,70.0,2026-02-04,,0.82,3.0,246.0,-168.0,-0.6829268292682926,16,72.622489,day VWAP,3.611125198421665,0.5996885799792738,0.2907553501330731,0.27413851691023494,best run,15+ days
Webull,META,2025-12-26,True,600.0,2025-12-16,,0.77,1.0,77.0,-16.0,-0.20779220779220775,10,654.809126,day VWAP,8.370244674934478,1.678228078217948,0.29545948776252273,0.05070525285512595,best run,4-14 days
Webull,META,2025-12-26,True,625.0,2025-12-17,,1.9,1.0,190.0,-22.0,-0.11578947368421055,9,653.923783,day VWAP,4.423112257411192,0.9556472066912598,0.24233959870915786,0.13501690500350705,best run,4-14 days
Webull,META,2025-12-26,True,637.5,2025-12-18,,1.64,1.0,164.0,-49.000000000000014,-0.2987804878048781,8,664.610118,day VWAP,4.079101004598316,0.9360794170126954,0.23349082715968345,0.12937916897716506,best run,4-14 days
Webull,META,2026-02-06,False,730.0,2026-02-02,,3.52,1.0,940.0,-340.0,-0.36170212765957444,4,709.133047,day VWAP,2.942600558284229,0.46131061004152507,0.28489700027511244,0.22882078996264232,best run,4-14 days
Webull,META,2026-02-06,True,650.0,2026-02-05,,3.25,1.0,553.0,312.0,0.5641952983725136,1,670.938851,day VWAP,3.1208285179479045,0.8084236185241335,0.5207131585591144,0.20917217270128075,best run,1-3 days
Webull,META,2026-02-06,True,655.0,2026-02-06,,3.8,1.0,380.0,200.0,0.5263157894736843,0,658.777443,day VWAP,0.5734019948828073,0.25985783312831856,0.46971121745320704,0.38770382042356033,best run,0DTE
Webull,META,2026-02-06,True,667.5,2026-02-05,,7.5,1.0,750.0,-380.0,-0.5066666666666666,1,670.938851,day VWAP,0.5125431318926559,0.13276986253855738,0.4425903115002199,0.4334646700998275,best run,1-3 days
Webull,META,2026-02-11,True,670.0,2026-02-05,,8.9,1.0,890.0,1425.0,1.601123595505618,6,670.938851,day VWAP,0.13993093388476316,0.020927733320155125,0.26193455107891694,0.47707079540218944,best run,4-14 days
Webull,META,2026-02-11,True,680.0,2026-02-04,,9.95,1.0,994.9999999999999,655.0000000000001,0.6582914572864325,7,673.179566,day VWAP,-1.0131671168402603,-0.14170778405783913,0.14860914967034985,0.6729891571395843,best run,4-14 days
Webull,META,2026-03-20,False,635.0,2026-03-16,,9.4,1.0,940.0,-221.0,-0.23510638297872344,4,628.195044,day VWAP,1.083255282733486,0.30345433080929307,0.3715490554497792,0.42380121528456316,best run,4-14 days
Webull,META,2026-03-27,True,600.0,2026-02-27,,8.7,1.0,869.9999999999999,-438.99999999999994,-0.5045977011494254,28,645.638825,day VWAP,7.0687857100291325,0.5379757586757437,0.35613878636066654,0.21990561202852832,best run,15+ days
Webull,MSFT,2026-04-10,True,357.5,2026-04-08,,0.41,1.0,41.0,3.0,0.07317073170731714,2,376.617958,day VWAP,5.076220502475346,2.3494175677321114,0.3562563610533894,0.0686533690535619,best run,1-3 days
Webull,MU,2026-01-16,True,307.5,2026-01-14,,0.6,1.0,60.0,0.0,0.0,2,333.396977,day VWAP,7.767610022450801,1.0869822047353848,0.5630506338135722,0.07080014129479928,best run,1-3 days
Webull,NFLX,2025-11-21,True,104.5,2025-11-21,,0.96,1.0,96.0,-55.0,-0.5729166666666667,0,104.974881,day VWAP,0.45237584027363303,0.012383488829912439,0.635249052779603,0.4307825606739635,best run,0DTE
Webull,NFLX,2025-12-19,True,102.0,2025-11-21,,2.57,1.0,257.0,-21.0,-0.08171206225680938,28,104.974881,day VWAP,2.8338979493579957,0.01211534797891223,0.3294074854362413,0.3620582506533414,best run,15+ days
Webull,NFLX,2025-12-19,True,105.0,2025-11-19,,2.09,1.0,209.0,1.0,0.004784688995215225,30,110.339045,day VWAP,4.838763105118409,0.019744207449227193,0.33015135013549457,0.2904467606614872,best run,15+ days
Webull,NFLX,2026-02-06,False,87.0,2026-02-02,,0.27,1.0,125.0,-74.0,-0.5920000000000001,4,83.605551,day VWAP,4.060076106669035,1.4252459197311271,0.29316757375741037,0.1595546681133812,best run,4-14 days
Webull,NFLX,2026-03-13,True,98.0,2026-03-09,,1.76,2.0,1227.0,145.0,0.1181744091279544,4,97.736331,day VWAP,-0.26977583187565435,-0.03482824115409742,0.3114074189666015,0.5175217901059308,best run,4-14 days
Webull,NFLX,2026-03-27,False,100.0,2026-02-27,,2.25,2.0,725.0,355.0,0.4896551724137932,28,94.100493,day VWAP,6.269368854422473,0.5467910030940474,0.41801131777007633,0.3262077834641335,best run,15+ days
Webull,PFE,2026-03-13,False,27.5,2026-03-11,,0.19,10.0,246.0,-92.0,-0.3739837398373984,2,27.209749,day VWAP,1.0667169329639954,0.5347342550989514,0.2889214277399,0.3615462698976798,best run,1-3 days
Webull,PLTR,2025-11-14,True,175.0,2025-11-12,,0.74,1.0,74.0,59.0,0.7972972972972974,2,183.82012,day VWAP,4.798234273810724,0.7953471565081862,0.4949033259727022,0.15334909689897047,best run,1-3 days
Webull,PLTR,2025-11-21,True,160.0,2025-11-13,,1.1,1.0,300.0,194.0,0.6466666666666667,8,174.576175,day VWAP,8.349464066330933,0.8364888342573576,0.5251133872368462,0.14096685597709802,best run,4-14 days
Webull,PLTR,2026-03-20,True,150.0,2026-03-16,,2.88,2.0,576.0,-108.0,-0.1875,4,152.526993,day VWAP,1.656751339744831,0.33462259502436115,0.49832679891450676,0.38813919403595265,best run,4-14 days
Webull,QQQ,2025-11-04,True,617.0,2025-11-04,,0.42,1.0,42.0,-33.0,-0.7857142857142857,0,622.2397,day VWAP,0.8420709896845173,0.9431370924167463,0.1873262443553625,0.15442990118167954,best run,0DTE
Webull,QQQ,2025-11-07,True,600.0,2025-11-07,,0.75,1.0,75.0,62.0,0.8266666666666667,0,604.401471,day VWAP,0.7282363149642326,0.7317799210814452,0.2163284027719915,0.22263446621225846,best run,0DTE
Webull,QQQ,2025-11-07,True,610.0,2025-11-06,,2.43,1.0,243.00000000000003,98.99999999999997,0.4074074074074072,1,614.460979,day VWAP,0.725998745642065,0.443587350838184,0.22804285527836904,0.3361678026288655,best run,1-3 days
Webull,QQQ,2025-11-10,True,590.0,2025-11-07,,1.29,1.0,129.0,-83.0,-0.6434108527131783,3,604.401471,day VWAP,2.3827657097148287,1.3823845490290847,0.3205754013467689,0.16171643747313136,best run,1-3 days
Webull,QQQ,2025-11-10,True,605.0,2025-11-06,,3.19,1.0,319.0,-93.00000000000003,-0.2915360501567399,4,614.460979,day VWAP,1.5397200673990972,0.7287199820508226,0.28541781654727666,0.2877252350110473,best run,4-14 days
Webull,QQQ,2025-11-10,True,610.0,2025-11-10,,0.12,1.0,12.0,6.0,0.5,0,621.016604,day VWAP,1.7739628745900695,2.201162670755927,0.23692887693868206,0.0444466659861924,best run,0DTE
Webull,QQQ,2025-11-11,True,610.0,2025-11-10,,0.91,1.0,91.0,-62.0,-0.6813186813186813,1,621.016604,day VWAP,1.7739628745900695,1.27084186049109,0.23129611132472902,0.15578160882218262,best run,1-3 days
Webull,QQQ,2025-11-11,True,616.0,2025-11-11,,0.47,1.0,47.0,32.0,0.6808510638297873,0,620.537659,day VWAP,0.731246352930848,0.9010000381587708,0.17803432530135416,0.17632870248545807,best run,0DTE
Webull,QQQ,2025-11-14,True,608.0,2025-11-14,,1.76,1.0,176.0,-44.0,-0.25,0,607.802845,day VWAP,-0.03243732760085261,-0.037268477680185826,0.1536508011385447,0.5175336386948468,best run,0DTE
Webull,QQQ,2025-11-17,False,605.0,2025-11-14,,2.87,1.0,287.0,103.0,0.3588850174216027,3,607.802845,day VWAP,-0.46114377763402,-0.30589495323906124,0.041877068290863184,0.923958815860736,best run,1-3 days
Webull,QQQ,2025-11-17,True,600.0,2025-11-13,,1.77,1.0,177.0,117.0,0.6610169491525424,4,610.598104,day VWAP,1.73569225495008,0.9708649493905742,0.22976997977803942,0.21872048355459106,best run,4-14 days
Webull,QQQ,2025-11-18,False,603.0,2025-11-18,,2.03,1.0,202.99999999999997,-18.99999999999997,-0.09359605911330038,0,597.341843,day VWAP,0.9472226106885936,1.1125706602963674,0.40099318804371187,0.30192084042426726,best run,0DTE
Webull,QQQ,2025-11-18,True,580.0,2025-11-13,,1.1,1.0,110.00000000000001,-11.000000000000014,-0.10000000000000009,5,610.598104,day VWAP,5.011169179785077,2.3689786344684607,0.3379413623181075,0.09496680616491515,best run,4-14 days
Webull,QQQ,2025-11-18,True,595.0,2025-11-14,,3.11,1.0,311.0,-115.0,-0.3697749196141479,4,607.802845,day VWAP,2.1064141284169287,1.082319151313163,0.331406449620814,0.2541596526165759,best run,4-14 days
Webull,QQQ,2025-11-18,True,597.0,2025-11-18,,2.11,1.0,211.0,130.0,0.6161137440758293,0,597.341843,day VWAP,0.05722736553716359,0.06721702706866177,0.2145558790769715,0.4742162886518918,best run,0DTE
Webull,QQQ,2025-11-18,True,600.0,2025-11-13,,1.88,1.0,188.0,81.0,0.43085106382978733,5,610.598104,day VWAP,1.73569225495008,0.8205306427442297,0.19933176601580582,0.2244968932807836,best run,4-14 days
Webull,QQQ,2025-11-19,True,593.0,2025-11-19,,1.98,1.0,198.0,-97.0,-0.48989898989898994,0,600.10596,day VWAP,1.1841175515070677,1.3597587275506207,0.44371271213154373,0.2700803867768877,best run,0DTE
Webull,QQQ,2025-11-20,True,608.0,2025-11-20,,1.48,1.0,148.0,96.0,0.6486486486486487,0,598.170429,day VWAP,-1.6432726399452264,-1.8974154956485982,,,best run,0DTE
Webull,QQQ,2025-11-20,True,613.0,2025-11-20,,2.12,1.0,212.0,306.0,1.4433962264150941,0,598.170429,day VWAP,-2.4791548162605657,-2.862572314622998,,,best run,0DTE
Webull,QQQ,2025-11-21,True,580.0,2025-11-21,,2.32,1.0,529.0,-514.0,-0.9716446124763705,0,589.022736,day VWAP,1.5318145546082975,1.650876066450437,0.5524381990418338,0.26121032661105514,best run,0DTE
Webull,QQQ,2025-11-21,True,587.0,2025-11-21,,1.22,1.0,554.0,-74.0,-0.13357400722021662,0,589.022736,day VWAP,0.3434054199225357,0.37009688094029375,0.19873958168249345,0.34715597912434615,best run,0DTE
Webull,QQQ,2025-11-21,True,592.0,2025-11-21,,0.26,1.0,26.0,29.000000000000007,1.1153846153846159,0,589.022736,day VWAP,-0.5054582477101514,-0.5447453944240942,,,best run,0DTE
Webull,QQQ,2025-11-21,True,596.0,2025-11-21,,1.32,1.0,132.0,169.0,1.2803030303030303,0,589.022736,day VWAP,-1.1845491818163012,-1.2766192147156048,,,best run,0DTE
Webull,QQQ,2025-11-24,True,597.0,2025-11-24,,0.16,1.0,16.0,-10.0,-0.625,0,602.823382,day VWAP,0.9660179372405362,1.0524813053644804,0.15748708584364585,0.08267965867623217,best run,0DTE
Webull,QQQ,2025-11-24,True,601.0,2025-11-24,,0.68,1.0,68.0,-68.0,-1.0,0,602.823382,day VWAP,0.3024736688133371,0.3295465534526371,0.1316190547888505,0.3016589078035834,best run,0DTE
Webull,QQQ,2025-11-28,True,575.0,2025-11-17,,4.06,1.0,405.99999999999994,2.000000000000057,0.0049261083743843415,11,606.141128,day VWAP,5.137603531829634,1.362713218162951,0.3206111633663652,0.1898640464140724,best run,4-14 days
Webull,QQQ,2025-11-28,True,590.0,2025-11-24,,3.47,1.0,347.0,-155.0,-0.446685878962536,4,602.823382,day VWAP,2.1272204069881346,0.772539040403402,0.2630881466846826,0.2646168904557198,best run,4-14 days
Webull,QQQ,2025-12-04,True,613.0,2025-12-03,,0.59,1.0,59.0,-32.0,-0.5423728813559322,1,621.84925,day VWAP,1.4230538993172355,0.8554805095546657,0.17248801685438556,0.13925366977845155,best run,1-3 days
Webull,QQQ,2025-12-04,True,617.0,2025-12-03,,0.54,1.0,54.0,-42.0,-0.7777777777777778,1,621.84925,day VWAP,0.7798111841414915,0.46878988173663944,0.11265648789919594,0.18271693357951246,best run,1-3 days
Webull,QQQ,2025-12-15,False,617.0,2025-12-15,,0.47,1.0,47.0,-2.0,-0.04255319148936165,0,612.674044,day VWAP,0.7060778961284052,0.9270373397710681,0.173745067045843,0.18266335344918583,best run,0DTE
Webull,QQQ,2025-12-15,True,613.0,2025-12-15,,0.5,1.0,50.0,23.0,0.45999999999999996,0,612.674044,day VWAP,-0.053202188536000596,-0.06985123822859841,0.028470014084732376,0.6623110371683985,best run,0DTE
Webull,QQQ,2025-12-16,True,604.0,2025-12-16,,0.31,1.0,31.0,-24.0,-0.7741935483870968,0,609.994215,day VWAP,0.9826675159534183,1.2820604301801093,0.19029949515491726,0.12115331295939935,best run,0DTE
Webull,QQQ,2025-12-16,True,607.0,2025-12-16,,0.29,1.0,28.999999999999996,84.99999999999999,2.9310344827586206,0,609.994215,day VWAP,0.49085957315186235,0.6404115586364136,0.11647237348687792,0.1707892117881613,best run,0DTE
Webull,QQQ,2025-12-16,True,611.0,2025-12-15,,1.23,1.0,123.0,95.00000000000003,0.7723577235772361,1,612.674044,day VWAP,0.27323566526020165,0.20711968204106534,0.10375878993183225,0.36474877434898045,best run,1-3 days
Webull,QQQ,2026-01-14,False,620.0,2026-01-14,,0.41,1.0,41.0,9.0,0.2195121951219512,0,617.857364,day VWAP,0.34678489322011846,0.6300537295445884,0.10781667098480466,0.23624407406675368,best run,0DTE
Webull,QQQ,2026-01-15,True,609.0,2026-01-14,,1.11,1.0,111.00000000000001,-37.000000000000014,-0.33333333333333337,1,617.857364,day VWAP,1.4335612903692707,1.5037410464225844,0.2174395998128261,0.19239293424341963,best run,1-3 days
Webull,QQQ,2026-01-15,True,610.0,2026-01-14,,0.7,1.0,70.0,35.0,0.5,1,617.857364,day VWAP,1.2717116373156898,1.3339680703517591,0.169803761411282,0.16268069766225857,best run,1-3 days
Webull,QQQ,2026-01-20,False,630.0,2026-01-14,,0.75,1.0,75.0,3.0,0.040000000000000036,6,617.857364,day VWAP,1.9652814237559268,1.1902026442043458,0.1319701231244892,0.13680686691722876,best run,4-14 days
Webull,QQQ,2026-01-23,False,624.0,2026-01-23,,0.36,5.0,179.99999999999997,-44.99999999999997,-0.2499999999999999,0,622.673908,day VWAP,0.21296733056622905,0.3745846211993072,0.07820488498536934,0.2712740042491502,best run,0DTE
Webull,QQQ,2026-01-23,True,618.0,2026-01-22,,1.74,1.0,174.0,-53.0,-0.3045977011494253,1,620.35176,day VWAP,0.37910104422046176,0.39140248711252956,0.144705385028008,0.3647487735330147,best run,1-3 days
Webull,QQQ,2026-01-23,True,619.0,2026-01-23,,0.36,1.0,59.0,-35.0,-0.5932203389830508,0,622.673908,day VWAP,0.5900211897107439,1.0377782510573026,0.14070506009548867,0.17173794567001477,best run,0DTE
Webull,QQQ,2026-01-23,True,620.0,2026-01-22,,2.51,3.0,752.9999999999999,-203.9999999999999,-0.27091633466135445,1,620.35176,day VWAP,0.056703312971984304,0.058543277743778155,0.140521027134619,0.4769786752003937,best run,1-3 days
Webull,QQQ,2026-01-23,True,622.0,2026-01-23,,1.08,1.0,108.0,-77.0,-0.712962962962963,0,622.673908,day VWAP,0.10822807754456015,0.1903605277033367,0.1257738598351916,0.42227103403896293,best run,0DTE
Webull,QQQ,2026-01-23,True,623.0,2026-01-23,,0.54,1.0,298.0,146.0,0.48993288590604034,0,622.673908,day VWAP,-0.05236962651083445,-0.09211204674798525,0.03191153650631922,0.6434202408144057,best run,0DTE
Webull,QQQ,2026-01-23,True,624.0,2026-01-23,,0.89,2.0,178.0,178.0,1.0,0,622.673908,day VWAP,-0.21296733056622905,-0.3745846211993072,,,best run,0DTE
Webull,QQQ,2026-01-26,True,619.0,2026-01-23,,3.05,2.0,610.0,-424.0,-0.6950819672131148,3,622.673908,day VWAP,0.5900211897107439,0.5991615526070727,0.24377478069911412,0.3729513564762801,best run,1-3 days
Webull,QQQ,2026-01-26,True,621.0,2026-01-22,,3.18,1.0,1030.0,84.0,0.08155339805825235,4,620.35176,day VWAP,-0.10449555265225442,-0.08356838950488459,0.1153207039996552,0.5339424944390799,best run,4-14 days
Webull,QQQ,2026-01-27,True,622.0,2026-01-23,,3.26,1.0,326.0,-59.0,-0.1809815950920245,4,622.673908,day VWAP,0.10822807754456015,0.08513181603547856,0.145049301245239,0.4672530833910695,best run,4-14 days
Webull,QQQ,2026-01-27,True,628.0,2026-01-27,,0.17,1.0,17.0,-1.0,-0.05882352941176472,0,630.767338,day VWAP,0.43872563357108946,0.7720252377633471,0.089300541652636,0.13406888218372404,best run,0DTE
Webull,QQQ,2026-01-28,True,628.0,2026-01-27,,1.75,1.0,231.0,0.0,0.0,1,630.767338,day VWAP,0.43872563357108946,0.44572897884385326,0.15113183383449286,0.35088916986658103,best run,1-3 days
Webull,QQQ,2026-01-29,True,630.0,2026-01-27,,3.52,1.0,352.0,0.0,0.0,2,630.767338,day VWAP,0.12165151138501011,0.09573505579731777,0.15536447745035914,0.46557482141110085,best run,1-3 days
Webull,QQQ,2026-02-02,True,619.0,2026-01-30,,1.98,1.0,198.0,-29.0,-0.14646464646464652,3,623.741494,day VWAP,0.7601697250560003,0.7463183566696333,0.20396832279813454,0.31108571182688105,best run,1-3 days
Webull,QQQ,2026-02-02,True,625.0,2026-01-27,,3.3,1.0,330.0,-1.0,-0.00303030303030305,6,630.767338,day VWAP,0.9143368168502084,0.5363193185065203,0.17113804765208787,0.33977265994439587,best run,4-14 days
Webull,QQQ,2026-02-04,True,615.0,2026-02-03,,0.7,1.0,70.0,110.0,1.5714285714285716,1,617.38088,day VWAP,0.3856420043328921,0.3635797428569753,0.08539365523227796,0.2776715319856857,best run,1-3 days
Webull,QQQ,2026-02-06,True,610.0,2026-02-04,,4.15,1.0,415.00000000000006,31.999999999999943,0.0771084337349397,2,607.260954,day VWAP,-0.45104925353063785,-0.3085599713694611,0.10541176402896771,0.6639929112634584,best run,1-3 days
Webull,QQQ,2026-02-11,True,600.0,2026-02-10,,0.49,1.0,49.0,-22.0,-0.44897959183673475,1,614.191325,day VWAP,2.310570732987804,1.6740949902281494,0.23220226558143903,0.0944488434911055,best run,1-3 days
Webull,QQQ,2026-02-12,True,605.0,2026-02-11,,1.08,1.0,108.0,-59.0,-0.5462962962962963,1,612.568341,day VWAP,1.2355096555667462,0.8935921543593615,0.19717600739819172,0.20473271209982014,best run,1-3 days
Webull,QQQ,2026-02-13,False,608.0,2026-02-13,,1.06,1.0,106.0,-52.0,-0.49056603773584906,0,602.558948,day VWAP,0.9029908224016638,1.0678189231183788,0.28226252955094594,0.23925836726923472,best run,0DTE
Webull,QQQ,2026-02-13,True,575.0,2026-01-30,,1.42,1.0,142.0,-16.0,-0.11267605633802813,14,623.741494,day VWAP,7.814374138783846,2.8997378358634904,0.2923821123136414,0.08178562264465583,best run,4-14 days
Webull,QQQ,2026-02-13,True,603.0,2026-02-13,,2.41,1.0,241.0,-121.0,-0.5020746887966805,0,602.558948,day VWAP,-0.07319648998059744,-0.08655746566642264,0.20374145338011299,0.5303250002739386,best run,0DTE
Webull,QQQ,2026-02-17,True,585.0,2026-02-17,,0.28,1.0,28.000000000000004,-9.000000000000004,-0.3214285714285715,0,599.396864,day VWAP,2.40189177900004,2.847153466266159,0.36349397018368834,0.06556680072878784,best run,0DTE
Webull,QQQ,2026-02-19,True,600.0,2026-02-12,,4.67,1.0,467.0,58.0,0.12419700214132767,7,605.519807,day VWAP,0.9115815760589998,0.34327524684430877,0.19960299676457452,0.37247846276881746,best run,4-14 days
Webull,QQQ,2026-02-20,False,607.0,2026-02-18,,3.87,1.0,387.0,22.0,0.056847545219638196,2,606.211104,day VWAP,0.13013552453833352,0.06899060098672334,0.17643925971280172,0.4740010232728171,best run,1-3 days
Webull,QQQ,2026-02-20,True,600.0,2026-02-13,,8.4,1.0,840.0,-134.0,-0.1595238095238095,7,602.558948,day VWAP,0.4246801094720424,0.15141881899487847,0.27163153204440843,0.44981925704454917,best run,4-14 days
Webull,QQQ,2026-02-20,True,606.0,2026-02-18,,3.81,1.0,1024.0,366.0,0.357421875,2,606.211104,day VWAP,0.03482351256963738,0.018461485202991623,0.1625314908547069,0.48818934715516005,best run,1-3 days
Webull,QQQ,2026-02-20,True,607.0,2026-02-20,,0.51,1.0,51.0,-35.0,-0.6862745098039216,0,607.022064,day VWAP,0.0036347937428515458,0.004816722439455898,0.04829589829342571,0.49283060450485705,best run,0DTE
Webull,QQQ,2026-02-23,True,595.0,2026-02-19,,2.89,1.0,289.0,-81.0,-0.2802768166089965,4,602.999355,day VWAP,1.3265942879822876,0.7542783758252761,0.2550058123770646,0.2951184152746329,best run,4-14 days
Webull,QQQ,2026-02-24,True,604.0,2026-02-23,,3.58,1.0,358.0,262.0,0.7318435754189945,1,601.961394,day VWAP,-0.3386605885891677,-0.2574260228324428,0.13069415110185156,0.6293962357356103,best run,1-3 days
Webull,QQQ,2026-02-25,True,595.0,2026-02-23,,2.33,1.0,233.0,-14.999999999999972,-0.06437768240343333,2,601.961394,day VWAP,1.1564519036249092,0.6809120010968112,0.21311527405598898,0.28821878690587754,best run,1-3 days
Webull,QQQ,2026-02-26,True,598.0,2026-02-24,,3.41,1.0,341.0,-157.0,-0.46041055718475077,2,606.41021,day VWAP,1.3868846304550193,0.7989466496978679,0.28436248121318997,0.30598865549244103,best run,1-3 days
Webull,QQQ,2026-03-02,True,605.0,2026-03-02,,0.39,1.0,39.0,-32.0,-0.8205128205128205,0,606.548184,day VWAP,0.25524501446697795,0.3075279376764934,0.09056424899026902,0.26253423216260385,best run,0DTE
Webull,QQQ,2026-03-03,True,606.0,2026-03-02,,1.91,2.0,382.0,161.0,0.4214659685863875,1,606.548184,day VWAP,0.09037765085452668,0.0628677227328183,0.11645443319129888,0.4581367497464338,best run,1-3 days
Webull,QQQ,2026-03-04,True,595.0,2026-03-03,,3.29,1.0,329.0,107.00000000000006,0.32522796352583594,1,598.493108,day VWAP,0.5836504971081483,0.4144123704326206,0.26336210968997453,0.3827572913466307,best run,1-3 days
Webull,QQQ,2026-03-04,True,607.0,2026-03-04,,1.92,3.0,1086.0,-1026.0,-0.9447513812154696,0,609.77736,day VWAP,0.4554711575385554,0.5585839562323102,0.2880203373519312,0.3585841649455397,best run,0DTE
Webull,QQQ,2026-03-04,True,609.0,2026-03-04,,0.49,2.0,1112.0,-920.0,-0.8273381294964028,0,609.77736,day VWAP,0.12748259463093942,0.1563430107068462,0.075792288264504,0.3521446087045661,best run,0DTE
Webull,QQQ,2026-03-04,True,611.0,2026-03-04,,1.04,2.0,208.0,-130.0,-0.625,0,609.77736,day VWAP,-0.20050596827667655,-0.2458979348186177,,,best run,0DTE
Webull,QQQ,2026-03-05,True,596.0,2026-02-27,,4.05,1.0,405.0,-101.0,-0.24938271604938267,6,606.059155,day VWAP,1.6597645488912764,0.6646341699489796,0.2530014395774844,0.3043423702129542,best run,4-14 days
Webull,QQQ,2026-03-05,True,609.0,2026-03-05,,1.43,1.0,143.0,127.0,0.8881118881118881,0,607.042959,day VWAP,-0.3223892100196493,-0.39040162877413465,,,best run,0DTE
Webull,QQQ,2026-03-06,True,595.0,2026-02-12,,9.99,1.0,999.0,-236.0,-0.23623623623623624,22,605.519807,day VWAP,1.7373183962585081,0.3777163115024506,0.23917350122960943,0.3756337761604238,best run,15+ days
Webull,QQQ,2026-03-06,True,600.0,2026-03-02,,5.99,1.0,1001.0,834.0,0.8331668331668332,4,606.548184,day VWAP,1.0795818325292343,0.43357239213732973,0.27621014363247653,0.37731712243879245,best run,4-14 days
Webull,QQQ,2026-03-09,True,590.0,2026-03-09,,0.43,1.0,43.0,-30.0,-0.6976744186046512,0,599.776068,day VWAP,1.6299529977244789,2.089316887331398,0.30214157114643375,0.10975960081850933,best run,0DTE
Webull,QQQ,2026-03-09,True,600.0,2026-03-04,,4.86,3.0,2216.0,472.0,0.21299638989169667,5,609.77736,day VWAP,1.6034311277152113,0.7432396451426828,0.3132555485287146,0.3240848065161702,best run,4-14 days
Webull,QQQ,2026-03-09,True,605.0,2026-03-05,,4.34,1.0,1566.0,354.0,0.2260536398467432,4,607.042959,day VWAP,0.3365427388146341,0.18225789304806805,0.2200479542789618,0.4345629838163032,best run,4-14 days
Webull,QQQ,2026-03-10,True,590.0,2026-03-09,,3.52,1.0,1321.0,-375.0,-0.2838758516275549,1,599.776068,day VWAP,1.6299529977244789,1.2062676673232136,0.40436859139961007,0.2937843254512027,best run,1-3 days
Webull,QQQ,2026-03-10,True,607.0,2026-03-10,,0.58,1.0,57.99999999999999,-3.999999999999993,-0.06896551724137923,0,609.607767,day VWAP,0.4277778501467103,0.5821671947586744,0.14307127008972972,0.24956115562450665,best run,0DTE
Webull,QQQ,2026-03-10,True,608.0,2026-03-10,,2.04,2.0,2058.0,-96.0,-0.04664723032069973,0,609.607767,day VWAP,0.2637379454517297,0.3589236324470562,0.25603669371006976,0.4062275563539126,best run,0DTE
Webull,QQQ,2026-03-11,True,604.0,2026-03-11,,0.61,1.0,61.0,-41.0,-0.6721311475409837,0,607.962813,day VWAP,0.6518183209998376,0.901118899002107,0.18536619148316041,0.21297583961500277,best run,0DTE
Webull,QQQ,2026-03-12,False,613.0,2026-03-11,,2.97,1.0,297.0,-57.0,-0.19191919191919193,1,607.962813,day VWAP,0.8285353795150654,0.6613113334505115,0.27128828710652125,0.3505790630537544,best run,1-3 days
Webull,QQQ,2026-03-12,True,592.0,2026-03-09,,3.96,1.0,396.0,-295.0,-0.744949494949495,3,599.776068,day VWAP,1.2964952112760875,0.6281323059849205,0.25661123890657,0.3275703166249242,best run,1-3 days
Webull,QQQ,2026-03-13,False,610.0,2026-03-11,,5.05,2.0,2080.0,372.0,0.17884615384615388,2,607.962813,day VWAP,0.3350841460100977,0.20716882988304156,0.24852396011385902,0.45114664408265875,best run,1-3 days
Webull,QQQ,2026-03-13,True,595.0,2026-03-02,,8.72,1.0,3159.0,624.0,0.19753086419753085,11,606.548184,day VWAP,1.9039186505914907,0.5262582236614498,0.2950497190550974,0.3578561984608153,best run,4-14 days
Webull,QQQ,2026-03-13,True,600.0,2026-02-25,,6.64,1.0,664.0,272.9999999999999,0.4111445783132528,16,615.12923,day VWAP,2.4595205791147343,0.6183307500053782,0.23730392040565326,0.30938081076868307,best run,15+ days
Webull,QQQ,2026-03-17,True,595.0,2026-03-16,,1.9,1.0,190.0,-30.0,-0.1578947368421053,1,600.924541,day VWAP,0.9859043183926111,0.8111327111490605,0.22913411389300992,0.2845745312333865,best run,1-3 days
Webull,QQQ,2026-03-17,True,602.0,2026-03-17,,0.25,1.0,25.0,-15.0,-0.6,0,603.820554,day VWAP,0.3015058013411076,0.41584589956032225,0.08167260368429073,0.2027490961716817,best run,0DTE
Webull,QQQ,2026-03-17,True,603.0,2026-03-17,,0.92,2.0,184.0,110.0,0.5978260869565217,0,603.820554,day VWAP,0.1358936847320397,0.187428670760562,0.12020481382181171,0.39872433124284146,best run,0DTE
Webull,QQQ,2026-03-18,True,598.0,2026-03-18,,1.55,1.0,155.0,-19.0,-0.1225806451612903,0,599.309284,day VWAP,0.21846549602259252,0.29963813826894975,0.20127830686538464,0.40190516803525944,best run,0DTE
Webull,QQQ,2026-03-18,True,601.0,2026-03-18,,2.21,1.0,221.0,159.0,0.7194570135746607,0,599.309284,day VWAP,-0.28211076403080587,-0.38693132626801585,0.11029781256022786,0.7159803303264329,best run,0DTE
Webull,QQQ,2026-03-19,True,590.0,2026-03-19,,1.71,1.0,718.0,-410.0,-0.5710306406685237,0,591.047292,day VWAP,0.17719258918455047,0.23579737578404136,0.2090968451263337,0.42266878194329993,best run,0DTE
Webull,QQQ,2026-03-20,True,590.0,2026-03-06,,9.91,2.0,2918.0,-1023.0,-0.35058259081562715,14,602.414232,day VWAP,2.0607467985583665,0.5789131697796316,0.3156799639055307,0.3611585994412666,best run,4-14 days
Webull,QQQ,2026-03-20,True,600.0,2026-03-17,,3.43,2.0,686.0,206.0,0.3002915451895043,3,603.820554,day VWAP,0.6327300345592435,0.3298421712994241,0.18074384587643563,0.37879829192235037,best run,1-3 days
Webull,QQQ,2026-03-23,True,595.0,2026-03-18,,4.17,1.0,417.0,638.0,1.529976019184652,5,599.309284,day VWAP,0.719041756075991,0.37275143687223117,0.21668167213395897,0.3838583164280279,best run,4-14 days
Webull,QQQ,2026-03-23,True,600.0,2026-03-18,,5.77,2.0,1154.0,266.0,0.2305025996533796,5,599.309284,day VWAP,-0.11525201067967306,-0.05974667287433812,0.1921649208392612,0.515769362911926,best run,4-14 days
Webull,QQQ,2026-03-25,True,585.0,2026-03-19,,7.68,1.0,768.0,-287.00000000000006,-0.37369791666666674,6,591.047292,day VWAP,1.0231485841914612,0.4538484600282954,0.33261054758005915,0.399900511304191,best run,4-14 days
Webull,QQQ,2026-04-01,False,570.0,2026-03-31,,2.58,2.0,516.0,482.0,0.934108527131783,1,571.816194,day VWAP,-0.31761849682767046,-0.21928019869253015,0.08536393571193963,0.686631895622127,best run,1-3 days
Webull,QQQ,2026-04-02,True,560.0,2026-03-30,,4.93,1.0,969.0,46.0,0.047471620227038214,3,561.442362,day VWAP,0.2569029516871409,0.11577096481151514,0.2132517891776447,0.4542546193319539,best run,1-3 days
Webull,QQQ,2026-04-02,True,582.0,2026-04-02,,0.81,1.0,81.0,-77.0,-0.9506172839506173,0,580.762457,day VWAP,-0.2130893595279282,-0.21199714848898818,,,best run,0DTE
Webull,QQQ,2026-04-06,True,586.0,2026-04-06,,0.86,1.0,86.0,83.0,0.9651162790697674,0,587.456879,day VWAP,0.24799760664645448,0.24641320857932783,0.14148706915050185,0.34563172005062925,best run,0DTE
Webull,QQQ,2026-04-07,False,594.0,2026-04-06,,0.66,1.0,66.0,-23.0,-0.3484848484848485,1,587.456879,day VWAP,1.113804473808884,0.6389469844422677,0.1536243837037202,0.17654568813668042,best run,1-3 days
Webull,QQQ,2026-04-07,True,585.0,2026-04-06,,2.3,1.0,1763.0,396.0,0.22461712989222926,1,587.456879,day VWAP,0.4182228667033718,0.23991844689858208,0.18774762432341977,0.3833953665065061,best run,1-3 days
Webull,QQQ,2026-04-09,True,602.0,2026-04-09,,0.74,1.0,74.0,-49.0,-0.6621621621621622,0,607.469352,day VWAP,0.900350278082829,0.8350390388463441,0.2431729611501737,0.20034437075141254,best run,0DTE
Webull,QQQ,2026-04-10,True,608.0,2026-04-10,,0.21,1.0,21.0,12.0,0.5714285714285714,0,611.38687,day VWAP,0.5539651186817348,0.5111850030593879,0.11314203321188754,0.13463003998803913,best run,0DTE
Webull,QQQ,2026-04-10,True,609.0,2026-04-10,,0.32,1.0,32.0,17.0,0.53125,0,611.38687,day VWAP,0.39040256131114565,0.3602536112258126,0.10478167172451695,0.20033485864717016,best run,0DTE
Webull,QQQ,2026-04-10,True,610.0,2026-04-10,,0.59,2.0,118.0,-94.0,-0.7966101694915254,0,611.38687,day VWAP,0.22684000394055637,0.2093222193922373,0.1062637693635612,0.3148506392963679,best run,0DTE
Webull,QQQ,2026-04-13,True,600.0,2026-04-08,,2.25,2.0,450.0,414.0,0.9199999999999999,5,605.573681,day VWAP,0.92039683607055,0.362051865971946,0.15872153143837903,0.3072442135751523,best run,4-14 days
Webull,QQQ,2026-04-13,True,610.0,2026-04-10,,2.5,1.0,565.0,40.0,0.07079646017699126,3,611.38687,day VWAP,0.22684000394055637,0.1208522397134781,0.16730385575274076,0.4276373215145194,best run,1-3 days
Webull,QQQ,2026-04-17,True,608.0,2026-04-10,,4.72,1.0,472.0,-134.0,-0.2838983050847458,7,611.38687,day VWAP,0.5539651186817348,0.15412807760042427,0.17442371167719134,0.409644041107427,best run,4-14 days
Webull,RDDT,2026-01-30,True,185.0,2026-01-28,,1.79,1.0,179.0,-42.0,-0.23463687150837986,2,193.514021,day VWAP,4.399692051254526,0.6529072618603028,0.6542913671133798,0.23483772617264775,best run,1-3 days
Webull,SLV,2025-12-17,True,59.5,2025-12-17,,0.04,1.0,4.0,-3.0,-0.75,0,60.023322,day VWAP,0.8718644396256513,0.535189160802216,0.19091779755723226,0.1505752666450051,best run,0DTE
Webull,SLV,2026-01-16,True,80.0,2026-01-15,,1.19,1.0,119.0,-57.0,-0.4789915966386554,1,82.552692,day VWAP,3.092197162994992,0.5673391339747286,0.8951223006153564,0.31229594510255443,best run,1-3 days
Webull,SLV,2026-01-26,True,103.0,2026-01-26,,0.99,2.0,447.0,-137.0,-0.3064876957494407,0,101.387182,day VWAP,-1.5907513831482212,-0.4735315669219083,,,best run,0DTE
Webull,SLV,2026-01-28,True,98.0,2026-01-26,,4.0,1.0,400.0,40.00000000000006,0.10000000000000009,2,101.387182,day VWAP,3.340838489820139,0.44475117528027314,1.39705591168156,0.376849386805175,best run,1-3 days
Webull,SLV,2026-01-28,True,100.0,2026-01-26,,3.3,1.0,330.0,170.0,0.5151515151515151,2,101.387182,day VWAP,1.368202540632795,0.18214280331781368,0.9888492655999216,0.4249992238322965,best run,1-3 days
Webull,SLV,2026-02-06,True,88.0,2026-01-30,,4.95,1.0,495.0,130.0,0.26262626262626254,7,79.420953,day VWAP,-10.801994531594204,-1.13938654345702,,,best run,4-14 days
Webull,SLV,2026-02-11,True,90.0,2026-01-29,,3.6,1.0,360.0,65.0,0.18055555555555558,13,103.084706,day VWAP,12.693159351882905,1.019483342285583,1.1550184963559966,0.23655834980488621,best run,4-14 days
Webull,SLV,2026-02-13,True,100.0,2026-01-29,,5.35,1.0,535.0,240.0,0.44859813084112155,15,103.084706,day VWAP,2.9923992798698937,0.218445360766335,0.7845472605445089,0.395477226663557,best run,15+ days
Webull,SLV,2026-03-20,True,73.0,2026-03-17,,1.76,5.0,880.0000000000001,-170.0000000000001,-0.19318181818181823,3,72.305291,day VWAP,-0.9607996737057639,-0.12375037726818214,0.40551003901016314,0.5699285858363423,best run,1-3 days
Webull,SLV,2026-03-23,True,70.0,2026-03-17,,0.99,10.0,990.0,-190.0,-0.19191919191919193,6,72.305291,day VWAP,3.1882742854876236,0.3621572022201817,0.5082277873026486,0.30465586083227625,best run,4-14 days
Webull,SLV,2026-04-02,True,67.5,2026-04-01,,0.99,5.0,495.0,-125.0,-0.2525252525252525,1,68.193971,day VWAP,1.0176427473331986,0.21891130001290204,0.62632224535081,0.4067796646910675,best run,1-3 days
Webull,SLV,2026-04-06,True,67.0,2026-04-01,,1.37,2.0,694.0,-64.0,-0.09221902017291062,5,68.193971,day VWAP,1.7508453936492492,0.24656546281805253,0.6004401675768342,0.3878227109554726,best run,4-14 days
Webull,SPY,2026-02-17,True,670.0,2026-02-17,,0.26,6.0,156.0,78.0,0.5,0,681.104238,day VWAP,1.630328719229025,2.5628606297174032,0.25656297834435565,0.07436215635527199,best run,0DTE
Webull,TSLA,2025-12-12,True,447.5,2025-12-12,,1.41,1.0,141.0,106.00000000000003,0.7517730496453903,0,453.109508,day VWAP,1.2380027125804665,0.6428002371419297,0.44087337405696114,0.25973466325490147,best run,0DTE
Webull,TSLA,2025-12-12,True,450.0,2025-12-12,,0.73,1.0,73.0,143.0,1.958904109589041,0,453.109508,day VWAP,0.6862597109747707,0.35632224426718506,0.23578701695761298,0.25433473063999723,best run,0DTE
Webull,TSLA,2025-12-19,True,440.0,2025-12-15,,1.75,1.0,175.0,-55.0,-0.3142857142857143,4,476.887885,day VWAP,7.735127303558988,1.6508733805920544,0.5042738339262022,0.10964933031157265,best run,4-14 days
Webull,TSLA,2025-12-19,True,445.0,2025-12-16,,2.06,1.0,314.0,-58.0,-0.1847133757961783,3,479.936479,day VWAP,7.279396446961894,1.6933811433202892,0.5729527864153742,0.12444002203092852,best run,1-3 days
Webull,TSLA,2025-12-19,True,460.0,2025-12-18,,1.56,1.0,156.0,-114.0,-0.7307692307692308,1,484.890547,day VWAP,5.133229994685796,1.612241550025665,0.6219352558126482,0.13088432647312143,best run,1-3 days
Webull,TSLA,2025-12-19,True,472.5,2025-12-18,,1.41,1.0,141.0,-17.0,-0.12056737588652477,1,484.890547,day VWAP,2.5553286358457354,0.8025759619081844,0.37556863753792374,0.18198233918726703,best run,1-3 days
Webull,TSLA,2025-12-19,True,475.0,2025-12-19,,1.09,1.0,109.00000000000001,-105.00000000000001,-0.963302752293578,0,481.630892,day VWAP,1.3767580340340828,0.7306013228609486,0.40403066742295213,0.21789905999185022,best run,0DTE
Webull,TSLA,2025-12-26,True,400.0,2025-12-15,,0.74,1.0,74.0,-3.0,-0.04054054054054057,11,476.887885,day VWAP,16.12284300323544,2.3682763522253003,0.5216086441268425,0.03699654848820788,best run,4-14 days
Webull,TSLA,2025-12-26,True,430.0,2025-12-17,,1.37,1.0,137.0,79.0,0.5766423357664234,9,478.14656,day VWAP,10.069414699961456,1.5646337758716031,0.44867531330399557,0.07929207717967723,best run,4-14 days
Webull,TSLA,2026-01-16,True,430.0,2026-01-15,,0.58,1.0,57.99999999999999,16.000000000000007,0.27586206896551735,1,441.845106,day VWAP,2.6808277016425723,0.9324494964135518,0.2974954811181662,0.11596175711590528,best run,1-3 days
Webull,TSLA,2026-01-23,False,475.0,2026-01-15,,0.87,1.0,87.0,-12.0,-0.13793103448275867,8,441.845106,day VWAP,7.503736841208787,1.2537846895524911,0.3219642983098407,0.08480886803128157,best run,4-14 days
Webull,TSLA,2026-02-06,True,395.0,2026-02-06,,0.35,1.0,35.0,-35.0,-1.0,0,410.346498,day VWAP,3.739887649778358,2.2307908029617045,0.5912442529420622,0.07208126304199303,best run,0DTE
Webull,TSLA,2026-02-13,True,415.0,2026-02-13,,3.03,1.0,303.0,106.99999999999994,0.35313531353135286,0,417.777064,day VWAP,0.6647239016453033,0.3673744971863167,0.5778770538223732,0.39282214837973173,best run,0DTE
Webull,TSLA,2026-02-18,True,410.0,2026-02-13,,5.2,1.0,520.0,140.0,0.26923076923076916,5,417.777064,day VWAP,1.8615344570471672,0.38885686363820404,0.4384409086167414,0.3484534080782691,best run,4-14 days
Webull,TSLA,2026-02-20,True,390.0,2026-02-19,,0.43,1.0,43.0,-4.0,-0.09302325581395354,1,410.531099,day VWAP,5.001106871077746,1.6965517807866188,0.4504534889187822,0.06763483743100263,best run,1-3 days
Webull,TSLA,2026-02-20,True,400.0,2026-02-05,,18.0,1.0,1800.0,-1618.0,-0.8988888888888888,15,395.917896,day VWAP,-1.0310481140766659,-0.13028304394695478,0.46829021424937817,0.520942576336052,best run,15+ days
Webull,TSLA,2026-02-20,True,405.0,2026-02-17,,5.48,1.0,548.0,412.0,0.7518248175182483,3,407.560371,day VWAP,0.628218831413316,0.13117380185689181,0.3498428397015456,0.43114219090517103,best run,1-3 days
Webull,TSLA,2026-02-23,True,400.0,2026-02-17,,5.97,1.0,1052.0,-804.0,-0.7642585551330798,6,407.560371,day VWAP,1.8550309446057442,0.3415978112878594,0.4303997245418782,0.36155005484435665,best run,4-14 days
Webull,TSLA,2026-02-27,True,395.0,2026-02-20,,4.25,1.0,425.0,55.0,0.12941176470588234,7,410.419251,day VWAP,3.756951205975466,0.6949922406059136,0.42779911640295853,0.26189841218496257,best run,4-14 days
Webull,TSLA,2026-02-27,True,400.0,2026-02-23,,5.6,1.0,560.0,464.0,0.8285714285714285,4,398.92443,day VWAP,-0.2696174811856039,-0.061300601210399645,0.23686424114029736,0.5276007805824661,best run,4-14 days
Webull,TSLA,2026-03-02,True,397.5,2026-02-24,,7.48,1.0,832.0,-460.0,-0.5528846153846154,6,405.885278,day VWAP,2.0659231695513793,0.4539002474977743,0.5219903878603078,0.36913233797377376,best run,4-14 days
Webull,TSLA,2026-03-06,True,395.0,2026-02-27,,4.9,1.0,490.00000000000006,136.99999999999994,0.2795918367346937,7,401.984409,day VWAP,1.737482559926852,0.3299549829651348,0.3366582436902342,0.3529827973886156,best run,4-14 days
Webull,TSLA,2026-03-09,True,390.0,2026-02-27,,6.1,1.0,610.0,334.9999999999999,0.5491803278688523,10,401.984409,day VWAP,2.981311894611322,0.5207944131229421,0.4366695706745951,0.3203794544179428,best run,4-14 days
Webull,TSLA,2026-03-11,True,405.0,2026-03-11,,0.84,2.0,168.0,30.0,0.1785714285714286,0,408.797853,day VWAP,0.9290295856813062,0.7286437822165942,0.3106743310265417,0.24781161445392852,best run,0DTE
Webull,TSLA,2026-03-11,True,407.5,2026-03-11,,1.32,1.0,132.0,22.0,0.16666666666666674,0,408.797853,day VWAP,0.31748038559291925,0.24900187518609634,0.2617932790631195,0.39030763578833283,best run,0DTE
Webull,TSLA,2026-03-13,True,370.0,2026-03-02,,4.05,1.0,405.0,-113.0,-0.27901234567901234,11,400.090396,day VWAP,7.5208993519554515,1.1431083871863936,0.4814632885882415,0.18858085759725862,best run,4-14 days
Webull,TSLA,2026-03-13,True,390.0,2026-03-03,,9.77,1.0,977.0,398.0,0.40736949846468784,10,391.405825,day VWAP,0.3591732442919042,0.062259244402655865,0.3653924460204588,0.46526728736262357,best run,4-14 days
Webull,TSLA,2026-03-13,True,405.0,2026-03-12,,4.6,1.0,459.99999999999994,230.00000000000006,0.5000000000000002,1,398.620915,day VWAP,-1.6002885849579607,-0.718115027142333,,,best run,1-3 days
Webull,TSLA,2026-03-16,True,400.0,2026-03-12,,5.35,1.0,535.0,353.0000000000001,0.6598130841121497,4,398.620915,day VWAP,-0.34596403452638075,-0.1202547627059811,0.2916730986136193,0.5415565570005314,best run,4-14 days
Webull,TSLA,2026-03-20,True,400.0,2026-03-12,,8.44,1.0,1709.0,1041.0,0.6091281451141017,8,398.620915,day VWAP,-0.34596403452638075,-0.07457883787662303,0.30220060133372606,0.5187001708719874,best run,4-14 days
Webull,TSLA,2026-03-23,True,390.0,2026-03-17,,6.5,1.0,1235.0,-375.0,-0.30364372469635625,6,397.748303,day VWAP,1.9480417494075444,0.4885354615409342,0.4713353653714291,0.3654862939411301,best run,4-14 days
Webull,TSLA,2026-04-06,True,357.5,2026-04-06,,1.76,1.0,176.0,72.0,0.40909090909090917,0,353.968735,day VWAP,-0.9976205949375782,-0.528895413556471,,,best run,0DTE
Webull,TSLA,2026-04-10,False,350.0,2026-04-09,,1.13,1.0,994.0,438.0,0.44064386317907456,1,343.868382,day VWAP,1.7831293369682366,0.5473646617367802,0.31255876786968,0.23549402479355747,best run,1-3 days
Webull,ULTA,2026-03-13,True,570.0,2026-03-13,,7.8,1.0,1380.0,1500.0,1.0869565217391304,0,551.423041,day VWAP,-3.36891236287676,-2.4878773748902034,,,best run,0DTE
Webull,ULTA,2026-03-20,True,515.0,2026-03-19,,3.2,1.0,320.0,-205.0,-0.640625,1,528.808752,day VWAP,2.6112941489289168,0.5806162094056367,0.5198723578603751,0.24832983191815527,best run,1-3 days
Webull,ULTA,2026-03-20,True,525.0,2026-03-16,,5.4,1.0,540.0,290.0000000000001,0.5370370370370372,4,528.361528,day VWAP,0.6362174045344234,0.07810186779144049,0.24762786592960143,0.4170584469707186,best run,4-14 days
Webull,ULTA,2026-03-27,True,525.0,2026-03-16,,10.8,1.0,1080.0,540.0,0.5,11,528.361528,day VWAP,0.6362174045344234,0.05375339194810474,0.30420064680921133,0.44528106590944383,best run,4-14 days
Webull,UNH,2025-11-07,True,315.0,2025-11-07,,0.8,2.0,160.0,-156.0,-0.975,0,318.942653,day VWAP,1.23616360587557,1.1038599537237455,0.397852622024405,0.23862022970660401,best run,0DTE
Webull,UNH,2026-01-30,True,275.0,2026-01-28,,1.64,1.0,164.0,-101.0,-0.6158536585365854,2,291.522108,day VWAP,5.667531739994143,0.6898019518923831,0.6233305106926437,0.16582507722380668,best run,1-3 days
Webull,UNH,2026-02-06,True,280.0,2026-01-30,,2.0,1.0,200.0,31.99999999999997,0.15999999999999992,7,287.083532,day VWAP,2.4674114710278787,0.19887585907536484,0.2824943355582074,0.2677917112195518,best run,4-14 days
Webull,USO,2026-03-25,True,106.0,2026-03-25,,0.42,1.0,42.0,-34.0,-0.8095238095238095,0,111.730017,day VWAP,5.1284490541158725,1.5057762606039413,1.1320109417563466,0.14246975441253418,best run,0DTE
Webull,USO,2026-03-25,True,110.0,2026-03-25,,1.43,2.0,286.0,-198.0,-0.6923076923076923,0,111.730017,day VWAP,1.548390527856094,0.45462666673436614,1.1102496193762639,0.3668263073501943,best run,0DTE
Webull,WMT,2026-02-13,True,120.0,2026-02-03,,0.63,10.0,630.0,-360.0,-0.5714285714285714,10,126.971714,day VWAP,5.490761509291751,1.3504329924245417,0.316367065768541,0.15841660439488936,best run,4-14 days
